"","ENTREZID","SYMBOL","Rmed_3_lfc","Rmed_24_lfc"
"1","10221","TRIB1",1.05499139612584,0.41421528780223
"2","1385","CREB1",0.412101490855373,0.100260971785712
"3","7716","VEZF1",0.227907838899749,0.313830370993765
"4","162239","ZFP1",0.478225779459838,0.354295588069002
"5","57547","ZNF624",0.895730479071963,0.946770575819
"6","284406","ZFP82",0.856307862515747,0.791645551835038
"7","84872","ZC3H10",0.97108262663647,-0.0775490995876047
"8","10140","TOB1",0.541148390508768,0.0793141071580736
"9","3337","DNAJB1",0.458815300914812,0.0796660233774897
"10","23394","ADNP",0.531429253026993,0.562180307778778
"11","5514","PPP1R10",1.66504083295137,-0.025221552246574
"12","284309","ZNF776",0.620676662873244,1.1011744369323
"13","54925","ZSCAN32",0.56175081472611,0.0833563612973376
"14","51307","FAM53C",-0.780465091555424,-0.872669162323991
"15","4690","NCK1",0.470162956949173,0.158728468588717
"16","339324","ZNF260",0.798020182138403,0.729224222671306
"17","79142","PHF23",0.338689600478848,0.224753697308812
"18","7705","ZNF146",0.442279142034958,0.56214087488325
"19","149483","CCDC17",-1.53880181413269,-0.654547976296396
"20","22822","PHLDA1",0.750319932769788,-0.806146523760731
"21","117143","TADA1",0.44202980618932,0.365078835092965
"22","283219","KCTD21",0.835268681881342,-0.0819576853231476
"23","27245","AHDC1",0.764523220997814,0.220673908189129
"24","81629","TSSK3",-1.10132164993576,-1.54978846446911
"25","84132","USP42",0.380136003583991,-0.0555720361227428
"26","114821","ZBED9",1.03026769108389,0.926377941983243
"27","51193","ZNF639",0.424327195524977,0.873862207789224
"28","29998","BICRA",0.795853127539448,0.0141152814075762
"29","168451","THAP5",0.480181572755139,0.0135962619203331
"30","83744","ZNF484",0.711716501655943,0.582761058174346
"31","5193","PEX12",0.959344806510206,0.517066098480047
"32","4899","NRF1",0.705634103553662,0.292175203938582
"33","285349","ZNF660",0.812898483841874,1.4526862042715
"34","5914","RARA",0.684618458332181,0.577885504410275
"35","4092","SMAD7",0.716629895671328,-0.400801742545406
"36","4084","MXD1",-0.764060215927452,-0.445590784571795
"37","4091","SMAD6",0.763287151004563,0.219808832340475
"38","55904","KMT2E",0.639631639387821,0.702413143435389
"39","60468","BACH2",1.31675013516008,0.0218410416131221
"40","9972","NUP153",0.23452987780344,0.175004689235782
"41","79692","ZNF322",0.182514126468861,0.293319395468838
"42","91661","ZNF765",0.497041058474938,-0.0545428075701797
"43","4800","NFYA",0.775651385758418,0.0377692919619861
"44","157638","LRATD2",0.500635618813141,-0.0892115347341553
"45","57645","POGK",0.385468996093908,0.588026783133613
"46","147949","ZNF583",0.792436985739463,0.581329541103119
"47","147694","ZNF548",0.565378191278763,0.512666448047743
"48","2627","GATA6",0.449018441640677,0.423116863144056
"49","389677","RBM12B",1.02198478833516,0.49373299296736
"50","3280","HES1",0.484329485887649,-0.976482479696697
"51","121536","AEBP2",0.524547634218349,-0.384323081834998
"52","8690","JRKL",0.699968969764256,-0.116204668825413
"53","163081","ZNF567",0.278688691916212,0.536550045688588
"54","54971","BANP",0.757060026169713,-0.141205547408261
"55","26512","INTS6",0.667825451996658,-0.172347895381705
"56","10395","DLC1",0.614751913991455,1.08773313756302
"57","25976","TIPARP",0.279323791969613,-0.0201333220414801
"58","359948","IRF2BP2",0.270130615631174,-0.575055049633247
"59","7738","ZNF184",0.468406565140643,0.777479537449149
"60","65260","COA7",0.306462093166723,0.20170472471291
"61","90321","ZNF766",0.437890775798314,0.0933914691535773
"62","9530","BAG4",0.422641188202698,0.283931046573383
"63","79660","PPP1R3B",0.559416863979718,0.726535738946425
"64","257236","CCDC96",-0.579018618835519,-1.16671533295338
"65","286006","LSMEM1",-0.830238718675027,-0.424890441289526
"66","23598","PATZ1",0.379863546493334,0.680558584928483
"67","79020","C7orf25",0.307398630691627,-0.118877896246357
"68","56905","C15orf39",0.514426382981542,-0.0758770961528867
"69","51043","ZBTB7B",0.421222725433768,0.432409029714843
"70","10023","FRAT1",-0.811422698677467,-1.424835012054
"71","23642","SNHG1",-1.31211036450315,-0.497865426278284
"72","122525","C14orf28",-0.49623227324169,-0.859072048521079
"73","79094","CHAC1",1.11368741969511,1.20332846105227
"74","10557","RPP38",0.149359768083182,-0.190144248842375
"75","284615","ANKRD34A",1.05908894142475,1.07953534508437
"76","11277","TREX1",-0.763909677685131,-1.02628828702182
"77","54453","RIN2",0.576986543184173,0.273625600977035
"78","57182","ANKRD50",0.682886006920583,0.371988260402829
"79","146923","RUNDC1",0.27595936309173,0.220790962127833
"80","7771","ZNF112",0.792142095634642,0.520931436805876
"81","23269","MGA",0.727245506566933,0.0937031718956058
"82","57541","ZNF398",0.363737342514098,0.0840427599563447
"83","7565","ZNF17",0.816297543721712,0.0898813510996597
"84","606553","LINC02905",0.820312524335901,1.0582627362453
"85","57659","ZBTB4",0.429735722056956,0.67228427638856
"86","84441","MAML2",1.18377415347669,0.556392749231245
"87","51735","RAPGEF6",0.319664086269742,0.491428417090748
"88","7574","ZNF26",0.375284253328648,-0.010956030409079
"89","1912","PHC2",0.198944097581714,-0.10445709527964
"90","100128071","FAM229A",-0.870474782497362,-0.820351740898347
"91","64207","IRF2BPL",0.437036567248769,-0.449671571403278
"92","9860","LRIG2",0.655715604649449,0.0560107211960057
"93","8603","FAM193A",0.772768408416527,0.0731257364544549
"94","112840","WDR89",0.583427863659103,0.897516324241257
"95","657","BMPR1A",0.619145659184658,0.564524234512623
"96","114799","ESCO1",0.379092050386952,0.371350114276031
"97","6046","BRD2",0.22411891141464,-0.459468626297444
"98","9304","SNORD22",-1.90002807884604,-0.130039176252778
"99","220359","TIGD3",-1.1732550732105,-2.52118101595929
"100","57018","CCNL1",-0.673325560586569,-0.93406139180645
"101","23268","DNMBP",0.710262294853278,-0.290225115373557
"102","22850","ADNP2",0.248137028471197,0.354007683187797
"103","55721","IQCC",0.578560171166212,1.02521210344381
"104","2643","GCH1",-0.936334424337928,-2.64989931865251
"105","170082","TCEANC",0.657046171389145,-0.20489496736919
"106","6310","ATXN1",0.599340257301441,0.813853585152422
"107","79943","ZNF696",0.53073108541675,0.661687159164785
"108","55914","ERBIN",0.403389653169325,0.0176062320691983
"109","80095","ZNF606",0.712915857467712,0.0523678447950964
"110","84078","KBTBD7",0.376776484422332,0.608289098375796
"111","7693","ZNF134",0.322200598113507,0.0968107798533033
"112","4665","NAB2",0.266511860047188,-0.51177308571296
"113","115560","ZNF501",0.934301252632749,1.19501258962966
"114","10336","PCGF3",0.333792143429203,0.167590363768916
"115","7770","ZNF227",0.422703269100464,0.161598642226491
"116","51278","IER5",-0.923431819245383,-1.36287941949406
"117","26009","ZZZ3",0.214443919143845,0.533243988863347
"118","85459","CEP295",0.385319886306283,2.00874546606969
"119","382","ARF6",0.133632579788895,0.0617018142674306
"120","133957","CCDC127",0.316439903270384,0.732081048533734
"121","51058","ZNF691",0.639906272926946,0.504040034661003
"122","23211","ZC3H4",0.570697482851025,-0.0117330149936219
"123","79637","ARMC7",0.563278250324301,0.529203853836969
"124","54438","GFOD1",0.595173410867639,-0.449144620716134
"125","55629","PNRC2",0.493431848004611,0.104566042158729
"126","8870","IER3",0.586411051839262,-0.288204122884293
"127","152815","THAP6",0.404222720002129,-0.122557554697159
"128","10560","SLC19A2",-0.639415444510289,-0.348853402872434
"129","378884","NHLRC1",1.26152525291069,1.44110308846336
"130","54807","ZNF586",0.603282379479176,-0.208758430641962
"131","134266","GRPEL2",0.361814215178047,0.19237010230454
"132","7584","ZNF35",0.379380173536153,0.0797441629881184
"133","5049","PAFAH1B2",0.353222951924853,-0.122667444608465
"134","7733","ZNF180",0.476936783135999,0.0972010533976522
"135","55628","ZNF407",0.662277403434392,0.187627802025883
"136","3725","JUN",-0.00516901867259367,-0.0678753382213069
"137","7755","ZNF205",0.586122647032327,0.508153609309354
"138","4848","CNOT2",0.218843969047456,0.264801601221182
"139","7840","ALMS1",0.344789741766402,1.49027801086913
"140","92595","ZNF764",0.585595822551623,0.43137966460363
"141","64083","GOLPH3",0.201909084384354,0.0325405253378932
"142","4144","MAT2A",0.352286189949494,-0.0770210904205477
"143","2626","GATA4",0.57740748549312,0.419685960038223
"144","6843","VAMP1",-0.972646212572797,-0.967196223076352
"145","389692","MAFA",-2.2610300420423,-4.54759650150803
"146","23401","FRAT2",-0.464520105330877,-0.651044296116349
"147","100293516","ZNF587B",0.60521121620014,0.250025826367884
"148","1052","CEBPD",0.441875306634151,-0.403571495802848
"149","203523","ZNF449",0.677061599560099,0.977037207067209
"150","79648","MCPH1",0.577483169478218,0.0270219621965597
"151","468","ATF4",0.493880299578115,0.411108578979981
"152","1181","CLCN2",-0.324516959761088,-0.41885221941885
"153","10193","RNF41",0.307413649760785,1.07222924365099
"154","7637","ZNF84",0.430213505034545,0.227134801302073
"155","55030","FBXO34",0.29782155354813,-0.336058772891634
"156","9310","ZNF235",0.882626630452423,0.355417274859167
"157","3739","KCNA4",0.54579879417046,1.09864127044542
"158","27107","ZBTB11",-0.561809833331715,-0.865273188572983
"159","7561","ZNF14",0.350181899475141,0.0984506146496633
"160","9935","MAFB",-1.24689789855339,-3.19668754490389
"161","132430","PABPC4L",0.809470944803856,0.466394054053177
"162","9859","CEP170",0.41567788607481,0.311400217898946
"163","168850","ZNF800",0.241499828557527,0.102092019876731
"164","81558","FAM117A",-0.489358464838341,-0.430981117202996
"165","51542","VPS54",0.276392689172544,0.592223747720574
"166","90362","FAM110B",0.392295207940316,-0.433316791808818
"167","140628","GATA5",0.590915071111883,1.34492401686516
"168","162514","TRPV3",1.53693623510388,1.57011957973062
"169","7543","ZFX",0.373092409086174,0.211046554840853
"170","2959","GTF2B",-0.47075388525518,-1.08077855181747
"171","23677","SH3BP4",0.622641923916839,0.111292224065017
"172","54439","RBM27",0.215025570982329,0.274085072297627
"173","51742","ARID4B",0.467270627097617,-0.45875968586261
"174","9775","EIF4A3",-0.4128958211196,-0.470149212051077
"175","197407","ZNF48",0.206898521349182,0.217135319302727
"176","11218","DDX20",0.310354971115602,1.10432656670858
"177","387496","RASL11A",-1.79324466869275,-3.09909922812352
"178","80311","KLHL15",-0.664242065975203,-0.00968724449957747
"179","7707","ZNF148",0.370331001827008,0.247592402641899
"180","7852","CXCR4",-1.55690129368138,-1.40524476137913
"181","51557","LGSN",-1.00093665805855,-4.62577837729635
"182","151987","PPP4R2",0.167045330267001,0.0684386588894501
"183","155054","ZNF425",-0.569954731387364,-1.75208971366542
"184","7549","ZNF2",0.332573264852658,0.18216707165077
"185","101928793",NA,1.23052459055129,0.980035968333183
"186","57479","PRR12",0.507712134619167,0.718476844954679
"187","2049","EPHB3",0.771658122678011,0.659982808962056
"188","25805","BAMBI",0.390243527272958,0.262497427443469
"189","9534","ZNF254",0.400556192174208,0.697076082143844
"190","3621","ING1",-0.549079311713467,-0.391183810670034
"191","64864","RFX7",0.468295933228718,-0.365601379625695
"192","11040","PIM2",-0.574848030523348,-1.12350500443887
"193","9709","HERPUD1",0.9386640957493,0.958753908014573
"194","25807","RHBDD3",-0.232565329415535,-1.24012335164834
"195","8325","FZD8",0.585471830642876,1.0814912082792
"196","6100","RP9",0.394003926959455,0.671865247113041
"197","6659","SOX4",0.267806274576096,-0.304064081911652
"198","200765","TIGD1",0.507831294283506,0.185708049510389
"199","163033","ZNF579",0.536301009465274,0.901158272704351
"200","55602","CDKN2AIP",0.442097298697342,0.146867666285741
"201","25888","ZNF473",0.569279622027006,0.281977956685881
"202","55924","INKA2",0.288645177086693,-0.748849882947408
"203","3759","KCNJ2",-1.87056107574572,-2.20723603294349
"204","4248","MGAT3",0.33916737133774,1.12514812026897
"205","90317","ZNF616",0.491741799983124,-0.24284456144401
"206","162967","ZNF320",0.361607466381794,0.608336600421338
"207","148203","ZNF738",-0.421771253629759,-0.148075287580168
"208","84549","MAK16",0.1759809783446,-0.327634189322727
"209","132949","AASDH",0.570274783701892,0.748311809969129
"210","63920","ZBED8",0.862047097193108,1.04117402146402
"211","55421","NCBP3",0.196990807766078,0.0973981863215121
"212","23138","N4BP3",0.913460892496915,0.421596653924647
"213","55171","TBCCD1",0.418720305454972,0.360718775575117
"214","79027","ZNF655",0.226280998360374,-0.179085342376762
"215","3981","LIG4",0.152290880676353,0.0513911436291883
"216","57459","GATAD2B",0.523323209003927,0.010795750591992
"217","4780","NFE2L2",0.223716091008039,-0.925187905958759
"218","81856","ZNF611",0.490671977271697,0.227485174811589
"219","8554","PIAS1",0.329318742494777,0.435509682240997
"220","3491","CCN1",0.736421337124882,-0.0339060284435817
"221","8744","TNFSF9",-1.78710901643483,-3.30839425948045
"222","79616","CCNJL",0.714434283189624,1.8040640044209
"223","11067","DEPP1",0.359657900697664,-0.236872746646902
"224","5782","PTPN12",0.304628331851126,-0.0237139110849514
"225","221937","FOXK1",0.545324585109664,0.0207764467498937
"226","54826","GIN1",0.413624198323319,0.421260778801744
"227","54811","ZNF562",0.189512744218721,-0.21675548326681
"228","84079","ANKRD27",0.357172119524486,0.458016326258091
"229","84307","ZNF397",0.491925862549087,0.487759743159175
"230","56949","XAB2",-0.31854775346514,-0.59535814310596
"231","27304","MOCS3",-0.439704243617847,-0.73431478202876
"232","79866","BORA",0.999339322706974,2.22702858795463
"233","23369","PUM2",0.132024577454068,0.0294952807828581
"234","7006","TEC",0.560382540362014,0.599500934234183
"235","9113","LATS1",0.436237058956641,-0.0794758943414831
"236","10179","RBM7",0.181407340240892,-0.0312782365467301
"237","6903","TBCC",-0.581865876002443,-0.551477763057643
"238","84220","RGPD5",0.431488912993752,0.171090113733615
"239","5507","PPP1R3C",0.609941970950134,0.438123921155405
"240","55149","MTPAP",0.21478865891303,0.421759579417508
"241","84622","ZNF594",0.701667608492619,-0.179220573313876
"242","10482","NXF1",-0.460778521350393,-0.641172399239086
"243","148254","ZNF555",0.491316150979427,0.695216060082793
"244","25836","NIPBL",0.308728723924725,0.305735094519679
"245","7975","MAFK",0.0599627976617434,-0.117626821348259
"246","4610","MYCL",-1.21132204977327,-0.159874907799076
"247","286336","FAM78A",0.83614607043844,1.71838949227615
"248","10329","RXYLT1",-0.360266288666929,-0.769758854780498
"249","7016","TESK1",-0.427753189000875,-1.14977910252367
"250","51523","CXXC5",0.492228878614602,0.952411019192584
"251","284454","MIR23AHG",0.244560680190324,-0.422958621942462
"252","90007","MIDN",0.314978631415264,0.157374841534518
"253","26233","FBXL6",-0.580063351268842,-0.209028498732184
"254","4487","MSX1",-0.361820059889819,-1.12576392655438
"255","54936","ADPRS",-0.349044408964751,-0.652204115464244
"256","148022","TICAM1",0.696264547159041,1.9684261839092
"257","100507283","MSANTD2-AS1",-0.796655497317431,-2.45047266888573
"258","8733","GPAA1",-0.219413818723123,-0.411928678002788
"259","55917","CTTNBP2NL",0.396809271185672,-0.34639422095124
"260","8795","TNFRSF10B",-0.720021428910982,-1.82632949373213
"261","23034","SAMD4A",0.532525951904612,0.601419694715442
"262","54784","ALKBH4",0.537693147253979,0.243890199943806
"263","29923","HILPDA",0.518631340715457,0.907984763628662
"264","27300","ZNF544",0.387863598906896,-0.109719954686591
"265","9462","RASAL2",0.53311517139027,0.100514132804118
"266","23774","BRD1",0.249330723079365,0.0980641248358092
"267","9422","ZNF264",0.171426464023979,0.252380322595336
"268","10743","RAI1",0.593455057108189,0.00451313304438106
"269","9592","IER2",0.0418016976662425,-0.978370796872358
"270","239","ALOX12",-0.273808923229288,-1.79907574086248
"271","493812","HCG11",0.252316563024315,0.21069725033514
"272","94039","ZNF101",-0.424579669294338,-0.800793407713858
"273","83475","DOHH",-0.34859943020022,-0.760354490642122
"274","645455","CEP170P1",0.444712044684238,0.309986614701119
"275","3292","HSD17B1",0.424538645462556,0.279245114218045
"276","79845","RNF122",-0.704169284155627,0.326995967092199
"277","286827","TRIM59",0.425978146576439,1.29710257054121
"278","10847","SRCAP",0.347897182553131,0.463960654934901
"279","7769","ZNF226",0.361006381392017,0.105978303209929
"280","571","BACH1",0.24222988551371,-0.666532148873942
"281","643836","ZFP62",0.59715546771673,0.415469359494328
"282","7798","LUZP1",0.396308196785628,-0.24517283466739
"283","80205","CHD9",0.509473809487343,-0.20540692508543
"284","26040","SETBP1",0.892026172877596,0.00409452605233307
"285","3212","HOXB2",1.07393844911732,0.723873669032599
"286","84914","ZNF587",0.466707460861391,0.242319736341876
"287","10524","KAT5",0.222716942152164,0.206372182868139
"288","116224","PABIR1",0.328025340010507,-0.164994797902861
"289","65997","RASL11B",0.463585226082964,0.231901155886527
"290","388558","ZNF808",0.618754682542584,0.0261050841362009
"291","6934","TCF7L2",0.584884700019433,0.177211935551503
"292","84919","PPP1R15B",0.274867101375073,-0.193132451337521
"293","284723","SLC25A34",-0.577631688729673,-0.824269743520722
"294","5930","RBBP6",-0.320595885058759,0.193879844599459
"295","64925","CCDC71",0.319712049016457,-0.0377469529038628
"296","5261","PHKG2",-0.24758666442907,-0.26941456783019
"297","1488","CTBP2",0.441276073799391,-0.183393968045888
"298","1316","KLF6",0.334883113043288,-0.4919511163874
"299","57551","TAOK1",0.195721148553905,0.034480073168405
"300","55814","BDP1",0.429426200253769,-0.0504696665959044
"301","105373311","LOC105373311",-1.14862058301479,-3.25508532460493
"302","26043","UBXN7",0.1972589291936,-0.557239080055913
"303","2250","FGF5",0.674052726587231,2.27944682363017
"304","28987","NOB1",0.168254185786627,0.466436142848131
"305","147179","WIPF2",0.309152762402818,-0.128695735462167
"306","26974","ZNF285",0.583143740257699,0.348108524757989
"307","196528","ARID2",0.369750329809627,0.680506741027246
"308","27443","CECR2",0.488897359698546,0.196660423228362
"309","22903","BTBD3",0.212962047142569,-0.175922341275073
"310","84085","FBXO30",0.32520609107427,0.0270788906540647
"311","9937","DCLRE1A",0.375411466980995,1.42292661091922
"312","23506","BICRAL",0.428817760429522,-0.0500215617233128
"313","51104","ABHD17B",-0.3546894265006,-0.6072482170003
"314","10427","SEC24B",0.21766615351715,-0.0479843958760267
"315","26090","ABHD12",-0.2202331913581,-0.281362835248559
"316","91893","FDXACB1",0.663581073282394,-0.400860070834168
"317","128346","C1orf162",-0.598811072099612,-0.265713552498169
"318","84060","RBM48",-0.325295651852569,-0.34208978609806
"319","8427","ZNF282",0.330468360046225,0.123314877359454
"320","27253","PCDH17",-0.563003173681196,-1.25519542099904
"321","51592","TRIM33",0.461192232003425,0.0899714628805279
"322","124801","LSM12",0.273618618834912,0.12865844445405
"323","123720","WHAMM",-0.421120998288935,-0.470616697526405
"324","55422","ZNF331",0.559843544650079,0.632295167825559
"325","7690","ZNF131",0.29769481503542,0.561141275063777
"326","90874","ZNF697",0.579841803035942,-0.171234415610465
"327","1387","CREBBP",0.5195740828359,-0.139146017980434
"328","11072","DUSP14",0.215190026453333,-0.843138664280873
"329","285172","FAM126B",0.591264921190649,-0.185525380796808
"330","4795","NFKBIL1",0.518685473152885,0.756353523264924
"331","80314","EPC1",0.305888326647003,-0.0360480293684811
"332","339768","ESPNL",0.725381468535016,1.04584173583648
"333","607","BCL9",0.441487160327315,0.469364842219469
"334","54880","BCOR",0.827993734649426,0.636070194381094
"335","9839","ZEB2",0.507286075076395,0.0611110542205733
"336","126308","MOB3A",0.388518453690142,0.65677846754564
"337","3622","ING2",-0.421436499674658,-0.605134611443289
"338","254170","FBXO33",-0.483106016364109,-0.720615661953622
"339","388","RHOB",0.167426904011546,-0.158473778015298
"340","56342","PPAN",0.109303990747204,0.465146952750058
"341","64768","IPPK",0.395595813784253,-0.420564010212275
"342","51524","TMEM138",0.26435840061378,0.629612282626423
"343","57035","RSRP1",-0.437146699481304,-0.72775519405777
"344","619189","SERINC4",-0.786543100763656,-0.515935447404065
"345","9880","ZBTB39",0.273326004866499,0.553480965355353
"346","11143","KAT7",0.375752775144855,0.616228958072625
"347","100130744","LOC100130744",-0.353238749666046,-0.24030365827315
"348","65265","C8orf33",-0.222482950250039,-0.480420934069675
"349","90231","KIAA2013",-0.240667198694759,-0.484807895767434
"350","55632","G2E3",0.559634496654679,2.59246412525845
"351","115572","TENT5B",0.1143108984693,0.882188217051267
"352","4919","ROR1",0.647497540746799,1.04586927128675
"353","28952","CCDC22",-0.300585508521519,-0.264716246300946
"354","4040","LRP6",0.273579241861489,0.838125876354519
"355","7403","KDM6A",0.473907752366293,0.815230870761473
"356","388341","LRRC75A",0.472336745630653,-0.266693873413522
"357","26057","ANKRD17",0.361357313068512,0.115410648740622
"358","29072","SETD2",0.314522206595891,0.218123918200659
"359","79830","ZMYM1",0.431319433392353,1.40015109718864
"360","91461","PKDCC",0.575087882877031,0.762743999177637
"361","84146","ZNF644",0.145407605171876,0.0683002384931308
"362","105376204","LOC105376204",0.714849770645347,-0.951351842065445
"363","10778","ZNF271P",0.278944560569282,0.194117196857863
"364","51763","INPP5K",-0.174717211166988,-0.529088030499383
"365","463","ZFHX3",0.511696960146008,0.484103220722251
"366","5290","PIK3CA",0.447037408550291,0.265043715099929
"367","144165","PRICKLE1",0.758193632177471,1.53334847207329
"368","285237","C3orf38",0.188736820056667,0.110753895682248
"369","23179","RGL1",0.53415178371293,-0.26597575518115
"370","2033","EP300",0.441413963547022,0.0555956245280562
"371","9854","C2CD2L",-0.302549125076736,-0.288084612907721
"372","8445","DYRK2",0.333073465808833,-0.166538943445928
"373","220929","ZNF438",0.578522512968015,0.137299921254461
"374","1106","CHD2",0.443246956298182,0.125543581210334
"375","5453","POU3F1",-1.90706634336032,-7.33974738127995
"376","55626","AMBRA1",0.413835195104059,-0.0747189410654601
"377","10423","CDIPT",-0.281443435630326,-0.670271316653159
"378","23185","LARP4B",0.33304336262647,-0.350293994535628
"379","55227","LRRC1",0.367860604546986,-0.503782405838103
"380","3741","KCNA5",0.955621487385045,1.88270584464456
"381","27327","TNRC6A",0.311086954201823,0.0909262453060578
"382","147687","ZNF417",0.551525351497732,-0.000400736845211469
"383","23150","FRMD4B",0.613939122585616,0.394756890675568
"384","22890","ZBTB1",0.341618465872068,0.262552265529689
"385","550631","CCDC157",-0.680682243389064,-0.647380723245501
"386","90627","STARD13",0.527277711869865,0.264074146537206
"387","1849","DUSP7",0.162388898355568,-0.733332887314543
"388","55892","MYNN",0.128238063345946,0.359961849811026
"389","8629","JRK",0.519443099942037,0.2482739570486
"390","284023","RNF227",0.721079670967234,-0.159739555365847
"391","153222","CREBRF",-0.391455500595297,-1.10732623612435
"392","3607","FOXK2",0.261906636274527,0.0609063457429775
"393","57507","ZNF608",0.484669906703659,1.1396464663432
"394","26811","SNORD55",-0.864875933369423,-0.713669702194909
"395","9181","ARHGEF2",0.274288116936908,0.570733373067994
"396","440515","ZNF506",0.656790379166322,0.472766783796818
"397","23144","ZC3H3",0.38195161264254,-0.0600594597776576
"398","10370","CITED2",0.17637327092006,-0.650578482055535
"399","162972","ZNF550",-0.409581798288995,-0.502571737187336
"400","79891","ZNF671",0.557543827252342,0.83855384151996
"401","51455","REV1",0.331276015075087,0.0957602017490125
"402","5629","PROX1",0.9131387776605,0.162621130790384
"403","55105","GPATCH2",0.287202913084924,0.254674232034886
"404","353088","ZNF429",0.416729753409715,-0.127236689590281
"405","9698","PUM1",0.346133884430747,-0.0740385071697327
"406","79898","ZNF613",0.202847996074939,0.212616717012094
"407","56957","OTUD7B",0.379291828009261,-0.327444580366811
"408","51259","TMEM216",0.300570660033468,0.609279516682266
"409","11102","RPP14",0.223811477263077,0.316693272819649
"410","10052","GJC1",0.295088619024848,0.792279294987178
"411","1859","DYRK1A",0.482777302413401,-0.126049813574876
"412","27184","DISC2",1.06553380357428,4.49398737520569
"413","26148",NA,0.587128044777051,0.0960021624954495
"414","441478","NRARP",-0.853953300720055,0.0904956312467395
"415","116984","ARAP2",0.397806395281617,-0.609667812375592
"416","9874","TLK1",0.288452855207689,0.570277915964885
"417","55699","IARS2",-0.205709466897298,0.048638641259112
"418","339559","ZFP69",0.392262564001882,0.621020102541542
"419","201627","DENND6A",0.286765974094203,0.0647979613604308
"420","79145","CHCHD7",-0.281689348388705,-1.4465889520857
"421","152485","ZNF827",0.422398528551241,0.0920667696968875
"422","9028","RHBDL1",-0.692924904961234,-0.576068756484857
"423","100630918","PARTICL",-0.461329486309274,-1.53903848906686
"424","5128","CDK17",0.205801767937528,-0.784521790735444
"425","9166","EBAG9",0.374451906712823,0.402269453975103
"426","26048","ZNF500",0.325127563634725,0.112652123393965
"427","889","KRIT1",0.187193182149898,0.0237158352906235
"428","8790","FPGT",0.668116022928401,1.24787878009921
"429","54471","MIEF1",0.218526013090996,-0.174044386255853
"430","83667","SESN2",-0.700645416684672,-1.94491666501899
"431","6498","SKIL",0.220386709281146,-0.119195736358642
"432","152518","NFXL1",0.466080534451591,0.246276096780434
"433","7775","ZNF232",0.435771386054489,-0.00513455158900733
"434","10614","HEXIM1",-0.434331823822915,-0.786478096624844
"435","677","ZFP36L1",0.391753649156005,0.435646040484031
"436","6428","SRSF3",0.46523965540225,1.28916846900957
"437","54926","UBE2R2",0.240577945386674,0.0371979073831277
"438","29994","BAZ2B",0.287127342927838,-0.0187619562728569
"439","345462","ZNF879",0.581751391152636,0.694901923148745
"440","4170","MCL1",0.0381980577658574,-0.649396653687971
"441","340527","NHSL2",0.583568029532143,0.817372015853367
"442","27433","TOR2A",-0.371249529324989,-0.450114465535916
"443","2120","ETV6",0.410540719795619,-0.404913996815656
"444","85028","SNHG12",-0.699843804468912,-0.698112049747684
"445","84662","GLIS2",0.243202535194984,-0.419436325490817
"446","9443","MED7",0.526217235658208,0.207678127425878
"447","9441","MED26",-0.377261229629329,-0.455381245823888
"448","65094","JMJD4",0.285700402796544,-0.115471792446099
"449","84503","ZNF527",0.746152696539176,0.15836728999525
"450","163786","SASS6",0.454318624600383,1.88797022361022
"451","1491","CTH",-0.413015844940593,0.125520505621054
"452","84878","ZBTB45",0.265882545952902,0.441784036598535
"453","10927","SPIN1",0.158455809180843,0.148001562792158
"454","22928","SEPHS2",-0.295582026289646,-0.714371410540976
"455","4204","MECP2",0.246000523191924,0.0680458139725744
"456","7644","ZNF91",0.409425529745094,0.133420512209621
"457","4088","SMAD3",0.503384183450892,-0.945080995771399
"458","23414","ZFPM2",0.512711733700764,0.709311607794441
"459","58486","ZBED5",0.281714035613038,-0.0474294434110334
"460","353355","ZNF233",0.660922716455248,0.711263569705408
"461","80317","ZKSCAN3",0.47869018358131,0.600108738997316
"462","9021","SOCS3",0.498372605197098,-1.59405416017901
"463","84133","ZNRF3",0.523484979492265,-0.530479390854087
"464","10747","MASP2",-0.756191472497897,-0.458587789539584
"465","22866","CNKSR2",0.330037040608124,0.56006482675907
"466","83607","AMMECR1L",0.113121422583376,-0.0818710210618603
"467","170954","PPP1R18",0.343523598080168,-0.257884753269778
"468","5915","RARB",0.542904899013601,0.0789505465620879
"469","89887","ZNF628",0.380332669851427,-0.00814970068331355
"470","22888","UBOX5",0.380791596221744,0.363766908578403
"471","203414","LINC01560",0.567694558186143,-0.0750524535121928
"472","3720","JARID2",0.453764724869128,0.0230301073733887
"473","25841","ABTB2",0.336078642677188,-0.853723336184619
"474","7539","ZFP37",0.619749930537337,1.07977652226458
"475","79753","SNIP1",-0.268180026165506,-0.173739335850617
"476","55252","ASXL2",0.285329059991771,0.0699135795154531
"477","7335","UBE2V1",0.34659250151247,-0.0379807998555318
"478","23469","PHF3",0.359248803424061,0.10919818513953
"479","140883","ZNF280B",0.463120160871571,2.04406473454792
"480","342945","ZSCAN22",0.11582214843434,0.150675352573245
"481","6877","TAF5",-0.484690830552229,-0.154971232624631
"482","3399","ID3",0.685052497315165,-1.22907686874019
"483","8444","DYRK3",0.414055871144695,-0.316712378419127
"484","101752400","CAPN10-DT",-0.556532280765218,-1.91278449866878
"485","2668","GDNF",-2.1430201093455,-5.26860151146027
"486","727851","RGPD8",0.369523128683183,0.150406060218003
"487","158257","LINC02603",0.736583620038913,0.237239329615262
"488","254427","PROSER2",0.424838178052857,-0.744252670128759
"489","23174","ZCCHC14",0.346891730914099,-1.07687439413121
"490","27005","USP21",0.200033333369676,0.653119764477428
"491","2960","GTF2E1",0.172392242596796,-0.00574560716389527
"492","9202","ZMYM4",0.228841599009117,0.415373821945848
"493","7343","UBTF",-0.220231485902084,-0.285921139753082
"494","84962","AJUBA",0.11960512829418,-0.445643005979115
"495","51067","YARS2",-0.260036869788813,0.0750865286762634
"496","324","APC",0.386146768710613,0.305022858106138
"497","9020","MAP3K14",0.415874460781824,-0.0897029722110778
"498","167691","LCA5",-0.278672143282137,-1.03362047921296
"499","3014","H2AX",0.319093986505017,1.25939417594224
"500","9686","VGLL4",0.217880351684123,0.234776589481212
"501","5428","POLG",-0.365887689757373,-0.482013136861339
"502","85464","SSH2",0.585611574407016,0.450238853252902
"503","60313","GPBP1L1",0.030224134963853,-0.0627689512107832
"504","64708","COPS7B",0.122928527341752,-0.00375492725678583
"505","54531","MIER2",0.214206402293962,-0.0235716256812353
"506","55783","CMTR2",0.307786554117106,0.0393954949402167
"507","7554","ZNF8",0.383965432872596,0.0166081844520956
"508","148213","ZNF681",-0.548676132133197,0.325259693852981
"509","51276","ZNF571",0.5753493944766,-0.073802730080156
"510","7988","ZNF212",0.144024635368284,0.274288768681187
"511","694","BTG1",0.091012932095369,-0.845507142504318
"512","6940","ZNF354A",0.203140951743676,0.397946789706733
"513","2310","FOXO3B",0.191949519372604,0.0484457152078148
"514","254225","RNF169",0.439015519652485,-0.242960027509517
"515","3660","IRF2",0.502833118176807,-0.305505279054955
"516","4616","GADD45B",-0.660896107291243,-0.648954466829106
"517","56970","ATXN7L3",-0.0243516120903564,0.0456914408653759
"518","7469","NELFA",0.219905005038135,0.425928305088621
"519","84447","SYVN1",-0.258371846273921,-0.388061812184443
"520","79733","E2F8",0.466991623226257,-0.0049924541189128
"521","8526","DGKE",-0.382868127062747,-0.235668984152685
"522","202018","TAPT1",-0.17812701537193,-0.721745579820754
"523","10672","GNA13",0.106310673866953,-0.651284505171193
"524","7579","ZSCAN20",0.514227242038712,-0.189857684437379
"525","2736","GLI2",1.37709895138181,-0.439855136125192
"526","3659","IRF1",-0.930365281894739,-1.80471719746349
"527","57335","ZNF286A",0.268322113135141,0.573720040362816
"528","7516","XRCC2",0.552114859508934,2.28512260610045
"529","100302401","RASAL2-AS1",-0.460923511667739,-2.04404707775578
"530","283991","UBALD2",-0.266660729236226,-0.648687598766508
"531","286097","MICU3",0.398060106224447,0.230217235712271
"532","100506472","LOC100506472",0.375299389360096,0.37976414303989
"533","5144","PDE4D",0.744408456022097,0.0975075392663545
"534","9298","SNORD31",-1.39819062794759,-0.869841091815544
"535","63925","ZNF335",-0.382055200706774,-0.649797484591392
"536","55823","VPS11",-0.256364540637242,-0.692830180552618
"537","23768","FLRT2",0.520086994216174,-0.477450094574207
"538","9655","SOCS5",0.207489535064242,0.0682418898956421
"539","390927","ZNF793",0.299411273335136,0.804208482271853
"540","1058","CENPA",1.01664661641551,3.29067929135579
"541","6248","RSC1A1",0.583891141359984,-0.291501790607514
"542","100144748","KLLN",-0.555801309687033,-3.79485659957018
"543","4953","ODC1",-0.317425964278701,-1.15340016865074
"544","8394","PIP5K1A",0.298608487306523,-0.0201332481990422
"545","2531","KDSR",-0.381220071036855,-1.25652894496346
"546","57513","CASKIN2",0.342236446044041,0.989098432066266
"547","283687","ST20-AS1",-0.240360076035291,-1.05457534657635
"548","112703","GARIN5A",-0.271866604611023,-0.221059353544914
"549","56928","SPPL2B",-0.142836727399637,-0.0784776492657242
"550","147929","ZNF565",0.271314473783463,-0.0596368170467624
"551","391","RHOG",0.207637363694695,-0.0368644112234202
"552","55254","TMEM39A",0.308708253135368,0.11194819726716
"553","100996511","LINC01355",0.550815393146987,0.879702833322
"554","996","CDC27",0.263623810967196,0.671240428791931
"555","100289678","ZNF783",0.393929288159678,0.470680002301663
"556","51111","KMT5B",0.0996910362908219,-0.0791231179166809
"557","23023","TMCC1",0.421922800610756,0.184163392225763
"558","27086","FOXP1",0.513818074921669,0.646250673006117
"559","51010","EXOSC3",0.124867735789902,-0.0302967414879181
"560","282996","RBM20",0.551603565768003,0.86181326930884
"561","79169","C1orf35",-0.352721004627064,0.165280596868808
"562","7589","ZSCAN21",0.2707025003232,-0.406173207288916
"563","4193","MDM2",-0.0150686591472331,-1.26731511042344
"564","58499","ZNF462",0.553710305168775,-0.115845331877631
"565","3727","JUND",-0.00211435256250336,-0.0274091739485058
"566","10691","GMEB1",0.198514713109473,-0.398167137544395
"567","9807","IP6K1",0.18802862494415,-0.204378169532212
"568","5994","RFXAP",0.359693539750526,0.640528212786129
"569","147808","ZNF784",0.459481300927916,1.42159957645722
"570","7621","ZNF70",0.522036443012007,0.00269208255877329
"571","205327","C2orf69",0.476195102633136,0.358805769048258
"572","11216","AKAP10",0.154191081441413,-0.181631169638939
"573","163059","ZNF433",-0.341545663259084,-0.884605350230941
"574","199223","TTC21A",-0.562125983070044,-0.865733990605621
"575","114299",NA,0.512019781894741,1.04996619904756
"576","22828","SCAF8",0.384042668803514,-0.106835721207801
"577","55665","URGCP",0.394572294929512,0.364407595591701
"578","84240","ZCCHC9",0.296021471316724,0.31663127511995
"579","5978","REST",0.401277312373177,-0.0459746745849623
"580","147657","ZNF480",0.469654957930597,1.13170067768769
"581","9925","ZBTB5",0.168280013642865,-0.200557211166625
"582","23126","POGZ",0.274699594600241,0.355543437401152
"583","9753","ZSCAN12",0.193306027583494,0.881241657757084
"584","8266","UBL4A",0.309897561801185,1.07777638496246
"585","9712","USP6NL",0.319618916903383,-0.110269393497776
"586","126017","ZNF813",0.486652306430636,0.532310482039791
"587","5790","PTPRCAP",-0.661142845190223,-1.88936978727051
"588","390637","GDPGP1",0.380826840196061,0.36595177232071
"589","100506668","NRAV",0.213576293544311,0.307319603007701
"590","57154","SMURF1",0.284116914369344,0.298186257633768
"591","10260","DENND4A",0.418176621868997,-0.0559018033502694
"592","55090","MED9",0.310565789476957,0.788063042213226
"593","9877","ZC3H11A",0.183809453867783,0.0985540863483836
"594","143684","FAM76B",-0.156275972092015,-0.425912562725022
"595","222255","ATXN7L1",0.527541784962259,0.210256499194454
"596","400673","VMAC",0.229137012183293,0.183456553927207
"597","57636","ARHGAP23",0.35104299370788,1.15318821860028
"598","58491","ZNF71",0.229125019117917,0.391598265955637
"599","28976","ACAD9",-0.0674478535132135,0.0438736428749831
"600","353274","ZNF445",0.215444781904965,0.157148848342236
"601","102723167","MIR133A1HG",0.832545316524773,4.17581162399277
"602","57461","ISY1",-0.133284702589568,-0.10735161381042
"603","10021","HCN4",0.373110764033151,0.406802284466958
"604","254013","ETFBKMT",0.657566690646027,0.302191674518327
"605","388730","TMEM81",-0.686142793631236,-0.844094559290478
"606","7695","ZNF136",0.201097851193038,-0.0067220245007249
"607","55958","KLHL9",0.379802734684064,0.193744238526993
"608","867","CBL",0.247796219970318,-0.282889014469724
"609","84874","ZNF514",0.337047433770057,0.477404522371504
"610","84612","PARD6B",0.270079363018843,0.250187848253495
"611","7551","ZNF3",0.16355964432313,-0.00658901314170368
"612","10392","NOD1",0.297134572282106,0.827871645609238
"613","9223","MAGI1",0.353989823899396,0.557077414515802
"614","148304","C1orf74",0.499172615011773,0.592873496846063
"615","148932","MOB3C",0.381106213258991,0.317945105666164
"616","253980","KCTD13",-0.532407218237575,-2.07532815640548
"617","441191","RNF216P1",0.0658398440350982,0.510987480806823
"618","90326","THAP3",0.378043112956615,0.150318710578423
"619","1998","ELF2",0.38717549129316,-0.0262115211410077
"620","54555","DDX49",-0.19414199642237,-0.196628488481674
"621","401588","ZNF674-AS1",-0.000516475917912373,-0.643832039984044
"622","51340","CRNKL1",-0.188124435874323,-0.0816156512132933
"623","54482","TRMT13",0.370928882631344,0.482205385037125
"624","121512","FGD4",0.761202666672896,-0.486518250631474
"625","10528","NOP56",-0.297083357234423,-0.254024823401783
"626","152756","FAM218A",0.753469739882303,-0.266336916081511
"627","246330","PELI3",-0.341698316669835,-0.963869903903958
"628","51188","SS18L2",0.392181898027644,0.387327250107319
"629","55038","CDCA4",0.0690558004180213,0.922893872279136
"630","7562","ZNF708",0.358235634013997,-0.0417660625674916
"631","7569","ZNF182",0.404729523212693,-0.207240100524926
"632","64784","CRTC3",0.334259935695973,0.952733390487386
"633","9891","NUAK1",0.52241837164407,-0.0100411766893798
"634","79957","PAQR6",-0.735307669224762,-1.70662215218022
"635","7694","ZNF135",0.650430345200779,0.337303637580634
"636","5430","POLR2A",-0.24598549733162,-1.72736238039179
"637","6524","SLC5A2",-0.347422844314455,-2.31208966005932
"638","9099","USP2",0.207965045210855,0.269784156306938
"639","14","AAMP",-0.239102677959527,-0.108711022416468
"640","55262","TRAPPC14",-0.409574658603464,-0.528321622412794
"641","23271","CAMSAP2",0.257239816954987,-0.176771563204677
"642","57369","GJD2",0.915106906050671,5.75683273988128
"643","83737","ITCH",0.25736165723876,0.0691232388319785
"644","163131","ZNF780B",0.628933061940245,0.293448803063359
"645","81875","ISG20L2",0.242327951581083,0.185463969586892
"646","79791","FBXO31",0.283485428333263,0.105347013508806
"647","84722","PSRC1",0.888727863173117,2.86928640027012
"648","23361","ZNF629",0.2233751707819,0.406042547734736
"649","57561","ARRDC3",0.58693790732111,0.261057419257794
"650","124751","KRBA2",0.713630187004829,0.91108995918913
"651","253430","IPMK",-0.226753091501791,-0.184773676690616
"652","403341","ZBTB34",-0.266199022878344,-0.504423925059262
"653","2796","GNRH1",-0.680222768713854,0.20979758956184
"654","6314","ATXN7",0.378918719794686,-0.0366409131995962
"655","6045","RNF2",0.192127966573364,0.176981643946806
"656","5660","PSAP",-0.244868101114131,-0.18132431395844
"657","5966","REL",-0.317602535312465,0.504806275231505
"658","9718","ECE2",-0.290281349481558,-0.828324800968215
"659","90313","TP53I13",-0.300556929710154,-0.771664509548012
"660","9683","N4BP1",0.158996747156483,0.0204068080741679
"661","4297","KMT2A",0.203560202610816,0.0197945429534423
"662","79720","VPS37B",0.139947716144109,-0.0551364064069926
"663","65080","MRPL44",-0.142834556302347,-0.428981825326121
"664","55247","NEIL3",0.836421561374743,3.5380293424243
"665","157773","C8orf48",0.425632335346613,0.726383010204977
"666","6838","SURF6",0.196804739519355,0.392035810746416
"667","7596","ZNF45",0.195760225348303,1.03623086617023
"668","1482","NKX2-5",0.336686044501942,0.640904122359219
"669","6376","CX3CL1",0.179236861855616,-0.324449998409031
"670","10289","EIF1B",0.271212157721608,0.56107001213367
"671","55284","UBE2W",0.0961577393321456,0.0283608909284272
"672","51271","UBAP1",0.103953018695493,-0.0312678176328705
"673","27","ABL2",0.367954718461119,-0.407017941496007
"674","7745","ZKSCAN8",0.283024851768934,0.0991651553303621
"675","57492","ARID1B",0.333517727849086,0.202670810943359
"676","5877","RABIF",0.137131014414008,0.586026695046945
"677","6431","SRSF6",0.155960675304565,0.534674060127223
"678","8420","SNHG3",-0.645232332818183,-0.805449070664628
"679","259230","SGMS1",0.573610164498122,0.502338493691513
"680","8871","SYNJ2",0.647098260407825,-1.40810433380445
"681","55777","MBD5",0.254364947943491,0.516494664643878
"682","146705","TEPSIN",-0.236718711045448,-1.27483430093345
"683","64285","RHBDF1",-0.283419171850405,-1.30016838443433
"684","55778","ZNF839",0.484538374951851,0.894473714745982
"685","23082","PPRC1",0.201916264088603,0.0950194255867043
"686","195828","ZNF367",-0.807208278748499,-0.105065982050912
"687","57731","SPTBN4",-0.773390661372988,-0.688210243221037
"688","1050","CEBPA",-0.74799522533015,-3.36753966262358
"689","23060","ZNF609",0.467242610900235,-0.0278638553310167
"690","51755","CDK12",0.26658620316252,0.290507822091102
"691","9361","LONP1",-0.318103307347304,0.0709539877120591
"692","284098","PIGW",-0.466198394413744,-0.535629392874449
"693","79818","ZNF552",0.646378362366103,0.167626922639866
"694","92806","CENPBD1P",0.346940210341776,0.00235738058887547
"695","84948","TIGD5",0.497881125678229,0.21415807174498
"696","78994","PRR14",-0.185611926189381,-0.488299383872758
"697","1945","EFNA4",-0.517188688548746,0.0572251773785761
"698","9464","HAND2",0.443702534023608,0.757610096751228
"699","1901","S1PR1",0.132657010658102,1.42741027159247
"700","146909","KIF18B",0.670935666815196,3.4675469152043
"701","10846","PDE10A",0.444667585572427,-0.240124691407694
"702","3955","LFNG",-1.06170777414217,-2.84121614853706
"703","2776","GNAQ",0.496294079223754,-0.115486439894329
"704","10090","UST",0.369613990205386,0.151113334278175
"705","83591","THAP2",-0.262185119676646,-0.630510793061618
"706","2548","GAA",-0.26121970957973,-0.187249707945085
"707","54956","PARP16",0.560982748817126,0.295549186782313
"708","1364","CLDN4",0.575367910166803,0.677257363142493
"709","283149","BCL9L",0.415702688803641,-0.320529412068775
"710","54946","SLC41A3",-0.261352325812273,-0.033515562857624
"711","79139","DERL1",-0.154098188926069,0.182492031691949
"712","11140","CDC37",-0.120502321808752,-0.510849057960252
"713","23248","RPRD2",0.540950333951076,0.455076000705438
"714","23338","JADE2",0.581475521443787,-0.497767341021897
"715","2353","FOS",-1.08086477542181,-1.90604370825716
"716","195827","PRXL2C",0.0917860860939634,0.131614466171457
"717","51710","ZNF44",0.604216172802807,0.00635338539800268
"718","55727","BTBD7",0.192878183314009,0.150556954741984
"719","133686","NADK2",-0.133586975188281,-0.92822364075319
"720","58487","CREBZF",0.296382842942759,0.214234526223607
"721","126295","ZNF57",0.750951507289022,0.610552378675167
"722","79918","SETD6",-0.429976679037308,-0.359497568300562
"723","414189","AGAP6",-0.282337503472128,-0.0588737867267315
"724","8621","CDK13",0.34050620875038,-0.139087508619144
"725","7189","TRAF6",0.0336808099155945,0.0744781090784459
"726","51347","TAOK3",0.292791828999922,0.270785815521574
"727","386724","AMIGO3",-0.614083036026686,-0.866821718379428
"728","55039","TRMT12",0.151765167295461,-0.031984195947127
"729","54532","USP53",0.351222911564653,0.0579993649935489
"730","105371405",NA,-0.430929701604202,-2.08135660861189
"731","57700","FHIP2A",0.18145113280289,0.282231709902104
"732","50650","ARHGEF3",0.253198721644163,-0.594705991552274
"733","57703","CWC22",0.120824953695478,0.243529917400488
"734","2737","GLI3",0.665600952126346,0.200015813715574
"735","57677","ZFP14",0.472116936828201,0.560695510789634
"736","91694","LONRF1",-0.301289313094729,-0.223518890226207
"737","197335","WDR90",-0.232435727041847,-0.220111232798829
"738","90024","FLJ20021",-0.453880828161045,-1.51385444520748
"739","57614","RELCH",-0.0688289942494693,-0.257081087881505
"740","222696","ZSCAN23",0.81069426670508,1.35354129413196
"741","10058","ABCB6",-0.574281346837333,-1.78191609278633
"742","898","CCNE1",-0.310987645712824,0.538173415248474
"743","3037","HAS2",1.05782542605746,-0.655760737759049
"744","114789","SLC25A25",-0.500162325298935,-1.73504192717347
"745","9275","BCL7B",0.289766915117641,0.283357284125765
"746","140688","NOL4L",0.460682443304513,-0.250071052431046
"747","155061","ZNF746",0.169387223257131,-0.297964986322359
"748","375449","MAST4",0.324139442829859,0.0695548364110543
"749","53335","BCL11A",0.742928020057358,1.18286267210745
"750","37","ACADVL",-0.315687395671011,-0.492249494030085
"751","8028","MLLT10",0.391145181241352,0.247679703143783
"752","9658","ZNF516",0.277847690038144,-0.0334772593466468
"753","149420","PDIK1L",0.43491239033002,0.913328594044198
"754","54434","SSH1",0.384918341846229,-0.200009549421473
"755","9527","GOSR1",0.109044231923819,-0.0136391181936419
"756","92283","ZNF461",0.315491285425448,-0.108901490644122
"757","1154","CISH",0.514344319376892,-0.17926989244287
"758","133522","PPARGC1B",0.781827459710172,0.420915128028601
"759","64210","MMS19",-0.202796679950378,-0.536169993473145
"760","161882","ZFPM1",0.565269641171519,-0.518313352258222
"761","8892","EIF2B2",-0.209004794971629,-0.549050360828737
"762","9811","CTIF",0.255029472402839,0.00341052268141517
"763","85461","TANC1",0.441055951276584,0.316207852643397
"764","267","AMFR",-0.165032348279937,0.0227172374151152
"765","10206","TRIM13",0.185235632250463,0.66217612842702
"766","5154","PDGFA",0.176174671907766,0.258415092677546
"767","9792","SERTAD2",0.0591956512186078,-0.996531546562422
"768","51426","POLK",0.254853554673173,0.571736611267776
"769","154881","KCTD7",0.321098244313717,-0.26913649836854
"770","29843","SENP1",0.170286733247946,0.753245227562506
"771","30827","CXXC1",-0.131753737407951,-0.207264811448151
"772","117608","ZNF354B",0.227117897044916,-0.0104938944820914
"773","23636","NUP62",0.108475202807387,0.386405849644633
"774","29946","SERTAD3",0.206538203850401,0.0200193360344247
"775","63943","FKBPL",-0.274459945447193,-0.226995872238071
"776","79065","ATG9A",-0.19020876739261,0.169396280076129
"777","124044","SPATA2L",0.0996054999231166,-0.316730970287198
"778","134728","IRAK1BP1",0.41895320330767,0.889635099460604
"779","165918","RNF168",0.194212880447777,0.0576643120274474
"780","493754","RABGEF1P1",0.104457891457635,0.248350303203524
"781","55520","ELAC1",0.514578088291946,-0.0326070006650476
"782","4245","MGAT1",-0.217208405036776,-0.238131970267186
"783","5704","PSMC4",-0.0554584340455779,-0.101331566967212
"784","10208","USPL1",0.168221641815375,-0.215953483768821
"785","10892","MALT1",0.343849144264576,-0.135057716992263
"786","10569","SLU7",-0.186091319666213,-0.724318196495876
"787","53944","CSNK1G1",0.546053034783007,-1.59223574211415
"788","1506","CTRL",-0.641250903520886,-2.09134295147373
"789","26984","SEC22A",0.0800692025829948,0.0135948261682923
"790","4943","TBC1D25",0.253244365195362,0.748880208912988
"791","8313","AXIN2",-0.591911904945903,-0.640826709518687
"792","55094","GPATCH1",0.331925816140937,0.550578208568252
"793","6173","RPL36A",0.50503437051699,0.274351928798423
"794","5291","PIK3CB",0.210416971212115,0.285405471893375
"795","124411","KRBOX5",-0.167801580113208,-0.0996631470055664
"796","57579","FAM135A",0.228191362573686,-0.169309594487689
"797","7699","ZNF140",0.102573762324802,-0.0304404818616644
"798","51599","LSR",-0.342400004822123,-1.65227178557003
"799","5927","KDM5A",0.255387970462432,-0.222268103769175
"800","57470","LRRC47",-0.210705782918756,-0.235075114317697
"801","473","RERE",0.32285591385194,-0.0351923613080922
"802","51343","FZR1",0.203261419116075,-0.0509827261753726
"803","342892","ZNF850",-0.227150808806786,0.582058684762647
"804","9475","ROCK2",0.344139998512356,0.152970857642295
"805","51606","ATP6V1H",-0.206355120605035,-0.46394340683854
"806","114049","BUD23",-0.259575716616695,-0.365778166170152
"807","205717","USF3",0.192352271236671,0.0124520651529827
"808","7186","TRAF2",0.30292249572941,0.898306686481698
"809","26058","GIGYF2",0.339346297972893,-0.0709266888980578
"810","57684","ZBTB26",0.541959805954429,-0.0838424068683974
"811","4299","AFF1",0.313035584107224,-0.734627686856742
"812","85406","DNAJC14",0.283783093347444,0.101722519049996
"813","54943","DNAJC28",0.251855292354479,-0.208555035344294
"814","127733","UBXN10",0.647946397877283,0.670910495470492
"815","10602","CDC42EP3",0.364629065301857,-0.0120430104713254
"816","83448","PUS7L",0.401060220015675,0.495274945702573
"817","205428","DIPK2A",0.318171845375028,0.311798607330554
"818","376497","SLC27A1",-0.261227031109675,-0.606402582229399
"819","283489","CHAMP1",0.247592435436284,-0.142736374195495
"820","6907","TBL1X",0.379240560651707,0.562460658821893
"821","440093","H3-5",-0.595690687708899,-1.41572638531698
"822","163259","DENND2C",0.540858260750193,-0.654782415245593
"823","134","ADORA1",0.431456767913245,0.338768420595327
"824","399959","MIR100HG",0.614130011803871,0.352255687714088
"825","92312","MEX3A",0.52480083584957,0.54371685848629
"826","285753","CEP57L1",0.30194790070522,0.690526245820916
"827","10725","NFAT5",0.416512479332334,-0.617451169573593
"828","149371","EXOC8",0.0562384816482266,-0.190040910712403
"829","131601","TPRA1",-0.211405643922964,0.0363940547688273
"830","54681","P4HTM",-0.177809945016362,-0.524736750336572
"831","7746","ZSCAN9",0.235001357031184,0.0137754833824997
"832","10780","ZNF234",0.198467347065227,-0.242759502345278
"833","8326","FZD9",-0.689634585583497,-1.28554210667807
"834","10285","SMNDC1",0.143670990296179,0.10402815112497
"835","7559","ZNF12",0.243537484751566,0.231984195009262
"836","64763","ZNF574",0.321834627970021,0.039197178861536
"837","148479","PHF13",0.260729391510463,0.14410685197771
"838","5998","RGS3",0.37705135503362,-0.05905945398532
"839","8897","MTMR3",0.265071208797441,0.00987633158223034
"840","51720","UIMC1",0.181479133321434,0.0422574755486407
"841","26053","AUTS2",0.340051437028028,0.859500405624043
"842","23483","TGDS",0.244042371531156,0.00578634517965337
"843","4824","NKX3-1",-0.533568996873593,-1.89753144176694
"844","7284","TUFM",-0.191760818058144,-0.361479993788183
"845","84911","ZNF382",0.555588160391099,1.1560550187703
"846","283254","HARBI1",0.559885562601174,-0.34470659424354
"847","55257","MRGBP",0.0920881755449789,0.43250203501466
"848","51422","PRKAG2",0.356937069474752,0.793686396358718
"849","2186","BPTF",0.300194537860865,-0.0113512420651203
"850","8405","SPOP",0.215168305619206,0.51316101071192
"851","5292","PIM1",0.434087195754962,-0.648625048985847
"852","57546","PDP2",0.178975656603716,0.263749282032724
"853","57591","MRTFA",0.343344383912341,-0.216663762523055
"854","163486","DENND1B",0.348031467553844,0.589458787081087
"855","55731","FAM222B",0.373472373235806,-0.0115420514814728
"856","2542","SLC37A4",-0.334748806485669,-0.925825769246642
"857","140685","ZBTB46",0.331198204857583,0.104021727273193
"858","4850","CNOT4",0.362919060323948,0.0160686537844503
"859","9092","SART1",-0.175342216265578,-0.0824654705792565
"860","26225","ARL5A",0.236738558114838,0.455400171352475
"861","9785","DHX38",-0.181234093559032,-0.561966458993511
"862","25897","RNF19A",0.110034918652086,0.0314881335484145
"863","79034","INTS15",0.137904300684577,0.0190959403764523
"864","125919","ZNF543",0.248244060650487,0.141680813078499
"865","219333","USP12",0.172861654056478,-0.646049619495693
"866","23339","VPS39",-0.217405198306847,-0.454150121858549
"867","25844","YIPF3",-0.218730023292784,-0.14924915344082
"868","283596","SNHG10",-0.397868524593389,-0.50394778763962
"869","9738","CCP110",-0.231468709985046,-1.53390006638978
"870","253461","ZBTB38",0.184469813660656,-0.434481189786376
"871","5373","PMM2",0.312316999651769,0.244904080982337
"872","255374","MBLAC1",-0.383834832706835,-0.326321556236387
"873","317648","NOP14-AS1",-0.42744740447062,-1.07439854901287
"874","23378","RRP8",-0.288498645211844,-0.0132693321143584
"875","2354","FOSB",-1.0198397177247,-0.640738642054546
"876","548593","SLX1A",-0.443946545845557,-0.0369904850135486
"877","81873","ARPC5L",-0.186187311139752,-0.690246875654787
"878","58508","KMT2C",0.314695607080229,-0.0614598536625479
"879","30811","HUNK",0.516429620146789,0.229005902483938
"880","79940","LINC00472",0.468492453483172,-0.639156668820932
"881","57649","PHF12",0.361636381658918,0.19043219339007
"882","130733","TMEM178A",0.222445474060057,0.706947293403882
"883","7008","TEF",0.227061723096917,-0.219100352102652
"884","10956","OS9",-0.196838730246167,-0.133324891346291
"885","79673","ZNF329",0.262967292093923,0.0364670760658852
"886","89890","KBTBD6",0.183809274206613,0.0804584081867059
"887","402055","SRRD",0.27430897198545,0.133313940951814
"888","2639","GCDH",-0.106050996679575,0.215290184802882
"889","27161","AGO2",0.293548520937417,0.141761944572443
"890","6461","SHB",0.153731881123551,-0.689756746536492
"891","80781","COL18A1",-0.265991835645668,0.399522811088602
"892","83480","PUS3",0.0806146487044672,0.899443661915041
"893","51773","RSF1",0.152297212438167,-0.226780983987859
"894","54852","PAQR5",-0.603533263733346,-0.337252180733148
"895","257160","RNF214",0.216416084538305,0.308239959221242
"896","27034","ACAD8",-0.177128233736721,-0.0359019816552602
"897","729540","RGPD6",0.33142561730546,0.085032501936162
"898","20","ABCA2",-0.323163680027474,-0.152525052875083
"899","2896","GRN",-0.223373393800571,-0.495096300931225
"900","54810","GIPC2",-0.457683565489527,-0.150289052296393
"901","54813","KLHL28",-0.304729735176504,-0.129559252123777
"902","23199","GSE1",0.325153173663483,0.394930234868175
"903","8480","RAE1",-0.0997937339241428,-0.277941699301708
"904","57496","MRTFB",0.311960551744246,-0.0669127998044097
"905","84437","MSANTD4",0.171680493879192,0.14857291783072
"906","8204","NRIP1",0.341600872039298,-0.0610998537565148
"907","146057","TTBK2",0.228714381776377,0.516225142317016
"908","83879","CDCA7",0.284459405099503,0.160428982236638
"909","23767","FLRT3",0.25346875367401,0.825208852264815
"910","54663","WDR74",-0.208520000780403,-0.963721043472619
"911","27297","CRCP",0.25370929416036,0.169023701109981
"912","26122","EPC2",0.194837160542341,0.184829171665474
"913","23054","NCOA6",0.282521663423173,0.039986628636127
"914","55578","SUPT20H",0.192469188108248,0.185604627792411
"915","3768","KCNJ12",0.512484141350773,0.773956175579371
"916","128497","SPATA25",-0.643348574913186,-0.591448503383941
"917","6339","SCNN1D",-0.436872687141085,-1.92012172144524
"918","5016","OVGP1",-0.641805097364929,-1.27631329861335
"919","4863","NPAT",0.290185777987973,0.473148334874918
"920","26073","POLDIP2",-0.0899476550444529,-0.436247954086747
"921","100616387","MIR3064",-0.484659095108835,-1.17762056791519
"922","23451","SF3B1",-0.18981231604327,0.0192700839672639
"923","57414","RHBDD2",-0.331903000184691,-1.04756191485392
"924","126069","ZNF491",0.233740408495457,-0.270376626466976
"925","25850","ZNF345",0.429860467608273,-0.435466161386523
"926","152137","CCDC50",0.194186307162775,0.0374623282244864
"927","90780","PYGO2",0.0820206102100007,0.117421737611168
"928","975","CD81",-0.298950273575914,0.142559309443397
"929","56704","JPH1",0.244710446571337,-0.00604525385626609
"930","219902","TLCD5",0.218269472543989,0.104811520875722
"931","4154","MBNL1",0.449640545996409,0.631562269029291
"932","114785","MBD6",0.192034672396519,-0.0667304640654161
"933","26036","ZNF451",0.123679026612651,-0.193664974905102
"934","91369","ANKRD40",0.110874540475772,-0.102863528066088
"935","54522","ANKRD16",-0.203606079461516,0.103995116752561
"936","9425","CDYL",0.237769770432872,-0.69882446601479
"937","162962","ZNF836",0.40301386532045,0.411375401508436
"938","11334","TUSC2",-0.248211580525672,-1.12166642877678
"939","4356","MPP3",0.468060653327003,1.98408536716008
"940","56907","SPIRE1",0.242221467378977,0.367939771794882
"941","22862","FNDC3A",0.294329164842191,-0.0289849644224676
"942","3073","HEXA",-0.253701229652117,-0.0526362951526442
"943","760","CA2",-0.233114965108342,-1.58784571977108
"944","102723989","FRMD3-AS1",0.460928356897139,0.357010825791737
"945","286262","TPRN",-0.437141162243,0.179558588503832
"946","160897","GPR180",0.396079732160287,1.30745260863403
"947","65251","ZNF649",0.457084576458672,0.104735655995398
"948","1105","CHD1",0.349540518733215,0.0607631698369797
"949","91746","YTHDC1",-0.122532071817758,-0.00607208441995688
"950","284323","ZNF780A",0.500110391086321,-0.0317143674150562
"951","79759","ZNF668",0.287070635365449,-0.338125495349137
"952","1656","DDX6",0.154200646166704,0.078379725211092
"953","55870","ASH1L",0.328452824490929,0.0319928290542686
"954","90121","TSR2",-0.151125587909102,-0.0639558973184302
"955","53917","RAB24",-0.136805627903231,-0.413640727192893
"956","4928","NUP98",0.150897364881166,0.458501402441374
"957","8726","EED",-0.393560026394172,-1.14555439106238
"958","23186","RCOR1",0.225649954815039,-0.368664962607475
"959","5775","PTPN4",0.270201919332536,0.658906002913783
"960","9120","SLC16A6",-0.236857722189289,-1.90887109934699
"961","10565","ARFGEF1",0.397286434489809,-0.183835735224228
"962","6535","SLC6A8",-0.254208431787638,-1.21792957153461
"963","9204","ZMYM6",0.294114113625714,0.459403663234613
"964","116931","MED12L",0.573269710616356,-0.78889351184543
"965","54778","RNF111",0.192994563222088,-0.0682942700589066
"966","57763","ANKRA2",-0.252022171190387,-1.49991145707863
"967","55534","MAML3",0.349352938611197,-0.225168714268225
"968","64857","PLEKHG2",0.248079247178889,0.849399925277022
"969","8110","DPF3",0.468956211435876,1.46220081387599
"970","57619","SHROOM3",0.434795445940389,-0.0927150780106141
"971","11083","DIDO1",0.331081584586318,-0.0654744133542087
"972","26049","FAM169A",0.431302447988999,0.652390735519849
"973","23384","SPECC1L",0.287777161552081,-0.115397554211757
"974","116236","ABHD15",-0.362338434264093,-1.99152004139299
"975","55713","ZNF334",0.510669278914252,0.193632932368588
"976","9091","PIGQ",-0.284067309273977,0.0485386575951505
"977","222229","LRWD1",-0.187970181756863,-1.05571945023581
"978","2733","GLE1",-0.0890494154061523,-0.154116776995648
"979","285193","DUSP28",-0.396309035595122,-1.09336823779411
"980","2526","FUT4",0.173707836064724,0.00754231613578193
"981","128637","TBC1D20",0.0880155119193669,-0.20929345921413
"982","4285","MIPEP",-0.231204089080573,0.129972280303591
"983","222068","TMED4",-0.21332885093349,-0.0950796100338236
"984","83692","CD99L2",-0.190009593056553,-0.0290937939053011
"985","5562","PRKAA1",0.125056000357049,0.129650000837597
"986","9306","SOCS6",0.261783667883178,0.0418505929484549
"987","90990","KIFC2",-0.310580028706758,-0.62432177914777
"988","162989","DEDD2",-0.197656745874607,-0.708937548615843
"989","101928433","ATXN1-AS1",0.4080694641176,0.575974439680201
"990","93649","MYOCD",0.551370234670757,1.63925458375204
"991","643155","SMIM15",0.128396161409395,0.100829634021842
"992","116115","ZNF526",0.202926361756371,0.168875344044817
"993","84451","MAP3K21",-0.677951196831268,-1.73358886660914
"994","79684","MSANTD2",-0.335566189761386,-0.425298523476692
"995","9100","USP10",0.167543166588667,0.506304854778094
"996","55922","NKRF",0.297550721604811,-0.0703637836387569
"997","6043","SNORA63",1.16195893151478,0.332862563107331
"998","2990","GUSB",-0.125280138492406,-0.0315620917425576
"999","23203","PMPCA",-0.256738138567421,-0.462609553033967
"1000","84305","PYM1",0.220484135746982,-0.251587938350426
"1001","284371","ZNF841",0.271532930803605,0.0393728672557416
"1002","135295","SRSF12",0.458347118427002,0.372023480737893
"1003","2909","ARHGAP35",0.256050656370769,0.139574019771383
"1004","255919","CNEP1R1",0.176266526668709,0.341471713198274
"1005","10628","TXNIP",0.695925584408205,1.038435231195
"1006","29940","DSE",0.229413592732222,-0.0131367471016546
"1007","2908","NR3C1",0.329522388911471,-0.316165066962419
"1008","55051","NRDE2",0.210762232194761,0.429058019159109
"1009","51150","SDF4",-0.288782866989202,-0.190826768077251
"1010","25974","MMACHC",0.48631941119264,0.667829480070202
"1011","80775","TMEM177",0.371209142404586,1.66420667943709
"1012","1198","CLK3",-0.200935898762546,-0.411598048266921
"1013","10644","IGF2BP2",0.325002128481139,0.402823677625905
"1014","3021","H3-3B",-0.526282879137698,-1.29452240093704
"1015","91687","CENPL",0.420310714102409,1.07994210522139
"1016","3093","UBE2K",0.177268720545468,0.303860610820325
"1017","57102","C12orf4",0.225923437263657,0.122902744905702
"1018","54838","WBP1L",0.290285210667347,-0.253757274649915
"1019","283989","TSEN54",-0.161916737382866,-0.0633505295821584
"1020","102723897","WASH9P",-0.276916726476065,-0.396710343302678
"1021","4330","MN1",0.638237446154725,-0.166214230340678
"1022","7748","ZNF195",0.176165949018484,-0.318819365298154
"1023","157247",NA,0.514273979047934,0.648376177925944
"1024","692227","SNORD104",0.248856243879653,-0.399095953047663
"1025","112950","MED8",0.179437893287937,-0.0483547882286803
"1026","602","BCL3",0.278505080423141,-0.557108954821884
"1027","284390","ZNF763",-0.0961258268091825,-1.14882895102558
"1028","60625","DHX35",0.217466913532188,0.294897525113418
"1029","901","CCNG2",-0.667037832625969,-0.60906973408101
"1030","6429","SRSF4",0.186881752105749,0.104613509648425
"1031","399664","MEX3D",0.0137331822521292,0.632064696106806
"1032","163154","PRR22",-0.694061542088592,-0.208586284595182
"1033","1021","CDK6",0.476608186521224,0.175431862712101
"1034","90589","ZNF625",-0.399077534429038,-0.567020937099014
"1035","84292","WDR83",-0.240374835543739,-0.272915614484711
"1036","9440","MED17",0.0498148823264595,-0.106908384173076
"1037","9852","EPM2AIP1",0.144662058612653,-0.122716002710027
"1038","55888","ZKSCAN7",0.380926201913694,0.524787288838429
"1039","254394","MCM9",0.258770557382896,0.27993694848158
"1040","9445","ITM2B",-0.152152801081018,-0.462484557287631
"1041","2535","FZD2",0.202348995566633,1.29314778226303
"1042","673","BRAF",0.203615575061152,0.0813238147473525
"1043","4763","NF1",0.277481212792362,0.280065650757702
"1044","4149","MAX",0.177458974060606,-0.0674707020469345
"1045","92","ACVR2A",-0.15541747122263,-0.376242628271381
"1046","360132","FKBP9P1",-0.238715992956256,-0.0660143297337479
"1047","57711","ZNF529",0.0536444845756066,0.408131708332752
"1048","112858","TP53RK",0.0347127508232505,-0.201277132780961
"1049","94005","PIGS",-0.135381763377459,-0.0643784638867997
"1050","26520","TIMM9",0.216854030997867,0.64215713281721
"1051","84527","ZNF559",0.510491816435126,0.79454790919083
"1052","57224","NHSL1",0.412219176018825,0.921191419350973
"1053","3030","HADHA",-0.163128795801367,-0.0439308006526886
"1054","254251","LCORL",0.304404937303675,0.380678197659305
"1055","8834","TMEM11",0.169737800525098,0.0286310893812649
"1056","6497","SKI",0.288084919526528,-0.627222582164437
"1057","79191","IRX3",0.789552106641915,1.10521019199399
"1058","51465","UBE2J1",0.404529779172874,0.370064863670803
"1059","4898","NRDC",-0.0964844649003664,0.00886716684789945
"1060","57727","NCOA5",0.317890898358097,0.189276127097739
"1061","84261","FBXW9",-0.250282144363211,-0.337390061622541
"1062","441155","LOC441155",0.119000704907893,0.0133381073453291
"1063","84541","KBTBD8",-0.458982695960316,-0.300140209149636
"1064","1435","CSF1",-0.729290299733359,-2.08057248652937
"1065","100128653","LOC100128653",0.309816605261521,0.993788448016495
"1066","57520","HECW2",0.558658297040924,1.07997362226288
"1067","148523","CIART",-0.827947773577453,-0.161685749204654
"1068","11079","RER1",-0.234677240165183,-0.154135767126688
"1069","4758","NEU1",-0.295568794623808,-0.806038268667066
"1070","8553","BHLHE40",0.831095822501674,-1.12309685153011
"1071","200424","TET3",0.206607917531787,0.029123085181749
"1072","56479","KCNQ5",0.353890359860227,0.964051237599661
"1073","100507034","PITRM1-AS1",-0.378676441824448,-0.932575265760399
"1074","78996","CYREN",-0.349089369589257,-0.300441978707796
"1075","54754","NUTM2F",0.498029954285893,0.300908335921977
"1076","10642","IGF2BP1",0.292720841899345,0.706341361035092
"1077","5295","PIK3R1",0.323575169053209,0.312091656774419
"1078","23051","ZHX3",0.303757685703301,0.427658109609643
"1079","55786","ZNF415",0.330450339654516,1.02074337875429
"1080","79832","QSER1",0.192485913035402,0.533238587921314
"1081","79842","ZBTB3",0.477384900498841,0.157801709919765
"1082","123920","CMTM3",0.184234557993916,-0.0604509780717057
"1083","29841","GRHL1",-0.502201639212614,-0.703750473955421
"1084","6477","SIAH1",0.105439232323384,0.0440610405336921
"1085","84364","ARFGAP2",-0.195495015769818,-0.174684987803439
"1086","85379","KIAA1671",0.347101372672515,-0.245683105730778
"1087","56659","KCNK13",0.626887385548656,-0.0013883434226436
"1088","283870","BRICD5",-0.404833277118049,0.366370586811064
"1089","90268","OTULIN",0.195490264247675,-0.119258424476047
"1090","7581","ZNF33A",0.128883352900803,0.248839929166296
"1091","9139","CBFA2T2",0.282809057587986,-0.455457655709526
"1092","10253","SPRY2",0.451603695416972,-1.07478338518383
"1093","22863","ATG14",-0.0138461476416785,-0.100596673615501
"1094","25948","KBTBD2",0.0694510100708143,-0.252204922816965
"1095","64061","TSPYL2",-0.3372695952148,-0.749956709675333
"1096","6462","SHBG",-0.504492111464602,-1.31100475803599
"1097","2011","MARK2",0.149431621525787,-0.17675476390474
"1098","56257","MEPCE",-0.279544473360475,-0.02660220093665
"1099","83985","SPNS1",-0.23419315166087,-0.191747777276305
"1100","339745","SPOPL",0.324271464561395,0.214741145931487
"1101","414777","HCG18",0.102383424018163,0.142534038340361
"1102","51174","TUBD1",0.304998434857715,0.481365141060947
"1103","54816","ZNF280D",0.475197531476266,0.163039866707332
"1104","1479","CSTF3",-0.218448818704936,-0.526764386219684
"1105","3665","IRF7",-0.784335323454016,-0.823965106458914
"1106","1643","DDB2",-0.34946836108463,-2.49755420255839
"1107","8818","DPM2",-0.123011193218058,0.190447770455185
"1108","56834","GPR137",-0.262408454854695,-0.0262143002721125
"1109","51421","AMOTL2",0.198952660771539,-0.0399996074604054
"1110","1376","CPT2",-0.202159229905968,-0.934470522843585
"1111","51341","ZBTB7A",0.280173541063797,-0.174804845284235
"1112","79874","RABEP2",-0.175113551594213,-0.321427337328351
"1113","23467","NPTXR",-0.235631081151994,-0.221250758499907
"1114","120379","PIH1D2",-0.279036159784352,-0.811657463206388
"1115","7763","ZFAND5",-0.0384187402757554,-0.0761064815422987
"1116","662","BNIP1",0.277584565149109,0.63231414070794
"1117","23254","KAZN",0.1338614311067,-0.847327543272923
"1118","650794","MIPEPP3",-0.493903341073201,-0.275327375392841
"1119","3508","IGHMBP2",-0.147637174402457,-0.100071927622424
"1120","5476","CTSA",-0.172981182577182,-0.100795610663798
"1121","7582","ZNF33B",0.309606064968921,0.168834576464048
"1122","1642","DDB1",-0.112701862730521,-0.366633913039733
"1123","54904","NSD3",0.179236584649286,0.202558802622232
"1124","2114","ETS2",0.176282806013957,-0.65322892535817
"1125","54617","INO80",0.185754911091324,-0.0873202488103626
"1126","8877","SPHK1",-0.621334685739681,-3.40316178050698
"1127","9031","BAZ1B",0.262707366787389,0.632291898527556
"1128","84243","ZDHHC18",0.180883374123489,0.639925069066326
"1129","4987","OPRL1",-0.481898620316956,0.436428667084483
"1130","112574","SNX18",0.328228013744176,-0.466038404068338
"1131","4791","NFKB2",-0.509255714868159,-0.159996882805637
"1132","81930","KIF18A",0.58896395388181,2.9196579449538
"1133","7803","PTP4A1",-0.3047781763994,-1.5928226286181
"1134","9788","MTSS1",0.260864240374658,0.723426037417332
"1135","54455","FBXO42",0.315734973123857,-0.0911960693293254
"1136","55432","YOD1",-0.386691904013554,-0.00509276727478714
"1137","54014","BRWD1",0.285553949179651,0.0683409278248241
"1138","387338","NSUN4",0.214970367750269,0.941516053064118
"1139","6389","SDHA",-0.255088093982305,-0.252625976756487
"1140","5719","PSMD13",-0.146678636226951,-0.363847257694689
"1141","81554","RCC1L",-0.137425978528486,-0.331098970578519
"1142","54454","ATAD2B",0.260785544186761,0.125663150466353
"1143","11037","STON1",0.372708257151549,0.235984492116672
"1144","85451","UNK",-0.163704270570285,-1.0007349014315
"1145","2932","GSK3B",0.164788138016419,-0.0492523713299748
"1146","6996","TDG",-0.0116389781167747,0.0587992499178975
"1147","55621","TRMT1",-0.22088977097861,-0.146543745740298
"1148","92935","MARS2",0.343350698649362,0.556805216279545
"1149","22869","ZNF510",0.23403813333704,0.352835893149622
"1150","5520","PPP2R2A",0.0804057554171482,0.0911413388299644
"1151","653238","GTF2H2B",0.368413878300901,0.183448989057273
"1152","27043","PELP1",-0.149623485372873,-0.0692630421731293
"1153","64601","VPS16",-0.202334949899421,-0.240005970400741
"1154","9569","GTF2IRD1",0.260787714015656,0.970954342235954
"1155","5987","TRIM27",0.169627892913176,-0.0169227042925399
"1156","9344","TAOK2",0.0936673925242841,0.741210516389611
"1157","54619","CCNJ",-0.215316783583771,0.0831911429057186
"1158","93624","TADA2B",0.20402399914148,0.0556227468125119
"1159","55176","SEC61A2",-0.215086036825459,0.0986318727527777
"1160","23064","SETX",0.3317659355403,0.18464427468335
"1161","220930","ZEB1-AS1",0.339991171064593,-0.779267064542949
"1162","56897","WRNIP1",-0.170770804682777,-0.0833959038538179
"1163","55234","SMU1",-0.0760338616530856,-0.177641787200816
"1164","26515","TIMM10B",0.086697665621247,-0.0862958700686471
"1165","79175","ZNF343",0.348359196762188,-0.26656598734647
"1166","80273","GRPEL1",-0.254139464638672,-0.287225629752232
"1167","4211","MEIS1",0.291506894082961,-0.157343118258667
"1168","83638","C11orf68",0.0714097914954435,-0.319039280120686
"1169","25","ABL1",0.159563513908475,-0.00915605535270636
"1170","94134","ARHGAP12",0.188972699871137,-0.0712732814621351
"1171","5621","PRNP",-0.239909287023814,-1.03209693282893
"1172","105378862",NA,-0.56525570527735,-1.06559459963468
"1173","80346","REEP4",-0.338334342371921,0.586142174498197
"1174","440423","SUZ12P1",0.231660179492118,-0.0215335758983082
"1175","129401","NUP35",0.324283508458299,1.27995882220715
"1176","51322","WAC",0.16082194369689,0.306794172856022
"1177","144110","TMEM86A",-0.350389092908785,-0.188432106005786
"1178","100132815","IPO5P1",0.413900715254105,0.363882751668704
"1179","143689","PIWIL4",-0.470426175256258,-0.396261463627715
"1180","25896","INTS7",0.129293948773646,1.01602205538853
"1181","51132","RLIM",0.0974138295705478,0.101976712255472
"1182","414","ARSD",-0.158800694621667,-0.106807150040001
"1183","8491","MAP4K3",0.337958422935712,0.0857340252809333
"1184","3845","KRAS",0.116298680355575,0.0700193236015743
"1185","4664","NAB1",0.293937447674206,-0.216386844266805
"1186","91304","TMEM259",-0.236335746308249,-0.297119105199505
"1187","7978","MTERF1",0.230185383209795,-0.213192731876136
"1188","146540","ZNF785",0.081418122075231,0.120712861035857
"1189","80110","ZNF614",0.10359681303295,0.0554743569860063
"1190","374907","B3GNT8",0.186570970895951,0.124780237786745
"1191","29988","SLC2A8",-0.265006483112179,-0.834748398191983
"1192","55145","THAP1",0.187329572572823,-0.341573766520957
"1193","8312","AXIN1",0.176960270182425,-0.129588318448897
"1194","5142","PDE4B",1.12928919433189,0.28146633605472
"1195","8930","MBD4",0.137358992086625,1.38852481934512
"1196","1456","CSNK1G3",0.0427912508236865,0.06454942645468
"1197","79871","RPAP2",0.205090445922058,0.0995833593129332
"1198","2905","GRIN2C",-0.65517198763965,-4.10165638490546
"1199","7483","WNT9A",-0.530157863161564,-3.33901016754478
"1200","83986","FAM234A",-0.167103469802731,0.19064557009566
"1201","9135","RABEP1",0.20443364007633,0.0309222006331735
"1202","84950","PRPF38A",0.104216437087887,0.190907358134054
"1203","84464","SLX4",0.566456471318952,1.72140237146487
"1204","10773","ZBTB6",0.11128401279904,0.101806149887382
"1205","374899","ZNF829",0.422070140350993,0.523011364548631
"1206","899","CCNF",0.467754452654841,1.41829907488226
"1207","1850","DUSP8",0.00212046175902492,0.422809616767629
"1208","10670","RRAGA",-0.262536797271873,-0.852629297071513
"1209","7776","ZNF236",0.305699159396586,0.000573313795614538
"1210","1153","CIRBP",-0.43931581128635,-1.0073527779616
"1211","100129794","SLC25A21-AS1",0.923928345025137,0.987679297143736
"1212","4141","MARS1",-0.147704785814919,0.235599259521426
"1213","158135","TTLL11",0.254779106967199,0.193503088535027
"1214","140612","ZFP28",0.391028693024774,0.65342272698105
"1215","64746","ACBD3",0.0896220979322315,-0.338876159482934
"1216","90417","KNSTRN",0.285353229250663,1.60737168504083
"1217","729438","CASTOR2",0.174716790007239,-0.192557935636468
"1218","5707","PSMD1",-0.0654500584753892,-0.0325009657281052
"1219","728340","GTF2H2C",0.432035441595919,0.324463932644603
"1220","9960","USP3",0.220193625181253,0.311562496481349
"1221","64319","FBRS",-0.259226881724971,-0.470721721510023
"1222","440400","RNASEK",-0.243352767305015,-0.551284858599387
"1223","79654","HECTD3",-0.201841666189813,-0.270602150327258
"1224","64781","CERK",0.125356373303492,0.101570593775081
"1225","112724","RDH13",0.449296393369833,0.540585332674429
"1226","57587","CFAP97",0.178193657282589,0.144767718267127
"1227","2962","GTF2F1",-0.232196073669249,-0.327600987106798
"1228","4240","MFGE8",-0.143759469081541,-0.769324566417298
"1229","93081","TEX30",-0.389986845130144,-1.14269911429651
"1230","151473","SLC16A14",-0.200402444355265,-0.976736691427052
"1231","121053","NOPCHAP1",-0.482702025282472,-2.54004362706106
"1232","8289","ARID1A",0.292194884177603,-0.00304975920493344
"1233","5937","RBMS1",0.211229238611292,-0.0372526938351028
"1234","145748","LYSMD4",-0.389415361741452,-0.0360808998938822
"1235","284613","CYB561D1",0.252167522336419,-0.220061657666974
"1236","9955","HS3ST3A1",0.376905564892365,-0.519109737515173
"1237","410","ARSA",-0.172628501648197,-0.691019817018217
"1238","27125","AFF4",0.139331293704456,-0.0157400978286635
"1239","29954","POMT2",-0.127336722161728,-0.0190062551694519
"1240","374887","YJEFN3",-0.354492682775136,-0.788169276524901
"1241","133619","PRRC1",0.142792529721075,0.382776029286228
"1242","7991","TUSC3",-0.18033714648197,-0.0289414989633183
"1243","2966","GTF2H2",0.435551794009562,0.314276395943243
"1244","64750","SMURF2",0.475989025153272,-0.620748044255219
"1245","100505678","STARD4-AS1",0.571637994770665,2.30658568450824
"1246","54812","AFTPH",-0.140500973154209,-0.710175391005955
"1247","57514","ARHGAP31",0.407054112157964,0.307585530260038
"1248","375484","SIMC1",0.359920524199469,0.915183839885439
"1249","81688","C6orf62",-0.160979920048088,-0.936816458861488
"1250","9572","NR1D1",0.638086036996607,-0.718658530691933
"1251","57480","PLEKHG1",0.361205595122488,-1.27390433415401
"1252","57002","YAE1",0.241346060108375,-0.0914479025866575
"1253","22882","ZHX2",0.44004448617434,0.223651829466577
"1254","29035","C16orf72",0.132644504911551,-0.489145666383762
"1255","5705","PSMC5",-0.178039298419555,-0.094012682129037
"1256","81555","YIPF5",-0.239748246884046,-0.118188343876916
"1257","54929","TMEM161A",-0.204495566873533,0.42394906208461
"1258","5734","PTGER4",-1.45174996873664,-1.82908513390276
"1259","26059","ERC2",0.33087319770165,1.42363407207685
"1260","3304","HSPA1B",-0.27830242499497,-0.7584815830431
"1261","23623","RUSC1",-0.160900553317608,-0.896347393526146
"1262","148266","ZNF569",0.150917562885546,0.0713486125398872
"1263","91748","MIDEAS",0.442273077453331,0.493572134183566
"1264","2052","EPHX1",-0.316153341315518,-1.83156674044982
"1265","54887","UHRF1BP1",0.232478087178418,0.276861837720132
"1266","55720","TSR1",-0.147798969564756,-0.0993131529340578
"1267","2209","FCGR1A",-0.166125450210055,-1.2983735921746
"1268","23353","SUN1",-0.109531692119983,0.312633145782192
"1269","23070","CMTR1",-0.188506071418024,0.153599265328936
"1270","54537","SHLD2",0.269148879086767,-0.100060357596125
"1271","79850","TLCD3A",-0.346216742830184,0.252411043913428
"1272","5195","PEX14",0.128537000964925,0.341336563214405
"1273","8745","ADAM23",-0.144653122357585,-0.218366573702071
"1274","1508","CTSB",-0.234324312627148,-0.903949768310097
"1275","89953","KLC4",-0.171821944560095,0.22994591197023
"1276","147007","TMEM199",-0.172812450483956,-0.484556211592474
"1277","25920","NELFB",-0.12360484172759,0.0139697113974657
"1278","6491","STIL",0.775344107438929,2.08004785697038
"1279","9824","ARHGAP11A",0.540833286881804,2.89699823671471
"1280","7620","ZNF69",0.4225733841571,0.689405984189759
"1281","10308","ZNF267",-0.154565174957618,0.0421324804245065
"1282","3992","FADS1",-0.0710218773344327,0.0526763447700276
"1283","2547","XRCC6",-0.147483111487722,-0.194315375324006
"1284","91151","TIGD7",0.473548511604303,0.0860648709557257
"1285","7057","THBS1",0.544475678239499,0.685589617619167
"1286","7108","TM7SF2",-0.232153550845442,-0.350506058714386
"1287","334","APLP2",-0.199538657744515,-0.537689134226472
"1288","643338","C15orf62",0.561917182852743,-0.203161871410631
"1289","1875","E2F5",0.291268272421911,0.477768827230957
"1290","135932","TMEM139",0.329283972119402,1.73209370229071
"1291","26234","FBXL5",0.171932624110689,0.0581347991646188
"1292","79078","C1orf50",-0.14452039298257,-0.135052426999631
"1293","1477","CSTF1",0.128578593732374,0.167922452211361
"1294","26145","IRF2BP1",-0.0704970908124807,-0.478859160457375
"1295","55905","RNF114",-0.152204776674321,-0.463400222729669
"1296","5912","RAP2B",0.110605150025514,-1.5429127243783
"1297","7553","ZNF7",0.208698890792689,-0.142855078199184
"1298","9873","FCHSD2",0.272074951650418,-0.0943289879784617
"1299","2146","EZH2",-0.264054514512002,-0.321627276701786
"1300","541468","LURAP1",0.406021189363486,-0.241723472512513
"1301","113402","SFT2D1",-0.276787080729242,-0.255373406925051
"1302","55183","RIF1",0.12101095345551,0.486393158053792
"1303","55172","DNAAF2",0.268760590687891,0.506150799945734
"1304","55336","FBXL8",-0.36446122663118,-0.331334353723607
"1305","375341","C3orf62",0.456226613531379,0.331660084111406
"1306","5496","PPM1G",-0.154096142685659,-0.492738566143049
"1307","8915","BCL10",0.0583189968545326,-0.538034480554502
"1308","220136","CFAP53",-0.192847612638041,-0.556066477338275
"1309","729288","ZNF286B",0.290600245607039,0.579527769485733
"1310","79893","GGNBP2",0.09509428207478,0.268925445621425
"1311","5190","PEX6",-0.23998797703458,-0.581030438277895
"1312","5612","THAP12",0.0785752621956606,0.740847990063376
"1313","54923","LIME1",-0.65598014080009,-0.373052838475868
"1314","25978","CHMP2B",-0.198315963651368,-0.118753408409018
"1315","100289019","SLC25A25-AS1",-0.362654158461482,0.0884316568557026
"1316","4247","MGAT2",-0.265024987457728,0.12193765700773
"1317","7371","UCK2",0.130150231094701,0.221721267503947
"1318","57406","ABHD6",-0.0312386828730435,-0.415543597337139
"1319","682","BSG",-0.200279372382045,-0.144327567864197
"1320","25945","NECTIN3",0.390840197591124,0.395758349966497
"1321","91452","ACBD5",-0.134982185664057,0.0892445504938726
"1322","81890","QTRT1",-0.16972921695353,-0.781281040312286
"1323","83733","SLC25A18",-0.476858990038785,-1.4604354334641
"1324","26993","AKAP8L",-0.281003485569045,-0.581687802096977
"1325","8527","DGKD",0.146288369899804,-0.534451507987044
"1326","57104","PNPLA2",-0.290520754227841,-0.401477141146683
"1327","4723","NDUFV1",-0.256811923274642,-0.0704470081949964
"1328","30812","SOX8",-0.853620491072273,-1.35161266893808
"1329","64773","PCED1A",-0.248400068523106,-0.762356959287463
"1330","51163","DBR1",0.017697735529818,0.214038044415835
"1331","55184","DZANK1",-0.142936360905481,-0.382518641047364
"1332","10212","DDX39A",-0.186907239974886,0.136204769254424
"1333","284370","ZNF615",0.333861541048197,0.640061294945104
"1334","8473","OGT",0.258069386163116,0.231395271559576
"1335","835","CASP2",0.342347976655666,0.212721728534539
"1336","10199","MPHOSPH10",0.117345581488324,0.254021590565133
"1337","51545","ZNF581",0.0160830887500745,0.701128626608951
"1338","200734","SPRED2",0.407621599843359,-0.892105217303117
"1339","124565","SLC38A10",-0.191746769116413,-0.162357788787013
"1340","91801","ALKBH8",0.250164427897463,0.125799543200263
"1341","401431","ATP6V0E2-AS1",0.603608828395495,1.34906894249093
"1342","389072","PLEKHM3",0.184085511108952,-0.259007440812799
"1343","140459","ASB6",-0.175412011920446,-0.465161370512429
"1344","79990","PLEKHH3",0.206538344038952,0.929136107342488
"1345","7625","ZNF74",0.130416063224209,0.653338539605522
"1346","11214","AKAP13",0.487428734980164,0.304076129603208
"1347","374900","ZNF568",0.22756700479198,-0.0858674081516391
"1348","1241","LTB4R",-0.358944087353331,-0.80294377352526
"1349","91392","ZNF502",0.602381834382626,0.326503344542871
"1350","56126","PCDHB10",-0.203824281319076,0.406975684968921
"1351","51804","SIX4",-0.291537883035863,-0.652409935332314
"1352","140775","SMCR8",-0.233615358973585,-0.650879399659527
"1353","57657","HCN3",-0.148889614790411,-0.317198305749875
"1354","116068","LYSMD3",0.146951074069593,-0.261217290374787
"1355","84892","POMGNT2",-0.134740140637367,0.162157319392438
"1356","84964","ALKBH6",-0.190518563072202,-0.241948456408787
"1357","57730","ANKRD36B",0.486952801965288,0.936957926260803
"1358","10574","CCT7",-0.118476199671557,-0.113248038141441
"1359","147184","KRT10-AS1",0.204547767115631,0.253672088599343
"1360","150290","DUSP18",0.290343888404761,-0.408771499279653
"1361","57630","SH3RF1",0.404405702672513,-1.04017770520242
"1362","3155","HMGCL",-0.283071720504499,-0.70663792396427
"1363","9589","WTAP",-0.149648830558598,-0.308127124721132
"1364","554313","H4C15",-0.358452204499438,-2.020630410322
"1365","8841","HDAC3",-0.166156062106956,-0.174115054676512
"1366","79932","KIAA0319L",-0.142041608089891,-0.0332242006976848
"1367","9869","SETDB1",0.136586518929675,0.252631610452932
"1368","84167","C19orf44",0.472699965588512,-0.0232108234181228
"1369","5111","PCNA",-0.525700239483176,-1.71024835859563
"1370","23119","HIC2",0.153328943584112,-1.10280605742474
"1371","4048","LTA4H",-0.160891239078945,-0.476024077926621
"1372","5054","SERPINE1",0.257441992334153,-0.466480894581652
"1373","9308","CD83",-0.685178586464061,-1.29476819990384
"1374","8412","BCAR3",0.451588084931828,-1.80835050990362
"1375","8939","FUBP3",-0.0391100715235471,-0.205354243627203
"1376","26230","TIAM2",0.45756782953518,0.682420778777361
"1377","28996","HIPK2",0.341764291332754,0.389226876181639
"1378","100289635","ZNF605",0.392340546029545,0.399949571118211
"1379","57192","MCOLN1",-0.201406979818757,-0.607214657784457
"1380","105376114","UBQLN1-AS1",-0.139309194678202,-1.09351067107124
"1381","90060","CCDC120",0.188365589582164,0.593923554456397
"1382","375743","PTAR1",0.0811920376661455,0.377074169749736
"1383","84984","CEP19",-0.314993448265345,-0.688529096604095
"1384","60673","ATG101",-0.189640187651287,-0.293456868870479
"1385","11328","FKBP9",-0.195417870806087,-0.0463607364825558
"1386","57558","USP35",0.419088697815678,-0.144621207278251
"1387","9117","SEC22C",0.0142880858716792,0.476774411706084
"1388","92344","GORAB",0.134541772166444,0.444451048704757
"1389","54922","RASIP1",-0.551190295673344,-1.17965908288934
"1390","6874","TAF4",0.289365591830848,-0.0423682608258371
"1391","2827","GPR3",0.581781164045868,0.614838865798163
"1392","200312","RNF215",-0.306691352310721,0.283764463837356
"1393","84752","B3GNT9",-0.271592069436778,0.157659816845798
"1394","25973","PARS2",0.413901997952398,-0.156521365588848
"1395","56255","TMX4",-0.261031303384695,-1.17765181655586
"1396","730101","LOC730101",-0.391462173592615,-1.49114076694917
"1397","9663","LPIN2",-0.159111491440671,-0.415521019670731
"1398","10960","LMAN2",-0.20811192862215,-0.315645391840723
"1399","219539","YPEL4",0.66271034694656,-1.5390226544152
"1400","5710","PSMD4",-0.0995361764580096,-0.109719822486475
"1401","286059","LOC286059",-0.63815261413553,-2.80625473074801
"1402","5034","P4HB",-0.19119276758077,0.0463412543775057
"1403","80347","COASY",-0.207293375383681,-0.140992983008594
"1404","284361","EMC10",-0.180327972384234,-0.0201533609258586
"1405","80895","ILKAP",-0.199484159455673,-0.366724636134376
"1406","84034","EMILIN2",-0.172033469781514,-0.0783713226694722
"1407","163590","TOR1AIP2",0.0670601457062192,-0.147694604677836
"1408","114932","MRFAP1L1",0.108791550028968,0.0680489309204582
"1409","51547","SIRT7",-0.179169634041386,-0.777179020411144
"1410","7752","ZNF200",0.125461582057634,0.104146990971568
"1411","728734","NPIPB8",-0.266582809127421,-1.02244918731898
"1412","27158","NDOR1",-0.303035399046121,-0.0791735994092537
"1413","4097","MAFG",0.0876117491536572,-1.03533606364168
"1414","22884","WDR37",0.206482636788243,0.100615170964597
"1415","100129917","PCGF3-AS1",0.431064649232807,-0.707142161738705
"1416","23389","MED13L",0.320629889452337,-0.290670919556004
"1417","158431","ZNF782",0.0751573609216742,-0.341666888459653
"1418","730183","LOC730183",0.321398658988159,-0.156888009471878
"1419","79364","ZXDC",0.199870428120457,-0.722209582117648
"1420","81844","TRIM56",0.299973245391299,-0.106559263698606
"1421","10116","FEM1B",0.0629277087836924,0.0354730479706964
"1422","8831","SYNGAP1",0.256453590913274,0.931542187779462
"1423","285613","RELL2",-0.344915664968847,-2.04718405507677
"1424","9409","PEX16",-0.261619033104158,-0.668428024723378
"1425","64332","NFKBIZ",0.0940431129820913,0.154886589965327
"1426","59269","HIVEP3",0.198455411446322,-0.803369403894121
"1427","4054","LTBP3",-0.236476000024692,-0.17188297085484
"1428","340390","WDR97",-0.224351381387362,-0.859048670727163
"1429","23002","DAAM1",0.259760598002159,-0.0112399122426794
"1430","9495","AKAP5",0.418903085456058,-0.177424282704508
"1431","9096","TBX18",0.59152345662947,0.241077637904167
"1432","2308","FOXO1",0.314936195068564,-0.94869973161939
"1433","23008","KLHDC10",-0.0458108782548035,-0.236532567715622
"1434","83987","CCDC8",0.344954939987089,0.727035428618397
"1435","4773","NFATC2",0.460728412935016,0.00218811636357019
"1436","4636","MYL5",-0.180483105188145,-0.786611932035536
"1437","647135","SRGAP2B",0.304929412502699,-0.437334857759339
"1438","285343","TCAIM",0.0767430873465571,-0.328192312408862
"1439","337873","H2BC20P",-0.0427346121802662,-2.07990489970286
"1440","116841","SNAP47",0.183986484123866,0.0200184323150063
"1441","4194","MDM4",0.472869479827092,-0.106230845311122
"1442","51315","KRCC1",0.277715404396581,-0.20639985556393
"1443","6421","SFPQ",0.314672397419339,0.588879980097249
"1444","1977","EIF4E",0.151390164607625,0.102203459107296
"1445","7009","TMBIM6",-0.18791966511221,-0.0717644373354478
"1446","10198","MPHOSPH9",0.245885277111315,1.33016740230911
"1447","100134868","LOC100134868",-0.376412494773594,-0.82763600938882
"1448","246243","RNASEH1",-0.154063242134169,-0.331126579603866
"1449","83548","COG3",0.161964527186683,-0.212062433719006
"1450","79039","DDX54",-0.0860754692956878,-0.0965169225397089
"1451","55122","AKIRIN2",0.0778766261271979,-0.0676681828606451
"1452","55785","FGD6",0.31116645391701,0.189914338217479
"1453","84858","ZNF503",0.483408222589197,-0.106180867361322
"1454","55709","KBTBD4",-0.21978753535897,-0.261639627690122
"1455","84572","GNPTG",-0.247138385508268,-0.43978951012883
"1456","57522","SRGAP1",0.443528539727747,0.144782360495844
"1457","753","LDLRAD4",0.189882546235882,2.06899187702588
"1458","330","BIRC3",0.146055812127634,-0.151571870114962
"1459","22944","KIN",0.0275359536187332,-0.0156311016756363
"1460","10609","P3H4",-0.215361256077691,0.321800773523972
"1461","11160","ERLIN2",-0.114984086900707,0.10351910961712
"1462","388561","ZNF761",0.189937736560482,0.0495669728505055
"1463","7702","ZNF143",0.124128307362781,-0.591178037497679
"1464","162963","ZNF610",0.183270784799869,-0.0986539165993743
"1465","9524","TECR",-0.124636114912803,0.222858695310398
"1466","653268","AGAP7P",-0.17011674059733,0.00284206242770779
"1467","10155","TRIM28",-0.237040114980429,0.0035510398502101
"1468","116983","ACAP3",-0.177458819384903,-0.530442621955286
"1469","7110","TMF1",0.0131632975583669,0.159177633238542
"1470","79596","OBI1",0.18033209027866,1.08096415825937
"1471","5859","QARS1",-0.176908982434565,0.14326530117884
"1472","81931","ZNF93",0.295599030101303,1.11199711842248
"1473","201255","LRRC45",-0.143481623692598,1.03482356500051
"1474","26015","RPAP1",-0.25140251501211,-0.344124434926084
"1475","27063","ANKRD1",0.379890392265759,0.542369648518173
"1476","4775","NFATC3",0.262902955785649,-0.57690094545627
"1477","11041","B4GAT1",-0.15564842027143,0.719333728087926
"1478","648791","PPP1R3G",-0.36337074826963,-1.13582537611407
"1479","100216546","LINC01004",-0.337216936072252,-0.466528389180499
"1480","6443","SGCB",-0.14683851157479,0.158869243191543
"1481","84627","ZNF469",0.503403281915423,-0.28069559998047
"1482","22835","ZFP30",0.412601873978286,0.719103055054157
"1483","862","RUNX1T1",0.53152920215857,0.828137038224719
"1484","4125","MAN2B1",-0.245767697429002,-0.207625902473761
"1485","6236","RRAD",-0.136698430749175,0.695134881581136
"1486","1942","EFNA1",0.264131630627372,-0.125558075169392
"1487","170688","NUDT4P2",0.240892653473215,1.40918794775438
"1488","394","ARHGAP5",0.365551091107167,0.264529491644965
"1489","3554","IL1R1",0.785666501065679,1.00644157959241
"1490","64430","PCNX4",0.362566076135413,0.489898430408937
"1491","54556","ING3",0.106004520715104,0.157063916925916
"1492","3303","HSPA1A",-0.235381268269848,-0.50421046098979
"1493","357","SHROOM2",0.37543285675835,-0.452911503601142
"1494","147650","SPACA6",0.15132747201455,-0.731888349935278
"1495","26149","ZNF658",0.621335190868963,-0.213132718466114
"1496","23047","PDS5B",0.238607543386176,0.368528843541164
"1497","23493","HEY2",0.820458889040609,1.62515218495031
"1498","114825","PWWP2A",0.126736390630266,0.0988589149595125
"1499","1540","CYLD",-0.260244419366477,-0.85095095862862
"1500","8193","DPF1",0.30820755018799,1.65345799708381
"1501","79718","TBL1XR1",0.415517433937663,0.309237200042921
"1502","26052","DNM3",0.308795341092609,-1.42431905315072
"1503","3661","IRF3",-0.144897130058765,-0.542975285649141
"1504","9114","ATP6V0D1",-0.192615618842973,-0.773669431627449
"1505","642475","MROH6",-0.388916236052204,-0.761815874076577
"1506","643253","CCT6P1",-0.182592588674036,-0.217222978124075
"1507","51306","FAM13B",0.237861920747404,0.0261998907782113
"1508","29920","PYCR2",-0.199514821911366,-0.251128307959881
"1509","79609","VCPKMT",0.273190668314451,0.646092060661593
"1510","22808","MRAS",0.136531605755545,0.112063993690275
"1511","120534","ARL14EP",0.113225318095372,0.0478740416483863
"1512","3090","HIC1",0.33120395975107,-0.621302912631775
"1513","388327","C17orf100",0.417568077182882,-0.596561532757036
"1514","283131","NEAT1",0.470785654783643,-1.54605208946641
"1515","85456","TNKS1BP1",0.216907652543271,1.12886650641299
"1516","126133","ALDH16A1",-0.0999566119433446,0.566187828935361
"1517","23014","FBXO21",-0.142867759174167,0.158405731966936
"1518","401010","NOC2LP2",-0.226835926101415,-0.449060598913084
"1519","10347","ABCA7",-0.292117411594722,-0.0669618494844535
"1520","221749","PXDC1",0.0992629567128862,-0.856738119486448
"1521","6649","SOD3",-0.255113062095329,-0.0830630983161988
"1522","10162","LPCAT3",-0.180410099031385,-0.382097340239437
"1523","151507","MSL3P1",0.457589610828361,0.650632072372468
"1524","5771","PTPN2",0.183930450717608,-0.194431586306757
"1525","79701","OGFOD3",-0.183987609875401,0.526088073879758
"1526","9015","TAF1A",-0.111861816881378,0.524118674014866
"1527","30","ACAA1",-0.213519344665443,-0.0267712422264008
"1528","151354","LRATD1",-1.2820504877375,-5.74666336996034
"1529","55317","AP5S1",0.251283265947977,0.794432875514755
"1530","10906","TRAFD1",-0.214388067145729,-0.49996507562505
"1531","55449","DHRS4-AS1",-0.273671736579049,-0.406789232234957
"1532","7082","TJP1",0.286101384541669,0.362519247847015
"1533","101928578","RAP2C-AS1",0.283143297589066,-0.186198724602355
"1534","5019","OXCT1",-0.174187884546305,-0.0866820956267143
"1535","64324","NSD1",0.287162691673848,-0.0718314830945008
"1536","51109","RDH11",-0.144299527312234,0.707088422262952
"1537","401509","ZNF658B",0.484499324694019,-0.121905883615697
"1538","4043","LRPAP1",-0.221865058836016,-1.03002011493062
"1539","28999","KLF15",-0.230131533497753,0.191904113204171
"1540","3096","HIVEP1",0.426137886409342,-0.407951454707231
"1541","83594","NUDT12",0.189734707869,0.792655285307234
"1542","5546","PRCC",0.0584946189375186,-0.243801793600422
"1543","79577","CDC73",0.22945796642532,0.352003654617482
"1544","148268","ZNF570",0.0942186976610202,0.000434810593088031
"1545","347475","CCDC160",0.479257774760812,1.65842877599275
"1546","132241","RPL32P3",-0.255864631549899,-0.680185973024684
"1547","10961","ERP29",-0.182301145145429,0.003853354767827
"1548","25871","NEPRO",0.103212990216854,0.121489319823371
"1549","56155","TEX14",-0.903113962529293,-3.42078065480447
"1550","651746","ANKRD33B",-0.493781181120809,-0.877831853613896
"1551","494115","RBMXL1",0.238313655039518,0.299323201227687
"1552","11080","DNAJB4",-0.220800970765995,-0.52432635620611
"1553","1675","CFD",-0.516963397559069,0.86332163840967
"1554","153020","RASGEF1B",-0.709175786765333,-1.25279923585928
"1555","7355","SLC35A2",-0.374463468699773,0.0757864815702387
"1556","55502","HES6",-0.668776968868285,-3.44343554858835
"1557","26224","FBXL3",0.00350476721636817,-0.300715340545929
"1558","26155","NOC2L",-0.131643032099472,-0.463885995831227
"1559","134637","ADAT2",0.493006672965192,0.977336570778697
"1560","55781","RIOK2",0.100652561389569,1.24588436617512
"1561","4123","MAN2C1",-0.162052850968554,-0.0707441556393675
"1562","29092","LINC00339",0.27078894267166,-0.162648367564227
"1563","85865","GTPBP10",0.194812868979417,0.289112596283135
"1564","56995","TULP4",0.205128379124611,-0.0592881987799352
"1565","79586","CHPF",-0.24053503468188,-0.166317028116627
"1566","728642","CDK11A",-0.183026169240415,-0.291284240226956
"1567","4306","NR3C2",0.684317662644702,0.0663962370834665
"1568","9391","CIAO1",-0.0578174128593334,-0.047652982653636
"1569","151556","GPR155",-0.121734263875283,-0.275288138725755
"1570","10134","BCAP31",-0.269498708909234,-0.474879528657695
"1571","55746","NUP133",-0.0107847457391745,0.526333028941134
"1572","285598","ARL10",0.236795466489045,1.13216221575722
"1573","9796","PHYHIP",0.551352675763272,1.37867067982098
"1574","57150","SMIM8",0.417478794243515,0.8788476509881
"1575","7541","ZBTB14",0.375416206126137,0.178326417297734
"1576","10163","WASF2",0.215246658006368,-0.0373890293662624
"1577","100287896","LIPT2-AS1",0.373163682826719,1.13971976299258
"1578","80319","CXXC4",0.30357611855057,0.286166091170724
"1579","79796","ALG9",-0.113091709143049,-0.241321466552719
"1580","442459","XRCC6P5",-0.160845422220094,-0.410185700664445
"1581","78987","CRELD1",-0.200325360990499,0.183829027915303
"1582","10585","POMT1",-0.131292324653644,1.09607933884477
"1583","8927","BSN",0.340311260517909,1.73588318879228
"1584","8811","GALR2",-0.632659870876694,-4.56588810859596
"1585","51669","SARAF",-0.252879591799058,-0.056444851185546
"1586","81562","LMAN2L",-0.1100695752906,0.596293085319775
"1587","10127","ZNF263",-0.18151652941197,-0.408764264673612
"1588","653820","FAM72B",0.393236946611427,0.470110176418161
"1589","146330","FBXL16",-0.463580802598098,0.279412730279749
"1590","3029","HAGH",-0.198394091507989,-0.196240337839563
"1591","57217","TTC7A",0.296006964754145,-0.883506627897145
"1592","6548","SLC9A1",-0.29394328907355,-2.07349334493157
"1593","10319","LAMC3",-0.416144861391651,-0.897497355065039
"1594","6117","RPA1",-0.192469572256306,-0.220208853922161
"1595","124997","WDR81",-0.275212535390816,-1.9234050709036
"1596","56951","C5orf15",-0.111195783102663,0.0648688510686508
"1597","25839","COG4",-0.135311178685837,-0.324072672378255
"1598","7468","NSD2",0.179643079625259,0.270569183564807
"1599","8797","TNFRSF10A",-1.00502463320387,-4.27535454453936
"1600","100129842","ZNF737",0.479236328865553,0.214205457621092
"1601","4213","MEIS3P1",0.102637639148075,0.435481633397116
"1602","79154","DHRS11",-0.0759558746803544,-1.03897434472517
"1603","57458","TMCC3",0.426007408533049,0.0630399685557558
"1604","11278","KLF12",0.251352493405396,0.0157702847300376
"1605","9862","MED24",-0.118161369619172,-0.338245850393113
"1606","10224","ZNF443",0.190704752379539,0.523883690454982
"1607","79018","GID4",0.208486918765801,-0.437975994964617
"1608","8775","NAPA",-0.160061046333797,-0.737034544304054
"1609","2296","FOXC1",-0.947847081450887,-4.0343404786531
"1610","5609","MAP2K7",0.170628456507129,0.42844282699042
"1611","55279","ZNF654",-0.234508751973558,-1.06659580157401
"1612","125893","ZNF816",0.319892180048453,-1.03615003069157
"1613","51093","METTL25B",-0.252789532986036,-0.453494871881488
"1614","79738","BBS10",0.228143761194824,-0.553463320767581
"1615","84879","MFSD2A",-0.571442608332658,-0.326595028775972
"1616","6576","SLC25A1",-0.206694074846883,-0.0156444911501108
"1617","5921","RASA1",0.147076794324119,-0.0942658219206471
"1618","23020","SNRNP200",-0.0911836974564926,-0.0361017764717246
"1619","6834","SURF1",-0.264774881384437,-0.736120506925446
"1620","11163","NUDT4",0.296874410211266,1.43113061020007
"1621","23522","KAT6B",0.374336784956072,0.214995492282397
"1622","55109","AGGF1",0.0344412813428914,-0.0165474730443211
"1623","56986","DTWD1",0.224660324216867,0.46886365034915
"1624","83693","HSDL1",-0.154672993936238,-0.148404543076827
"1625","5627","PROS1",-0.141045320300382,-0.0942699514236001
"1626","388323","GLTPD2",-0.51895161593793,-2.50437088309054
"1627","55762","ZNF701",0.0370198238195378,-0.302273565269295
"1628","23360","FNBP4",0.236380862865137,0.318320828483979
"1629","3032","HADHB",-0.190577010578192,-0.177251583490674
"1630","10066","SCAMP2",-0.143696803633263,0.0188658125279231
"1631","26098","EDRF1",-0.0996643568118696,0.322466892917341
"1632","64224","HERPUD2",-0.126310844051616,-0.334108389061606
"1633","10471","PFDN6",-0.145804887412357,-0.416659891799623
"1634","10313","RTN3",-0.217671057371631,0.481920094236523
"1635","8874","ARHGEF7",0.164965742778605,-0.0801885556274531
"1636","90075","ZNF30",0.325831280008037,0.136087218205369
"1637","9794","MAML1",0.145164489486017,0.104750707462481
"1638","26030","PLEKHG3",0.192691870323831,-0.785708924241969
"1639","9693","RAPGEF2",0.223539292200161,0.769656310125955
"1640","245812","CNPY4",-0.215277307067061,0.121472584863091
"1641","222236","NAPEPLD",0.149614312714205,0.959536990454619
"1642","1399","CRKL",0.0724071204426071,-0.0990835163581929
"1643","23204","ARL6IP1",-0.324632118868267,-0.0122956662735376
"1644","6322","SCML1",-0.117271926243598,-1.28308338713518
"1645","140809","SRXN1",0.50317100647057,0.0615654198759277
"1646","339448","C1orf174",0.170791123948582,0.354914634911053
"1647","64841","GNPNAT1",0.216267615553997,0.863200562691762
"1648","9741","LAPTM4A",-0.201433468662524,0.360012990424439
"1649","10252","SPRY1",0.24357272998491,-1.0500591166622
"1650","2553","GABPB1",0.281685676446264,0.163675385520664
"1651","2852","GPER1",0.533276237614576,1.00581255517401
"1652","55178","MRM3",-0.26805200559041,0.347257746632986
"1653","55589","BMP2K",0.2729450124646,-0.271922886309278
"1654","7073","TIAL1",-0.149170957579125,-0.0275626511236231
"1655","100507050","TPBGL",-0.565436543225732,-2.67588693597458
"1656","4828","NMB",-0.607006908483205,-1.32909930888883
"1657","402415","XKRX",0.430253165490177,-1.57459336042145
"1658","79697","RIOX1",-0.139803066653497,0.0236065515913939
"1659","64170","CARD9",-0.821218964212264,-1.66040373789964
"1660","9001","HAP1",-0.419411711380208,-3.78616193810932
"1661","147040","KCTD11",-0.411347659727393,-0.70961725619336
"1662","51441","YTHDF2",0.0655635184628487,-0.120890571966733
"1663","2749","GLUD1P3",0.138530819917334,-0.00325250924184428
"1664","151050","KANSL1L",-0.0246813597978566,-0.292364322887364
"1665","9846","GAB2",0.216334629813907,-0.00836106932011393
"1666","6256","RXRA",0.399079011131252,-0.105107826322529
"1667","6426","SRSF1",0.156120635534997,1.14673746946797
"1668","286075","ZNF707",0.140461438236138,-0.202162158084961
"1669","4218","RAB8A",0.192409295251667,0.385718058535318
"1670","55839","CENPN",0.0375695962053788,0.96044095998641
"1671","7023","TFAP4",0.546983036571812,0.0857752461521051
"1672","338382","RAB7B",0.1854298980458,-2.35885095981368
"1673","144577","KICS2",0.441280565754066,-0.75164620912984
"1674","10908","PNPLA6",-0.209454721521055,0.35983033983002
"1675","90826","PRMT9",0.300870581962046,0.0250445495936535
"1676","1051","CEBPB",-0.387590835917454,-1.58026192441778
"1677","6472","SHMT2",-0.196714836010107,0.344251820105089
"1678","153733","CCDC112",0.124442171678756,0.351885690629217
"1679","92305","TMEM129",-0.221617510692344,-0.129362340255002
"1680","390","RND3",0.0211757281327936,-1.00500981912835
"1681","8994","LIMD1",0.163226403486379,0.0601252211433634
"1682","22937","SCAP",-0.146977969791153,0.396361566643295
"1683","10734","STAG3",-0.330203319719547,-0.573443135356483
"1684","79661","NEIL1",-0.258968930398614,-0.22008356707264
"1685","54442","KCTD5",-0.209277223040443,-1.09622241433017
"1686","9730","DCAF1",0.141378189771854,0.582684302386968
"1687","147172","LRRC37BP1",0.190342914695138,0.263802689573293
"1688","66005","CHID1",-0.194917017370629,0.0771900661799574
"1689","85446","ZFHX2",0.744796178149813,0.711825474338037
"1690","57567","ZNF319",0.202609621762474,-0.295846287746934
"1691","55596","ZCCHC8",0.255500035803483,0.114302776910366
"1692","63917","GALNT11",-0.18310622271129,-0.330227385876452
"1693","285190","RGPD4",0.310524041503096,-0.0373090166327392
"1694","27145","FILIP1",0.313317284173489,1.45610391183577
"1695","50628","GEMIN4",0.0313767582433124,0.864406593831879
"1696","9739","SETD1A",0.230900207061371,-0.276981071169221
"1697","8370","H4C14",-0.033665426391932,-1.88744980828469
"1698","22934","RPIA",-0.30667644252236,-0.697139175850408
"1699","9772","TMEM94",-0.103401115818657,-0.0126263834689846
"1700","11282","MGAT4B",-0.169197293598685,-0.222621594608787
"1701","168374","ZNF92",-0.0686600871110237,0.422677031268222
"1702","23385","NCSTN",-0.147984049339654,-0.216923534110958
"1703","55824","PAG1",0.350656139908902,0.62928334248927
"1704","57171","DOLPP1",-0.0132760748301672,0.579576391094557
"1705","22950","SLC4A1AP",-0.0662695557362074,-0.141599835818479
"1706","51011","FAHD2A",-0.133267098057739,-0.0165881490368989
"1707","11284","PNKP",-0.0412408002527149,0.224764020508912
"1708","4594","MMUT",-0.169139946002749,0.576869943668642
"1709","51604","PIGT",-0.134400874932675,-0.228290576503267
"1710","170394","PWWP2B",0.357427607247138,-0.0283061367840816
"1711","284306","ZNF547",0.00694616317515817,0.0167486133567714
"1712","2957","GTF2A1",0.0980852136345982,-0.0271403610182137
"1713","1954","MEGF8",-0.144853596900926,0.418928757467389
"1714","92181","UBTD2",0.255619260440353,0.0218634510860891
"1715","4212","MEIS2",0.34996355943334,0.46112956325844
"1716","84336","TMEM101",-0.115198693660663,-0.00471459560957488
"1717","65243","ZFP69B",0.564193559327319,0.131336654063175
"1718","7566","ZNF18",0.210128152363359,0.0892589368325134
"1719","55355","HJURP",0.565543901208622,3.26095608612402
"1720","23239","PHLPP1",0.348755817741094,-0.049363171003729
"1721","728609","SDHAP3",-0.152844966481241,-0.196745844994831
"1722","151188","ARL6IP6",-0.289199291363101,0.452775618594635
"1723","22992","KDM2A",0.0768486889705899,-0.34348181086387
"1724","162681","C18orf54",0.395566411606346,1.81777042804302
"1725","7570","ZNF22",0.241254938498756,0.454435903236897
"1726","161394","SAMD15",-0.391303306703492,-0.501073822999655
"1727","79671","NLRX1",-0.203523138456086,-1.06230689118874
"1728","51004","COQ6",-0.0780996689515483,-0.282094912580305
"1729","415116","PIM3",0.0788816019998047,0.0963239048019968
"1730","55686","MREG",-0.43912351030715,-0.165303274136621
"1731","54206","ERRFI1",0.190650219726637,-0.387507301663663
"1732","84068","SLC10A7",0.626374776128659,-0.0504494207934136
"1733","83478","ARHGAP24",0.320275121701627,-0.0814325651895427
"1734","5708","PSMD2",-0.13133953320974,-0.214814377877646
"1735","6432","SRSF7",0.0379530214509698,1.25957574217583
"1736","79939","SLC35E1",-0.139029894584031,0.0127120320686398
"1737","8694","DGAT1",-0.246149484590177,0.136102100598294
"1738","4683","NBN",0.268094837849246,1.16396778671849
"1739","201501","ZBTB7C",0.239249223625923,-1.95031159391231
"1740","5095","PCCA",-0.169683105639418,0.829217064932966
"1741","56882","CDC42SE1",0.137869749628893,-0.399018388911695
"1742","7357","UGCG",0.0194417350187681,-0.115736140036449
"1743","8799","PEX11B",0.070896622574792,0.224602951582184
"1744","10171","RCL1",0.139303639088142,0.139371033998521
"1745","2521","FUS",-0.131494615664852,0.208381850189205
"1746","6938","TCF12",0.212301856212135,0.198310157992295
"1747","100506215","PAXBP1-AS1",-0.501969656528319,-2.04456521494751
"1748","4924","NUCB1",-0.167056022475776,0.0917210728421622
"1749","84522","JAGN1",-0.0946697819232796,-0.0399680361563073
"1750","57050","UTP3",-0.187862241919462,-0.770258639967571
"1751","100113407","TMEM170B",-0.180353332415329,0.0843367779800457
"1752","339123","JMJD8",-0.115642136503215,-0.104394423287212
"1753","284058","KANSL1",0.373114011903702,0.024396943529152
"1754","10807","ENTR1",-0.0882042118977076,-0.718096506564763
"1755","351","APP",-0.140140788287029,-0.00570423742898285
"1756","51614","ERGIC3",-0.254547505518314,0.0106372130494332
"1757","636","BICD1",0.41390365389088,-0.122871405158268
"1758","57162","PELI1",-0.488153889100049,-1.17852029684523
"1759","55818","KDM3A",-0.331059622498107,-0.174642698596698
"1760","80324","PUS1",0.177103623211112,0.0208236562458781
"1761","23099","ZBTB43",0.106526518186013,-0.109815861303561
"1762","2077","ERF",-0.0840933346614667,0.00986510648539607
"1763","9375","TM9SF2",-0.112773676800231,0.128297281125745
"1764","220134","SKA1",0.339028035701124,2.86375488868641
"1765","84920","ALG10",0.356959063696503,0.896124469940257
"1766","4691","NCL",-0.166164118552421,-0.381484424919917
"1767","4999","ORC2",0.256376719945558,0.553610689872417
"1768","8273","SLC10A3",-0.325474856313809,-0.627014273231607
"1769","5082","PDCL",-0.197972958063695,0.160518693522365
"1770","100652768","LOC100652768",0.467237337436166,-0.149199931875602
"1771","56992","KIF15",0.585846114461491,2.88061592836071
"1772","2275","FHL3",0.113686657801692,-1.04666054701759
"1773","54505","DHX29",-0.0241487660680848,0.56378648507462
"1774","3267","AGFG1",0.119479856647664,-0.111683701119048
"1775","51571","CYRIB",0.196774537134341,-0.0527735846160073
"1776","9108","MTMR7",-0.235571746392905,-1.12215154393037
"1777","54785","BORCS6",-0.124917147285646,-0.709055356277072
"1778","10099","TSPAN3",-0.160531238447325,-0.301686799325756
"1779","26007","TKFC",-0.18917608469818,-0.0858004775931089
"1780","83983","TSSK6",0.300265765142843,-0.476404858836067
"1781","145864","HAPLN3",-0.504179911435902,-3.10039779026798
"1782","9640","ZNF592",0.129390339164637,0.0138093216359483
"1783","79927","FAM110D",0.302158007514904,0.307321536480389
"1784","100507057","MELTF-AS1",-0.471835156748225,-1.63448623132794
"1785","8078","USP5",-0.113733912214426,0.29274087806927
"1786","7428","VHL",0.138238804512268,0.109742184094268
"1787","388403","YPEL2",0.210974504505941,0.127308259644627
"1788","266971","PIPSL",-0.0398281473655793,-0.107722610011272
"1789","64778","FNDC3B",0.484509341720871,0.00588184103099554
"1790","3376","IARS1",-0.0726503576839859,0.16921315489267
"1791","57448","BIRC6",0.19014363252464,0.25059304192509
"1792","79840","NHEJ1",-0.231198996877575,-0.392710602780214
"1793","100532724","NPHP3-ACAD11",-0.334159739279134,-0.371188446448825
"1794","8123","PWAR5",0.589194956801394,-0.0136925772078116
"1795","23143","LRCH1",0.300858305079186,0.691914713735526
"1796","10554","AGPAT1",-0.146977211113445,-0.0234178816783572
"1797","4779","NFE2L1",-0.0985800558614969,-0.101909271869699
"1798","149473","CCDC24",-0.320366962788432,0.162120892350026
"1799","90634","N4BP2L1",-0.0231091109869399,-2.38525068394079
"1800","117283","IP6K3",0.360229894914444,-0.600411998950691
"1801","56339","METTL3",-0.145404348634103,0.272310796115759
"1802","8643","PTCH2",-0.33008811560154,-1.80621374767402
"1803","84254","CAMKK1",0.29603137709663,0.0170633272423424
"1804","55143","CDCA8",0.469422600074234,2.81042476897737
"1805","57862","ZNF410",-0.0502506602890156,-0.181727395835476
"1806","219743","TYSND1",-0.216007507153631,-0.790985790363884
"1807","25814","ATXN10",-0.130477820811278,0.0720659394354941
"1808","8906","AP1G2",-0.167724213502501,-0.371577464621563
"1809","10273","STUB1",-0.199445456741832,-0.0253362670000037
"1810","339005","WHAMMP3",-0.360623349957588,0.610192751191032
"1811","153090","DAB2IP",0.263870649496681,-0.323286632166281
"1812","54494","C11orf71",0.258325430798099,-0.402056786722096
"1813","55608","ANKRD10",-0.171838053475903,-0.517066854470714
"1814","3796","KIF2A",0.280659947249196,0.0886987104201165
"1815","55728","N4BP2",0.257469486483468,0.254244010190054
"1816","29116","MYLIP",-0.414535231825471,-1.08946391898456
"1817","51122","COMMD2",0.106380737926686,0.548947446306324
"1818","26064","RAI14",0.343498303543787,0.785151902855069
"1819","83862","TMEM120A",-0.0769398628051965,0.235858593514079
"1820","158358","KIAA2026",0.150595006653942,-0.0939242101565805
"1821","100289410","MCF2L-AS1",0.613457452566303,1.34432651410772
"1822","3269","HRH1",0.689615579315585,-1.96996989667652
"1823","3098","HK1",-0.0824818462995101,0.131266534807084
"1824","5264","PHYH",-0.206294359404609,-1.2272894291671
"1825","79172","CENPO",0.0566563129137632,0.695635129371827
"1826","5986","RFNG",-0.265294715696741,-1.36502017536149
"1827","57212","TP73-AS1",-0.158578773692026,-0.0640120160962487
"1828","22796","COG2",0.186500889939199,0.226473568680732
"1829","402778","IFITM10",-0.242133099528626,-1.05724448111285
"1830","89782","LMLN",-0.245890227554272,1.46819752468361
"1831","11011","TLK2",0.227486392121291,-0.207223085532061
"1832","9778","KIAA0232",0.250790218576058,0.285072005600889
"1833","7756","ZNF207",0.102078527105776,0.0760561051362592
"1834","3615","IMPDH2",-0.233528070436646,0.00848466933971004
"1835","79031","PDCL3",0.142733265610415,0.392931240739699
"1836","7564","ZNF16",0.419824160342097,0.352482315605997
"1837","2181","ACSL3",-0.0451633587836175,-0.0426076537990578
"1838","8446","DUSP11",0.108327120097229,-0.509544207737669
"1839","8351","H3C4",-0.216959526118699,-2.54308133676023
"1840","8662","EIF3B",-0.202989243364155,-0.445894485397282
"1841","55897","MESP1",-0.366555491532145,-0.605764192268949
"1842","1843","DUSP1",0.125909460499749,-1.08280571070453
"1843","7869","SEMA3B",-0.196201045393394,-0.32651573474849
"1844","8178","ELL",0.158492539128605,-0.96281921825544
"1845","90809","PIP4P1",0.0398375573062308,-0.192010784721407
"1846","64651","CSRNP1",0.0047602585243558,-1.42328346051513
"1847","55745","AP5M1",-0.0633018733774779,-0.0790477725458514
"1848","26959","HBP1",-0.241785179123591,-0.42908856342322
"1849","144233","BCDIN3D",0.381219474105285,-0.273004490875023
"1850","54940","OCIAD1",-0.125527577919764,-0.146978980249899
"1851","25813","SAMM50",-0.108657601115675,0.132109182633619
"1852","8974","P4HA2",-0.335504132021596,-0.872462519904597
"1853","160","AP2A1",-0.0602322640085227,-0.0781023118653001
"1854","388796","SNHG17",0.248823261791074,0.886280109229668
"1855","79137","RETREG2",-0.151633571619914,-0.16873066786631
"1856","50618","ITSN2",0.143371432128564,0.383734576544531
"1857","55810","FOXJ2",0.0778774494260714,0.0139845276128217
"1858","6837","MED22",0.128203680502278,1.06083883354641
"1859","84172","POLR1B",0.314607077651083,0.634329581415363
"1860","80728","ARHGAP39",0.127080727219258,0.200819482088992
"1861","8534","CHST1",0.242408294165523,-0.158550811011666
"1862","441549","CDNF",-0.069082328853359,-1.62243617555558
"1863","51706","CYB5R1",-0.25711258807333,0.216628224391081
"1864","84978","FRMD5",0.572382754449963,-0.0221485031047042
"1865","147645","VSIG10L",-0.195388139096308,-0.111930321189026
"1866","55636","CHD7",0.410181502758816,0.253064961797113
"1867","1062","CENPE",0.604872575305007,3.62777875726499
"1868","60528","ELAC2",-0.231976158505662,0.414311971088181
"1869","9140","ATG12",-0.116369516216968,-0.246382653266717
"1870","105369889","LOC105369889",0.309645865152868,-1.2689704338766
"1871","5352","PLOD2",-0.231144065913442,0.499017392549035
"1872","8763","CD164",-0.170185894286854,-0.219131872602372
"1873","54799","MBTD1",-0.0895066840936485,-0.0430621695657756
"1874","54407","SLC38A2",0.132285802039323,-0.046594035050294
"1875","283981","LINC00685",-0.0280189721357762,-0.888735586087406
"1876","79767","ELMO3",-0.47141875100022,-0.671779549315251
"1877","4488","MSX2",-0.331626020537475,-2.77779511435795
"1878","66035","SLC2A11",-0.158586256865958,-0.321235906857007
"1879","54492","NEURL1B",0.137760663578211,-0.559841283499446
"1880","9798","IST1",0.0612091184563148,-0.156129532421
"1881","6729","SRP54",-0.0710854751757015,0.00211322753642573
"1882","345757","FAM174A",-0.220733682270949,0.0692168472359098
"1883","10978","CLP1",-0.317765850573164,-0.8326693122067
"1884","80789","INTS5",0.0589670516240695,-0.536210036241898
"1885","65056","GPBP1",0.120938532278693,0.171368597805734
"1886","6185","RPN2",-0.167809218251175,-0.130621203680217
"1887","1129","CHRM2",0.614789632710424,1.3561675878697
"1888","1739","DLG1",0.198487220396941,0.56377463740444
"1889","158586","ZXDB",0.0435662117169509,-0.0949536912768458
"1890","7922","SLC39A7",-0.207032790176379,0.539840780680742
"1891","29893","PSMC3IP",-0.351825502177241,1.04387006815095
"1892","10598","AHSA1",-0.132692985685434,0.0333411081617143
"1893","1398","CRK",0.133083956997158,-0.496327125581693
"1894","375791","CYSRT1",-0.189911828834722,-0.744039027729337
"1895","7486","WRN",0.270385254850845,1.47646706534134
"1896","54942","ABITRAM",0.168802577958972,0.18431576968472
"1897","56922","MCCC1",-0.163334795098775,0.391813839439622
"1898","5828","PEX2",0.180303029477657,0.685823101234534
"1899","9665","MARF1",0.115208312490141,-0.333030880974394
"1900","51101","ZC2HC1A",0.211813625902665,0.164056027786251
"1901","8202","NCOA3",0.315945014641449,-1.07778823636356
"1902","51428","DDX41",-0.342077007605308,-0.0650175184048196
"1903","22894","DIS3",-0.0679280671867941,-0.0971242651544149
"1904","22887","FOXJ3",0.205787149217478,0.00120189592962472
"1905","374920","ZSWIM9",-0.257864777205899,0.236942402589571
"1906","100996307","LIPE-AS1",-0.117581778504245,-0.117928281134978
"1907","171023","ASXL1",0.214975644582613,-0.214232763574576
"1908","10084","PQBP1",-0.114785782230413,0.410615707917297
"1909","80018","NAA25",0.228182062963453,0.379838142644163
"1910","158405","KIAA1958",0.249057798268942,0.765321521652761
"1911","80153","EDC3",0.19259932839065,0.189080310599957
"1912","1650","DDOST",-0.231630732596964,-0.431402696515537
"1913","54921","CHTF8",-0.215776898085992,-0.602088132803361
"1914","10227","MFSD10",-0.250793052169614,-0.0482463727569904
"1915","9953","HS3ST3B1",0.410227105937547,-0.310634547019159
"1916","7917","BAG6",-0.0991756688078045,0.126119498602153
"1917","83852","SETDB2",0.257137801108033,0.165621465820854
"1918","5700","PSMC1",-0.188473579468758,0.0284098146467144
"1919","58500","ZNF250",0.31894001629945,0.582785488273433
"1920","10494","STK25",-0.0959251660352418,-0.524324059153011
"1921","583","BBS2",-0.188852046658132,0.059492407656295
"1922","26747","NUFIP1",0.1894792627474,0.191774609456206
"1923","5589","PRKCSH",-0.164020489306202,0.0116264439083817
"1924","4017","LOXL2",-0.187646244900787,-0.336378909869777
"1925","64927","TTC23",0.0570192338325111,0.728728514782164
"1926","81858","SHARPIN",-0.119651693134392,-0.000388039621056713
"1927","65059","RAPH1",0.330779602723567,0.226698616401892
"1928","29057","FAM156A",0.28939591285025,1.02254939289474
"1929","3136","HLA-H",-0.439183076262874,-0.36835698640681
"1930","2817","GPC1",-0.190562101366426,-0.0879123208344037
"1931","2873","GPS1",-0.128970908478415,-0.0450396126578863
"1932","2217","FCGRT",-0.204191599902049,-0.0373206752261055
"1933","11092","SPACA9",-0.295625647997011,-0.653296566722609
"1934","79640","C22orf46",0.184037916679911,1.17436681115194
"1935","9054","NFS1",-0.0454186349342303,0.191079704423797
"1936","9726","ZNF646",-0.265130576573235,-0.435815284285629
"1937","117246","FTSJ3",-0.104693335803161,-0.102649893942309
"1938","10730","YME1L1",-0.161443835504461,-0.152675995132681
"1939","379025","PSMA3-AS1",0.338940955844997,0.185919474152632
"1940","55531","ELMOD1",-0.214372029373535,0.0662351956677696
"1941","144100","PLEKHA7",0.345062408906041,0.872448308629578
"1942","221504","ZBTB9",0.0768250841065035,-0.100494203877281
"1943","23512","SUZ12",0.178370663727613,0.0759048182665589
"1944","23076","RRP1B",0.235222539321756,0.261812824014497
"1945","374875","HSD11B1L",-0.359990516891236,-0.162659331464888
"1946","22880","MORC2",0.200089697225999,0.203517942318281
"1947","55916","NXT2",-0.319380962588133,-0.542650346965257
"1948","57536","KIAA1328",0.373168103337762,0.657307715966441
"1949","55196","RESF1",0.3292222415731,0.269957460233234
"1950","79001","VKORC1",-0.296551910446319,0.264035723773879
"1951","114294","LACTB",-0.171373586021645,-0.117438110782063
"1952","79664","ICE2",0.272851674339581,0.572628850333319
"1953","79800","CARF",0.160529403101715,0.110985896577775
"1954","10768","AHCYL1",-0.0778530033922431,-0.312551722373867
"1955","51234","EMC4",-0.140210843218963,-0.0571915661363507
"1956","7297","TYK2",-0.119693290381838,-0.119910228768217
"1957","23132","RAD54L2",0.166127612531097,0.135164320416225
"1958","55182","RNF220",0.105323386777905,0.678252711145077
"1959","55070","DET1",0.279854818460567,-0.195581784773041
"1960","124056","NOXO1",-0.2252406084206,-0.668325198422895
"1961","132864","CPEB2",0.00951708613438562,-0.433343793188897
"1962","10794","ZNF460",0.393728586277367,-0.128660845056011
"1963","2937","GSS",-0.0991421108844843,-0.301385461154733
"1964","6004","RGS16",-1.28697537195368,-5.55497189252191
"1965","54814","QPCTL",-0.21476854172027,0.431931019505357
"1966","375248","ANKRD36",0.379243061934917,0.776192251022397
"1967","79885","HDAC11",-0.174959158475975,-0.192112717310731
"1968","442582","STAG3L2",0.122704330295433,0.0052519372087283
"1969","506","ATP5F1B",-0.214908892768177,0.210030273917321
"1970","5096","PCCB",-0.215466726845995,0.102613648132901
"1971","217","ALDH2",-0.206259774774686,-0.102297788575423
"1972","79080","CCDC86",-0.187148221400617,0.143115700612807
"1973","126272","EID2B",0.163237209284169,-0.922334206891216
"1974","80820","EEPD1",0.251064008269504,-0.939886568682641
"1975","122953","JDP2",0.252627080183343,0.915625726081046
"1976","79102","RNF26",-0.0271439135642719,0.56963303312364
"1977","162655","ZNF519",0.220280570783508,1.48918469437496
"1978","100129550","LINC02035",-0.319128411492595,-0.584137833132124
"1979","84717","HDGFL2",-0.0790751466965354,-0.0585877256880831
"1980","9374","PPT2",-0.0881300380629257,0.618908613089951
"1981","27352","SGSM3",-0.159696165574012,-0.149611489189311
"1982","8050","PDHX",-0.100313328073474,0.0513616255399736
"1983","10444","ZER1",-0.130284778629354,-0.527982077183997
"1984","23380","SRGAP2",0.17553012677431,-0.848135081238834
"1985","22800","RRAS2",0.203631613905173,0.0744361583973623
"1986","6910","TBX5",0.468814492395259,1.32201436726713
"1987","23473","CAPN7",0.250214418472104,-0.0123308436445893
"1988","6625","SNRNP70",-0.239598929282521,0.0779490931908438
"1989","23033","DOP1A",0.353613224554771,0.117491094521644
"1990","284029","LINC00324",0.546012781978761,-1.6372618567956
"1991","100289279","CNTNAP3C",-0.505862967877239,-0.715284480560718
"1992","9276","COPB2",-0.076079828411352,-0.179442534731798
"1993","54475","NLE1",0.131403922164697,1.38989349731322
"1994","7263","TST",-0.25565832867719,-1.1526119708859
"1995","23130","ATG2A",-0.133876983181044,-0.206734855471057
"1996","100506504","PRKCZ-AS1",0.315795267432628,0.580050065497513
"1997","729375","FAM86HP",-0.0910109132442058,-1.2642597800131
"1998","730094","MOSMO",0.0827778430282469,-0.15022643063743
"1999","84002","B3GNT5",-0.264337204596816,0.0920317942478794
"2000","80829","ZFP91",0.130992059229242,-0.330113329661215
"2001","84126","ATRIP",-0.131354346264092,-0.505577930696174
"2002","23306","NEMP1",-0.356098816723589,0.269329780817658
"2003","5692","PSMB4",-0.158599366884211,-0.34517522659737
"2004","79042","TSEN34",-0.205255447382998,-0.0477652407196425
"2005","348793","WDR53",0.265264572927913,-0.0533372283336266
"2006","84329","HVCN1",-0.357106570105494,-1.81626861784929
"2007","105371730","LOC105371730",-0.278132149422373,-1.95834114495808
"2008","6388","SDF2",-0.21167214942157,-0.252567248466787
"2009","64374","SIL1",-0.234203140818257,-0.0616159792790265
"2010","3214","HOXB4",0.398173032015687,0.309986144163506
"2011","3268","AGFG2",0.122135740135406,1.3098083377064
"2012","51520","LARS1",-0.0326396740923895,0.597870943654246
"2013","1025","CDK9",-0.214124617354949,-0.791084606298948
"2014","9908","G3BP2",-0.201980674604513,-0.403272191725023
"2015","631","BFSP1",-0.2869291490318,-0.505193165422671
"2016","54958","TMEM160",-0.285198094150052,0.0612060408897346
"2017","9993","DGCR2",-0.172039866664236,0.323335992474922
"2018","1514","CTSL",-0.230245144107774,-1.12152071214796
"2019","4741","NEFM",-0.468476240768631,-1.84414003153241
"2020","10567","RABAC1",-0.297155721589777,-0.109564521204973
"2021","9131","AIFM1",-0.287367640182939,0.125998859480993
"2022","23095","KIF1B",0.190065619788722,-0.0553937524164905
"2023","25875","LETMD1",-0.185170104823663,0.361968057512208
"2024","5980","REV3L",0.327473717319983,-0.437734125426788
"2025","5791","PTPRE",0.5410041274987,-0.23650989793994
"2026","54101","RIPK4",-1.01651072839079,-2.1110498056506
"2027","79956","ERMP1",-0.0705588240754143,0.349192811980627
"2028","53","ACP2",-0.0793031506721853,0.0414742950327867
"2029","9411","ARHGAP29",0.402866511343445,0.607285051520482
"2030","79618","HMBOX1",0.331275872182992,0.995712849840565
"2031","403313","PLPP6",0.215380183992079,-0.57811427077078
"2032","51588","PIAS4",0.0994456056426003,-0.0997823730060423
"2033","1802","DPH2",-0.141544743016025,-0.0316501439562451
"2034","89797","NAV2",0.374452026151371,-0.00601060129392827
"2035","10658","CELF1",0.185865298553557,-0.182423708218679
"2036","7542","ZFPL1",-0.199554666371073,-0.344310388001218
"2037","57106","NAT14",-0.303851350450921,0.79292671508065
"2038","7673","ZNF222",-0.162305140727566,-0.0433244344755108
"2039","653464","SRGAP2C",0.183616208006454,-0.423514967696907
"2040","4613","MYCN",0.141666581366839,1.08390353350093
"2041","3619","INCENP",0.265337389853315,1.81124679864138
"2042","23063","WAPL",0.0794070472946942,0.037098155365566
"2043","498","ATP5F1A",-0.22286975750535,0.31619506450467
"2044","54897","CASZ1",0.402043821525486,0.52918795798523
"2045","22807","IKZF2",0.540807065773428,1.19526157445647
"2046","91050","CCDC149",0.140187177839108,0.218826369785919
"2047","84904","ARHGEF39",0.229548922874555,2.11966621532919
"2048","221150","SKA3",0.508549205942173,3.15558736584656
"2049","90407","TMEM41A",-0.287808195985762,-0.959408382392363
"2050","8650","NUMB",0.144402342775272,-0.532462054157002
"2051","64769","MEAF6",0.0600316830272662,0.12376712514781
"2052","58509","CACTIN",-0.152570988832736,-0.287696201046473
"2053","80279","CDK5RAP3",-0.16009878878962,-0.524560923037457
"2054","57488","ESYT2",-0.101807657200672,-1.10061907287376
"2055","51164","DCTN4",0.151203325658129,0.158528238292503
"2056","29110","TBK1",0.0205045930004424,-0.495068411433931
"2057","81034","SLC25A32",0.180848303585804,0.15332626803218
"2058","79847","MFSD13A",-0.287234222256576,0.304731090870889
"2059","27343","POLL",-0.159140454393834,-0.384691366180943
"2060","9973","CCS",-0.124698072947539,-1.06778610329789
"2061","6430","SRSF5",-0.149281590821613,-0.780561942845813
"2062","51218","GLRX5",-0.155092172387205,0.201395793212505
"2063","4089","SMAD4",-0.0328927532470296,0.0888227062086919
"2064","4122","MAN2A2",-0.12901253333088,-0.113361157819156
"2065","6311","ATXN2",0.288177447783076,-0.0238418887638545
"2066","10195","ALG3",-0.168326390884474,0.110812331965823
"2067","3135","HLA-G",-0.477470425729682,-0.204666427327425
"2068","65988","ZNF747",0.259134151575687,-0.394371469495988
"2069","740","MRPL49",-0.169595118118161,-0.921247714008694
"2070","90649","ZNF486",-0.281593211515285,0.597981948811923
"2071","9994","CASP8AP2",0.310295805606473,0.861817318640899
"2072","7007","TECTA",0.05114906667733,-0.25035380746831
"2073","84129","ACAD11",-0.239157488793589,0.0557420517823304
"2074","6446","SGK1",-0.459197120975336,-1.17275179511242
"2075","91574","MTRFR",0.189699503667973,0.0589305490798315
"2076","9934","P2RY14",0.494583002914336,3.14755919490931
"2077","3993","LLGL2",-0.177169969854962,-0.473880758969888
"2078","375611","SLC26A5",-0.597887438636571,-2.66905328241419
"2079","440292","COMMD4P1",-0.140753534013341,-0.026888358513689
"2080","29800","ZDHHC1",-0.270033141402413,-0.485224849482609
"2081","1690","COCH",-0.553474749920157,-0.201093992041847
"2082","25851","TECPR1",-0.143349237464943,-0.0825928088554484
"2083","22870","PPP6R1",-0.0811386753367671,-0.44858462167506
"2084","199870","FAM76A",-0.252194732682328,-0.476676971909164
"2085","57713","SFMBT2",0.676721594146509,-0.512678125685724
"2086","124093","CCDC78",-0.357388438912715,0.264303022221368
"2087","7762","ZNF215",0.377327575404202,1.47194120377767
"2088","57176","VARS2",-0.219528679490488,-0.168402066401783
"2089","4720","NDUFS2",-0.202937351640529,0.0898897937670373
"2090","84547","PGBD1",-0.00147340795157769,1.54685148046383
"2091","327","APEH",-0.100246374532815,0.138610621025099
"2092","100170841","EPOP",-0.755954365578761,-0.256369887207994
"2093","134553","C5orf24",0.232867923367355,0.851510514837331
"2094","2288","FKBP4",-0.184772455988364,-0.339157853939515
"2095","11052","CPSF6",-0.07106593739522,0.200087251236436
"2096","79004","CUEDC2",-0.169489386323492,-0.320447845626866
"2097","333","APLP1",-0.291216423148653,-1.26129522400655
"2098","84945","ABHD13",0.241642584104635,0.0167445745217059
"2099","7151","TOP1P1",-0.141721527901902,-0.0858980684325141
"2100","440672","NUDT4B",0.187875564266418,1.35998244134583
"2101","728294","D2HGDH",-0.208920013468203,-0.107111107340992
"2102","57147","SCYL3",0.205018384176467,0.116772274356596
"2103","152","ADRA2C",-0.311564553866472,-2.58310631131288
"2104","163859","SDE2",-0.255569589772821,-0.400206613729578
"2105","10603","SH2B2",-0.412945999739299,-0.445906567063192
"2106","80816","ASXL3",0.498656867590916,-0.6282748940343
"2107","252884","ZNF396",-0.154972112772344,-0.558726370804011
"2108","122553","TRAPPC6B",0.140090864145203,-0.231486176896152
"2109","165904","XIRP1",0.0946487721982248,0.61789093048413
"2110","348938","NIPAL4",0.180502238236203,1.28152006012941
"2111","23646","PLD3",-0.186892254566473,0.117162684779485
"2112","5045","FURIN",-0.177031710250803,-1.05012530048891
"2113","1787","TRDMT1",0.32353359210862,0.298640573386698
"2114","23285",NA,0.320295437360411,0.151852632058255
"2115","57515","SERINC1",-0.186174452906931,-0.227190177380994
"2116","54507","ADAMTSL4",-0.107322691181013,0.208703726047617
"2117","7920","ABHD16A",-0.274394933291596,0.474969139059469
"2118","79050","NOC4L",-0.145293834287381,-0.117842427192225
"2119","6839","SUV39H1",0.190831676524073,1.85766699553434
"2120","6867","TACC1",-0.126327339043758,-0.748475648494821
"2121","26118","WSB1",-0.144073896098587,-0.741858172005982
"2122","26054","SENP6",0.1509195352199,-0.329867850532408
"2123","28956","LAMTOR2",-0.129565223555505,-0.872955645701299
"2124","9819","TSC22D2",0.103808721985892,-0.0181588265916854
"2125","285556","C4orf54",0.398857684053793,-1.38666419403286
"2126","9069","CLDN12",0.0615519165050031,0.521795122904946
"2127","285267","ZNF619",0.549722878749472,0.539544701234743
"2128","55367","PIDD1",-0.576908752586426,-2.78717632721131
"2129","23683","PRKD3",0.224331110021039,0.328893649341185
"2130","387640","SKIDA1",0.24763936195174,0.476618236367464
"2131","5518","PPP2R1A",-0.116849798369948,-0.0191682822538137
"2132","4793","NFKBIB",-0.158582058819266,-0.0245116335907918
"2133","26284","ERAL1",-0.129655849099119,-0.2846934672173
"2134","64837","KLC2",-0.0920424296342599,-0.383519766580656
"2135","10938","EHD1",0.132830928830463,-0.940599792917697
"2136","160851","DGKH",0.3063545051443,-0.273234971223671
"2137","84516","DCTN5",0.0888607740513914,-0.331889034351624
"2138","55611","OTUB1",-0.121897894849326,-0.364667969982922
"2139","156","GRK2",-0.141044944543256,-0.437986302453506
"2140","100507458","ZNF213-AS1",-0.128812224505368,-0.619589606751912
"2141","375260","WASH2P",-0.255065511327894,-0.526618077839995
"2142","5437","POLR2H",-0.224824635575212,-1.92009683407693
"2143","647033","PA2G4P4",-0.181297202473359,-0.660185304231996
"2144","340385","ZNF517",-0.279347431813997,-0.195587812072602
"2145","8678","BECN1",-0.0409376097174841,-0.679079299946472
"2146","5725","PTBP1",-0.261491941899772,-0.295052856911153
"2147","80174","DBF4B",-0.0571329508659408,0.131809783862181
"2148","84067","FHIP1B",0.134793151885239,-0.0705920740388972
"2149","9584","RBM39",0.0326630690827567,0.254926652294334
"2150","10509","SEMA4B",-0.146744273240147,0.0299916207509137
"2151","9743","ARHGAP32",0.395581155675771,-0.298682072841598
"2152","151313","FAHD2B",-0.141668899498692,0.413703466701377
"2153","128061","C1orf131",0.178390404392593,0.0989410926794907
"2154","400720","ZNF772",0.124971546427954,-0.16017451525797
"2155","64412","GZF1",-0.113161921731611,0.0308366788154384
"2156","54465","ETAA1",0.152719140415081,-0.327647416872635
"2157","90693","CCDC126",-0.241922552782207,0.454424669764948
"2158","9278","ZBTB22",0.0351962353195647,0.534835550618409
"2159","10550","ARL6IP5",-0.0833866396718719,0.0135270792430386
"2160","9784","SNX17",-0.147943434785387,-0.00248308602257463
"2161","389792","IER5L",-0.463364599403371,-2.35183476086737
"2162","23062","GGA2",-0.167285233644584,-0.247700354905106
"2163","54468","MIOS",0.210701288915645,0.351115167967832
"2164","79736","TEFM",0.254151645394886,-0.0708176710277919
"2165","84286","TMEM175",-0.0718893728133336,-0.277993969147924
"2166","151648","SGO1",0.526038094132076,1.8594986493801
"2167","8780","RIOK3",-0.146240970069302,-0.638627953195134
"2168","56994","CHPT1",-0.141336024104404,-0.136292531579516
"2169","10726","NUDC",-0.055401118116766,0.271511596978963
"2170","115704","EVI5L",-0.0814887360244425,0.0498533443943208
"2171","56997","COQ8A",-0.415621095745172,-0.992646457042577
"2172","11193","WBP4",-0.135054570503721,-0.625070494345311
"2173","7019","TFAM",-0.18208535534768,0.201166739702193
"2174","11176","BAZ2A",0.157245527776523,-0.0574222584705995
"2175","56850","GRIPAP1",-0.211486130735168,-0.341854811854245
"2176","10555","AGPAT2",-0.318142182090069,-0.489630296817884
"2177","1028","CDKN1C",-0.332120139611279,-1.28803563403005
"2178","5002","SLC22A18",-0.272223794771617,1.11240588384068
"2179","9736","USP34",0.152242918744926,0.408777235625386
"2180","9528","TMEM59",-0.201514254487559,-0.256676398172953
"2181","9987","HNRNPDL",0.0779928123541991,0.901125996468273
"2182","55209","SETD5",0.143154583852064,0.220316082714976
"2183","3420","IDH3B",-0.211279372752928,-0.20815665426797
"2184","5001","ORC5",0.362239346455422,0.83591087638399
"2185","1200","TPP1",-0.0919583542434319,-0.183499774712817
"2186","729533","FAM72A",0.330459456145956,-0.16174797894806
"2187","166336","PRICKLE2",0.30237174695792,-0.973062811713293
"2188","55624","POMGNT1",-0.147337470320539,-0.0514638677905577
"2189","644762","MFFP2",-0.0683542500565263,0.221523978484319
"2190","552889","ATXN7L3B",0.052202940253113,-0.054538785363432
"2191","79446","WDR25",0.175450154215452,-0.0767975166605295
"2192","5830","PEX5",-0.189443224401376,0.137351227571009
"2193","7156","TOP3A",-0.0715858321761926,0.246196550004292
"2194","9","NAT1",0.0798295415807391,1.29956295724813
"2195","23592","LEMD3",-0.10987855951153,0.0864963469727682
"2196","5970","RELA",0.0700863180956093,-0.11176393061832
"2197","79603","CERS4",-0.150700080021266,-0.0194810519282234
"2198","23043","TNIK",0.327246988695766,0.44333885975657
"2199","25801","GCA",-0.15184837253146,0.411202058442658
"2200","2799","GNS",-0.190454076646708,-0.295847375801007
"2201","84890","ADO",0.0881599200813294,-0.643335947148305
"2202","91833","WDR20",0.293774520782819,-0.108155833533645
"2203","23331","TTC28",0.269115177658366,1.65801195208914
"2204","54566","EPB41L4B",-0.285881959305257,-4.0503814583383
"2205","100101467","ZSCAN30",0.38539603676027,0.770170267438132
"2206","5604","MAP2K1",-0.0997898379122271,-0.105221265316555
"2207","84826","SFT2D3",-0.237902727915434,-0.134956235057499
"2208","8506","CNTNAP1",-0.154599268568502,0.757815700861667
"2209","55125","CEP192",0.268747561958814,1.93384229657995
"2210","3188","HNRNPH2",-0.152842967140459,-0.120991262068214
"2211","10449","ACAA2",-0.151439292413247,-0.00976540938670478
"2212","64802","NMNAT1",-0.160544147323521,-0.291072700115373
"2213","8500","PPFIA1",0.152934150046815,-0.0280378906914915
"2214","51056","LAP3",-0.0975883617386275,-0.310486621590669
"2215","55362","TMEM63B",-0.151901360035586,-0.889901768445566
"2216","643072","BAZ2B-AS1",0.0140714954904562,-1.39306299739873
"2217","400058","MKRN9P",-0.310471317186823,-0.253508487289713
"2218","51601","LIPT1",0.329444226644384,-0.611839891864837
"2219","1471","CST3",-0.249926049494065,-0.623224276490231
"2220","57661","PHRF1",0.211845551261744,-0.192915561964272
"2221","977","CD151",-0.202432255264481,0.0741599670469437
"2222","11338","U2AF2",-0.0873936243771274,-0.299512887337144
"2223","25913","POT1",0.159952937598602,0.920072049838724
"2224","5211","PFKL",-0.299367099790252,-0.00429782055953076
"2225","5892","RAD51D",0.166630921964042,1.30268539848028
"2226","150468","CKAP2L",0.417125464352904,2.96400652942094
"2227","56890","MDM1",-0.095032092073922,0.0207991595750148
"2228","5754","PTK7",-0.296346907398815,0.00710982800745352
"2229","84131","CEP78",-0.22677334252794,-0.231626630376869
"2230","100506476","MIDEAS-AS1",-0.461104639823954,-0.0270689952326408
"2231","9014","TAF1B",0.111623944531094,-0.0058841211236329
"2232","729603","CHP1P2",-0.67427770954474,-0.951192181892413
"2233","688","KLF5",-1.00569599930477,-2.28203362952185
"2234","1798","DPAGT1",-0.132161020285277,0.221279553530501
"2235","83988","NCALD",0.173843993520205,1.18494430690319
"2236","57573","ZNF471",0.645091555043269,0.505788563264828
"2237","54536","EXOC6",0.102379431260244,-0.201173580604682
"2238","57142","RTN4",-0.134278470603801,0.31084916580008
"2239","91056","AP5B1",-0.318719406976492,-1.30509041913364
"2240","6319","SCD",-0.0119847169966736,-0.428602135455252
"2241","115939","TSR3",-0.198589854210036,-0.0271016818532841
"2242","599","BCL2L2",0.117001410691956,0.650923956240539
"2243","91860","CALML4",0.0821151611450341,-0.0151889319578208
"2244","81669","CCNL2",-0.226421950403543,-0.40132970662957
"2245","388815","MIR99AHG",0.340450812953452,1.25058254994619
"2246","8148","TAF15",-0.0845048731039437,0.0233404185931638
"2247","22839","DLGAP4",0.212990157973155,0.0242573388068728
"2248","2140","EYA3",0.131317201900742,-0.061202863629501
"2249","54964","C1orf56",-0.0958953242675573,-0.572250740084096
"2250","9322","TRIP10",0.192502145387326,0.365910998960422
"2251","27000","DNAJC2",0.0953186061491884,0.0971381478797886
"2252","101929950","LOC101929950",-0.359075823475521,-0.400491672165662
"2253","100505881","MAGI2-AS3",0.19509286080515,0.578657431970925
"2254","7316","UBC",0.0448491706344623,-0.0241357649677294
"2255","9413","FAM189A2",0.254446751589226,0.912144063657179
"2256","150082","LCA5L",0.429311750413087,-0.105978684864847
"2257","84081","NSRP1",0.225386373777233,0.0901984864039562
"2258","9903","KLHL21",-0.0235438599029463,0.031286574357706
"2259","151903","CCDC12",0.198076327084703,0.0212149715369412
"2260","5310","PKD1",-0.234681178344687,-0.0522390662568268
"2261","221785","ZSCAN25",0.116563717243173,-0.120446586739981
"2262","63891","RNF123",-0.184883816022404,0.019383960739499
"2263","64375","IKZF4",0.247365992356315,0.599559847803505
"2264","90025","UBE3D",0.131227928607011,0.299161162582894
"2265","27434","POLM",0.257279844281927,0.921591899682814
"2266","199692","ZNF627",0.211014619592896,0.0149541824933053
"2267","221477","C6orf89",-0.151941247887647,-0.122571655380674
"2268","10748","KLRA1P",-0.358778076631606,0.0679147081622045
"2269","124045","SPATA33",0.0525472943892853,1.07693444997303
"2270","2979","GUCA1B",-0.382595521734951,-0.711035369288567
"2271","25898","RCHY1",0.0919662960522043,0.150953680553914
"2272","23608","MKRN1",-0.142324710985892,-0.265246229971285
"2273","6772","STAT1",-0.106693435734522,-1.51520786307973
"2274","780","DDR1",-0.301195422484001,-0.923605828325519
"2275","57622","LRFN1",0.236700987635155,2.89822684178068
"2276","7571","ZNF23",0.335397217267858,0.129091574812392
"2277","8487","GEMIN2",0.287269120782153,1.84481373221931
"2278","649446","DLGAP1-AS1",0.241966980615659,-1.45035548113888
"2279","2494","NR5A2",0.213845734555763,-0.0591748489387594
"2280","84961","FBXL20",0.136727087571508,-0.0857700520175122
"2281","8851","CDK5R1",-0.420019520470632,-0.625441731456622
"2282","91614","DEPDC7",-0.441741397154658,-2.52418431343209
"2283","3636","INPPL1",-0.0790349620703754,-0.766349150795828
"2284","190","NR0B1",0.169265028161623,-2.41517321303841
"2285","94101","ORMDL1",-0.16378104746471,-0.178079756386914
"2286","56652","TWNK",-0.22107917180872,-0.280609790463221
"2287","64897","C12orf43",0.097490450974163,0.114792287584407
"2288","22889","KHDC4",-0.144731008349098,-0.276469169941151
"2289","151176","ERFE",-0.524912914710436,-1.97405326419578
"2290","9889","ZBED4",0.171545761477153,-0.100501222646409
"2291","23053","ZSWIM8",-0.0895951722558586,-0.69666359763445
"2292","57691","KIAA1586",0.0752598532851545,0.0895513882216372
"2293","65082","VPS33A",-0.122401268103848,-0.155283055983078
"2294","285672","SREK1IP1",-0.107577331337705,0.398667022702829
"2295","10137","RBM12",0.131925155478498,-0.204877994667165
"2296","7249","TSC2",-0.104632086365402,-0.284132705542987
"2297","26001","RNF167",-0.180685955802379,0.0213646922000743
"2298","3899","AFF3",0.19005284749406,0.471876758674041
"2299","23094","SIPA1L3",0.123634871783967,0.0475297181069463
"2300","100616408","MIR5047",-0.446570126192756,-1.24964198517386
"2301","10184","LHFPL2",0.267314830056418,0.22376605951319
"2302","79813","EHMT1",0.180041980311475,0.0763200881544943
"2303","260425","MAGI3",0.336306963647491,0.508654009384783
"2304","84807","NFKBID",-0.149269180646309,0.807140858125443
"2305","81027","TUBB1",0.306204229415012,-0.804625418092755
"2306","64856","VWA1",-0.348509972490644,0.183512748702585
"2307","6655","SOS2",0.204881326218157,-0.00254469279430403
"2308","84250","SLF1",0.303076882076832,1.73338852640718
"2309","7696","ZNF137P",0.458270411486423,-0.170387300777907
"2310","9734","HDAC9",0.255933047613284,0.714555770983758
"2311","5636","PRPSAP2",-0.161658732947191,-0.881351357086576
"2312","79857","FLJ13224",-0.334007442714136,-4.06546026187326
"2313","9991","PTBP3",0.258741335057884,-1.0014479740186
"2314","286451","YIPF6",-0.119369660773155,-0.0789224189361644
"2315","79134","TMEM185B",0.216042305274947,0.80266893118629
"2316","10393","ANAPC10",0.220174730965752,0.143017409757107
"2317","8759","ADAM1A",0.306189783133151,-0.238925317991978
"2318","57178","ZMIZ1",0.345443929705591,0.0294798917631747
"2319","1967","EIF2B1",-0.0897194789347484,-0.590693535503496
"2320","9064","MAP3K6",-0.194323601994794,-1.03561039904443
"2321","23013","SPEN",0.235545557639857,-0.162900964319785
"2322","84876","ORAI1",-0.242318560774964,-0.14785848886443
"2323","388499","LYPLA2P2",-0.338789443072745,-1.41324123618092
"2324","50","ACO2",-0.228715312026265,0.292104066024061
"2325","220963","SLC16A9",-0.338987336348842,-0.382967862911599
"2326","100421577","FAM21EP",-0.153855301224435,-0.483566424616592
"2327","5287","PIK3C2B",0.52361967363455,0.381792716327726
"2328","57062","DDX24",-0.122259922481018,-0.454271701311526
"2329","23536","ADAT1",0.154874784445532,-0.31732893314207
"2330","26505","CNNM3",-0.125586160973602,-0.791549141068485
"2331","2592","GALT",-0.00135453115784578,0.0361475276037311
"2332","84832","ANKRD36BP1",0.449522423128362,-0.299552247200216
"2333","56977","STOX2",0.3894340350819,-0.146651956817251
"2334","2621","GAS6",-0.258907724486463,0.666907111344351
"2335","1660","DHX9",-0.0733778639812668,0.131363059309334
"2336","11059","WWP1",0.268578122678012,-0.166701088180267
"2337","57544","TXNDC16",-0.232647227527838,-0.746589676614334
"2338","84769","MPV17L2",-0.166058670720207,0.0939368543830321
"2339","576","ADGRB2",-0.286890296407601,-0.77734577296158
"2340","79716","NPEPL1",-0.472371910755995,-0.593918672550243
"2341","342909","ZNF284",0.194147136258485,-0.47609860991852
"2342","100130890","TSTD3",0.263506311844588,0.682538853275653
"2343","257019","FRMD3",0.331197241490567,1.37701562239059
"2344","283970","PDXDC2P-NPIPB14P",0.0281803714889475,0.0868324463767625
"2345","54876","DCAF16",0.240885432884425,0.37422335253371
"2346","63035","BCORL1",0.254874989569963,0.000495821908793381
"2347","54477","PLEKHA5",0.394738814542245,0.33474406823039
"2348","728229","TMEM191B",-0.557516470217208,-0.731548103850168
"2349","126321","MFSD12",-0.219005310595352,0.128050437650175
"2350","113878","DTX2",0.144035251426992,-0.722737296057291
"2351","51222","ZNF219",0.0574664490131633,-0.150755862488831
"2352","55723","ASF1B",-0.432622122551342,0.347443978678248
"2353","701","BUB1B",0.351994057703598,2.97129096020497
"2354","84885","ZDHHC12",-0.206822656312156,0.404399346700768
"2355","55751","TMEM184C",-0.152685581671244,-0.0934951396266905
"2356","55625","ZDHHC7",0.186475005725831,-0.0579177238390942
"2357","124739","USP43",-0.449812830713033,-0.711251286264638
"2358","91289","LMF2",-0.188312236681281,-1.38044107579754
"2359","7004","TEAD4",0.167487248388481,-0.597119719384682
"2360","339456","TMEM52",-0.855796077416946,-2.89996844654534
"2361","1509","CTSD",-0.200879817685099,-0.0282164728747496
"2362","11116","CEP43",-0.112320621842827,-1.15485427218036
"2363","8189","SYMPK",-0.0573493084339702,-0.435308625333555
"2364","81533","ITFG1",-0.128785418590477,-0.152291651042577
"2365","55544","RBM38",0.0849624365305468,0.442859481362228
"2366","23613","ZMYND8",0.312529772844766,-0.114341720070311
"2367","54982","CLN6",-0.0931041130461647,0.498066309278094
"2368","126074","SWSAP1",-0.216010497190096,-0.793150506864898
"2369","63929","XPNPEP3",-0.0734217799216559,-0.0183017975516835
"2370","10945","KDELR1",-0.175777527147913,0.126268673357528
"2371","54623","PAF1",-0.105866884902275,-0.124789766522166
"2372","10948","STARD3",-0.239997270078506,-0.0711981454902686
"2373","90204","ZSWIM1",0.352608612317896,-0.0671485176234254
"2374","1407","CRY1",-0.0661142799753218,-0.155194870117007
"2375","10955","SERINC3",-0.167309295429,-0.367312466078197
"2376","84936","ZFYVE19",-0.273716808306464,0.0374715999545261
"2377","79691","QTRT2",0.0975186703280384,0.846347355741655
"2378","23760","PITPNB",0.14136105130232,-0.0346266654044936
"2379","51449","PCYOX1",-0.152486662495678,-0.0552485320691476
"2380","63976","PRDM16",0.434701647260305,1.41831438701202
"2381","23731","TMEM245",-0.165618778481528,0.0204083083667319
"2382","49856","WRAP73",0.0681853574027267,-0.312917372792238
"2383","93134","ZNF561",0.0782910594810442,-1.96821328938482
"2384","6880","TAF9",0.15317593322069,-0.448353829174978
"2385","112487","DTD2",0.242823958348929,0.015219575454017
"2386","400657","ZNF407-AS1",0.318785304453413,0.0682115104915
"2387","10695","CNPY3",-0.208934289900076,0.076985322947162
"2388","5279","PIGC",0.11165482948027,-0.0340499232582454
"2389","1958","EGR1",-0.572444108949442,-2.37533892862386
"2390","79029","SPATA5L1",-0.16820674796135,-0.332201255604192
"2391","84759","PCGF1",0.211217098467856,-0.492327444874063
"2392","386757","SLC6A10P",-0.19244586258486,-1.39408295483617
"2393","8835","SOCS2",0.313206205534017,-0.39442332714896
"2394","1948","EFNB2",0.222718330562366,0.451225834048795
"2395","23061","TBC1D9B",-0.214396537839766,0.344693952129518
"2396","8574","AKR7A2",-0.170054933878948,-0.0839654993910903
"2397","23118","TAB2",0.210286479231946,0.259547058748793
"2398","126526","C19orf47",0.184357948221469,0.763384411401554
"2399","6609","SMPD1",-0.220412528989105,-0.0484744760956772
"2400","64328","XPO4",0.43893574865194,2.22532762077765
"2401","10150","MBNL2",0.289952816002823,-0.447520602970721
"2402","51646","YPEL5",-0.19907530344798,-1.02544627287949
"2403","55609","ZNF280C",-0.196669863773796,-0.313812000969108
"2404","100505573","INAFM2",-0.541405489598393,-0.449009843481138
"2405","8793","TNFRSF10D",-0.701546402972324,-2.14992724304072
"2406","79663","HSPBAP1",0.0280485210878196,-1.12410853017258
"2407","26277","TINF2",-0.141812853595501,-0.449636684629627
"2408","374928","ZNF773",0.193138605458897,-0.0401858749084121
"2409","51493","RTCB",-0.0973532196677329,-0.0459935981106359
"2410","1952","CELSR2",-0.268448047799622,-1.34476114204142
"2411","23219","FBXO28",-0.116928954330517,-0.45301202386685
"2412","27079","RPUSD2",-0.0650688976234051,0.0269115077318114
"2413","55471","NDUFAF7",-0.14287811452467,-0.248868004145829
"2414","390980","ZNF805",0.221300078491945,0.275896413732411
"2415","5887","RAD23B",0.135917704869462,0.0633134843355307
"2416","22954","TRIM32",0.288409177313266,-0.279850639297903
"2417","84140","FAM161A",-0.248883137454044,0.279291529004361
"2418","140701","ABHD16B",0.265280348685422,-0.56448192164347
"2419","5694","PSMB6",-0.133669235824748,-0.265158487640264
"2420","5814","PURB",-0.0377010098462485,0.0927461084397097
"2421","11054","OGFR",0.118784945821739,0.438475612412127
"2422","54557","SGTB",-0.156104552416728,-1.05754290138946
"2423","51274","KLF3",0.123644323735119,-0.842829273816994
"2424","7710","ZNF154",0.220966420258188,-0.0143890306551886
"2425","10147","SUGP2",-0.0592625690500945,0.042979810818097
"2426","7633","ZNF79",-0.348555809409856,-1.9970758555469
"2427","53838","C11orf24",-0.241277519525299,-0.134768631955637
"2428","29914","UBIAD1",-0.147522385560562,0.356893816298218
"2429","50937","CDON",-0.0214814281212061,0.961729659987515
"2430","8161","COIL",0.0821356324991909,-0.0252670964429385
"2431","6499","SKIV2L",-0.12338999252329,0.0578086121288885
"2432","2110","ETFDH",-0.137397842600097,0.129476988431242
"2433","57648","KIAA1522",0.0777402988115314,-0.248119726516912
"2434","4294","MAP3K10",-0.285158442617638,-1.39756046460885
"2435","38","ACAT1",-0.156820315982984,0.0489793455317278
"2436","57609","DIP2B",0.261173673421283,0.276078386162223
"2437","23426","GRIP1",0.113147000872595,-0.0385420450698644
"2438","25949","SYF2",-0.100246026738295,-0.546427735914677
"2439","51330","TNFRSF12A",-0.0208537984389707,0.424220439078505
"2440","3667","IRS1",0.328338634628088,0.210130327158642
"2441","83756","TAS1R3",-0.228851497864323,-0.839119429595279
"2442","2113","ETS1",0.334456596717811,0.960037528915724
"2443","8800","PEX11A",-0.136029453606303,0.747149719500045
"2444","541565","C8orf58",0.0525748444412848,0.3673116990158
"2445","10769","PLK2",-0.144407889003605,-1.42952847949813
"2446","11190","CEP250",-0.244432081645211,-0.359899558235826
"2447","10916","MAGED2",-0.20507322804913,-0.0957153951904832
"2448","26127","FGFR1OP2",-0.207372441348012,-0.20408534689916
"2449","4692","NDN",-0.2187722724323,0.0243241074960432
"2450","79628","SH3TC2",0.362533294763259,1.66031351310423
"2451","126282","TNFAIP8L1",0.070588664245157,-0.320018313591793
"2452","86","ACTL6A",-0.183624404010693,0.371418146829078
"2453","285600","KIAA0825",0.213154178790422,0.590917356701256
"2454","80335","WDR82",0.089517144057691,0.0767347773799525
"2455","162394","SLFN5",-0.369248998638186,-1.1427389704824
"2456","100507607","NPIPB9",-0.352681774876545,-1.59174377367179
"2457","84247","RTL6",0.0436519683985415,0.496471063306147
"2458","23155","CLCC1",-0.118408808694817,0.33715104923932
"2459","170959","ZNF431",0.328333332420433,0.144877404072668
"2460","100130705","ATP6V1FNB",0.414667357915732,-0.913243981241787
"2461","57332","CBX8",0.124572738565848,0.798990838326322
"2462","9750","RIPOR2",0.423349065329302,0.363352156662293
"2463","6302","TSPAN31",-0.210223032747059,0.210022301000701
"2464","2271","FH",-0.163162004716082,0.201105217421421
"2465","64326","COP1",0.162897004352851,-0.0563547344661002
"2466","57326","PBXIP1",-0.215496946066526,-0.0163638587531274
"2467","27122","DKK3",-0.16661263469703,-0.132960203345275
"2468","101927559","CEBPB-AS1",-0.406261011275949,-0.18519560364237
"2469","91252","SLC39A13",-0.164795090959721,-0.342246615570756
"2470","10081","PDCD7",-0.121281669821107,-0.302286658982069
"2471","147660","ZNF578",0.72344586077096,-0.0772823265580889
"2472","10057","ABCC5",-0.147861063954245,-0.1551301696356
"2473","27429","HTRA2",-0.167119225935697,-0.354440754511741
"2474","84445","LZTS2",0.0341838850597851,-0.588365404229242
"2475","3831","KLC1",-0.100805485933215,-0.0172915121745332
"2476","79073","TMEM109",-0.100984004000117,0.8259418424906
"2477","7268","TTC4",0.238519986960568,-0.0874909278013605
"2478","83596","BCL2L12",-0.170074972661383,0.95568875287196
"2479","23154","NCDN",-0.180514355630517,-0.0753189344698182
"2480","113451","AZIN2",-0.355333883982692,-0.602611494686751
"2481","5702","PSMC3",-0.103759523997215,0.0854000703962194
"2482","81493","SYNC",0.238932679731794,-1.04585105608171
"2483","730051","ZNF814",0.132050653727885,0.130211429568241
"2484","113655","MFSD3",-0.251781977824173,-0.148937720271831
"2485","64779","MTHFSD",0.258486687557581,-0.00968484935053748
"2486","54989","ZNF770",0.0454191435603395,0.110176253190928
"2487","8664","EIF3D",-0.130529776606123,-0.153714947718904
"2488","57491","AHRR",0.431958334684543,-0.122394792046314
"2489","23476","BRD4",0.239336046849509,-0.112874328544623
"2490","253635","GPATCH11",0.0607664424851579,0.350912996373941
"2491","57526","PCDH19",-0.608447106527193,-3.44898975711951
"2492","5990","RFX2",0.31287402280836,0.495340856800528
"2493","93183","PIGM",0.180660588855809,0.0671612412205658
"2494","30001","ERO1A",-0.14908566090244,0.57802775325271
"2495","4659","PPP1R12A",0.21362420819812,0.0738774182145008
"2496","949","SCARB1",-0.259851732665807,-0.467978681441691
"2497","2188","FANCF",0.116483627007484,0.172223943660547
"2498","57475","PLEKHH1",-0.240979933948237,-0.242679507088022
"2499","55352","COPRS",-0.115097672061595,-0.690860787647602
"2500","23585","TMEM50A",-0.219450829718085,-0.0562312453720164
"2501","79973","ZNF442",-0.364915709064719,-1.47317219894115
"2502","64110","MAGEF1",0.206249663993545,0.588443822039126
"2503","29066","ZC3H7A",0.148873421014769,-0.278342463073439
"2504","23588","KLHDC2",-0.286822065378975,-0.814158744147519
"2505","55526","DHTKD1",-0.159778311112245,0.257982549700822
"2506","65010","SLC26A6",-0.113685460828055,-0.115506169636211
"2507","401612","SLC25A53",-0.216292384149345,0.444491386584425
"2508","7323","UBE2D3",0.0231545004653695,-0.0194363182311941
"2509","27291","R3HCC1L",0.282992024497741,0.143088003666642
"2510","9493","KIF23",0.309785468415099,2.64124211559896
"2511","151009","LINC01106",0.386694356398519,0.0312311423787806
"2512","440270","GOLGA8B",-0.0982244429438737,-0.688821749776325
"2513","80758","PRR7",-0.480026278153772,-0.944430772458185
"2514","54606","DDX56",-0.130758331356153,-0.0935903688566873
"2515","339230","CCDC137",-0.122818193670452,-0.139010563500103
"2516","92558","BICDL1",0.451092553016774,-0.950681232525648
"2517","285855","RPL7L1",0.104715332795577,-0.0242496998059698
"2518","25998","IBTK",0.209512970000557,0.651880402792548
"2519","117584","RFFL",0.199648621346683,-0.0347797020567902
"2520","163071","ZNF114",0.820445909509029,-2.69451317051504
"2521","128826","MIR1-1HG",0.714133110909063,1.09773318540006
"2522","6942","TCF20",0.361788689691879,0.0312033809609842
"2523","79713","IGFLR1",-0.192413716841818,-0.233922006501739
"2524","6513","SLC2A1",-0.319388035859936,0.269021158413888
"2525","55245","UQCC1",-0.164205739467019,-0.343448679053628
"2526","54928","BPNT2",-0.130319873206463,0.148493282666254
"2527","58493","INIP",0.0651206826397961,0.581047469723101
"2528","23001","WDFY3",0.181088420004887,0.118058781655164
"2529","83707","TRPT1",-0.208856599884324,-0.435759268445005
"2530","80155","NAA15",0.176467970007944,0.630629285111897
"2531","348926","FAM86EP",0.302805841770694,0.61608048067856
"2532","25989","ULK3",-0.163172192200693,-0.103835967345435
"2533","27075","TSPAN13",-0.172894855133839,-0.0223173798066174
"2534","5066","PAM",-0.147112578679311,0.0596644560815349
"2535","9751","SNPH",0.285168532582015,1.34408885912738
"2536","353500","BMP8A",-0.448407541160017,-2.39720794551577
"2537","9989","PPP4R1",0.100049887835306,-0.0272452947948247
"2538","10677","AVIL",-0.129046799561716,-0.0105295829308369
"2539","84695","LOXL3",-0.477362444702358,1.22733756197522
"2540","79882","ZC3H14",0.103111636440801,0.333739834735801
"2541","128308","MRPL55",-0.21397244373969,-0.0773071982885494
"2542","54820","NDE1",0.146725370529587,0.00526572674616554
"2543","64968","MRPS6",-0.140602880522764,-1.25864213696035
"2544","105373801",NA,0.369179113618745,-1.05207113483112
"2545","80012","PHC3",0.141822971361466,-0.114545362860445
"2546","26259","FBXW8",-0.0591753132105204,0.428636952761956
"2547","55353","LAPTM4B",-0.17492083827166,0.269039379501143
"2548","84124","ZNF394",-0.156287122769691,-0.401425478371442
"2549","2669","GEM",0.281211871028768,-0.279034676138757
"2550","5480","PPIC",-0.176867727993184,-0.0538148033923465
"2551","90353","CTU1",-0.0493473312669472,-0.0181587027492345
"2552","147011","PROCA1",-0.146276468522058,0.233428089588794
"2553","84671","ZNF347",0.155171170207377,-0.209212207521433
"2554","55370","PPP4R1L",0.386797442393586,-0.0292456332651126
"2555","27030","MLH3",0.250396178955548,0.298482487599532
"2556","89839","ARHGAP11B",0.540579731626833,2.52184081199653
"2557","7204","TRIO",0.251189161464429,-0.0486341159316694
"2558","4609","MYC",0.49926634411454,0.209894728223438
"2559","9711","RUBCN",0.302916947194866,-0.298508149345969
"2560","340485","ACER2",-0.912884023645046,-3.53182419029911
"2561","84909","AOPEP",0.235768517064612,-0.456011825644861
"2562","79971","WLS",-0.20098060600947,0.139661405327374
"2563","100652758","LOC100652758",-0.149230477483036,-1.45303949971039
"2564","8864","PER2",-0.119207015387381,-0.36898844816599
"2565","5036","PA2G4",-0.109522739431266,-0.735740365942689
"2566","3570","IL6R",0.207706924193718,-1.28034848311192
"2567","641467","TSC22D1-AS1",-0.194475293408134,-1.1533474234584
"2568","5155","PDGFB",0.217998723564907,-2.47423625279499
"2569","55229","PANK4",-0.175803719137031,0.371765928249129
"2570","53373","TPCN1",-0.0800532949484989,-0.388525214079449
"2571","54994","GID8",-0.129024159574504,-0.407587416396662
"2572","27165","GLS2",-0.542972740699083,-5.56684200286769
"2573","11021","RAB35",0.05568186768304,-0.251224630828451
"2574","222389","BEND7",0.25440382705292,-0.768141288340864
"2575","10280","SIGMAR1",-0.0975203717213349,0.321034047874933
"2576","56851","EMC7",-0.16020453492732,-0.299271311186454
"2577","10808","HSPH1",-0.0914018558552465,-0.627540723390425
"2578","10868","USP20",-0.098911802382009,-0.297570478897961
"2579","55103","RALGPS2",0.263043277466116,0.641160448001731
"2580","55591","VEZT",0.138933432033484,0.352266857162792
"2581","6935","ZEB1",0.166063764267332,0.285325799196235
"2582","93210","PGAP3",-0.188307344339581,-0.089811297166376
"2583","6950","TCP1",-0.113696710248249,0.0790700463328831
"2584","58986","PGAP6",-0.179597067138134,-0.438590763937676
"2585","2702","GJA5",0.513814511775127,4.3067656946588
"2586","51090","PLLP",-0.287970737923089,-0.0685395588931086
"2587","60626","RIC8A",-0.161824131961139,-0.632170237843975
"2588","162968","ZNF497",-0.25875929042884,0.382378909664175
"2589","285527","FRYL",0.180683902045526,0.13243096740158
"2590","8065","CUL5",0.20736585282099,0.161871490321887
"2591","9844","ELMO1",0.343807646795708,-0.673578074465704
"2592","7132","TNFRSF1A",0.256154600513968,-0.78202606776525
"2593","83541","FAM110A",-0.224260750276273,-0.859008237750799
"2594","9277","WDR46",-0.190272138217849,-0.084208584803048
"2595","4982","TNFRSF11B",0.356883484160068,0.0912673375255562
"2596","2534","FYN",0.190140383220457,-0.012748755642539
"2597","219736","STOX1",0.435489887684138,-0.432013047446228
"2598","389813","AJM1",0.258438457362361,-0.23704522000709
"2599","64760","FHIP2B",-0.0965900988010446,-0.388540616348379
"2600","25819","NOCT",-0.492756161156359,-2.4766596367469
"2601","55082","ARGLU1",-0.202081363017338,-0.291922521948328
"2602","81831","NETO2",-0.155960695992571,-1.01184489935913
"2603","4967","OGDH",-0.0964301775021159,0.0618879263135028
"2604","23409","SIRT4",-0.246901609125969,-0.0910923183084762
"2605","2764","GMFB",0.173692383420261,0.307459467973183
"2606","215","ABCD1",-0.155248248908884,0.441951929177229
"2607","8893","EIF2B5",-0.101570723490065,0.125627670750326
"2608","138474","TAF1L",0.0657007806077058,-0.249526413774514
"2609","388559","ZNF888",0.210324856339447,-0.504839041643464
"2610","83943","IMMP2L",-0.296098406851943,0.388759225565585
"2611","114822","RHPN1",-0.266618240227362,-0.232539347281049
"2612","79670","TUT7",0.10108717203186,-0.115250134052909
"2613","57057","TBX20",0.663368293794779,1.83352394597451
"2614","374666","WASH3P",-0.202179606628231,-0.34642424504194
"2615","11000","SLC27A3",-0.343681580304979,0.655797121375139
"2616","5597","MAPK6",0.0789357250581393,-0.328123952409511
"2617","5979","RET",-0.611393679865528,-2.40846337100815
"2618","414241","SHLD2P1",0.121209612183337,-0.0103150718565659
"2619","2517","FUCA1",-0.268603384355068,-1.77538902210941
"2620","9815","GIT2",0.219798315768416,-0.247670042238875
"2621","54441","STAG3L1",0.196480896802681,-0.192468939942157
"2622","4719","NDUFS1",-0.0735924106804742,0.329702124252541
"2623","63939","FAM217B",0.257540459963709,0.903203994564274
"2624","7068","THRB",0.743630235071255,-1.91556322993723
"2625","4649","MYO9A",0.254398168432846,0.230472709685397
"2626","9816","URB2",0.210245950859118,0.741408717622993
"2627","100134444","KCNJ18",0.52634080930861,0.892925546143315
"2628","54965","PIGX",-0.16423966190771,0.0886276072796104
"2629","400566","C17orf97",0.628811186868071,0.0812117004751891
"2630","11259","FILIP1L",0.0433890707033653,1.02242034662621
"2631","9733","SART3",-0.10597753679035,-0.132060517785051
"2632","4066","LYL1",0.465799558995581,2.26993837629377
"2633","256051","ZNF549",0.193286477067644,-0.213183364217668
"2634","26751","SH3YL1",0.186820807483823,0.504528506556421
"2635","9262","STK17B",-0.4962442277147,-1.26765179343063
"2636","284349","ZNF283",0.22414491125669,0.118244311250406
"2637","2885","GRB2",-0.0254891137085931,-0.0768717210839078
"2638","23559","WBP1",-0.159447498608511,-0.55170481594625
"2639","53938","PPIL3",0.199302101196005,0.764300351031827
"2640","5693","PSMB5",-0.155228484142115,-0.0369612369850367
"2641","6744","ITPRID2",0.243363904946737,-0.224614472211921
"2642","8550","MAPKAPK5",0.010948987305361,-0.0338234179562846
"2643","7090","TLE3",0.400429495710467,-1.15347300861609
"2644","6945","MLX",0.129088707625053,0.322268531328461
"2645","3190","HNRNPK",-0.0929594641399039,0.104327922041648
"2646","85313","PPIL4",0.0484656007065025,-0.176452717747551
"2647","3213","HOXB3",0.498185550893766,0.833831066443661
"2648","1291","COL6A1",-0.158397737978349,-0.330876092653709
"2649","23786","BCL2L13",0.0883458075918311,-0.131999518745983
"2650","10891","PPARGC1A",0.359995427054624,0.739569309836726
"2651","100859930","HEIH",0.356059951935038,0.56327823204751
"2652","10844","TUBGCP2",-0.0292189063161636,-0.2829626410641
"2653","6297","SALL2",0.153196360229739,-0.156144260491796
"2654","57003","CCDC47",-0.0961495939913419,0.0829047011230895
"2655","93550","ZFAND4",0.15040593070471,0.29075318144417
"2656","162427","RETREG3",-0.162163858010858,-0.734894411928581
"2657","140460","ASB7",0.16161693334113,-0.117563402428259
"2658","22905","EPN2",0.10893090815134,0.314399219657911
"2659","3182","HNRNPAB",-0.260387469794664,-0.627727902577464
"2660","55909","BIN3",0.191954750286399,-0.781604657812218
"2661","4179","CD46",-0.182907775119875,-1.04325117432161
"2662","1363","CPE",-0.182965352604045,-0.925354343892931
"2663","6720","SREBF1",-0.140641065085421,0.0397447766129924
"2664","56916","SMARCAD1",0.144420875535269,0.413132498198406
"2665","400793","C1orf226",0.516248485331932,0.19641030516076
"2666","5826","ABCD4",-0.108582902454664,0.0548892497665241
"2667","2241","FER",0.269069759054257,-0.560883722091988
"2668","79875","THSD4",-0.0421868817181306,0.17622767378194
"2669","3077","HFE",-0.358444642354502,0.362777919709417
"2670","5033","P4HA1",-0.213612604255768,0.465714037734597
"2671","2762","GMDS",-0.196611265527458,-0.227831211902232
"2672","93556","EGFEM1P",0.563517103381552,-0.100570067818632
"2673","3609","ILF3",-0.150463026866585,0.0845394279940299
"2674","25909","AHCTF1",0.147487204600791,-0.361976706008028
"2675","143458","LDLRAD3",0.217580775104964,0.151703694837167
"2676","134510","UBLCP1",-0.00465201525960257,-0.252213813325428
"2677","55650","PIGV",-0.174463553426734,-0.368639622311135
"2678","22936","ELL2",0.185468880793769,-0.738053317386117
"2679","221496","LEMD2",-0.213308878244052,-0.00461832196246892
"2680","5277","PIGA",0.347848838006973,1.13294927525478
"2681","8237","USP11",-0.127411304847829,-0.64500913045149
"2682","7030","TFE3",0.130082997714672,-0.480012740800553
"2683","55152","DALRD3",-0.142579504733713,0.203030709442616
"2684","91419","ATP23",-0.290386036468147,-0.730081239234033
"2685","10101","NUBP2",-0.193578459437136,-0.185217382778014
"2686","27303","RBMS3",0.201294734860648,0.306427501790298
"2687","64118","DUS1L",-0.15055192616801,-0.00123696068814905
"2688","84298","LLPH",0.0900580783691796,0.076367634620313
"2689","7227","TRPS1",0.563646409809124,0.170067016385274
"2690","64065","PERP",-0.177057175667827,-0.54467342562678
"2691","8862","APLN",-0.521487433983202,-1.39670138505317
"2692","57719","ANO8",-0.178146520916238,0.370620465062604
"2693","51181","DCXR",-0.172914134825289,-0.842696656483112
"2694","5255","PHKA1",-0.090559162429428,0.278819307372824
"2695","83695","RHNO1",0.10042252741091,0.187251821711609
"2696","201626","PDE12",0.0460620273166477,-0.148983643889258
"2697","6882","TAF11",-0.110425217505205,-0.726005935384881
"2698","130535","KCTD18",0.239516605962252,0.631379433085522
"2699","1191","CLU",-0.247241370359286,-0.307478206869825
"2700","256329","LMNTD2",-0.218765964324759,-0.605086207939418
"2701","6875","TAF4B",0.233553042050254,0.232794124179119
"2702","5922","RASA2",0.276891083680754,-0.160359115410357
"2703","84901","NFATC2IP",-0.152358546817248,0.134655773185
"2704","1384","CRAT",-0.203448136674957,-0.540228450887854
"2705","4216","MAP3K4",0.205830802439973,0.0487996230716767
"2706","90102","PHLDB2",0.325026417072246,1.52402332720793
"2707","56624","ASAH2",0.201445137778306,-0.220261605202895
"2708","55239","OGFOD1",-0.150755500355525,-0.413261212161672
"2709","8792","TNFRSF11A",0.21234492267535,-0.438281615560625
"2710","283951","C16orf91",-0.227022025613905,-0.0493156533601122
"2711","23255","MTCL1",0.286495105200718,-0.707731634845532
"2712","23420","NOMO1",-0.0837730992726833,0.0946484376078676
"2713","116444","GRIN3B",-0.292212379958291,-0.63053773886713
"2714","57143","ADCK1",-0.0848932691661215,-0.0737736635556621
"2715","84138","SLC7A6OS",-0.180806044894162,-0.107849739493293
"2716","7251","TSG101",-0.123444378574588,-0.398512023177739
"2717","3425","IDUA",-0.146921068515878,-0.141873458124573
"2718","79922","MRM1",-0.131456376076165,-0.374747840257069
"2719","24139","EML2",-0.206297498175221,-0.277840576957754
"2720","7106","TSPAN4",-0.236485062674224,-0.418640232843256
"2721","51477","ISYNA1",-0.24601784903656,-1.34448344396211
"2722","79177","ZNF576",0.146159485721153,-0.136693728112904
"2723","23429","RYBP",0.0978208456857912,-0.502450618053536
"2724","379","ARL4D",0.496808155613633,0.490257557802705
"2725","56990","CDC42SE2",0.160545691620499,0.205061051180079
"2726","7415","VCP",-0.149360880943263,-0.0419526870996236
"2727","6804","STX1A",0.0656076817491658,0.0150700539824942
"2728","161779","PGBD4",0.162101145372692,0.232706385890358
"2729","84179","SLC49A3",-0.0458324681226201,-0.595716094140235
"2730","10299","MARCHF6",-0.0954153104703037,0.06404170419294
"2731","527","ATP6V0C",-0.241593971524214,-0.938652109758745
"2732","9585","KIF20B",0.340769390988764,1.76279126651237
"2733","143098","MPP7",0.164394477981671,0.0646774965908103
"2734","199731","CADM4",-0.240425897788099,0.235121286470136
"2735","2982","GUCY1A1",0.193839344830316,1.5247999548776
"2736","54760","PCSK4",-0.362462890976954,0.913277215384992
"2737","284992","CCDC150",0.362115001523775,1.22299827486752
"2738","11201","POLI",0.157964910504786,0.648138865265892
"2739","9939","RBM8A",-0.140547067779792,-0.24697781842802
"2740","153830","RNF145",0.154324126842023,0.726331830924268
"2741","81490","PTDSS2",-0.128253916301003,0.20730878196078
"2742","3397","ID1",0.200777152374187,-2.78388636369138
"2743","84444","DOT1L",0.174136328649275,-0.557904760045727
"2744","65009","NDRG4",-0.215249455849034,-0.0241462406033071
"2745","25855","BRMS1",-0.0916076407149955,-0.727698133568643
"2746","4794","NFKBIE",-0.448628174659841,-1.43926766930905
"2747","114790","STK11IP",-0.149425899152996,-0.365665505908455
"2748","151516","ASPRV1",-0.710095380954124,-1.38997419090061
"2749","8030","CCDC6",0.190832146577963,1.1055112123467
"2750","105378954","LOC105378954",-0.413082992669446,-1.19411370927028
"2751","65018","PINK1",-0.21523729298389,-0.300595614493631
"2752","84706","GPT2",-0.186720386907758,0.203259751538031
"2753","9887","SMG7",0.177359224724627,0.0180181350072797
"2754","79788","ZNF665",0.336012716628311,-1.46120186227125
"2755","203238","CCDC171",0.210416398455245,1.5772454652802
"2756","28986","MAGEH1",-0.120892547242972,-0.797228498266009
"2757","29966","STRN3",0.243607695752414,0.0793545396376141
"2758","89910","UBE3B",-0.0918050741340322,-1.24636547906626
"2759","3133","HLA-E",-0.367620597828391,-2.10261072303171
"2760","54508","EPB41L4A-DT",-0.311668408841297,-0.570271714569367
"2761","105377206",NA,0.143941787391829,0.507627762895676
"2762","3987","LIMS1",0.233815525594362,-0.786144821915052
"2763","63906","GPATCH3",-0.202957159871141,-0.158667642365289
"2764","4669","NAGLU",-0.134748009714582,-0.0263164388719899
"2765","5534","PPP3R1",0.0898870035553045,0.0870093748418439
"2766","4058","LTK",-0.309710760306693,-0.158429511933955
"2767","55851","PSENEN",-0.101552833650969,0.316536050549476
"2768","79183","TTPAL",-0.272031859391162,-0.367577382518096
"2769","221710","SMIM13",-0.0872779837626441,0.0381312677726777
"2770","734","OSGIN2",-0.0342616382574272,-0.609095398456001
"2771","405","ARNT",0.154255703173461,0.305488810515877
"2772","10825","NEU3",0.041943298880823,-0.79088124915724
"2773","79833","GEMIN6",0.244722530490738,0.169456659330454
"2774","23568","ARL2BP",0.121390085720192,0.561425356832329
"2775","9695","EDEM1",-0.299794068069306,-1.7277003223394
"2776","10421","CD2BP2",-0.167110594285091,-0.31401170729327
"2777","65249","ZSWIM4",-0.314243606417232,-1.35249543051973
"2778","11135","CDC42EP1",0.156096588600689,-0.66685588296599
"2779","5599","MAPK8",0.104701400212751,-0.102868741497283
"2780","344148","NCKAP5",0.633671253225935,-0.307615328679803
"2781","5382","PMS2P4",0.277431850059132,-0.364865956324073
"2782","7572","ZNF24",0.0163161228229347,0.0270123289093274
"2783","84186","ZCCHC7",0.211398590548633,0.0910149097337367
"2784","6397","SEC14L1",0.180370176844704,-0.119953000088439
"2785","442578","STAG3L3",0.0979841144200426,-0.0637824364943911
"2786","1388","ATF6B",-0.129164015725015,-0.10196675993558
"2787","84342","COG8",0.117683319575645,0.258588626941135
"2788","84301","DDI2",0.228484091507923,-0.334218381003677
"2789","10636","RGS14",0.000263977129449255,0.0857011166071215
"2790","84656","GLYR1",-0.102935616971815,-0.106495477561784
"2791","79752","ZFAND1",0.337332802442716,0.550864994708452
"2792","84450","ZNF512",0.0951207626845303,0.103535687105326
"2793","55831","EMC3",-0.141963621564503,-0.265997770167978
"2794","7384","UQCRC1",-0.253709516484244,0.20935644197168
"2795","641","BLM",0.322736603257989,2.12565583764778
"2796","10549","PRDX4",-0.24664066435338,0.0559557248130771
"2797","730268","ANAPC1P4",0.150282195703663,0.586042422364202
"2798","54107","POLE3",-0.272014408400888,-0.056501249809215
"2799","219738","FAM241B",0.193669274772932,1.29301727272417
"2800","136853","SSC4D",-0.411594893028066,-0.264920854789906
"2801","55002","TMCO3",-0.174405867552109,-0.0259526008675035
"2802","55734","ZFP64",0.349485958263243,0.416118673352302
"2803","121642","ALKBH2",0.253360123144327,0.78368821451845
"2804","59274","TLNRD1",-0.300092081567107,-0.859723420415971
"2805","9451","EIF2AK3",-0.0301285102762767,0.759782539136874
"2806","118429","ANTXR2",-0.0798107031064381,0.15176953958497
"2807","9667","SAFB2",-0.0439203374036401,-0.380248324564839
"2808","908","CCT6A",-0.112719119174837,-0.0996401704770253
"2809","9857","CEP350",0.19727030091454,0.041542955017257
"2810","8556","CDC14A",-0.0123447337997997,-0.503107463944125
"2811","169981","SPIN3",0.157238532389232,-0.114274742444055
"2812","5209","PFKFB3",0.104518863630849,0.277792369782921
"2813","93973","ACTR8",0.0897695085255874,0.601551826739114
"2814","1032","CDKN2D",-0.256272473263809,-0.217413437286144
"2815","79006","METRN",-0.272571856511074,-0.0632102191499877
"2816","246184","CDC26",0.282276496340476,-0.00355839508085953
"2817","80745","THUMPD2",0.195527742227057,0.0632044556667077
"2818","85457","CIPC",0.105326895144422,0.0960971649541866
"2819","8888","MCM3AP",-0.0801061810758323,0.00564215849454097
"2820","5481","PPID",-0.0660325861151776,-0.297013442404029
"2821","4776","NFATC4",-0.212724741282297,-0.34034785034448
"2822","5110","PCMT1",-0.128936295031834,0.0537888894400433
"2823","3191","HNRNPL",-0.164165640094416,-0.348681797778419
"2824","91120","ZNF682",0.13385609480892,-0.0123536439970158
"2825","9123","SLC16A3",-0.49526877734121,0.101320122926102
"2826","93185","IGSF8",-0.18119309851867,-0.0920859025700809
"2827","23481","PES1",-0.158847688809269,-0.0638765453001753
"2828","9791","PTDSS1",-0.230922896960744,-0.0409843621896284
"2829","5160","PDHA1",-0.18519907131774,0.172618489873424
"2830","374443","LOC374443",0.489885775242835,1.11092863286862
"2831","6888","TALDO1",-0.116733114196472,0.364800057910244
"2832","154043","CNKSR3",0.0843986571471271,0.515954511813026
"2833","23513","SCRIB",-0.221213548943623,-0.628990708805313
"2834","2040","STOM",-0.311251068238732,-0.773425721946349
"2835","7813","EVI5",0.298265218948837,-0.237356041149194
"2836","57186","RALGAPA2",-0.019279848771534,0.324148220026972
"2837","3421","IDH3G",-0.137579745435141,0.138500547719591
"2838","9367","RAB9A",0.0269286516719616,0.110399188028324
"2839","4286","MITF",0.343296872806695,0.655177499011849
"2840","79627","OGFRL1",-0.171373156244207,-0.895227379911728
"2841","10772","SRSF10",0.0068909328143647,0.532718778390147
"2842","6347","CCL2",0.0356213674095995,-0.0312194741053862
"2843","346157","ZNF391",0.364860135394844,0.824243310062258
"2844","6433","SFSWAP",0.162360512622733,-0.409781667405306
"2845","8945","BTRC",0.0603601934833504,0.180635582737597
"2846","4524","MTHFR",0.182162904616873,0.202506063979625
"2847","10548","TM9SF1",-0.145945307652901,0.222778180432257
"2848","284086","NEK8",-0.483211641182609,-2.66084641936855
"2849","115330","GPR146",-0.613431894907664,-0.473194458753313
"2850","9668","ZNF432",0.291813978301871,0.407590900357872
"2851","3487","IGFBP4",-0.306337979763356,-0.783680230273426
"2852","1876","E2F6",-0.00595568681499437,-0.0948175955918096
"2853","285550","FAM200B",0.205112528756417,-0.120125110744356
"2854","11047","ADRM1",-0.140462288309189,-0.783507896293608
"2855","7157","TP53",-0.190492967981514,0.132066237082962
"2856","124491","TMEM170A",-0.223177322164534,0.299675361777226
"2857","147923","ZNF420",0.303376212910043,-0.0490187775517348
"2858","57819","LSM2",0.120778096934385,0.416573949826438
"2859","51586","MED15",0.141520625634466,-0.587877466209304
"2860","144195","SLC2A14",-0.143808452418806,-0.134425447234808
"2861","6662","SOX9",0.334004110923135,-1.48645836069638
"2862","65985","AACS",-0.129823264086192,-0.567640794589901
"2863","54414","SIAE",-0.0924642971062513,-0.130427209575456
"2864","85015","USP45",0.194353261232687,0.514868120013129
"2865","22913","RALY",-0.0778964684819785,-0.0483677000356755
"2866","738","VPS51",-0.17328310078592,-0.00690557685430093
"2867","5598","MAPK7",-0.243675843096563,0.184854007615276
"2868","10492","SYNCRIP",0.158179947458757,0.0913010828561838
"2869","54788","DNAJB12",-0.0541459855019397,-0.0111837527996208
"2870","8837","CFLAR",0.16280938447992,-0.75091317126654
"2871","1848","DUSP6",0.576334124534359,-1.51637535559592
"2872","51379","CRLF3",0.195813870638086,0.861983484816199
"2873","9804","TOMM20",-0.112700212169787,0.408941131597144
"2874","79846","CFAP69",-0.0999683846327048,0.042448916483884
"2875","653489","RGPD3",0.21483303751239,-0.0308915353423922
"2876","427","ASAH1",-0.124071437690862,0.19201162134758
"2877","5780","PTPN9",0.177055227922209,0.437573289931142
"2878","1965","EIF2S1",-0.0775764102924459,0.0978480761831007
"2879","84750","FUT10",0.344815446650604,1.51385715791626
"2880","2355","FOSL2",-0.14814667006548,-1.65373188944767
"2881","10443","N4BP2L2",0.224298694275022,0.25711743619976
"2882","55356","SLC22A15",0.308058176233611,0.119379122180285
"2883","23244","PDS5A",0.166096230971878,0.64708740461512
"2884","57410","SCYL1",-0.0689260500918278,-0.177923387169135
"2885","79913","ACTR5",0.219438629744857,0.893837376986688
"2886","84973","SNHG7",-0.335366436579803,-0.198604614841495
"2887","54622","ARL15",0.0908209837445879,0.0346611896485789
"2888","10452","TOMM40",-0.141700064450683,0.686178569471019
"2889","7905","REEP5",-0.0918804180708559,0.0529108671461209
"2890","8339","H2BC8",-0.027741588910047,-4.13654918992797
"2891","8932","MBD2",0.0759065077015117,0.136434618970966
"2892","9885","OSBPL2",-0.13853998225897,0.147770056109371
"2893","1495","CTNNA1",-0.00802887066408964,-0.232743425467039
"2894","619383","SCARNA9",0.808131809016412,0.022221735732899
"2895","6199","RPS6KB2",-0.122982130328795,-0.43302542865921
"2896","83935",NA,0.413591436937186,0.247748085888636
"2897","728743","LOC728743",0.370491790209126,1.00998070504754
"2898","10009","ZBTB33",0.15454986857606,-0.0878028901128189
"2899","80856","LNPK",-0.109364508847781,0.822616727479748
"2900","3091","HIF1A",0.264801657051032,-0.0306945644187175
"2901","55160","ARHGEF10L",0.101417697117818,0.561112830522736
"2902","4781","NFIB",0.361030245699265,0.750879693850575
"2903","55766","H2AJ",-0.15807581337299,-2.03658041851196
"2904","27094","KCNMB3",0.247921517839594,-0.0336056238335465
"2905","10397","NDRG1",-0.304218532273426,-2.49857323557269
"2906","11194","ABCB8",-0.136954225125554,0.10913084519918
"2907","84915","FAM222A",-0.300082290075033,-0.608551868419556
"2908","5533","PPP3CC",0.0754763309084385,0.105954930589656
"2909","2874","GPS2",-0.124776294084464,-0.19333835457148
"2910","126208","ZNF787",0.0962674858407597,0.279095752034798
"2911","203054","ADCK5",-0.154446192003007,-0.771959040072879
"2912","1522","CTSZ",-0.239649641392599,-0.219321643829709
"2913","493900","TMEM9B-AS1",-0.277994615425323,-0.521708431891834
"2914","9486","CHST10",0.224361192681283,1.17108558878835
"2915","1305","COL13A1",-0.190141523431986,0.441771654080782
"2916","6892","TAPBP",-0.119847377147502,-0.186691428172069
"2917","57505","AARS2",-0.228008007444804,0.9540282671059
"2918","58492","ZNF77",0.285726887728306,0.301169152020243
"2919","81786","TRIM7",-0.167544754721294,-0.700544207466848
"2920","26097","CHTOP",0.133627541100497,0.185730389023856
"2921","26873","OPLAH",-0.179342129702643,0.452298284303081
"2922","57828","CATSPERG",-0.191198155438887,-3.09935447676059
"2923","58489","ABHD17C",-0.221810561136696,-0.941704530416903
"2924","57508","INTS2",0.268588589641526,1.18195337597745
"2925","9745","ZNF536",0.384628688378123,-1.44341706952442
"2926","5431","POLR2B",-0.0815872353205744,-0.151342974581086
"2927","9212","AURKB",0.230770266033283,3.09714509397056
"2928","201931","TMEM192",-0.14375191647166,-0.42058274161493
"2929","23317","DNAJC13",0.00907564073497635,0.697676620923115
"2930","92610","TIFA",0.373653591321871,2.52468986765275
"2931","26173","INTS1",-0.144041093732053,-0.177197816571576
"2932","9136","RRP9",-0.106099144671797,-0.314852455781742
"2933","129642","MBOAT2",0.00637037211256253,0.210998481130988
"2934","57234","LINC00869",-0.330943466840977,-0.105700733231473
"2935","641649","TMEM91",-0.433294140493216,-0.41171327303255
"2936","56927","GPR108",-0.0850726998286069,-0.290314560540853
"2937","128077","LIX1L",0.0709352730426689,0.690448197349261
"2938","84913","ATOH8",0.609071057622365,0.100326077109846
"2939","84897","TBRG1",-0.116498758048849,-0.15576412251927
"2940","10367","MICU1",-0.0587070414705009,-0.0755954383692217
"2941","4783","NFIL3",-0.486419062872076,-0.403438498774782
"2942","22841","RAB11FIP2",0.0965209504590376,-0.26586529407632
"2943","10464","PIBF1",0.215106083692646,0.585356940974906
"2944","55740","ENAH",0.176305921734559,0.160552056379818
"2945","79585","CORO7",-0.306350236189158,-0.0276319186468008
"2946","10972","TMED10",-0.122368964422913,0.158783015696507
"2947","27336","HTATSF1",-0.103779386465742,0.21911229831646
"2948","202181","LOC202181",0.135600369577292,0.333504598644945
"2949","9833","MELK",0.199655085425984,2.58677894183869
"2950","5536","PPP5C",-0.0704926082344599,0.823264186885974
"2951","284004","HEXD",-0.149320739338045,-0.0202989278090593
"2952","154141","MBOAT1",-0.0958212481703753,-0.0933798481053998
"2953","5989","RFX1",-0.234652877764554,-0.340481746758225
"2954","1612","DAPK1",0.46917390660215,-0.105033455131955
"2955","8455","ATRN",-0.0622521508629221,0.227613203154172
"2956","163049","ZNF791",-0.177690151394212,-0.122091511114763
"2957","58496","LY6G5B",-0.137034465539818,-0.402807486948825
"2958","4052","LTBP1",-0.0369977077854511,0.907820167211627
"2959","23583","SMUG1",0.0674694930394826,-0.202409356580156
"2960","84886","C1orf198",0.0962552779095915,0.108750362306384
"2961","9189","ZBED1",0.141704689188593,0.039740946160669
"2962","55088","CCDC186",0.0652893949064923,-0.0597017562151922
"2963","7766","ZNF223",0.288883575508414,0.190112218186261
"2964","64429","ZDHHC6",-0.0156818807465058,0.225467944960425
"2965","25847","ANAPC13",0.0927044077056669,-0.207444769164074
"2966","5236","PGM1",-0.170349811862444,0.49268286595266
"2967","5932","RBBP8",-0.0372784748234096,0.104707454195708
"2968","3097","HIVEP2",0.189460901870269,-0.637052129759785
"2969","80264","ZNF430",0.271775684591963,-0.585109723643312
"2970","6944","VPS72",0.214626095085039,0.446368152406994
"2971","55844","PPP2R2D",0.177511097362888,-0.205619211989293
"2972","10781","ZNF266",-0.158438311290123,0.16071337478436
"2973","171586","ABHD3",-0.272659080131226,-1.43350251695512
"2974","221955","DAGLB",-0.315034597035353,-0.841620667936446
"2975","83690","CRISPLD1",-0.210144733448695,0.19923208615343
"2976","84866","TMEM25",-0.124777580872345,0.371038661236259
"2977","9121","SLC16A5",-0.256253452916096,-1.04182079615872
"2978","100861548","PINK1-AS",-0.169270406819882,-0.908536112293223
"2979","643246","MAP1LC3B2",-0.202150370838893,-1.13402920409886
"2980","8549","LGR5",-0.382695989092776,-3.56241068476196
"2981","10120","ACTR1B",-0.222334179717214,-0.559381765924815
"2982","6047","RNF4",0.0941981837050241,0.0198081208041438
"2983","150383","CDPF1",0.149017427811226,0.858362937507478
"2984","440503","PLIN5",-0.310344698145465,-0.795628651537804
"2985","138428","PTRH1",-0.175912602701719,-0.240993467735087
"2986","101927755","RNFT1-DT",-0.263935974320359,0.0963527401932351
"2987","1725","DHPS",-0.0995281610586307,0.224259584572542
"2988","26130","GAPVD1",0.0479127949936453,0.0573663135562201
"2989","114881","OSBPL7",0.231049741496173,0.497579292228632
"2990","51602","NOP58",-0.133005935406971,0.147849284846648
"2991","200895","DHFR2",0.291703387486959,0.165908158027474
"2992","7750","ZMYM2",0.137326212551852,-0.118761394163336
"2993","140838","NANP",0.0140841217350403,-0.789227302578887
"2994","727957","MROH1",-0.0630710442670157,0.0225253056643613
"2995","8165","AKAP1",-0.086032997062282,0.677092877113496
"2996","9923","ZBTB40",0.286312023469658,-0.132779915281049
"2997","8411","EEA1",0.132092517182302,0.121602641383493
"2998","54941","RNF125",0.379806010291701,0.166326165464275
"2999","587","BCAT2",-0.0928219590405197,0.250200982176791
"3000","5695","PSMB7",-0.0807701690221805,-0.0824924803774261
"3001","23328","SASH1",0.164773376858742,-0.7274243762236
"3002","7466","WFS1",-0.102520434183556,-0.0308203807759329
"3003","5884","RAD17",0.0518451192364484,0.159114096122171
"3004","81889","FAHD1",-0.09024143659411,-0.263273682520035
"3005","166378","SPATA5",0.24531115791473,0.572886460364824
"3006","2180","ACSL1",-0.160502152486809,-0.497211613737377
"3007","6515","SLC2A3",-0.14845026205435,-0.0588968153020595
"3008","55080","TAPBPL",-0.141640004554001,-0.137662168614717
"3009","7862","BRPF1",-0.106034364487662,-0.397449171141461
"3010","9410","SNRNP40",0.117073025061067,0.961532470063259
"3011","132320","SCLT1",0.25788762071041,1.46555580576357
"3012","54149","C21orf91",-0.237553264981585,-1.36962417152933
"3013","54496","PRMT7",-0.106682349209595,0.734876013956177
"3014","64645","MFSD14A",-0.188496508874936,0.0839694649131477
"3015","30008","EFEMP2",-0.123874302291079,0.379409750871728
"3016","55006","TRMT61B",0.200492481082016,0.168963158448851
"3017","7286","TUFT1",-0.0222497798243513,-0.0726767145611595
"3018","283358","B4GALNT3",-0.148690066798697,0.259982598376442
"3019","1877","E4F1",0.136024026002867,0.345058382391358
"3020","26152","ZNF337",0.265935137173932,-1.27676099202558
"3021","375056","MIA3",-0.0562578860616352,0.287825292736654
"3022","90864","SPSB3",-0.252589093801581,-0.342007989006878
"3023","55270","NUDT15",-0.0860126572253197,0.401774395180587
"3024","747","DAGLA",0.140717181292798,0.405723846101365
"3025","1974","EIF4A2",0.0547577846748464,0.220704890325452
"3026","6482","ST3GAL1",0.277740077583898,-0.271721936143001
"3027","6856","SYPL1",-0.163431765955981,0.379580505484284
"3028","4598","MVK",0.115445497328174,1.66937509729428
"3029","84986","ARHGAP19",0.0994220670549257,0.833725874727984
"3030","51362","CDC40",0.0683542714903469,-0.172869151831221
"3031","2677","GGCX",-0.11172145858042,-0.155802096681056
"3032","100379224","ZNF225-AS1",-0.0257685264089393,-0.0967910723501819
"3033","10989","IMMT",-0.0734840017880227,0.272374579863736
"3034","100506696","PCAT6",-0.522075203745974,-0.403597297563377
"3035","80762","NDFIP1",-0.15839687933354,0.137052963342462
"3036","10131","TRAP1",-0.108199853867276,0.458398652506389
"3037","201134","CEP112",0.161978973308992,1.29019065843673
"3038","166785","MMAA",0.105186229989495,-0.457779491925269
"3039","80014","WWC2",0.182936732703749,0.22316658944019
"3040","130612","TMEM198",-0.239199139222648,-0.10893330354187
"3041","105369195",NA,0.236752724961672,-0.0637470897620702
"3042","6293","VPS52",-0.0735833404388542,-0.168735503392544
"3043","5929","RBBP5",0.12091175808247,-0.330846811749128
"3044","28972","SPCS1",-0.109265376132191,0.0268939790964993
"3045","79676","OGFOD2",-0.170065493875332,-0.504481819918103
"3046","6303","SAT1",-0.409654285130972,-2.28854772321812
"3047","388886","LRRC75B",0.113173492177221,0.0816417704658963
"3048","9191","DEDD",0.0212117350234147,0.0261579577107174
"3049","81618","ITM2C",-0.246516606349756,0.171575881305957
"3050","100125288","ZGLP1",-0.578257678837864,-1.60344716893115
"3051","11152","WDR45",-0.157992122733025,-0.121472549061829
"3052","285636","RIMOC1",0.105388585254231,0.321985384875442
"3053","54815","GATAD2A",0.154363353623456,-0.17015174339354
"3054","55729","ATF7IP",0.253402737777928,0.0858866828383267
"3055","754","PTTG1IP",-0.135928121086815,0.117874607829245
"3056","27020","NPTN",-0.088544768411106,0.199052487448576
"3057","55210","ATAD3A",-0.141304056329406,1.10076601495051
"3058","55929","DMAP1",-0.231578339625646,-0.157623688216125
"3059","51097","SCCPDH",-0.195752674604799,0.542275025582213
"3060","113177","IZUMO4",-0.188413617499775,-1.23418191950412
"3061","54491","OTULINL",-0.850838696323068,-4.23339907263156
"3062","10616","RBCK1",-0.130192913811822,-0.551497079791304
"3063","152559","PAQR3",-0.1112744320627,0.169272872386243
"3064","81848","SPRY4",0.298803517418851,-0.985351698331378
"3065","5226","PGD",-0.158773931372052,-1.07897216387218
"3066","84321","THOC3",-0.281297909817185,-0.373509889253382
"3067","10013","HDAC6",-0.1026217160544,0.103409705989135
"3068","55769","ZNF83",0.212489676516364,-0.103749479979314
"3069","84317","CCDC115",-0.218749030455354,0.504303278003248
"3070","85021","REPS1",0.143929722234024,0.312550923674887
"3071","6792","CDKL5",0.31858446910433,-0.00931792191484027
"3072","2232","FDXR",-0.372358563995185,-2.75904399998073
"3073","11173","ADAMTS7",-0.226397965426903,-2.57172150320436
"3074","441263","DTX2P1-UPK3BP1-PMS2P11",0.0767192883778238,-0.7672265082955
"3075","151194","METTL21A",-0.219260848285239,-0.0976953116241144
"3076","9646","CTR9",-0.0414496496294605,-0.237316257986203
"3077","9382","COG1",-0.0954756602496332,-0.644296665636057
"3078","7307","U2AF1",0.000116067820363774,-0.0676163741506555
"3079","103611081",NA,-0.140053942934524,-0.0272627695454801
"3080","338799","LINC01089",-0.109507551582315,-0.748716311861528
"3081","727866","FAM156B",0.221425978368937,0.990911930760921
"3082","2651","GCNT2",0.0550986326185203,1.60841135328495
"3083","10558","SPTLC1",-0.21497883073199,-0.327193019382338
"3084","105378828","CLCA4-AS1",-0.647645657346712,-2.56436180903942
"3085","84268","RPAIN",-0.100379395178598,0.0318423326140307
"3086","83642","SELENOO",-0.204412071267516,0.501647731448842
"3087","25789","TMEM59L",-0.338682189635747,0.170861247045056
"3088","1195","CLK1",-0.3458246188045,-0.598685289139
"3089","51310","SLC22A17",-0.205949564255964,0.525020002231489
"3090","55326","AGPAT5",-0.0494043430817568,0.571112406077183
"3091","6683","SPAST",0.147554726799465,0.325873246354626
"3092","55281","TMEM140",-0.138043418519702,-0.439144786499244
"3093","3329","HSPD1",-0.106809659478966,0.42427382179577
"3094","84905","ZNF341",0.248702617826299,-0.546375422693702
"3095","57608","JCAD",0.305009230316839,-1.2999769310151
"3096","9975","NR1D2",-0.282618746443589,-0.606000965529038
"3097","84365","NIFK",0.0714962851436587,0.0537970295613954
"3098","4677","NARS1",-0.0652256506246687,0.34313381120651
"3099","1662","DDX10",0.254534369389393,1.2575757515686
"3100","80724","ACAD10",-0.173549028957992,0.259394202583605
"3101","56888","KCMF1",0.0755428688318371,-0.137091567592732
"3102","374882","TMEM205",-0.196801856983858,0.537266137042149
"3103","64112","MOAP1",-0.194589608885423,-0.389496017994007
"3104","388552","BLOC1S3",0.0892564157969651,-0.526023270833963
"3105","51654","CDK5RAP1",-0.0874021861080214,-0.237429510625505
"3106","27309","ZNF330",-0.151721251851257,-0.196081987164481
"3107","79848","CSPP1",0.197782931939642,0.102389905757158
"3108","23113","CUL9",-0.155036905929702,-0.132866805601265
"3109","3688","ITGB1",-0.0294751243481244,0.0134649008096872
"3110","1196","CLK2",-0.224255966588683,-0.121397292929371
"3111","9928","KIF14",0.469790570028178,3.24333670987639
"3112","9742","IFT140",-0.115393903305101,0.67268092189385
"3113","93587","TRMT10A",-0.00170499972759597,-0.963039406236446
"3114","54187","NANS",-0.144998480831073,0.035149223134388
"3115","51596","CUTA",-0.109860518756105,-0.0511904923085131
"3116","9820","CUL7",-0.17211530153335,-0.177669425286767
"3117","64080","RBKS",-0.245512270211796,-0.232294810340775
"3118","9849","ZNF518A",0.301295934687987,0.246083751168078
"3119","3656","IRAK2",0.0766969283887977,-0.194186319504923
"3120","55198","APPL2",0.14225464687157,-0.371487185236526
"3121","10419","PRMT5",-0.0617171561438399,0.253888671975858
"3122","27163","NAAA",-0.280262480157188,0.269007492211599
"3123","7697","ZNF138",0.305703800465532,0.684035758089825
"3124","64145","RBSN",0.00299043615392591,0.383314961779086
"3125","57533","TBC1D14",0.1816137910025,-0.51026154899973
"3126","26227","PHGDH",-0.203771914767085,0.638587886483034
"3127","89796","NAV1",0.376104616837802,1.96624422229452
"3128","102723728","LOC102723728",-0.0910642782670257,0.0447798161121797
"3129","55066","PDPR",-0.122681486699924,0.0708976861963597
"3130","1314","COPA",-0.0516035825638621,0.0248515233843065
"3131","55573","CDV3",0.0760526226379437,-0.152980953617599
"3132","7593","MZF1",-0.208930859709579,-0.774906846095008
"3133","3338","DNAJC4",-0.177376080848325,0.0122228098155075
"3134","100507217","CHASERR",0.257581414587559,-0.00859332958316728
"3135","64097","EPB41L4A",0.201955411330702,0.0724592130207888
"3136","92597","MOB1B",0.217805686674978,-0.534301654953019
"3137","8668","EIF3I",-0.140403875156393,-0.247745675518761
"3138","143872","ARHGAP42",0.387499729413023,0.225158564706196
"3139","22904","SBNO2",0.0795603716607118,-0.623453049167249
"3140","8372","HYAL3",-0.225631960333339,-0.240936924663348
"3141","2584","GALK1",-0.180856971070632,0.175300255907761
"3142","119016","AGAP4",-0.19956686321164,-0.168005168355178
"3143","79837","PIP4K2C",-0.232115565527756,-0.871845670771978
"3144","9146","HGS",-0.118387138462912,-0.347979743454964
"3145","5495","PPM1B",-0.0581957054211601,-0.164002327370049
"3146","8467","SMARCA5",0.0767935180229964,0.516614210229944
"3147","57799","RAB40C",0.0482046886556535,-0.199064731153385
"3148","51162","EGFL7",-0.279466854391253,-0.228907791192096
"3149","51701","NLK",0.0565833799273863,0.321976793293954
"3150","9749","PHACTR2",0.152195924253972,0.581096776215891
"3151","339977","LRRC66",0.123993542076298,-0.180822201631191
"3152","200845","KCTD6",0.187039360482298,-0.012352023627662
"3153","123811","CEP20",0.0846199450375966,0.324643668306885
"3154","9094","UNC119",-0.209553515811995,0.0614616019746475
"3155","54919","DNAAF5",-0.0198685144471327,0.211698127596867
"3156","90488","TMEM263",-0.0246593724639146,-0.336713322701168
"3157","79725","THAP9",-0.334118746410105,0.0869151232215222
"3158","91107","TRIM47",0.448582455082829,0.615790336240049
"3159","8408","ULK1",-0.201467702249364,-1.16863529599207
"3160","90580","TIMM29",-0.167591396913402,-0.576678395828328
"3161","130574","LYPD6",0.193810570099345,0.202070246602286
"3162","3550","IK",-0.0994683886878827,-0.130145158666152
"3163","84859","LRCH3",0.123525099612302,0.115207285862103
"3164","3308","HSPA4",-0.0701576622480218,-0.544452136580365
"3165","4855","NOTCH4",-0.310742367007545,-1.08711500926005
"3166","10900","RUNDC3A",-0.426753556615566,0.142586723245884
"3167","79917","MAGIX",-0.226459468580805,0.75446986485363
"3168","100861541","DOCK9-DT",-0.378086458359106,-2.00366346287782
"3169","54894","RNF43",0.396037495243012,1.36467222863018
"3170","9564","BCAR1",0.127049832221232,-0.222598001072951
"3171","6925","TCF4",0.342297925957246,0.0417461633251426
"3172","23215","PRRC2C",0.225211149696555,0.074435086004784
"3173","100287616","LOXL1-AS1",0.3611586457576,0.8983328182886
"3174","84787","KMT5C",0.179454535504745,0.726459918849947
"3175","100288637","LOC100288637",0.472713578184198,1.78616612768584
"3176","5909","RAP1GAP",-0.206701548101795,0.938218352368447
"3177","6871","TADA2A",0.152056901305385,-0.0443312796111086
"3178","102724334","LOC102724334",-0.178003475370455,-1.10293689527803
"3179","80131","LRRC8E",0.313575020481608,0.768082642118608
"3180","84293","PRXL2A",-0.181714740238339,0.209297596928081
"3181","643180","CCT6P3",-0.0634557593118625,-0.121953619307344
"3182","84923","FAM104A",0.143845153857057,-0.81596283376686
"3183","89849","ATG16L2",0.00278629611059467,-0.991044308976626
"3184","81628","TSC22D4",-0.100826886842075,-0.156139871687457
"3185","26088","GGA1",-0.13353493693419,-0.042125069645266
"3186","129685","TAF8",0.0177962703969583,-0.0239769393300331
"3187","85463","ZC3H12C",0.127356287797334,-0.781483224272623
"3188","25979","DHRS7B",-0.155334647278693,0.68756995912746
"3189","3104","ZBTB48",-0.171058694872916,-0.218451961888259
"3190","84074","QRICH2",0.00728663805040619,-0.264623573018051
"3191","162","AP1B1",-0.0352518773081556,-0.2430894388852
"3192","57721","METTL14",0.0548872912553016,-0.212646372960336
"3193","5511","PPP1R8",-0.0878996240543142,0.07107090752673
"3194","23363","OBSL1",-0.313027361145464,0.206880389700148
"3195","147947","ZNF542P",0.100395903940973,0.637077969830221
"3196","219844","HYLS1",0.148250661199591,0.525328881759394
"3197","23141","ANKLE2",0.103936734880961,-0.178922349893515
"3198","8337","H2AC18",-0.277064241746625,-2.64797011609323
"3199","7314","UBB",-0.151803778535559,-0.605658079393407
"3200","55035","NOL8",0.13803998315641,-0.0644153478435809
"3201","26608","TBL2",0.09838362231815,0.664827088863815
"3202","167153","TENT2",0.176552878086881,0.145868689613446
"3203","5836","PYGL",-0.143640338726683,-1.14413716588096
"3204","285521","COX18",-0.106435249669723,-0.00479413376119009
"3205","3706","ITPKA",-0.687437902457853,0.233360318550758
"3206","6517","SLC2A4",-0.247111687078216,0.87649500930786
"3207","166815","TIGD2",0.316559668215323,-0.177014421216374
"3208","8936","WASF1",-0.0121747097049267,-0.946046248749508
"3209","5728","PTEN",0.144448534014177,-0.57451536422028
"3210","594","BCKDHB",-0.113784668249193,0.208173122851366
"3211","286437","LOC286437",-0.321212718482027,-0.793820054331824
"3212","8085","KMT2D",0.156245155099551,-0.211482546750887
"3213","9267","CYTH1",0.185606613952177,-0.97551665354006
"3214","79993","ELOVL7",0.0700943450163818,-0.868149743892162
"3215","1186","CLCN7",-0.192392002663554,-0.413086959873712
"3216","9532","BAG2",0.173338398285491,0.576047637022782
"3217","23556","PIGN",-0.0446773836634318,0.121747599577122
"3218","400713","ZNF880",0.12727311292663,0.383127534640808
"3219","83752","LONP2",-0.00979234969781473,-0.0873774942692762
"3220","126374","WTIP",0.00747130560367459,0.132368402559148
"3221","5018","OXA1L",-0.145067808493889,0.00222754695930938
"3222","80221","ACSF2",-0.281240938972149,0.516242463294956
"3223","3485","IGFBP2",-0.401005506847967,0.15351084976296
"3224","83931","STK40",-0.00216219989169986,-0.318488167911294
"3225","10897","YIF1A",-0.187144066115501,0.275520982771832
"3226","65992","DDRGK1",-0.226888184221337,0.445132396996954
"3227","23087","TRIM35",-0.0227596620966199,-1.60298650948014
"3228","11237","RNF24",0.130189253239171,0.00802716077374788
"3229","347746","PWARSN",0.477506800900241,0.234160220716135
"3230","64965","MRPS9",-0.0627909246149398,0.537606848885481
"3231","1102","RCBTB2",-0.153730128058507,-0.633482824789342
"3232","26018","LRIG1",-0.261941651702315,0.375311841068464
"3233","81037","CLPTM1L",-0.221743683115788,-0.292020508027321
"3234","54504","CPVL",-0.109148248950151,0.13901519554555
"3235","1892","ECHS1",-0.183724032378339,0.0585665050692272
"3236","84258","SYT3",-0.221401548612662,1.40167554230216
"3237","55181","SMG8",-0.146517237046348,-0.375390811517116
"3238","158399","ZNF483",0.28977771764862,0.762935388825265
"3239","10061","ABCF2",-0.0696020254323502,-0.205862469135238
"3240","53345","TM6SF2",-0.0450792158235891,0.67235802452744
"3241","54862","CC2D1A",-0.128225684959314,-0.376158262634055
"3242","339453","TMEM240",-0.271411890114711,1.86396667048981
"3243","55144","LRRC8D",0.404727947913773,1.11380310663577
"3244","80757","TMEM121",0.407347916378503,1.61617633829622
"3245","55813","UTP6",0.166331445476338,0.111002615611397
"3246","2730","GCLM",0.198541895398765,-0.54237174600785
"3247","399844","LINC01002",-0.20273129656069,0.804841526238336
"3248","493911","PHOSPHO2",0.167896506228693,-0.162940888061264
"3249","8241","RBM10",-0.120753157942731,0.173036263214438
"3250","57521","RPTOR",0.137208267085361,0.477463112473163
"3251","984","CDK11B",-0.104481517096766,-0.168183343460133
"3252","8509","NDST2",-0.221864180686039,-0.40298817403461
"3253","10992","SF3B2",-0.0329201936149079,-0.223908436555524
"3254","85444","LRRCC1",0.298449928977178,1.39799931183878
"3255","6050","RNH1",-0.154974794079162,-0.0706709931494096
"3256","150776","SMPD4BP",-0.18689186941814,-0.127764333862078
"3257","4241","MELTF",-0.258721705723479,-0.795991558032778
"3258","57337","SENP7",0.296962809458427,0.5292924460186
"3259","140461","ASB8",0.0460646264150055,-0.0621775455456781
"3260","322","APBB1",-0.0510934978860957,0.144067863582908
"3261","374786","EFCAB5",-0.0518756828247784,-2.64511654429712
"3262","411","ARSB",-0.12918017523945,-0.327880468564435
"3263","22834","ZNF652",0.208753728048651,0.193643893708463
"3264","53343","NUDT9",-0.136317230824747,0.572249030891699
"3265","6713","SQLE",0.261104036361811,1.17804100227754
"3266","2972","BRF1",0.205678552195969,-0.0208828390658971
"3267","9469","CHST3",0.219703004111993,-0.226488175502757
"3268","727910","TLCD2",-0.0795241270402287,-0.793551066377195
"3269","3038","HAS3",-0.682148311594827,-1.5754052402588
"3270","1075","CTSC",-0.184061323310588,0.819522288497081
"3271","10499","NCOA2",0.249288929902417,0.100464458321452
"3272","3105","HLA-A",-0.387175601834981,-0.220477669432234
"3273","6836","SURF4",-0.184287937263893,0.0223295139058131
"3274","83990","BRIP1",0.470986551853532,2.69089992353683
"3275","54856","GON4L",0.127895105239801,0.0488080254293735
"3276","57708","MIER1",0.0234816958909221,0.0235903841344998
"3277","23036","ZNF292",0.314376179589023,0.470082603450011
"3278","2650","GCNT1",0.401727463229925,0.473406075802567
"3279","122416","ANKRD9",-0.293127014297387,0.595060701752748
"3280","3631","INPP4A",0.0725185936088186,-0.325625509187642
"3281","4601","MXI1",-0.212476670107757,-0.36470862538848
"3282","92255","LMBRD2",-0.0396168607855314,-0.378964514984118
"3283","4799","NFX1",0.0865498425486004,-0.49074967022031
"3284","3340","NDST1",0.141159490959821,0.279658017067003
"3285","81631","MAP1LC3B",-0.176857980910022,-1.22902432162579
"3286","10664","CTCF",0.185225947907484,-0.237366809992849
"3287","4163","MCC",0.23909334050716,0.0544867017601369
"3288","219854","TMEM218",-0.0789074633172167,0.849936404100528
"3289","10450","PPIE",-0.108478373626052,-0.144669209778066
"3290","79607","FAM118B",0.0642461999797881,-0.175580614399043
"3291","57577","CCDC191",0.232040621169708,-0.10308992294501
"3292","83463","MXD3",-0.257027717975587,0.549690615782539
"3293","491","ATP2B2",-0.100251264327592,-0.279881754692401
"3294","5351","PLOD1",-0.110836556646236,0.37065576450493
"3295","255480","TBX5-AS1",-0.125767856952295,-0.416376107453476
"3296","64137","ABCG4",-0.0954105773048559,-1.14916260169571
"3297","51621","KLF13",0.108720095415601,0.00995378784543099
"3298","157506","RDH10",-0.211405946340968,-1.79856988063962
"3299","6785","ELOVL4",-0.217368795989178,-0.246098598582165
"3300","221527","ZBTB12",0.338055894516914,2.07950600937159
"3301","10432","RBM14",0.165564658580639,-0.121153175570517
"3302","23541","SEC14L2",-0.300643188861298,-1.68356820715845
"3303","11132","CAPN10",-0.207327320609302,-0.809964457386535
"3304","401720","FIGNL2",0.597230511482175,0.588042174961183
"3305","91975","ZNF300",0.346334170137113,1.17165073352875
"3306","25822","DNAJB5",0.0699695348427918,-0.219501730910848
"3307","100506473","C2orf49-DT",0.00182780844599728,-0.305974458864017
"3308","65057","ACD",-0.154562721843782,0.25385138510594
"3309","10608","MXD4",-0.228196154664413,-0.894275639958608
"3310","1512","CTSH",-0.226791746660354,-0.0751193470237093
"3311","79768","KATNBL1",0.0371512380939154,0.72151424874502
"3312","4074","M6PR",-0.146838124023746,-0.409615170316649
"3313","81615","TMEM163",-0.108578798683676,-0.197756556115728
"3314","23787","MTCH1",-0.167042183481668,-0.184003238380415
"3315","79143","MBOAT7",-0.171850258059704,-0.633006253705294
"3316","9697","TRAM2",0.296273879103919,-0.215399534215813
"3317","23015","GOLGA8A",-0.142401789613683,-0.395981562391836
"3318","349075","ZNF713",0.291904198375583,0.844210449879147
"3319","64859","NABP1",0.0873915413639597,-2.02972522140994
"3320","55741","EDEM2",-0.156034708208176,-0.0676051374739766
"3321","182","JAG1",0.0159487194293142,-0.62125193680412
"3322","64359","NXN",0.131770547958697,-0.391547823798448
"3323","400027","LINC00938",0.216481547718122,-0.0801403284289965
"3324","1812","DRD1",0.500284842162939,-0.832471203965507
"3325","375189","PFN4",-0.225320878042375,-1.26479776903015
"3326","10217","CTDSPL",0.162162753572283,0.450536924103575
"3327","100507567","RAB11B-AS1",-0.258573320324433,-0.465325956977597
"3328","7349","UCN",-0.400441787700999,-1.36178949110227
"3329","10922","FASTK",-0.152842209476905,-0.168010916771162
"3330","4929","NR4A2",-0.401517873166231,-2.07456715591844
"3331","54939","COMMD4",-0.132155287289437,-0.130696382681815
"3332","79728","PALB2",-0.0810823873568545,0.101235358315104
"3333","2690","GHR",0.459585833916476,1.01279504381566
"3334","222161","DKFZP586I1420",0.283035731059261,-0.0377863018953266
"3335","100288778","WASH8P",-0.249231760950054,-0.342320900244617
"3336","169841","ZNF169",0.365280518229614,0.385307656863591
"3337","51684","SUFU",0.22460547323898,-0.246556633826945
"3338","9472","AKAP6",0.396779333088486,1.22324505275902
"3339","26278","SACS",0.247177154419707,-0.103835572223234
"3340","439965","SHLD2P3",0.165487344684731,0.112384242641157
"3341","116254","GINM1",-0.213518925641373,-0.000510318574886703
"3342","26115","TANC2",0.358288784309416,0.699684011226148
"3343","10694","CCT8",-0.116940638948329,-0.0888289546710119
"3344","137814","NKX2-6",0.232578444477981,0.707059286578846
"3345","140901","STK35",-0.10761397263988,-0.244420897443715
"3346","83608","C18orf21",0.11453412750763,-0.275236710249608
"3347","389765","LOC389765",0.314573039958778,0.142838323886684
"3348","100616209",NA,0.0137767594617668,0.157581112431435
"3349","26100","WIPI2",-0.0907359625310136,-0.619465699466901
"3350","6865","TACR2",-0.0777377540407007,0.384317699390746
"3351","116225","ZMYND19",-0.198076123976592,0.44049543846695
"3352","55010","PARPBP",0.331151597421687,1.60122860132706
"3353","8817","FGF18",0.303034158621921,1.93771061766176
"3354","131474","CHCHD4",0.145309834448016,0.4448923206161
"3355","55366","LGR4",0.151075383650927,1.28050167346652
"3356","533","ATP6V0B",-0.290115246622785,-0.283771108139116
"3357","7162","TPBG",-0.448265342198335,-1.21041079818809
"3358","9311","ASIC3",-0.156393075516845,-0.662342718022916
"3359","10540","DCTN2",-0.0439723777905181,0.0165343532540341
"3360","65979","PHACTR4",0.0991261451492518,-0.11558987064452
"3361","63935","PCIF1",-0.214188659240436,0.0261854873684344
"3362","9722","NOS1AP",0.289655159901116,0.143405926300478
"3363","344838","PAQR9",0.00904194701189942,-1.06723430624387
"3364","8985","PLOD3",-0.142079115654965,-0.287436858843683
"3365","1284","COL4A2",-0.121939938617118,0.389260708025748
"3366","101927260",NA,0.77381570509984,0.569836939037071
"3367","271","AMPD2",-0.211038774303038,0.338877542583217
"3368","22931","RAB18",0.1101906501732,-0.291386211408071
"3369","6827","SUPT4H1",-0.0632549491960601,-0.538463151391794
"3370","7378","UPP1",-0.28437643430975,-1.81210719511361
"3371","440804","RIMBP3B",0.598886804589247,-0.470459468416991
"3372","140710","SOGA1",0.295378317214148,0.0394452757411141
"3373","7515","XRCC1",-0.18185138079608,0.600459832005103
"3374","376132","LRRC10",0.469264474817762,3.84795112580249
"3375","3054","HCFC1",-0.0342821938681688,-0.111817933997973
"3376","25907","TMEM158",-0.408537399308418,-2.5882506401209
"3377","54741","LEPROT",-0.107494839362547,0.0369816531329894
"3378","3975","LHX1",0.316232820063985,-2.16711150935138
"3379","56889","TM9SF3",-0.0511533621250155,0.296614610854752
"3380","64744","SMAP2",-0.0615219513848944,-0.973593373384823
"3381","55893","ZNF395",-0.264226458720252,0.120418132434347
"3382","10861","SLC26A1",0.317402880806084,-0.404485792738369
"3383","166379","BBS12",0.168762826738584,0.416774299020727
"3384","547","KIF1A",-0.131505366710325,1.68933241285619
"3385","89853","MVB12B",0.138188898451594,-0.532941154210359
"3386","100996485","PITX1-AS1",0.213320461894686,-0.186170675120814
"3387","9909","DENND4B",-0.181189544952637,-0.0525398743905292
"3388","11095","ADAMTS8",-0.284690396923075,-3.27314536156081
"3389","5130","PCYT1A",0.0460927757660317,-0.0184229362640433
"3390","8707","B3GALT2",0.497066278020912,0.873450520906616
"3391","22881","ANKRD6",0.0536917389132521,0.492070230478458
"3392","1513","CTSK",-0.166865903279058,-0.045377526528299
"3393","2581","GALC",-0.0981445943882377,-0.233163666034295
"3394","57585","CRAMP1",0.149616154333955,-0.327993051754838
"3395","5101","PCDH9",-0.307867972741537,-0.829607415600287
"3396","27333","GOLIM4",-0.175247089082582,0.0146759633851676
"3397","170961","ANKRD24",-0.407700239362811,-0.860142153002444
"3398","53405","CLIC5",0.16399308873959,0.509824379524881
"3399","79963","ABCA11P",0.06239180406692,0.889337290697079
"3400","5152","PDE9A",0.206226429071012,0.989158276484257
"3401","7737","RNF113A",-0.115767862847621,0.0416914712976557
"3402","83849","SYT15",0.282032797433279,-0.355196184209712
"3403","150759","LINC00342",0.55985854318527,1.38358576664869
"3404","400073","C12orf76",0.210561222239108,-0.907759947207106
"3405","729218","LOC729218",0.214675015470447,0.0309585979984601
"3406","92399","MRRF",0.0940816816061831,0.542121799943033
"3407","6919","TCEA2",-0.278249611417318,0.354081332862358
"3408","6782","HSPA13",-0.210597839280619,0.169811117521107
"3409","55739","NAXD",-0.153620756475855,-0.776492587991049
"3410","3099","HK2",-0.102621036001697,0.105299065166088
"3411","6526","SLC5A3",-0.408450503313228,-1.54340899568726
"3412","643314",NA,0.27309803796683,0.462038010301996
"3413","1164","CKS2",-0.0546897335821264,0.100874076632509
"3414","54732","TMED9",-0.251651561721278,0.0188716986378328
"3415","101410533","YTHDF3-DT",-0.0855918174602671,-1.53715051425521
"3416","51385","ZNF589",0.216965857074328,-0.0441283933260275
"3417","54499","TMCO1",-0.0778768374557961,-0.0735358759976865
"3418","4801","NFYB",-0.153446243280424,-0.55630389987862
"3419","7405","UVRAG",0.134511562389042,-0.230937817205429
"3420","100996758","NPY4R2",0.358785626040217,-0.493196187096113
"3421","1209","CLPTM1",-0.0837462442949057,-0.136706240506657
"3422","8293","SERF1A",0.0272175273453796,0.353664132320784
"3423","1355","COX15",-0.0667462805961803,-0.18365644559319
"3424","80320","SP6",0.443298945305401,-0.741030740690332
"3425","57498","KIDINS220",-0.0600159962376861,0.212050716284812
"3426","2717","GLA",-0.118088156527739,-0.871294141427419
"3427","4191","MDH2",-0.104551375901192,-0.123652795918453
"3428","100190939","TPT1-AS1",-0.213726076001442,0.0630770759978505
"3429","10042","HMGXB4",0.0429507284158097,0.444370024230922
"3430","9605","VPS9D1",-0.120968909262611,0.251446037722975
"3431","80270","HSD3B7",-0.380009336863142,1.52080524482201
"3432","26262","TSPAN17",-0.179034163745019,-0.28392431687162
"3433","340526","RTL5",-0.296773841222927,-1.81063884694832
"3434","27013","CNPPD1",-0.107565449541521,0.155705139025574
"3435","11099","PTPN21",0.133108880193332,1.19282591709188
"3436","57476","GRAMD1B",0.318955371957678,-0.629248428770973
"3437","1639","DCTN1",-0.0163816468354963,0.0720538979949996
"3438","440465","BAIAP2-DT",0.0297675974713245,1.31544952340886
"3439","5550","PREP",-0.0551677697908035,0.531211228648102
"3440","83479","DDX59",0.0592567243637037,-0.824284434789089
"3441","4331","MNAT1",0.147849815031487,0.381392109414866
"3442","92579","G6PC3",-0.129978250819324,-0.168855366639282
"3443","55508","SLC35E3",-0.11263856038354,-0.42263084599167
"3444","55691","FRMD4A",0.348090594910863,-0.119460509930251
"3445","6650","CAPN15",0.195978079093301,0.0478677374881444
"3446","55205","ZNF532",0.150238939350327,-0.236016316956403
"3447","642826","BMS1P2",0.146107369534579,-0.097273259291798
"3448","63908","NAPB",-0.0533973589125987,-0.672423622307272
"3449","9678","PHF14",0.10948591329285,0.416595150392995
"3450","29123","ANKRD11",0.213280336409746,-0.0340908258131671
"3451","8514","KCNAB2",-0.498364932582264,-0.928948521544827
"3452","9343","EFTUD2",-0.00792545210883677,-0.199438683577394
"3453","2013","EMP2",0.167718898944537,1.96551897792165
"3454","9412","MED21",0.0242026745708257,0.281128107647372
"3455","10910","SUGT1",-0.0499053164548853,0.106041734037023
"3456","79776","ZFHX4",0.406237290978352,1.72032671597254
"3457","728741","NPIPB6",-0.346627544516073,-1.58575693640319
"3458","84848","MIR503HG",0.114900495652711,-1.48747246764695
"3459","8357","H3C10",-0.18478297624656,-2.81231832556215
"3460","1122","CHML",0.274734418580073,-0.140993852253243
"3461","85378","TUBGCP6",-0.149887554428911,-0.012973522948398
"3462","51012","PRELID3B",0.0835151792863185,-0.149668420230173
"3463","646450","ARIH2OS",-0.0964742569919476,-1.5870716143313
"3464","892","CCNC",0.0350253272966983,0.121923551593929
"3465","51260","PBDC1",-0.00160005188572399,-0.286283087625795
"3466","3312","HSPA8",-0.137574162564862,-0.112090916728441
"3467","51151","SLC45A2",-0.287762693246443,1.52518941862771
"3468","5727","PTCH1",-0.116322909100463,0.158082375485941
"3469","123228","SENP8",0.200533769463417,0.205291650814815
"3470","23411","SIRT1",-0.233240756503104,-0.330936640608479
"3471","5784","PTPN14",0.264771948326738,-0.0117479814471864
"3472","340277","FAM221A",0.212013211874298,0.907449660322786
"3473","115353","LRRC42",0.00713434376545674,0.0713113854093672
"3474","286499","FAM133A",-0.35455222067699,1.93501716675729
"3475","65250","CPLANE1",0.320558067404386,-0.00486011560069421
"3476","5170","PDPK1",0.142053087414987,-0.0482502617264924
"3477","55009","FAM174C",-0.155541043699539,-0.211365373106527
"3478","57095","PITHD1",-0.156957856690788,-0.617834970246641
"3479","5519","PPP2R1B",0.170236813976802,-0.0567190422766277
"3480","57134","MAN1C1",-0.159244421345512,0.448174136631979
"3481","5218","CDK14",0.0983436066013894,0.984683188171417
"3482","9145","SYNGR1",-0.245525916480378,0.490473873285443
"3483","197358","NLRC3",0.177867316375839,0.386065311948976
"3484","57221","ARFGEF3",-0.070776138301087,-1.24964166470946
"3485","9969","MED13",0.180152795400048,-0.250274335983418
"3486","90637","ZFAND2A",-0.174069420136162,-0.582302530144523
"3487","11178","LZTS1",0.238445811676181,0.0637924561266461
"3488","9737","GPRASP1",-0.179234099774559,0.1745808504175
"3489","26140","TTLL3",-0.384229579530391,-0.527482092183335
"3490","26524","LATS2",0.0621170772821245,-0.716009952360329
"3491","6733","SRPK2",0.150369070950019,-0.332235005755182
"3492","91373","UAP1L1",-0.0889517155732484,0.369157505802482
"3493","100506119","LINC01503",-0.368881353913676,-2.06068329070936
"3494","55167","MSL2",0.224195811469633,-0.40673915562547
"3495","8938","BAIAP3",-0.310898871843941,1.01025972588263
"3496","100310812","SPDYE2B",0.430164975747337,-0.252484396714735
"3497","8721","EDF1",-0.0958771965934586,-0.0737775566747638
"3498","23028","KDM1A",-0.0741996388475723,0.0872847729192321
"3499","64764","CREB3L2",0.213278643912588,0.0868005126957527
"3500","100500804","MIR3654",-0.168581621880605,0.0167506860820366
"3501","374654","KIF7",0.197732060475174,1.35841855153881
"3502","2314","FLII",-0.0881070292035551,-0.0106627916119955
"3503","114990","VASN",-0.313344112101126,-0.982010035255534
"3504","9546","APBA3",-0.120172850914501,-0.289843420371912
"3505","8904","CPNE1",-0.21302270437309,-0.029931317205401
"3506","537","ATP6AP1",-0.102877604238131,-0.0567719276927026
"3507","23012","STK38L",0.207974685440123,0.0903001894278646
"3508","6558","SLC12A2",-0.119312400427404,0.00433058195577551
"3509","163782","KANK4",0.439723733162467,0.415340069098651
"3510","9533","POLR1C",-0.16694350170181,-0.330401940474997
"3511","26065","LSM14A",0.0847799736004058,0.225309001848723
"3512","5581","PRKCE",0.271974427421987,0.0649433228423182
"3513","26012","NSMF",-0.168954040566965,-0.796546622444454
"3514","55177","RMDN3",-0.231411780665237,-0.488922268012785
"3515","51277","DNAJC27",0.186113602250134,0.283650963547671
"3516","10625","IVNS1ABP",0.125281995761644,-0.0301810954714226
"3517","85476","GFM1",-0.0930362538196894,0.200404107474704
"3518","100507459","NRSN2-AS1",0.230475457132663,-1.00194336382774
"3519","9253","NUMBL",0.124284346998882,-0.143936218054977
"3520","642366","ISL1-DT",0.172509529702723,-1.21788715679521
"3521","1317","SLC31A1",-0.0940381738311338,1.00970807687434
"3522","6536","SLC6A9",-0.0726491917218084,-1.25328956905544
"3523","2744","GLS",-0.14123596366867,-0.563987881799536
"3524","5971","RELB",-0.404362749455551,-1.27974445272473
"3525","5434","POLR2E",-0.100471622442798,0.0149881573505359
"3526","10128","LRPPRC",0.00705324786159345,-0.392871197546317
"3527","10749","KIF1C",-0.0463179256451234,0.203723287736493
"3528","116461","TSEN15",0.183233765703788,0.972503634671656
"3529","57552","NCEH1",-0.223314744430509,-1.15031113611616
"3530","83877","TM2D2",-0.222210703196914,-0.0105136629499158
"3531","414224","AGAP12P",-0.224512096352044,-0.0987771854189752
"3532","55975","KLHL7",-0.126064835332131,0.00135476252947342
"3533","54797","MED18",0.174716928870188,-0.550943545288726
"3534","390660","ADAMTS7P1",-0.252792582263535,-2.44336965664406
"3535","9761","MLEC",-0.180825083715474,-0.623945541244344
"3536","5315","PKM",-0.214162271614537,-0.485810323365168
"3537","169611","OLFML2A",-0.140491290413908,1.17393276437642
"3538","255394","TCP11L2",-0.18065896492072,-0.622483530742151
"3539","100287171","WASHC1",-0.212386340503761,-0.222289933899593
"3540","29894","CPSF1",-0.0996367989665572,0.089501102545916
"3541","57658","CALCOCO1",-0.160723621825878,-0.968286879752431
"3542","51103","NDUFAF1",-0.141091031469649,-0.0120929259303573
"3543","51035","UBXN1",-0.125006364455851,-0.225091709610437
"3544","9512","PMPCB",-0.149247044554035,0.252902364374167
"3545","222658","KCTD20",0.169610236662088,0.27519005625831
"3546","100128288","LOC100128288",0.39681465109685,1.29922265026345
"3547","26268","FBXO9",-0.0784721853628323,-0.0394133377829338
"3548","22871","NLGN1",0.251327796944158,1.61639312744823
"3549","127687","C1orf122",-0.178532681014015,-0.232602919328062
"3550","105369205",NA,-0.168265993266381,-0.157867296270292
"3551","100037417","DDTL",-0.181886081308704,0.0947687426055914
"3552","64343","AZI2",0.0913671649218486,0.017321564222013
"3553","130916","MTERF4",0.0767745458698199,0.288246607264808
"3554","5747","PTK2",0.149166320151788,0.0449699732476141
"3555","6610","SMPD2",-0.207513580714508,-0.125775228995168
"3556","79711","IPO4",-0.120280635138495,-0.03062604929623
"3557","154","ADRB2",0.0948984133208572,-0.704204015351938
"3558","126299","ZNF428",-0.172939575309106,0.267589709838637
"3559","3920","LAMP2",-0.159308683154341,-0.0161302305761559
"3560","9922","IQSEC1",0.238501841549533,0.765745336179802
"3561","10390","CEPT1",-0.0430334994964356,-0.417387306512897
"3562","146956","EME1",0.173793115474533,0.71653546978426
"3563","63971","KIF13A",0.184346539568677,0.824034410693919
"3564","58488","PCTP",0.124177639267134,0.261905962987291
"3565","285074","ANAPC1P2",0.128759372680793,-0.0357645229520553
"3566","10732","TCFL5",-0.201111364673257,0.233248351138248
"3567","729887",NA,-0.030829944653494,-1.01176913079631
"3568","5528","PPP2R5D",-0.0259777218494266,-0.0573967085934637
"3569","2071","ERCC3",-0.153143352650527,-0.297102715231864
"3570","200894","ARL13B",0.186147423232017,0.330781247761601
"3571","152503","SH3D19",0.219255835814641,0.171102852348731
"3572","84273","NOA1",-0.0155388502802714,-0.294339008906
"3573","79180","EFHD2",-0.267692751508066,0.218392733583671
"3574","112611","RWDD2A",-0.163006943586834,-0.17432450581434
"3575","51251","NT5C3A",-0.0794129080308537,0.265725880418608
"3576","1906","EDN1",0.149783848605205,0.196261913001843
"3577","5973","RENBP",-0.271917788662304,1.02646248292803
"3578","55663","ZNF446",-0.206570640485654,-0.937688241572282
"3579","100101267","POM121C",0.0605330246703941,-0.730312591280502
"3580","51726","DNAJB11",-0.15944766143849,-0.119272839656856
"3581","8878","SQSTM1",-0.207681829913462,-1.11663345074635
"3582","83606","GUCD1",-0.166366746930553,-0.263398225832237
"3583","80262","PHAF1",0.114091408966272,-0.0114807204046543
"3584","29959","NRBP1",-0.106467271816542,-0.10026356123058
"3585","27315","PGAP2",-0.159114281102069,1.17721404715113
"3586","80339","PNPLA3",-0.559161070638562,-1.92086223035065
"3587","2058","EPRS1",-0.0433909096819338,1.10760064179874
"3588","11113","CIT",0.33020654419853,2.2142867783647
"3589","10724","OGA",-0.0726024525860076,-0.0826758863526331
"3590","2498","FTH1P3",-0.126971063376411,-0.499640130318803
"3591","347918","EP400P1",0.201663457105695,0.485300001855548
"3592","55291","PPP6R3",0.116744113303206,0.134122552461799
"3593","54980","C2orf42",-0.0542064037082053,-1.10789765109047
"3594","10383","TUBB4B",-0.213223589278495,0.300657406721212
"3595","100500815",NA,0.891715546764689,0.81939091914211
"3596","113230","MISP3",-0.305853175001402,0.252033357202286
"3597","8187","ZNF239",0.423648726310162,-0.501498553588666
"3598","9049","AIP",-0.139693630374231,-0.281058039854691
"3599","85358","SHANK3",-0.289990606922923,-1.46713479708184
"3600","3313","HSPA9",-0.0224786647386921,0.610062508537833
"3601","51594","NBAS",-0.070445149147349,0.62403871155234
"3602","5217","PFN2",0.128985425506482,0.523109482697184
"3603","93129","ORAI3",-0.248428228612291,-0.41870480803779
"3604","402682","UFSP1",0.0727173541068091,-0.646978512806948
"3605","439949","PRKCQ-AS1",-0.210682783457924,-1.28446570710952
"3606","261729","STEAP2",-0.0337689174179234,-0.0900587551295103
"3607","7691","ZNF132",0.346090046822049,0.139333655590697
"3608","842","CASP9",-0.270830195712575,0.304009630991957
"3609","3106","HLA-B",-0.448123024304382,-0.700214621984117
"3610","283820","NOMO2",-0.0853573989864831,0.102816007155047
"3611","5100","PCDH8",-0.527900953374391,-1.64053631022451
"3612","101929709","RIPK2-DT",0.0576971564063631,0.3608823095264
"3613","84971","ATG4D",-0.197827121285183,-0.0278201056642953
"3614","64398","PALS1",0.149515570380186,0.427967138674124
"3615","1678","TIMM8A",0.18129027782302,0.17079805395287
"3616","11016","ATF7",0.158440209896617,-0.0959955526527043
"3617","284114","TMEM102",0.182071765890417,1.61309862491203
"3618","373863","DND1",-0.187159638790036,-0.614389625468727
"3619","55890","GPRC5C",-0.177943537805748,-0.44923267531221
"3620","5210","PFKFB4",-0.225287320883148,-0.299311570784501
"3621","51548","SIRT6",-0.165264772043386,-0.265994623956474
"3622","10015","PDCD6IP",-0.0903134869138613,-0.393167218875003
"3623","285489","DOK7",0.45537327977145,3.16171669238629
"3624","63979","FIGNL1",0.1471727252904,0.0196481785282066
"3625","115825","WDFY2",0.134667284979991,-0.344100850914076
"3626","8535","CBX4",-0.171013098159721,0.0667212015708269
"3627","57226","LYRM2",0.0821256945264457,0.0693466626906378
"3628","84446","BRSK1",0.0338646488439789,0.951914862863344
"3629","10577","NPC2",-0.153305328933719,-0.0996592680494084
"3630","1871","E2F3",0.232284429059701,-0.274667602786873
"3631","967","CD63",-0.245525447395789,0.0150629989895048
"3632","142678","MIB2",-0.193834341387134,-1.44243303314703
"3633","10733","PLK4",0.211213152660728,2.37568763284835
"3634","905","CCNT2",0.0186556432484366,0.251740722280058
"3635","5447","POR",-0.208074287176762,-1.2090574807651
"3636","286205","SCAI",0.218576964105183,1.14100889376258
"3637","7039","TGFA",0.0856322874384388,-0.487539306552841
"3638","197187","SNAI3-AS1",0.157766041427751,-0.230441018430162
"3639","55153","SDAD1",-0.0400525231473772,-0.123070830010505
"3640","57542","KLHL42",0.252308633675296,1.14710129223669
"3641","10068","IL18BP",-0.55971079212758,-0.682718007774864
"3642","84222","TMEM191A",-0.256607885977543,-0.638593072141418
"3643","2997","GYS1",-0.162089033902108,-0.126466390431671
"3644","6038","RNASE4",-0.197908300302026,0.343636705233139
"3645","126567","C2CD4C",0.0774452875583901,1.9719889777016
"3646","1786","DNMT1",0.00965207364733534,0.804168513953036
"3647","64116","SLC39A8",-0.0273667698617173,0.0257599663064436
"3648","4705","NDUFA10",-0.196572100809158,-0.171804029610874
"3649","3652","IPP",0.148273366647238,0.0251557711609869
"3650","7528","YY1",-0.133916575392172,-0.540038713312427
"3651","7855","FZD5",-0.295470712323397,-0.890439833669647
"3652","101752399","STAG3L5P-PVRIG2P-PILRB",-0.074345016489441,-0.372602115164704
"3653","100009676","ZBTB11-AS1",-0.0326829669428321,-0.314982036359729
"3654","9777","TM9SF4",-0.0917045048271712,0.169235785902464
"3655","93474","ZNF670",-0.196808687371847,0.239335529554211
"3656","55654","TMEM127",-0.122262315145042,-0.341427923901565
"3657","7317","UBA1",-0.0238204241448301,-0.00334227918556351
"3658","529","ATP6V1E1",-0.075105472372333,-1.09030269488048
"3659","27044","SND1",-0.057101138392337,0.467610837610479
"3660","10717","AP4B1",-0.0750093045849267,0.0191785201048584
"3661","51499","TRIAP1",-0.119838880651012,-0.947281749411717
"3662","79770","TXNDC15",-0.131270682260963,-0.0651856212873225
"3663","3735","KARS1",-0.0500212542910417,0.0178483664716893
"3664","23390","ZDHHC17",0.19312443585809,0.16775805653115
"3665","4715","NDUFB9",-0.0901519781478157,0.323770245652131
"3666","56672","AKIP1",-0.129914882007185,-0.656595835193731
"3667","2752","GLUL",-0.152348788251048,0.035134434454279
"3668","64121","RRAGC",-0.163705194609054,-1.01185944427503
"3669","143425","SYT9",0.456986971574104,2.48627322819569
"3670","5798","PTPRN",-0.309511168430572,-0.0519747863839131
"3671","9400","RECQL5",-0.154704385945449,-0.341795725780585
"3672","342184","FMN1",0.329776338333728,-1.3072960734363
"3673","4126","MANBA",-0.16618273885411,0.266221035784821
"3674","57524","CASKIN1",-0.263768657868213,0.748902880554394
"3675","112885","PHF21B",0.391770886603271,-0.356626189617322
"3676","6687","SPG7",-0.121612096754527,0.243129776279699
"3677","29899","GPSM2",0.375180064220246,1.93404438244016
"3678","10229","COQ7",-0.0521801295310045,0.00848976483664643
"3679","7761","ZNF214",0.326328308745262,0.965666563363275
"3680","728568","C12orf73",0.181666160934764,-0.330166462418568
"3681","9831","ZNF623",-0.031287003837452,-0.45512479665984
"3682","22794","CASC3",0.0563407866343715,0.0815233269522562
"3683","22900","CARD8",-0.0680228023479996,0.790197956769544
"3684","54839","LRRC49",0.226031135945488,1.52870532355911
"3685","56975","FAM20C",-0.170493664183529,-0.0989161839329835
"3686","6781","STC1",-0.186818703346634,-0.64362544423291
"3687","9611","NCOR1",0.208107095686071,-0.264752347575444
"3688","523","ATP6V1A",-0.139212293964389,-0.500741252163077
"3689","257218","SHPRH",0.254474184645214,0.783408904760032
"3690","57673","BEND3",0.279016832686304,0.692265705896245
"3691","1288","COL4A6",-0.243747921942517,-0.271603895715535
"3692","1615","DARS1",-0.133904460716003,0.429146579778307
"3693","9156","EXO1",-0.0170342149512202,1.84476435451734
"3694","1629","DBT",-0.0569666003809717,0.14934686393383
"3695","94031","HTRA3",-0.450647029006727,0.3272514290316
"3696","10634","GAS2L1",0.167390079036208,0.237776753304318
"3697","27440","HDHD5",-0.330580841121689,1.04603812390377
"3698","6239","RREB1",0.356115200575361,0.289438457859013
"3699","57592","ZNF687",0.0594233906486528,-0.516316815115576
"3700","441531","PGAM4",-0.200847672397561,0.190375895478646
"3701","345557","PLCXD3",0.368034287717626,1.1112028151269
"3702","2297","FOXD1",0.137557451123942,-0.293354939479421
"3703","56259","CTNNBL1",-0.0405083119482272,0.212363054455447
"3704","9581","PREPL",-0.00949328646901026,-0.358863658322973
"3705","348","APOE",-0.330591959410857,0.167515158192877
"3706","83892","KCTD10",0.0784422526317927,-0.00351661741867826
"3707","646","BNC1",0.438200613039708,-0.383144401968361
"3708","10130","PDIA6",-0.212622262925651,-0.0316269749813785
"3709","60485","SAV1",-0.164303851303623,-0.718020246714219
"3710","501","ALDH7A1",-0.21580337895496,0.248453974262154
"3711","22978","NT5C2",0.154476256833183,0.356950967841506
"3712","100996712","SRGAP2D",0.308821402778193,-0.463808552532938
"3713","159686","CFAP58",0.287084816554875,0.564462645274086
"3714","89845","ABCC10",-0.159429403757885,0.00931571417331511
"3715","11223","MST1L",-0.298151072009242,-2.38541635082501
"3716","105371169",NA,-0.417360837428586,-0.00464690674393686
"3717","2954","GSTZ1",-0.131285463927939,-0.779986506924798
"3718","149986","LSM14B",-0.1374950192135,0.289044824340848
"3719","11198","SUPT16H",-0.0216239176487996,0.110473971247188
"3720","80013","MINDY3",-0.0862915948206577,-1.01593317148039
"3721","83439","TCF7L1",0.156028072047095,0.410482872418592
"3722","41","ASIC1",-0.161912555332801,0.124296265269146
"3723","2778","GNAS",-0.0742679590376021,-0.630542733928355
"3724","26137","ZBTB20",0.269901074591256,0.154155175773258
"3725","10653","SPINT2",-0.309205056564362,-0.110070657691764
"3726","399726","MIR1915HG",0.0426626189221704,-0.201944977223394
"3727","10766","TOB2",-0.19008114389104,-0.0923197617470128
"3728","4682","NUBP1",-0.15431584908075,0.153041981019246
"3729","57715","SEMA4G",-0.139926632727931,0.620156765900813
"3730","51096","UTP18",0.251783287908915,0.669594420868325
"3731","6567","SLC16A2",-0.154427672416543,-0.3564902419184
"3732","10949","HNRNPA0",0.00431626313528266,0.274238793670519
"3733","11247","NXPH4",-0.13116298537033,-1.09159409437656
"3734","81926","ABHD17A",-0.134852080860759,-0.101719966844121
"3735","8453","CUL2",-0.075813031209476,0.0454187188215789
"3736","55320","MIS18BP1",0.363286889933851,2.53475091978336
"3737","5300","PIN1",-0.142773559197866,-0.0853772442886482
"3738","7074","TIAM1",0.223144441304058,0.029989217696037
"3739","27316","RBMX",0.152396173956961,0.698322953290612
"3740","23509","POFUT1",-0.128283118520891,0.43567417647552
"3741","26270","FBXO6",-0.135805108985657,-0.111441163141102
"3742","23321","TRIM2",0.222962215304762,0.0113231162239611
"3743","1665","DHX15",0.187703696712197,0.406930859122973
"3744","51678","PALS2",0.232771940916406,0.0220386409121791
"3745","388389","CCDC103",-0.226684409768845,-0.949255275760254
"3746","10297","APC2",-0.229398793653691,-0.69146975587109
"3747","5999","RGS4",0.569187804580759,1.78174168892886
"3748","9990","SLC12A6",-0.124671181640395,-0.503297751584993
"3749","6141","RPL18",-0.164095668487438,-0.0471146592539036
"3750","375790","AGRN",-0.195958733744098,-0.775478335023006
"3751","10194","TSHZ1",0.0967041663715795,0.737845276810201
"3752","84314","TMEM107",-0.155360840888744,0.203198668974701
"3753","9334","B4GALT5",0.0925271942239823,-0.0834467014015061
"3754","399909","PCNX3",-0.0713803930344143,-0.191912807894845
"3755","6018","RLF",0.0918377323944037,0.124482395823383
"3756","84253","GARNL3",-0.106404447233789,0.311642143189675
"3757","3590","IL11RA",-0.176722272424789,0.310026418961838
"3758","78998","RHPN1-AS1",-0.175927908133048,-0.0706370417077318
"3759","2906","GRIN2D",-0.571469456085289,-0.186308596913624
"3760","100499489","LINC03027",0.0854451971523325,-0.0568123763990744
"3761","339929","LPP-AS2",0.441139046376516,0.088270992154965
"3762","4676","NAP1L4",-0.0896923230080082,-0.261712202487939
"3763","5297","PI4KA",-0.0208662227125007,-0.236764893502042
"3764","6051","RNPEP",-0.257512596307645,-1.45100159550318
"3765","55023","PHIP",0.104025151638186,1.26058592719598
"3766","115950","ZNF653",-0.227248316654535,-0.215927098974894
"3767","80152","CENPT",-0.180802598332912,-0.88393741969278
"3768","101059918","GOLGA8R",0.0651460097834415,0.242505815730004
"3769","55500","ETNK1",-0.193994575866832,-0.442870712573094
"3770","24148","PRPF6",-0.0163372993299102,-0.0708464919502774
"3771","79822","ARHGAP28",0.28817138115737,-0.301177827588668
"3772","494143","CHAC2",0.106361676339289,0.263223936879555
"3773","55974","SLC50A1",-0.118220738881668,-0.425397875855293
"3774","104472848","IRAIN",-0.757170812051086,-3.38542251533563
"3775","8648","NCOA1",0.20749009328258,-0.190000030144164
"3776","2747","GLUD2",-0.172887316409725,-0.138362981131436
"3777","9941","EXOG",0.168308113983162,1.11130557767611
"3778","10817","FRS3",0.00146226900072133,-0.0934639767587311
"3779","4001","LMNB1",0.181155772407442,0.161328426106825
"3780","148046","CIRBP-AS1",-0.273031345191403,-0.709332328230412
"3781","8501","SLC43A1",-0.193477042752267,0.575683163865636
"3782","56650","CLDND1",-0.114812085407952,0.0155609195894533
"3783","9538","EI24",-0.174374020866577,-1.5823212230574
"3784","102724642","LOC102724642",0.132817805563646,0.519565591593392
"3785","56241","SUSD2",-0.270581711907546,-0.0156572475349046
"3786","883","KYAT1",-0.157481458581789,0.255873993419801
"3787","57097","PARP11",0.0617702551422545,-0.0774138071206756
"3788","29068","ZBTB44",0.122116467241153,-0.0224942313277587
"3789","83933","HDAC10",-0.157318384614185,-0.667951675272992
"3790","10196","PRMT3",-0.107720194377153,0.0371367567174237
"3791","91544","UBXN11",-0.0531269605500508,0.365299300462082
"3792","54587","MXRA8",-0.236176051785744,0.50581226680618
"3793","54901","CDKAL1",0.0786621181446692,0.363448374208332
"3794","9672","SDC3",-0.210197815992698,-0.655277737183056
"3795","92815","H2AW",-0.226948943535183,-2.29805645827288
"3796","115817","DHRS1",-0.238999727563655,-0.391189694134808
"3797","206412","C6orf163",0.422558194133582,1.11246808325714
"3798","7326","UBE2G1",0.155757685019952,-0.0296072313852909
"3799","100129424","RPL19P12",-0.224785748596347,-0.322193602196186
"3800","145788","PIERCE2",0.200149877706805,0.581781875950467
"3801","7247","TSN",-0.131400106342146,-0.103020726577785
"3802","7458","EIF4H",-0.117433456384314,-0.563053738504125
"3803","5238","PGM3",-0.0260051891358346,-0.000180437068650008
"3804","10165","SLC25A13",0.0242820146436769,0.0986665470858883
"3805","51006","SLC35C2",-0.160798625613626,-0.103686716479142
"3806","54495","TMX3",-0.17275670166558,0.273624292298224
"3807","5208","PFKFB2",0.036692337578943,-0.656792216575496
"3808","6654","SOS1",0.148949805703865,-0.543727124654717
"3809","4885","NPTX2",-1.10787305049341,-3.71962555046605
"3810","3832","KIF11",0.38051922631622,2.982507093355
"3811","153769","SH3RF2",0.178464419893301,-0.0361558128742079
"3812","5106","PCK2",-0.370356854844068,-0.118317254648926
"3813","8853","ASAP2",0.237917109116863,-0.126016266307225
"3814","114791","TUBGCP5",-0.0852692897142413,0.0644111367424225
"3815","64427","TTC31",-0.070132599068379,0.366995547365612
"3816","729633","MRS2P2",-0.247232741119332,0.0517825355680958
"3817","548645","DNAJC25",-0.0753451238430074,-0.433926305254388
"3818","84449","ZNF333",-0.203210381692024,-0.725281959866014
"3819","23507","LRRC8B",0.418495264763771,-0.166920088597416
"3820","9744","ACAP1",0.174514727911052,-0.378316553866205
"3821","51293","CD320",-0.296033436054141,0.387974546839864
"3822","6904","TBCD",-0.0940322960601705,0.0802716484483632
"3823","8675","STX16",-0.11069521329952,-0.635140067096108
"3824","285203","EOGT",-0.0347172357720478,0.303853006635554
"3825","29925","GMPPB",-0.0890716491238281,0.0542284027132043
"3826","347344","ZNF81",0.271387394654905,0.360233339700619
"3827","55617","TASP1",0.0878157733629106,-0.056475675532655
"3828","7071","KLF10",-0.612849926349254,-1.95857651569943
"3829","60681","FKBP10",-0.153665124947576,0.251814307274227
"3830","1490","CCN2",0.0420924073901414,0.354391220598055
"3831","8899","PRPF4B",-0.0165488226899999,0.0835591921934213
"3832","51382","ATP6V1D",-0.0192969406667283,-0.394402057881804
"3833","78991","PCYOX1L",-0.13189015636418,-0.837775606239988
"3834","84669","USP32",0.132099355848415,-0.21788476263712
"3835","29086","BABAM1",-0.0964655357663018,-0.127981698508131
"3836","5730","PTGDS",-0.725736755126629,0.124856593537777
"3837","51091","SEPSECS",0.22328624778212,-0.198490053618015
"3838","1408","CRY2",0.163554864483434,0.414064434391539
"3839","80176","SPSB1",0.27918160832939,-0.877107095549738
"3840","643866","CBLN3",0.279736673846036,0.496736516540852
"3841","129880","BBS5",0.174969518216246,0.99407455831052
"3842","81532","MOB2",0.0814020072890385,-0.338085023459199
"3843","91664","ZNF845",0.0395388326520556,-0.218252020933178
"3844","60386","SLC25A19",-0.210712498370715,-0.476624105441516
"3845","55027","HEATR3",0.218283828181356,0.209357925382533
"3846","4668","NAGA",-0.100689674633261,-0.231904435156284
"3847","54549","SDK2",-0.152137621719187,1.04618066045548
"3848","340359","KLHL38",0.0108466493246064,0.102382456385842
"3849","9144","SYNGR2",-0.205144556324856,-0.0232890750281944
"3850","286101","ZNF252P",0.168288524978876,0.476953343536384
"3851","23300","ATMIN",0.0961847396951763,-0.196072261133521
"3852","55147","RBM23",0.0932683805046262,-0.00210412628359258
"3853","84289","ING5",0.122116292031663,0.260878667504055
"3854","821","CANX",-0.10190001623006,-0.0143283097101587
"3855","5318","PKP2",0.132040727853967,0.590882360901972
"3856","23235","SIK2",0.132014533285171,-0.320739186033335
"3857","54535","CCHCR1",-0.16974936730146,0.745923122361681
"3858","84957","RELT",-0.269561393932957,-0.670078367539189
"3859","6748","SSR4",-0.20148810612144,-0.0955464013593579
"3860","51317","PHF21A",0.179059195878611,0.254161888786625
"3861","23554","TSPAN12",-0.116929459729755,0.0800280200368375
"3862","2720","GLB1",-0.0822127344915229,0.0625087317880348
"3863","9851","KIAA0753",0.218266014334286,-0.609951244214454
"3864","51253","MRPL37",-0.0493534326549518,-0.10494104436791
"3865","5883","RAD9A",-0.0839290912294115,0.0840193534796598
"3866","10650","PRELID3A",0.0594613850578147,-0.0766805912869534
"3867","2935","GSPT1",-0.0134253070539962,0.0415525753750465
"3868","147015","DHRS13",-0.242670871976907,0.180735905871027
"3869","51171","HSD17B14",-0.166719281553498,-0.136045689981489
"3870","22803","XRN2",-0.0716554713784658,-0.0833933145665844
"3871","221786","FAM200A",0.133876122028067,-0.262808255366604
"3872","6810","STX4",-0.135380681016574,0.144232913020971
"3873","8086","AAAS",-0.159068448738036,0.460631981356689
"3874","29104","N6AMT1",0.128117778800965,1.26696205903982
"3875","26205","GMEB2",-0.0313677203261191,-0.37373454574599
"3876","54498","SMOX",-0.275289506277347,-1.09358137913505
"3877","51148","CERCAM",-0.174148252413773,-0.013147922052192
"3878","51094","ADIPOR1",-0.103940213556818,-0.09176633710267
"3879","1869","E2F1",-0.312487159506182,-0.544745231536861
"3880","28962","OSTM1",-0.0561142259565424,-0.695951132699719
"3881","100505549","ATP8B1-AS1",0.250246251489244,-0.138156512186574
"3882","64759","TNS3",0.205687279824589,-0.641619380868551
"3883","2184","FAH",-0.142224037782631,-0.0847093923774431
"3884","56061","UBFD1",-0.149204465584796,-0.500937268957643
"3885","100419583","LOC100419583",0.279623297689736,-0.336884972473863
"3886","285315","C3orf33",0.122139957001183,0.643443710551546
"3887","81620","CDT1",0.0675462641385547,1.71452233496886
"3888","55000","TUG1",0.125017564779169,-0.141746424948984
"3889","131149","OTOL1",0.3486971344981,-0.332012091111964
"3890","57472","CNOT6",0.0928563909681905,-0.66430538523655
"3891","145508","CEP128",0.240295669419143,2.11097673151304
"3892","1112","FOXN3",0.18520349149131,-0.0637764467998743
"3893","9519","TBPL1",-0.112023497917479,-0.392472602047664
"3894","79174","CRELD2",-0.204802751163841,-0.0948733188896878
"3895","100131067","CKMT2-AS1",0.273009102034387,-0.264348359182467
"3896","2021","ENDOG",-0.390594680610954,0.285955273387146
"3897","55244","SLC47A1",-0.131887951745763,0.760948338540037
"3898","10623","POLR3C",0.0720440137402774,0.194971538410403
"3899","6714","SRC",0.122450711505016,-1.18008194975458
"3900","6734","SRPRA",-0.100567890523047,0.133907496186858
"3901","9442","MED27",0.0341191750954626,0.100762788840748
"3902","55266","TMEM19",-0.105518291378653,0.414203450290916
"3903","29950","SERTAD1",-0.378416869557584,-1.57038648812942
"3904","9513","FXR2",-0.0762811101771517,-0.0514965588705918
"3905","728554","LOC728554",-0.265391487231517,-0.339940317912463
"3906","1287","COL4A5",-0.109368197374934,-0.102020883984865
"3907","5366","PMAIP1",-0.851638909277023,-2.75980518882254
"3908","259266","ASPM",0.454674824864041,3.48369878945764
"3909","203228","C9orf72",0.103977397061409,-0.454436846859127
"3910","84083","ZRANB3",0.17828464874707,0.439372271155431
"3911","3270","HRC",-0.147389124060574,0.356017100111448
"3912","22883","CLSTN1",-0.10946622248839,0.186356785776079
"3913","3714","JAG2",-0.0695784378280075,-0.621278122386741
"3914","253769","WDR27",-0.155386364756152,-0.612835649337895
"3915","58190","CTDSP1",0.156272742640204,0.565365532716315
"3916","57130","ATP13A1",-0.103327126020874,-0.37350427352086
"3917","54874","FNBP1L",0.204250423991175,-0.520375244133262
"3918","5198","PFAS",-0.0309359880031321,1.59418265617254
"3919","10920","COPS8",-0.0405896735788138,-0.25537944331393
"3920","8220","ESS2",0.0559729950481858,0.536677073157937
"3921","25911","DPCD",-0.0964111338602338,-0.100729677342906
"3922","92017","SNX29",0.232543044582046,-0.739474096080412
"3923","10600","USP16",0.156172246736339,-0.0589298856299898
"3924","85025","TMEM60",-0.149014728495511,-0.620450675647535
"3925","79731","NARS2",-0.113101599282264,0.901293885075758
"3926","92799","SHKBP1",-0.0843507457871775,-0.19075900293466
"3927","101927275","NDUFV2-AS1",-0.526840023649822,-0.856408858938985
"3928","1138","CHRNA5",-0.256897872143091,0.175262884593369
"3929","53635","PTOV1",-0.127065356583755,0.157330238899618
"3930","2030","SLC29A1",-0.203634940515677,0.298747052303693
"3931","339803","C2orf74-DT",0.281609960934361,0.795592564770617
"3932","23398","PPWD1",0.203174081744622,0.408896694908805
"3933","58497","PRUNE1",0.195686789674796,0.944435275573958
"3934","27069","GHITM",-0.0995516689236648,-0.359063264229189
"3935","103091866","LINC01145",-0.295439518308789,-0.84758471872414
"3936","57082","KNL1",0.482797986650479,2.2296941636118
"3937","610","HCN2",-0.195893094742571,-1.31897773973394
"3938","123879","DCUN1D3",-0.110696862269465,-0.853791018962384
"3939","84888","SPPL2A",-0.125530290439871,0.0332089073178814
"3940","155066","ATP6V0E2",-0.145361747844565,0.228046544564014
"3941","133022","TRAM1L1",0.261909295223946,0.787990009683607
"3942","6607","SMN2",0.127929980895249,-0.252067187872944
"3943","166929","SGMS2",0.0964720525886511,-1.25635787989501
"3944","100506713","ALOX12-AS1",-0.179609281983305,-0.564671548450374
"3945","51202","DDX47",0.0280593134591278,0.175122285105692
"3946","55773","TBC1D23",-0.107292082650505,-0.332727738628867
"3947","3589","IL11",0.293920910849729,-0.0163444744571701
"3948","57175","CORO1B",-0.186744888188554,-0.79558666679393
"3949","10531","PITRM1",-0.141403165575396,-1.18223264574816
"3950","402483","LINC01000",0.240823950177311,-0.118008796901465
"3951","51629","SLC25A39",-0.0501217429615899,-0.257152445235396
"3952","51300","TIMMDC1",-0.144558417619304,-0.291616305884638
"3953","254122","SNX32",-0.322107728892169,-0.963342208931282
"3954","84954","MPND",-0.145726356156083,-0.0370115819076835
"3955","84275","SLC25A33",-0.0583034623136673,0.204358587617657
"3956","8087","FXR1",-0.0531215503589957,0.136705773805176
"3957","6811","STX5",-0.0849839633660601,-0.803577458262042
"3958","124790","HEXIM2",0.190190973230008,-0.574450977053943
"3959","6118","RPA2",-0.115885805863551,0.520365405540323
"3960","83460","EMC6",-0.324547628128541,-0.378338699626861
"3961","1371","CPOX",-0.129742659148486,-0.309588919353887
"3962","57701","NCKAP5L",-0.154431044887924,-0.0435195890867766
"3963","57669","EPB41L5",-0.18378338391777,-0.266996024332658
"3964","7481","WNT11",-0.145066586548206,1.28635342143927
"3965","84864","RIOX2",0.0873933236292266,0.665767751953297
"3966","7511","XPNPEP1",-0.0476224835547843,0.154139304421573
"3967","5981","RFC1",0.0382359343322722,0.809286413995952
"3968","55290","BRF2",0.235357216988578,0.0813108324823277
"3969","100505696","SH3BP5-AS1",-0.117202178160139,-0.299366153263183
"3970","26020","LRP10",-0.201628827040659,-0.689378510081491
"3971","90379","DCAF15",-0.0189662509408466,0.0683348583863843
"3972","163051","ZNF709",0.3052163908909,0.0582591791251652
"3973","4267","CD99",-0.209877257992568,0.0955141714089418
"3974","79930","DOK3",-0.273225042131812,0.19079009042315
"3975","1743","DLST",-0.0607301035061578,-0.0777303110606749
"3976","687","KLF9",-0.422890013703952,0.684144187934947
"3977","2907","GRINA",-0.212936844526311,0.108685183256743
"3978","23530","NNT",-0.0816662293651014,0.636716138431627
"3979","1938","EEF2",-0.135279556915844,-0.146617103534149
"3980","79912","PYROXD1",0.209664760394579,0.131866393170562
"3981","171017","ZNF384",0.150344930073183,-0.143162215025499
"3982","339942","H1-10-AS1",-0.354582301639996,0.183410897922202
"3983","3344","FOXN2",-0.247906803240388,-0.432760849906845
"3984","26037","SIPA1L1",0.277178768426948,1.16538812685679
"3985","51507","RTF2",-0.0508115773948408,-0.123013147327523
"3986","50512","PODXL2",-0.214149601284812,0.711786188317579
"3987","51075","TMX2",-0.0808766035723769,0.359317619190936
"3988","2157","F8",-0.144224585104166,-1.79019617785084
"3989","79441","HAUS3",0.145871450092396,0.583681782631135
"3990","64168","NECAB1",0.265854192958831,0.459407067417017
"3991","728323","LINC01881",0.0143201377393806,-0.387830300831829
"3992","57563","KLHL8",0.0544352862474153,-0.0762884181225121
"3993","84614","ZBTB37",0.204166816731406,-0.245848583241099
"3994","92070","CTBP1-DT",-0.226084097999937,-0.899679158479027
"3995","8347","H2BC4",0.181569413441486,-1.73776875362254
"3996","80725","SRCIN1",-0.217402449134321,-0.305004762373723
"3997","9554","SEC22B",0.0995919345780809,0.19977160503873
"3998","1947","EFNB1",0.0171641993556584,-1.45457608049923
"3999","4520","MTF1",-0.120917342390636,-0.255056147138661
"4000","2983","GUCY1B1",-0.121459595710895,0.657083870845895
"4001","643699","GOLGA8N",0.054927008828461,0.170492964679103
"4002","10654","PMVK",-0.143031504883609,-0.0940938782806739
"4003","79084","WDR77",-0.0667264051768415,-0.328237856195175
"4004","5654","HTRA1",-0.150557046122783,0.171037112455767
"4005","64840","PORCN",-0.086102022967915,0.198841357886695
"4006","51279","C1RL",-0.342023620361998,-0.218751893498954
"4007","641311","RPL31P11",-0.317036640055081,-0.128573742020835
"4008","51622","CCZ1",-0.0669418090807063,-0.290368685936693
"4009","7145","TNS1",0.316746688435749,1.53216201196305
"4010","91695","RRP7BP",0.0793446199809043,0.175120819654256
"4011","8531","YBX3",-0.154038023988628,-1.97435591226219
"4012","9236","CCPG1",-0.0923421777974944,0.418069613457018
"4013","5715","PSMD9",-0.0890770577949613,-0.0194412624795248
"4014","4670","HNRNPM",-0.161888800547356,0.218681000657244
"4015","1903","S1PR3",-0.317548514939709,-0.578540487899785
"4016","5230","PGK1",-0.362801003373182,-0.120756359415706
"4017","54995","OXSM",0.333099419791749,-0.0168434332810472
"4018","285704","RGMB",-0.161883138122157,-0.00293070432628539
"4019","7884","SLBP",0.186511479810417,0.751052659896065
"4020","10570","DPYSL4",-0.249922754556158,-2.49131176160474
"4021","80204","FBXO11",0.20621550230095,0.0319104311587095
"4022","4747","NEFL",-0.130981239825062,-1.93380511733645
"4023","2734","GLG1",-0.0881812989598449,0.00382754162129206
"4024","84747","UNC119B",-0.126667595983213,-0.16229987760919
"4025","147686","ZNF418",0.25150206001043,0.0280997263957696
"4026","55017","C14orf119",-0.0304821780294313,-0.706399286726723
"4027","7439","BEST1",-0.0824444224627707,-0.262480503450052
"4028","55333","SYNJ2BP",0.0839905383209318,0.376168901175054
"4029","6301","SARS1",-0.106423037902413,-0.86741357711029
"4030","9555","MACROH2A1",-0.138626044314138,-0.398753687818185
"4031","4293","MAP3K9",0.228983961906585,-0.0914730515462763
"4032","55343","SLC35C1",0.25736766842484,0.134840829160668
"4033","83604","TMEM47",-0.228371956765136,-0.678297576379441
"4034","10103","TSPAN1",-0.377406116970822,-1.60596319555969
"4035","10899","JTB",-0.146973482872341,0.209796034954979
"4036","54432","YIPF1",-0.134006399904953,0.0657691674360183
"4037","5412","UBL3",-0.170804618435163,-0.430699987284665
"4038","9080","CLDN9",-0.522835053020476,-2.31123925165496
"4039","84844","PHF5A",-0.0270792041766708,-0.214599407390854
"4040","85236","H2BC12",-0.157290792725044,-1.29112928756355
"4041","3679","ITGA7",-0.212272594111061,0.243911702237906
"4042","723790","H2AC19",-0.242860296199766,-2.62834744890048
"4043","55592","GOLGA2P5",-0.194705914622011,0.0596433498045199
"4044","7272","TTK",0.464163263150402,3.14326935494929
"4045","90956","ADCK2",-0.161002258530646,0.341644553431348
"4046","5213","PFKM",-0.164062073079666,0.921792083556166
"4047","51339","DACT1",0.114571122593125,0.0601759611492554
"4048","100506302","RBM33-DT",0.273507776362554,-0.685107748940253
"4049","8861","LDB1",0.0379623416915207,-0.453763912810054
"4050","1497","CTNS",0.088548997220995,0.0762285316065014
"4051","401548","SNX30",0.142995975183665,-0.392665796607467
"4052","2192","FBLN1",-0.212441600387709,0.326348924786672
"4053","51134","CEP83",0.209340406062104,1.19987138931126
"4054","6002","RGS12",0.143897899010691,-0.244777822349514
"4055","337876","CHSY3",0.242427188709184,0.460784420726136
"4056","3712","IVD",-0.129347465838843,0.258795706813614
"4057","252839","TMEM9",-0.201628373826102,0.22637626357312
"4058","101928062","PRANCR",0.251995004506689,-0.426438218945053
"4059","10994","ILVBL",-0.23559692263736,1.29976565963438
"4060","494513","PJVK",0.0845007906770065,-0.683181644435253
"4061","7398","USP1",-0.171174390553707,0.432918941816356
"4062","56913","C1GALT1",0.00821924085584413,0.1644457908946
"4063","4281","MID1",0.327537176834476,0.50827651084652
"4064","57462","MYORG",-0.237871045259847,-0.507511525542402
"4065","8555","CDC14B",0.12393601723139,0.366275987714633
"4066","4552","MTRR",-0.0117494284015827,0.0279348423413408
"4067","91647","ATPAF2",-0.059100670925762,-0.839562849314698
"4068","54955","C1orf109",-0.094869251572633,0.0539682204648657
"4069","3949","LDLR",0.231158820044688,0.390271272419711
"4070","9894","TELO2",-0.129222420846498,0.295082132362301
"4071","8731","RNMT",-0.0622369690151992,0.117573576165567
"4072","9456","HOMER1",0.276687634606358,0.403625533106969
"4073","1785","DNM2",-0.0430760349110075,-0.00642690637616372
"4074","2137","EXTL3",-0.0486430683473058,0.0589451935580163
"4075","112399","EGLN3",-0.39278379373963,-1.17270048001143
"4076","23092","ARHGAP26",0.220327487003624,0.0952630771658809
"4077","64794","DDX31",0.236961252805315,-0.0139459831782625
"4078","1738","DLD",-0.129728677397773,0.434227829362879
"4079","10200","MPHOSPH6",0.167922206538596,1.7790385599483
"4080","2131","EXT1",0.258435847312795,0.450463241319738
"4081","27332","ZNF638",0.189191615065088,0.0470025051715677
"4082","112","ADCY6",-0.167029548477434,0.16389620130736
"4083","79729","SH3D21",-0.129458237948279,0.00288486129077992
"4084","51172","NAGPA",-0.185676051216238,0.331060357259572
"4085","375444","C5orf34",0.276200691608406,1.79631769880984
"4086","30968","STOML2",-0.140679149137026,0.0244439738279185
"4087","9401","RECQL4",-0.171300516476365,0.264774044001289
"4088","25827","FBXL2",0.157611614862103,-0.570711047989925
"4089","6130","RPL7A",-0.115348867977383,0.00846672928538705
"4090","23161","SNX13",0.121606179460425,0.257665183065193
"4091","84542","SANBR",0.208365673913632,-0.127160660721481
"4092","102724594","LOC102724594",0.00654717089545542,-0.0247389289923401
"4093","56254","RNF20",-0.027672963021578,0.255842363244021
"4094","79709","COLGALT1",-0.141120201980398,0.0869468312716632
"4095","26276","VPS33B",-0.175848866105377,-0.475417527692673
"4096","868","CBLB",0.351151638462053,-0.0941656675243099
"4097","26508","HEYL",0.302580281041946,0.875978113149881
"4098","23366","KIAA0895",-0.101919422231744,0.572401907810702
"4099","118426","BORCS5",0.107628580471554,-0.348120455008472
"4100","80271","ITPKC",-0.0752795580908234,-1.52750363514644
"4101","6601","SMARCC2",-0.126128635767553,0.0966266542253287
"4102","83640","RAMAC",-0.0829586933645095,-0.340626622469999
"4103","6774","STAT3",-0.106530199706247,-0.763038021681783
"4104","476","ATP1A1",-0.0718941760153182,0.0288006294703411
"4105","60312","AFAP1",0.421612621340552,1.08948241086892
"4106","51667","NUB1",-0.0233283157802244,0.0081728422494125
"4107","100288695","LIMS4",0.17713035228454,-0.927959051229495
"4108","8887","TAX1BP1",-0.0948752927779521,-0.260784347730581
"4109","79968","WDR76",0.184894626690705,2.68631880724695
"4110","55197","RPRD1A",0.0820722620373102,0.525977238283688
"4111","7812","CSDE1",-0.0287806390135898,-0.0653691147768694
"4112","57553","MICAL3",0.228277668365016,0.176965497318836
"4113","728485","LOC728485",0.409320949695889,0.404940046104597
"4114","28955","DEXI",-0.0797963352080275,-0.373482616212571
"4115","100127983","C8orf88",0.224586238809746,0.90923177438266
"4116","145407","ARMH4",-0.107152238673966,0.475387232624271
"4117","64881","PCDH20",-0.282591888614168,-0.154968902701308
"4118","23365","ARHGEF12",0.115260203399484,0.0598768589247536
"4119","84058","WDR54",-0.385733560692756,0.445164794575404
"4120","27246","RNF115",0.135322305641663,0.375572423855405
"4121","641298","SMG1P1",0.210231675262577,0.0205045304635472
"4122","66004","LYNX1",-0.385612489213125,-1.43937288929431
"4123","875","CBS",-0.133229341712341,0.672898854127753
"4124","25921","ZDHHC5",0.112378259056097,-0.199716391784936
"4125","2135","EXTL2",-0.0502247240937939,1.09084867582318
"4126","90196","SYS1",-0.153317020801554,-0.116557557704996
"4127","55250","ELP2",-0.0737767307029547,0.0567726982774186
"4128","55139","ANKZF1",-0.258331700213201,0.0959197116697537
"4129","6890","TAP1",-0.330090154310884,-2.91674782131836
"4130","84296","GINS4",-0.234689749296689,0.0159252896116397
"4131","113201","GOLM2",-0.0371879009648204,0.120567365910222
"4132","6741","SSB",-0.0594317362860854,0.205350835485211
"4133","285513","GPRIN3",0.596708586522821,2.39921864626357
"4134","101929147","WARS2-AS1",0.12396216178371,-0.0264425311160774
"4135","100506599","PPP1R26-AS1",-0.281935172582411,-0.978752122740397
"4136","23193","GANAB",-0.121127515334473,-0.0681714296170775
"4137","143384","CACUL1",0.122135317980888,-0.341457209716768
"4138","80017","DGLUCY",-0.192708435032321,0.682069346418541
"4139","3916","LAMP1",-0.179817788973416,-0.634708729529942
"4140","90161","HS6ST2",-0.144965078253738,-0.253604594435036
"4141","57794","SUGP1",-0.107361398679177,-0.113269638166406
"4142","10643","IGF2BP3",0.196380819800704,-0.289910626944448
"4143","9701","PPP6R2",-0.0787171231401373,-0.0500926846541283
"4144","51154","MRTO4",-0.120617748287482,0.153553179516318
"4145","1781","DYNC1I2",-0.0468225803318116,-0.282630893538238
"4146","10534","ZNRD2",-0.0369187282349221,-0.31327620630315
"4147","127396","ZNF684",0.140431505290113,0.132795837622036
"4148","80031","SEMA6D",0.490445447251985,1.48956238064094
"4149","100506930","LINC00665",0.142985448812756,0.260495790001842
"4150","83999","KREMEN1",-0.170830457528321,-0.976649390428246
"4151","23417","MLYCD",-0.188697381944715,-0.197659474202897
"4152","9444","QKI",0.255910661327166,0.874906561049028
"4153","55137","FIGN",0.382745593059341,1.21940327942887
"4154","57169","ZNFX1",0.0328977670996906,-0.847848066712612
"4155","339894","LINC00880",0.112352291374902,-0.491776771774681
"4156","4140","MARK3",0.0525525942507095,0.209135015003261
"4157","8482","SEMA7A",0.260563377595886,0.701273862208071
"4158","2101","ESRRA",-0.236152961842627,-0.0566061830032378
"4159","54890","ALKBH5",-0.159320733933709,-0.118905269114476
"4160","10181","RBM5",-0.106197673537824,-0.143298133140268
"4161","6664","SOX11",-0.350714552047572,-0.735854927536799
"4162","27229","TUBGCP4",-0.116097200831964,0.30698917812177
"4163","114783","LMTK3",-0.228226827518237,1.13285810337171
"4164","9126","SMC3",-0.0660219367848782,0.424690641304121
"4165","9913","SUPT7L",-0.0228109684912488,-0.330809828840017
"4166","1027","CDKN1B",-0.204659764239615,0.111897856426368
"4167","11228","RASSF8",0.139765656222869,-0.00907994203473983
"4168","100507246","SNHG16",0.149238069648937,0.224013833186437
"4169","64222","TOR3A",-0.277862044324928,-0.818464529397837
"4170","55054","ATG16L1",-0.0722933835897512,-0.531186794127954
"4171","83481","EPPK1",0.0343427281917368,-1.138915131578
"4172","5324","PLAG1",-0.122792591698004,0.217699827992677
"4173","57693","ZNF317",0.130531046963619,-0.124415113995758
"4174","93594","TBC1D31",0.213682501969481,0.0333432990422309
"4175","100506779","TSPOAP1-AS1",-0.144411912437973,-0.534092875454655
"4176","127602","DNAH14",0.203634284465301,0.703053052728191
"4177","56948","SDR39U1",-0.169594966626412,0.102404269060306
"4178","10612","TRIM3",-0.278905199529868,-1.59269217807267
"4179","123096","SLC25A29",-0.244168009632063,0.125878972143733
"4180","11285","B4GALT7",-0.197900159554974,-0.137329854492486
"4181","8665","EIF3F",-0.0600426255544768,0.0661906828419347
"4182","57704","GBA2",-0.149527196643556,0.0736801433129344
"4183","50636","ANO7",-0.121115206384728,0.101607940730478
"4184","653659","TMEM183BP",0.0636845724580475,-0.150504277774288
"4185","22898","DENND3",0.0599463373012088,-0.347156557585556
"4186","25852","ARMC8",0.075818302893377,0.487824677601703
"4187","9337","CNOT8",-0.157073304388021,-0.00556900939022409
"4188","57621","ZBTB2",-0.189694505006878,-0.727128621478747
"4189","23308","ICOSLG",0.139763718360511,-2.40810337222003
"4190","7727","ZNF174",0.203748788888896,0.00365785650358541
"4191","57683","ZDBF2",-0.134665654115795,-0.154962439540289
"4192","149603","RNF187",-0.177540095058235,0.0718959495791331
"4193","10682","EBP",-0.140406187137067,0.439949032753448
"4194","23210","JMJD6",0.158138285424034,0.805333052021778
"4195","27302","BMP10",0.420623165721054,-0.257929585740771
"4196","9517","SPTLC2",0.242652073655919,0.725386397419796
"4197","9627","SNCAIP",0.0822557499870833,0.169781130186921
"4198","23112","TNRC6B",0.293085462347314,-0.0395823032698646
"4199","4771","NF2",0.214932867107147,0.54294424317798
"4200","57786","RBAK",0.208091327977775,0.294506968644433
"4201","56654","NPDC1",-0.240992829057762,-0.00787192506533252
"4202","7050","TGIF1",0.146163569735886,-1.43702938530239
"4203","54977","SLC25A38",-0.17020737860213,0.0387939026717614
"4204","55627","SMPD4",-0.0709615014371918,-0.0603611083909286
"4205","91522","COL23A1",-0.292863808857515,-0.0935239518893483
"4206","2107","ETF1",-0.0954631915693289,-0.354661838940819
"4207","1907","EDN2",0.225524531901256,-1.4024121307239
"4208","2138","EYA1",0.222751708315838,0.056698260510057
"4209","9026","HIP1R",-0.148065673992719,-1.69438217205881
"4210","11311","VPS45",-0.0361730049805606,0.556803526423628
"4211","5326","PLAGL2",0.0887420914093857,0.375503236011382
"4212","22859","ADGRL1",-0.0816349681325219,-0.341186764448418
"4213","653583","PHLDB3",-0.200898994532016,-1.06878579771653
"4214","132014","IL17RE",-0.084722950152287,0.640206626276892
"4215","83648","FAM167A",-0.112164473436049,-2.3070559295438
"4216","7416","VDAC1",-0.0596004368406771,0.106137367606907
"4217","1997","ELF1",0.168210438227301,-0.332598184037006
"4218","5709","PSMD3",-0.117751773876865,0.409568151787355
"4219","219749","ZNF25",0.112763797505052,-0.114802559748341
"4220","5931","RBBP7",-0.184213184708233,0.422809429604996
"4221","7417","VDAC2",-0.091310538784338,0.155291097044373
"4222","80146","UXS1",-0.0300704108609011,-1.19312260366052
"4223","144608","C12orf60",-0.230973553204799,0.0783871428522576
"4224","84080","ENKD1",-0.198797623169036,0.0368204299765709
"4225","56963","RGMA",-0.748405580228103,-6.66327654357121
"4226","183","AGT",-0.109097718449843,0.415189545290989
"4227","388407","LINC02875",-0.360749329213555,-3.09973715640578
"4228","29078","NDUFAF4",0.241510233495044,0.489918387784818
"4229","9837","GINS1",0.0596880425066928,1.38981259517908
"4230","3764","KCNJ8",0.267411034645094,0.505637644142501
"4231","1777","DNASE2",-0.164134157388545,0.0393325561277384
"4232","199720","GGN",-0.223179789466208,-0.885245793469433
"4233","79665","DHX40",-0.067040223913434,0.320500834573461
"4234","84688","C9orf24",-0.0231746743415741,0.00883974360056838
"4235","253143","PRR14L",0.239350087472079,-0.413734844333443
"4236","1017","CDK2",-0.176489925859126,0.479909086753658
"4237","50814","NSDHL",-0.0555847607926081,0.281235889151394
"4238","55703","POLR3B",0.182162217872489,0.727131804005797
"4239","256987","SERINC5",-0.18839440506624,-1.48023341599692
"4240","90324","CCDC97",0.0165390811267558,-0.016625330409151
"4241","5356","PLRG1",-0.0832394950245643,0.147237216697055
"4242","91749","MFSD4B",0.0606127053207448,-0.325585779881274
"4243","80010","RMI1",-0.276704700173298,0.668904576705198
"4244","3913","LAMB2",-0.144631725435076,0.178981209106299
"4245","343450","KCNT2",-0.381550263471876,0.511761845879449
"4246","2537","IFI6",-0.0749387826433843,-0.677294442855414
"4247","375757","SWI5",-0.107726874439802,0.0248944275311516
"4248","84283","TMEM79",-0.162821221056404,0.141708725015508
"4249","201725","C4orf46",0.25633429196807,1.26742691555413
"4250","36","ACADSB",-0.0880592092796526,0.0542414323446696
"4251","56931","DUS3L",-0.147338860089552,-0.0319767138313041
"4252","140831","ZSWIM3",-0.211730006854846,-0.209196115086669
"4253","10622","POLR3G",0.302528491690586,0.263628932490143
"4254","148362","BROX",-0.214501442003,-0.1470365063579
"4255","10152","ABI2",0.0937750611361752,-0.00844591697323782
"4256","2632","GBE1",-0.102501677416989,0.42893602900498
"4257","79960","JADE1",0.0444922881584828,0.0715308906948939
"4258","23612","PHLDA3",-0.135773797801416,-0.634774293290952
"4259","105377200",NA,-0.129022206788215,-1.45466350079705
"4260","10296","MAEA",0.105775285830322,0.0435507783005962
"4261","2063","NR2F6",-0.134055153678898,-0.177040258821413
"4262","3838","KPNA2",-0.0671814079525097,0.804692356381701
"4263","93099","DMKN",-0.134895672536044,-0.0530965625943587
"4264","92609","TIMM50",-0.0812290630249892,0.396573383356207
"4265","112616","CMTM7",-0.208377656774028,-0.453133891704774
"4266","375748","ERCC6L2",0.120866353617902,-0.287456560048001
"4267","51652","CHMP3",-0.183773841164619,-0.1393108090864
"4268","84926","SPRYD3",-0.0337370500134124,0.0127107468357632
"4269","6660","SOX5",0.138337856250883,-0.268039111511189
"4270","54776","PPP1R12C",-0.0945750838169186,-0.172236867632173
"4271","84306","PDCD2L",0.0944979736038185,0.567397138298832
"4272","79896","THNSL1",0.0297638539905209,-0.579637383196037
"4273","79157","MFSD11",-0.0896648404838007,0.321840940093688
"4274","7182","NR2C2",0.251495671000108,0.0615196495475145
"4275","101","ADAM8",-0.195586276929894,-0.91215082752324
"4276","26229","B3GAT3",-0.195824427963914,-0.230651737918515
"4277","115290","FBXO17",-0.150640126068212,1.53926150206163
"4278","81622","UNC93B1",-0.226261559022487,-0.656679033820766
"4279","127833","SYT2",0.511923683825234,1.49410729106417
"4280","10479","SLC9A6",-0.133707426381632,0.511322817522398
"4281","54108","CHRAC1",-0.0251187178399865,0.207048313478244
"4282","80222","TARS2",-0.217818971461495,1.18958961357114
"4283","64983","MRPL32",-0.169120970504657,-0.200075711754114
"4284","283237","TTC9C",0.0253726688184166,-0.0541445908513465
"4285","10300","KATNB1",-0.0784423732612902,0.127232579923152
"4286","22976","PAXIP1",0.0124023147622405,-0.0237744283792014
"4287","23576","DDAH1",0.334690077636849,-1.08541656314468
"4288","84285","EIF1AD",-0.116601698844101,-0.264859294437709
"4289","100128569","TEKTIP1",-0.222687676335493,0.266991231106631
"4290","8882","ZPR1",-0.0925632811985624,-0.729542497473387
"4291","7529","YWHAB",-0.11560727236874,-0.206800509525795
"4292","100506548",NA,-0.188004613156257,-0.189446200466533
"4293","51759","C9orf78",-0.0507281140710374,-0.266685234189647
"4294","57157","PHTF2",-0.0220175664214004,-0.0398356999541321
"4295","6809","STX3",0.120217508101922,-0.81199397935961
"4296","3613","IMPA2",-0.297161101376007,-0.321232451747651
"4297","79944","L2HGDH",-0.109935828154073,0.977970519177219
"4298","7474","WNT5A",0.251618909011383,2.59750730229411
"4299","119587","CPXM2",-0.107300419118598,-0.457638544504052
"4300","83732","RIOK1",-0.0295737846797319,-0.00139497941267575
"4301","1294","COL7A1",-0.209308983906895,-0.961273930155119
"4302","8884","SLC5A6",-0.136862403278887,0.0932761815897223
"4303","100132356","LOC100132356",-0.115817853675973,-0.565894475758943
"4304","11153","FICD",0.338506138972719,0.263089973112651
"4305","144453","BEST3",-0.0211464859422069,-0.927278932534722
"4306","5984","RFC4",-0.164540141298769,0.702987933344355
"4307","56996","SLC12A9",-0.154712541137483,0.213809673111199
"4308","4704","NDUFA9",-0.165045027110813,0.460735082546609
"4309","11319","ECD",0.108304357285374,0.125589541075386
"4310","26271","FBXO5",0.19233797628763,1.71640852938147
"4311","84340","GFM2",-0.111521680389734,-0.116066473988342
"4312","4077","NBR1",-0.0384058802180061,-0.0333885700202012
"4313","92285","ZNF585B",0.230333876519073,-0.194666815135903
"4314","84838","ZNF496",0.130837063856464,1.16484255452617
"4315","347252","IGFBPL1",-0.213137307545135,-0.922019484795297
"4316","113189","CHST14",-0.14746188916523,-1.42794795996723
"4317","399474","TMEM200B",-0.253102716345174,-1.85803590077023
"4318","10327","AKR1A1",-0.107261859261492,-0.278771211475238
"4319","9070","ASH2L",-0.0941468245759394,-0.0807727589111593
"4320","284217","LAMA1",-0.234715329440045,-0.383415239817637
"4321","114800","CCDC85A",0.424668525351945,-0.693223798916332
"4322","9609","RAB36",0.167460306839159,0.433937967245352
"4323","5547","PRCP",-0.131445614144507,0.458636371580017
"4324","51068","NMD3",-0.118528382096867,0.240140173277473
"4325","2550","GABBR1",-0.172788331523546,0.38501622990128
"4326","2923","PDIA3",-0.122447598275226,0.0411760183063912
"4327","51633","OTUD6B",0.234338626671755,0.241237798750497
"4328","57600","FNIP2",-0.0361489738258616,-0.928528836996791
"4329","101060691","NUTM2B-AS1",0.31683358810397,0.0511647177417935
"4330","167555","FAM151B",-0.091715421695904,-0.0929064688712399
"4331","84620","ST6GAL2",0.451586793640307,0.821926387988882
"4332","11244","ZHX1",0.199493452626942,0.0434202279289186
"4333","10301","DLEU1",0.138913923283259,2.00932426864878
"4334","125150","ZSWIM7",0.0995381259181971,0.434222879229639
"4335","256643","BCLAF3",0.266994074920598,-0.173652333787717
"4336","79744","ZNF419",0.0285268699105279,-0.280026691617472
"4337","5305","PIP4K2A",0.239228829696464,-0.736158099219507
"4338","54069","MIS18A",-0.0709450159456644,1.31161845764105
"4339","1829","DSG2",-0.0744886357299785,-0.161828278075215
"4340","29903","CCDC106",0.086253765612061,1.41695645665323
"4341","51100","SH3GLB1",0.164730605678209,-0.199077901326548
"4342","399761","BMS1P1",0.277888191908135,-0.407123989788541
"4343","51531","TRMO",0.115429399229535,-0.625283723045746
"4344","105371414","LOC105371414",-0.123298204258547,-1.25221680652746
"4345","80851","SH3BP5L",0.0524390048482166,-0.0964167387767283
"4346","27131","SNX5",-0.0808492910168521,0.068639732345785
"4347","29095","ORMDL2",-0.151279238387883,-1.03748301628104
"4348","93953","GCNA",-0.288454844067389,-0.0924226456401607
"4349","55157","DARS2",-0.00234465593625544,0.483364694326411
"4350","284129","SLC26A11",-0.0341427393753655,-0.40163051315723
"4351","92822","ZNF276",0.206263586435722,0.405965166553091
"4352","55829","SELENOS",-0.182708325357506,0.154421821633849
"4353","348235","SKA2",0.157485156830611,1.01068753947214
"4354","23413","NCS1",0.00264935121020482,-0.621394830496815
"4355","27072","VPS41",-0.0459501733718897,-0.285288234549565
"4356","25880","TMEM186",0.0234507916140814,-0.182417477613296
"4357","29080","CCDC59",0.0591774933187272,-0.184812868756431
"4358","550112","UBA6-DT",0.0706753068485919,0.242227469405984
"4359","11235","PDCD10",0.116596894879035,0.191823849286844
"4360","64342","HS1BP3",-0.142371774347311,-1.14699810240831
"4361","160622","TAMALIN",0.211975225768259,0.00606007257739938
"4362","2491","CENPI",0.224936795154767,3.47193349820613
"4363","116173","CMTM5",0.374246169490128,3.12253043374197
"4364","26019","UPF2",0.192352791010713,-0.369268874932691
"4365","55749","CCAR1",0.0207801667989305,-0.0421260336782554
"4366","2286","FKBP2",-0.171078775803138,0.0457010820516173
"4367","2821","GPI",-0.246930202714179,0.364869872593882
"4368","29942","PURG",0.301222138312488,-0.34461762302134
"4369","100874058","COX10-DT",0.298918955217447,0.290668711904835
"4370","83549","UCK1",-0.140327593661491,-0.0787550881571404
"4371","5298","PI4KB",-0.122827180462143,-0.539316848782966
"4372","4790","NFKB1",0.097968001319849,-0.0798426880957095
"4373","55753","OGDHL",-0.0577712461530719,0.331968044369483
"4374","29094","LGALSL",-0.114445923855932,-0.673041427103465
"4375","7678","ZNF124",-0.182078550086759,-0.573961025302795
"4376","8425","LTBP4",-0.113864310255073,0.456803242109621
"4377","283551","LINC01588",0.329692990725437,-1.47289453138827
"4378","100505576","LINC00672",-0.315325461112949,0.545266042941053
"4379","79754","ASB13",0.204733643632812,2.73997694937918
"4380","408050","NOMO3",-0.0774458945286893,0.130920422382152
"4381","66008","TRAK2",0.209583167747994,0.105952419174118
"4382","92400","RBM18",0.0241325665699996,-0.127679814763063
"4383","51655","RASD1",-0.405737704125253,-1.36433213040456
"4384","10129","FRY",0.357301967088665,1.6855387250557
"4385","730202","PAPOLA-DT",-0.238547990398643,-2.27174101755098
"4386","5000","ORC4",0.138793472580776,-0.21335556216712
"4387","6813","STXBP2",-0.243173210822824,-0.435693280187588
"4388","11168","PSIP1",-0.0961911871701098,-0.269640786103176
"4389","27074","LAMP3",-0.191771626540636,-2.81894086099251
"4390","79048","SECISBP2",-0.134338075762215,-0.777266071706697
"4391","50486","G0S2",-0.563516009327673,-0.107363425279519
"4392","9134","CCNE2",0.036463688849476,0.671558282412415
"4393","1620","BRINP1",0.186512227726765,0.837357107505025
"4394","159195","USP54",0.143698103086041,0.300891046826088
"4395","387763","C11orf96",-0.342930126172654,-1.40096854679434
"4396","285116","AHCTF1P1",0.155591120979304,-0.224973957442672
"4397","79823","CAMKMT",-0.0501225961403906,0.60233742742921
"4398","51281","ANKMY1",-0.153079278413668,-0.755161092925269
"4399","27342","RABGEF1",-0.0929067373256318,-0.338745719096386
"4400","342371","ATXN1L",-0.160946897675074,-0.297173287307087
"4401","11336","EXOC3",-0.0887224042817802,-0.246045856848058
"4402","1036","CDO1",-0.176891376731707,-0.190928357279962
"4403","84056","KATNAL1",0.0943283193746431,0.483790858320618
"4404","64149","C17orf75",0.177535853627967,1.01203811309969
"4405","669","BPGM",0.115999474955741,-0.048914398445266
"4406","5025","P2RX4",-0.19906781204192,-0.236755768131014
"4407","4841","NONO",-0.060931013346389,0.561127772780304
"4408","27436","EML4",0.199775398056508,0.432278953943556
"4409","23609","MKRN2",0.015728171884172,0.318202194017682
"4410","5372","PMM1",-0.1476246524765,0.146626312802159
"4411","317749","DHRS4L2",-0.227403420357242,-0.269890859551493
"4412","6721","SREBF2",-0.0381485297889288,0.77717322013919
"4413","51390","AIG1",-0.118954942128465,0.893008176834901
"4414","57132","CHMP1B",-0.106827587984943,-0.761530724787047
"4415","100131213","ZNF503-AS2",0.391741769111689,-0.161875444153409
"4416","4862","NPAS2",0.309105023818903,0.135171153193478
"4417","9825","SPATA2",-0.150906648248704,-0.329120540029679
"4418","4034","LRCH4",0.114463564694326,0.537869044278991
"4419","55346","TCP11L1",0.158817308515882,-0.219946281315573
"4420","55298","RNF121",-0.0192828815575039,0.0907046717867868
"4421","10010","TANK",0.0659191572593363,-0.187642300994984
"4422","164832","LONRF2",0.228414764750687,-0.239724683362223
"4423","283742","FAM98B",-0.0571921253386636,0.240614673776188
"4424","64419","MTMR14",-0.148123636422078,-0.272541469251419
"4425","890","CCNA2",0.342436033818712,1.72424253355745
"4426","26503","SLC17A5",-0.171253777643302,-0.24278674530594
"4427","125950","RAVER1",-0.0818760611006697,0.171649677722892
"4428","339451","KLHL17",-0.0229326786473925,0.116687229648559
"4429","196441","ZFC3H1",0.132540993357942,-0.240299368218507
"4430","146880","ARHGAP27P1",-0.0987011256495491,0.0186215534493934
"4431","6884","TAF13",-0.0926303941684954,-0.322714922255145
"4432","26160","IFT172",-0.00900116083812463,1.73150235027837
"4433","80824","DUSP16",-0.213686194602973,-0.436259282442746
"4434","5529","PPP2R5E",0.0967816944748749,-0.184734182699201
"4435","653308","ASAH2B",0.143229087929934,-0.205302095500631
"4436","4774","NFIA",0.258159098882532,0.83423054980206
"4437","65258","MPPE1",-0.186465992563018,0.487525110018999
"4438","10867","TSPAN9",-0.152360846210335,0.509381734255129
"4439","8082","SSPN",-0.137714809014903,0.316274703183181
"4440","5585","PKN1",-0.120503303484547,0.470541258668909
"4441","6728","SRP19",0.0777628103575152,-0.181189335528707
"4442","51077","FCF1",-0.12802380765461,-0.215732158189931
"4443","5526","PPP2R5B",-0.261419443164246,0.26413904272856
"4444","5961","PRPH2",0.319315362658139,1.1709968289485
"4445","663","BNIP2",0.0459390632238765,-0.0866052639238939
"4446","5468","PPARG",0.421467173746571,-0.759494519208695
"4447","9853","RUSC2",0.116798803612141,-0.644473753444191
"4448","10806","SDCCAG8",0.0947321753879842,0.117987617191609
"4449","84959","UBASH3B",0.140031833946927,-2.65628728371879
"4450","55613","MTMR8",-0.0846627863835796,0.0470900506364564
"4451","378805","LINC-PINT",0.285504179253914,-1.87142729009268
"4452","51005","AMDHD2",-0.270776598278431,0.716604376612788
"4453","10795","ZNF268",0.123736825265556,-0.0630348679722319
"4454","10106","CTDSP2",0.0345697286373383,-0.195708581219852
"4455","407835","LOC407835",-0.12575680550557,-0.0973210813000787
"4456","11316","COPE",-0.151219956650549,-0.129325274845071
"4457","7375","USP4",0.144226070993411,0.690870175835378
"4458","148252","DIRAS1",0.306667319338959,2.16398119867679
"4459","221687","RNF182",-0.650776851975765,-4.07036235781307
"4460","5494","PPM1A",0.0932976736050302,-0.514388857555907
"4461","4173","MCM4",-0.130506139223485,0.493465497571683
"4462","6924","ELOA",-0.11935913418129,-0.393703362120843
"4463","79149","ZSCAN5A",0.379874650622775,1.01029014494045
"4464","3624","INHBA",0.247148266529401,0.558278976197217
"4465","51031","GLOD4",-0.0793286539751534,0.38422347852956
"4466","57213","SPRYD7",-0.040084305592738,-0.265484655520638
"4467","103504731","MIR3648-2",0.966478600107901,0.566194626956205
"4468","26774","SNORD80",-0.00331747556011786,0.177963593332066
"4469","64418","TMEM168",0.192694536454554,0.29135685103204
"4470","7389","UROD",-0.127708619238305,-0.119023924721944
"4471","257396","MOCS2-DT",0.17886133992991,-1.21174383487854
"4472","7533","YWHAH",-0.00318756003582177,0.268992613698758
"4473","627","BDNF",-0.401168948636722,-1.87095496025466
"4474","6452","SH3BP2",0.14250913590353,-0.306472507598874
"4475","7376","NR1H2",-0.1331423451789,-0.0449164506934112
"4476","91355","LRP5L",0.19083662893555,-0.251199576038066
"4477","27344","PCSK1N",-0.366822500823839,-0.000617843302720189
"4478","158160","HSD17B7P2",-0.32131172565544,-1.02571014731912
"4479","54680","ZNHIT6",0.163797061162988,0.260998172766534
"4480","5223","PGAM1",-0.202749207467479,0.217783414885541
"4481","90529","STPG1",0.269984575248143,-0.37792755644236
"4482","80778","ZNF34",0.28143613480459,-0.0333588043672397
"4483","282991","BLOC1S2",-0.0175045534706388,-0.895875867733325
"4484","55308","DDX19A",-0.0266633832396908,-0.0967556385357371
"4485","100652853","LINC01023",-0.38276755613627,-1.45535203593753
"4486","79798","ARMC5",-0.173938696051501,-0.23039727772103
"4487","146542","ZNF688",-0.197696221610317,0.172969450099421
"4488","60343","FAM3A",-0.228784924475606,0.192616079440092
"4489","10500","SEMA6C",-0.205533290287292,0.794001732819059
"4490","285973","ATG9B",-0.188919955395707,0.191060408765975
"4491","51184","GPN3",-0.14117015719934,0.170333894305001
"4492","54620","FBXL19",0.136508625175809,0.645567732147235
"4493","1152","CKB",-0.0878481206844022,0.0802026196343579
"4494","84733","CBX2",0.0422728740178808,1.11820009173837
"4495","3151","HMGN2",-0.215346058200879,0.0557986753261366
"4496","54497","HEATR5B",0.180875932685249,-0.216462024415151
"4497","113174","SAAL1",0.221594001244813,1.72113989796009
"4498","3185","HNRNPF",-0.0986944074286136,-0.283215941195966
"4499","9076","CLDN1",-0.567389532464578,-2.06170852986666
"4500","150864","FAM117B",0.250431096219951,0.367883528384476
"4501","399972","GSEC",0.338125501806408,0.789229174667589
"4502","953","ENTPD1",0.0619266920770944,0.529236678651094
"4503","101927595",NA,0.216643286559324,0.340307188197138
"4504","7923","HSD17B8",-0.185107100219151,-0.0864630525755365
"4505","158056","MAMDC4",-0.434269545925826,-1.45723406268063
"4506","203068","TUBB",0.134843331483646,1.97715928402408
"4507","25802","LMOD1",0.141365352343907,2.94665804302431
"4508","841","CASP8",0.155830137882334,-0.565001127073211
"4509","3930","LBR",0.224143477291663,1.16712646145972
"4510","105371789","LOC105371789",0.123696988687238,1.09222877125208
"4511","54487","DGCR8",0.12290493622326,0.540284154052464
"4512","129303","TMEM150A",-0.201996426826786,0.660974665951332
"4513","81502","HM13",-0.0784132162718691,-0.103308395142178
"4514","203197","TMEM268",0.242615199293373,0.0561573746054935
"4515","93323","HAUS8",-0.0589516863162358,0.506990751873762
"4516","55552","ZNF823",0.223872626089216,0.0525723669626617
"4517","84947","SERAC1",0.128288338582483,0.114295312090131
"4518","100506365","OTUD6B-AS1",0.1873931148381,0.717155644317395
"4519","80194","TMEM134",-0.22749496278246,-0.779762201625085
"4520","80307","FER1L4",-0.671652994329575,-0.448647374120693
"4521","56270","WDR45B",-0.0892015171020191,-0.0655322173113113
"4522","10067","SCAMP3",-0.133789475352785,0.692595899215747
"4523","5245","PHB1",-0.130358434577129,0.0685767838986475
"4524","6845","VAMP7",0.14111338220258,-0.247520164587897
"4525","8507","ENC1",0.217008333907439,-1.1185810330193
"4526","653635","WASH7P",-0.130759513406137,-0.376261244094642
"4527","440","ASNS",-0.0450777691907351,0.366182652365366
"4528","10572","SIVA1",-0.19271938331737,0.0878438734190023
"4529","23071","ERP44",0.0164113719625698,0.595092788997587
"4530","2166","FAAH",-0.229447589029049,0.622885077917298
"4531","64225","ATL2",-0.125071622397081,0.218644347753204
"4532","55605","KIF21A",0.333731738858456,1.072780097632
"4533","10295","BCKDK",-0.204267199535721,0.543329415448533
"4534","80011","PSME3IP1",-0.072194030120837,-0.136713375157511
"4535","8798","DYRK4",0.120354251877882,0.58963452433394
"4536","4007","PRICKLE3",0.178456954680966,-0.195892499421562
"4537","23246","BOP1",-0.100212829357456,0.391413561124101
"4538","51398","WDR83OS",-0.111214238191431,-0.101878331637735
"4539","55599","RNPC3",0.0936473819120951,-0.0424668898705232
"4540","21","ABCA3",-0.168783021683585,0.25209069570726
"4541","6786","STIM1",-0.0813808773791314,-1.28085698538713
"4542","9474","ATG5",0.119139430640987,0.11725516159697
"4543","55585","UBE2Q1",0.0418261161484352,-0.620574761541111
"4544","5509","PPP1R3D",0.140247751732139,0.91991376191063
"4545","59345","GNB4",0.191349222661956,0.950914296578054
"4546","29781","NCAPH2",-0.144890056551919,0.192418464668118
"4547","8436","CAVIN2",0.496804833032459,-0.529491973577912
"4548","28512","NKIRAS1",-0.0998368717448965,-0.0198940974922763
"4549","751071","CSKMT",-0.207728716437628,-0.157589487831236
"4550","22995","CEP152",0.0212374273816773,0.616664378361681
"4551","105373926",NA,0.907531979095148,-3.80959225889786
"4552","10489","LRRC41",-0.124723751560293,-0.31099024529046
"4553","3839","KPNA3",0.0864519684391549,0.422683609711807
"4554","200558","APLF",-0.251770847070332,-0.776626369405301
"4555","7407","VARS1",-0.0726144557793962,0.138274018283876
"4556","10425","ARIH2",-0.103666943835418,-0.795568146041235
"4557","2589","GALNT1",-0.100494575754325,0.0992561245826957
"4558","503693","LOH12CR2",-0.175410789692141,0.414065949530538
"4559","10505","SEMA4F",-0.302031965906064,-0.496930752957796
"4560","26084","ARHGEF26",0.548712825266411,-0.197171737121619
"4561","2039","DMTN",-0.315113353342871,-0.464788368946828
"4562","389337","ARHGEF37",-0.206009475605411,-1.11813868583312
"4563","9044","BTAF1",0.152940593581328,0.352984100722431
"4564","81559","TRIM11",0.082271146742837,-0.0714879622712301
"4565","143187","VTI1A",0.0883047137478572,-0.136046801689893
"4566","23518","R3HDM1",0.14180451933339,0.555532563926839
"4567","399473","SPRED3",0.253344485892477,-0.803250010119573
"4568","3276","PRMT1",-0.0781363322588415,-0.0428064864280646
"4569","162966","ZNF600",0.0811091941985693,-0.317617778621188
"4570","64208","POPDC3",0.226114536711195,1.97697280853845
"4571","256586","LYSMD2",0.185149789081879,-0.407748059003491
"4572","3134","HLA-F",-0.367333943896936,-0.237073828365127
"4573","10455","ECI2",-0.0802336056308377,-0.393568165680922
"4574","64215","DNAJC1",-0.0430130899135488,-0.383284053736532
"4575","64847","SPATA20",-0.166639193440896,0.0724059857321766
"4576","8243","SMC1A",-0.124124147400852,0.399087948834971
"4577","10815","CPLX1",-0.154863547144192,0.626805133979502
"4578","6670","SP3",0.114171755245887,-0.361825705258284
"4579","84649","DGAT2",-0.319719171489991,-0.289232430944807
"4580","5721","PSME2",-0.120748441612187,-0.399816870997187
"4581","9746","CLSTN3",-0.141293798114363,-0.486306267953144
"4582","408","ARRB1",0.245992702138678,0.149670389706603
"4583","23367","LARP1",0.149471328408605,0.199713661392726
"4584","93487","MAPK1IP1L",0.0848608542263944,-0.153148210956469
"4585","10365","KLF2",0.187245400624679,0.560941178476489
"4586","23526","ARHGAP45",-0.339121015954109,0.217657864805151
"4587","8859","STK19",-0.155432911600918,-0.361163046620049
"4588","55920","RCC2",-0.150910285919649,-1.0866075184215
"4589","29965","CDIP1",-0.183144558278775,-2.27765054583422
"4590","4094","MAF",-0.282660567509904,-2.29687433287833
"4591","548596","CKMT1A",-0.208065623409849,-0.0612994507891409
"4592","22879","MON1B",-0.163716128800002,-0.372493713230075
"4593","84197","POMK",0.436477480996139,0.0542959644413509
"4594","55339","WDR33",0.120418221612227,0.243389844482582
"4595","5681","PSKH1",0.101755050635946,-0.14220318523488
"4596","5663","PSEN1",-0.0703358820308742,-0.595386886567123
"4597","5564","PRKAB1",-0.176777213217808,-1.54142760623154
"4598","23524","SRRM2",0.218294504596528,-0.0723228241901008
"4599","63893","UBE2O",0.130763295289263,0.225379737965527
"4600","27346","TMEM97",-0.167859941309906,0.162241988535802
"4601","8794","TNFRSF10C",-0.471845183240916,-2.4895805809343
"4602","4131","MAP1B",0.241163730796954,-0.084765951749235
"4603","54938","SARS2",-0.0961083349829588,0.756859075925677
"4604","4329","ALDH6A1",-0.153872734564757,0.134548923857403
"4605","2965","GTF2H1",0.0136985973556065,-0.0904021667510353
"4606","5738","PTGFRN",-0.144384859574519,0.631282892629756
"4607","55775","TDP1",0.264190047963913,0.497940933551428
"4608","91433","RCCD1",-0.154524367551487,0.717467198905806
"4609","9013","TAF1C",-0.104417361677551,-0.572364399136528
"4610","22974","TPX2",0.313477648414064,2.48652099403499
"4611","51121","RPL26L1",0.0921168033812627,0.0473040542258341
"4612","338094","FAM151A",0.269749541543723,0.659440324961807
"4613","7128","TNFAIP3",-0.155447695088825,-0.155910537666712
"4614","28966","SNX24",0.160014075688562,1.09304323059257
"4615","55135","WRAP53",-0.0695711685938885,0.67276205840784
"4616","23558","WBP2",-0.148387363956356,-0.101770581220089
"4617","4026","LPP",0.187767982856671,1.0840731494562
"4618","5194","PEX13",0.0253334254468767,0.406003608340329
"4619","5510","PPP1R7",-0.0841766805545934,-0.121980988961788
"4620","3321","IGSF3",-0.176872891521079,0.51826182335555
"4621","101927021","ZFAND2A-DT",0.182201687974375,0.388579611762892
"4622","3998","LMAN1",-0.0655787583212293,0.362224816173022
"4623","11022","TDRKH",-0.221438405683399,-0.298060177956621
"4624","51368","TEX264",-0.173965119790937,-0.585699349686662
"4625","54554","WDR5B",0.183045025250841,-0.353772118758009
"4626","2582","GALE",-0.101047360903745,-1.30588734309254
"4627","55588","MED29",-0.0504184214778203,-0.795070005429018
"4628","950","SCARB2",-0.143497162247378,-0.387459392618053
"4629","23410","SIRT3",-0.0961580370308353,-0.207589721989287
"4630","55089","SLC38A4",-0.117570166190584,-0.955250251144838
"4631","128553","TSHZ2",0.103976533353126,1.25896756313741
"4632","401236","STMND1",-0.5602275498792,1.01547919153399
"4633","90120","TMEM250",-0.0120687330729234,-0.071239826642314
"4634","142679","DUSP19",0.216459054413855,-0.0163712486498051
"4635","25776","CBY1",-0.117573043045325,0.359703482636956
"4636","8609","KLF7",0.133011197617675,0.0699137737996898
"4637","51123","ZNF706",0.0347802964251516,-0.83332044749401
"4638","100506495","LIFR-AS1",-0.194283386652299,-1.00268706624387
"4639","541578","EOLA2",-0.0922954224967549,-0.596720978704431
"4640","27349","MCAT",-0.150879737793229,-0.20672676718336
"4641","60493","FASTKD5",-0.0233217930681828,-0.340909718186101
"4642","4947","OAZ2",-0.157468421573141,-0.214277489504928
"4643","35","ACADS",-0.238156822145845,0.370174719558494
"4644","51303","FKBP11",-0.119562140397985,0.190421981471327
"4645","9896","FIG4",-0.149493067512242,-0.408365632375667
"4646","7109","TRAPPC10",0.159312553880768,-0.426974855433821
"4647","51526","OSER1",-0.125277781035513,-0.45512127002758
"4648","25925","ZNF521",0.19486603118309,1.08245089806062
"4649","7942","TFEB",0.228896514686264,0.351575080165823
"4650","25983","NGDN",-0.0691448856544978,-0.365904741580212
"4651","55763","EXOC1",-0.0585356542992335,-0.17552608411684
"4652","152189","CMTM8",-0.26874324553004,0.060626685865261
"4653","126129","CPT1C",-0.301323177325282,-0.145466873521066
"4654","4815","NINJ2",-0.210528580751511,0.0121761179378107
"4655","148137","PROSER3",0.148151477396866,0.594817485502008
"4656","2309","FOXO3",0.00545618976827456,-0.14174542889602
"4657","157922","CAMSAP1",0.0947486971947118,-0.308437196621109
"4658","467","ATF3",-1.00325683864062,-2.5296090145133
"4659","7174","TPP2",0.0350292215915573,-0.420769073438074
"4660","100381270","ZBED6",-0.0461745367898372,-0.00020016854146343
"4661","79600","TCTN1",-0.134911961157781,0.199989910791667
"4662","400120","SERTM1",0.149854288690648,1.2734483617431
"4663","55969","RAB5IF",-0.226952541773954,-0.0563838322673584
"4664","55937","APOM",-0.0189708565158712,-0.666116948318786
"4665","100132406","NBPF10",0.245238721594904,0.479697174835072
"4666","100289341","MAN1B1-DT",-0.244384212353141,-1.82425261948616
"4667","11217",NA,0.117017201458611,-0.741872387918968
"4668","2746","GLUD1",-0.0771605880697894,-0.177098082280537
"4669","392490",NA,0.24723192157475,-0.175760165755957
"4670","388662","SLC6A17",-0.190010229249825,0.266049497020059
"4671","1950","EGF",-0.107199344502358,0.22346419288309
"4672","5591","PRKDC",0.00319449951052508,0.278259945642175
"4673","23187","PHLDB1",0.0948407099682118,-0.166835834396513
"4674","284307","ZIK1",-0.231380226956996,0.321287109882602
"4675","144132","DNHD1",-0.0427315838260509,-0.340666252173931
"4676","152185","SPICE1",0.0470362838565359,0.0893375249221755
"4677","100500862","MIR3648-1",0.705488266559961,0.70682592604821
"4678","85453","TSPYL5",0.0991925065890711,0.613738687905865
"4679","686","BTD",-0.237576989302964,0.372688457894065
"4680","7520","XRCC5",-0.0119110672935978,0.347561630696818
"4681","56902","PNO1",-0.090932602978099,0.340291998887778
"4682","90378","SAMD1",-0.150478685147726,-0.0496672706921162
"4683","26586","CKAP2",0.146326030572312,1.48200414818704
"4684","130940","CCDC148",-0.455130255964255,-3.42502522519868
"4685","388165","UBE2Q2P1",0.360751239458719,-0.782992748365086
"4686","23318","TUT4",0.152977579300541,-0.0315544955055422
"4687","64860","ARMCX5",0.158297265511974,0.2732750244689
"4688","54765","TRIM44",0.111673890148847,0.0133978509076158
"4689","79087","ALG12",-0.0662719423397506,0.503561192904894
"4690","100288152","SLC9A3-AS1",-0.0572299387530948,-1.10689221059422
"4691","400506","KNOP1",0.187725913452297,-0.115219527904515
"4692","226","ALDOA",-0.29707534024408,0.043709989266846
"4693","55558","PLXNA3",-0.132744418390664,-0.410099915726957
"4694","1968","EIF2S3",-0.0655458208198967,0.096376002659488
"4695","79879","CCDC134",0.0553345991630314,0.198022438403082
"4696","51248","PDZD11",0.114447240280375,0.0490978255962116
"4697","5334","PLCL1",0.285427319661038,0.396687589878518
"4698","10286","BCAS2",-0.0836654780634181,-0.339873869823787
"4699","55255","WDR41",-0.106406885579622,-0.277172449081549
"4700","100506012","PPP5D1P",-0.0640441503879894,0.111317059739611
"4701","1593","CYP27A1",-0.25806877829443,0.534144377320864
"4702","3148","HMGB2",-0.208765830168507,0.672752157531
"4703","23596","OPN3",-0.342329322654918,-0.0754151434650088
"4704","3482","IGF2R",-0.10177882209214,-0.540705016656943
"4705","10430","TMEM147",-0.200764238527129,0.130646348231974
"4706","22920","KIFAP3",-0.0219923968382609,0.210406879749559
"4707","10903","MTMR11",-0.372901869782057,0.0266692033149605
"4708","64943","NT5DC2",-0.0866409502240852,-0.245523740145629
"4709","26153","KIF26A",-0.13531243754351,1.1624637629461
"4710","5885","RAD21",-0.11313793428938,0.299637219104145
"4711","8717","TRADD",-0.237615876365656,0.29383958851616
"4712","9656","MDC1",0.140044453001843,1.21038546567744
"4713","3984","LIMK1",0.163216647222125,0.0886388244964671
"4714","55577","NAGK",-0.0654857974468532,-0.0994569143683357
"4715","64848","YTHDC2",0.154953305076259,0.178237450597948
"4716","26750","RPS6KC1",0.0814141340285435,0.26369699031404
"4717","26093","CCDC9",0.00408743727587346,0.469112826606905
"4718","55970","GNG12",0.174396342202289,0.313769893476514
"4719","323","APBB2",0.142854002542962,-0.127795059275419
"4720","3742","KCNA6",0.153642239969034,1.38692721756005
"4721","54882","ANKHD1",0.231487099293081,0.166053409705236
"4722","124930","ANKRD13B",-0.13414752824025,-1.86207268212134
"4723","375061","FAM89A",-0.372658558529179,-1.96223795808636
"4724","23032","USP33",-0.0647252608970845,0.0153806623089965
"4725","162073","ITPRIPL2",-0.0636344746772277,-0.57589455922438
"4726","51107","APH1A",-0.117837088151615,0.214465338358695
"4727","83759","RBM4B",-0.00516087129596787,0.027755640558579
"4728","100507291","COPB2-DT",0.160149552556251,-0.356278483917231
"4729","201595","STT3B",-0.0378343741670193,0.313846553818307
"4730","2743","GLRB",-0.131064644291103,0.217895631967432
"4731","55717","WDR11",-0.0994964294368081,-0.145177529906357
"4732","9868","TOMM70",-0.0227028530532269,0.168468405530474
"4733","57801","HES4",-0.300611543990003,-0.220538253445064
"4734","444","ASPH",-0.161926470485012,0.606896262446452
"4735","399665","FAM102A",0.0529729863171493,-0.544672766117174
"4736","81537","SGPP1",-0.0675695460146066,0.0173209306153659
"4737","9704","DHX34",0.0392395790014417,-0.415346137552096
"4738","55243","KIRREL1",0.274465250412695,0.661265235824276
"4739","3556","IL1RAP",-0.282210451704255,-0.710054321081033
"4740","653113","FAM86FP",0.0234473401865159,-0.950534924452083
"4741","57140","RNPEPL1",-0.0726086056874555,0.0462769090878981
"4742","64755","RUSF1",-0.159318511533368,0.0944251635067772
"4743","10420","TESK2",-0.33796074717565,-1.35460263974746
"4744","442245","GSTM2P1",-0.162250076055529,0.180425208398213
"4745","3070","HELLS",0.138458943161635,0.775150689126828
"4746","55049","REX1BD",-0.24413506856738,0.682360565782122
"4747","1613","DAPK3",-0.0766451883896355,0.560227208877398
"4748","56886","UGGT1",-0.0623934865344431,0.153537527619632
"4749","284018","C17orf58",0.137588329973789,-0.0310422144309519
"4750","220064","LTO1",-0.0548652255439435,-1.06517476467005
"4751","79642","ARSJ",0.0414103401258723,1.59709474500674
"4752","4582","MUC1",-0.240787724907916,0.888648443339406
"4753","55779","CFAP44",-0.0921614001049107,0.00482706449502035
"4754","10901","DHRS4",-0.197371226657781,-0.381458403091825
"4755","10113","PREB",-0.0850030735530876,-0.242317455081278
"4756","10980","COPS6",-0.0528840041449525,-0.143625027684116
"4757","79165","LENG1",-0.148920072646979,-0.731760098623765
"4758","653162","RPSAP9",0.181727855227462,-0.197707707008852
"4759","4137","MAPT",-0.0532792173037316,-0.600010328692032
"4760","644794","LINC02604",0.413423750422325,-0.308286351065793
"4761","9675","TTI1",-0.102103237699402,0.152027262088808
"4762","100775107","RBM5-AS1",-0.0960446668510146,0.0266842531685438
"4763","100131564","CCDC18-AS1",-0.0909606239822638,-0.777697339408334
"4764","56906","THAP10",-0.0755989018775498,-0.0637312436623887
"4765","101927631","ADNP-AS1",0.0767977465647998,-0.416575867214967
"4766","51566","ARMCX3",-0.11757569281394,-0.305909160984125
"4767","6197","RPS6KA3",0.191943838487668,-0.167594195255711
"4768","84875","PARP10",-0.309403209548494,-2.43103682427591
"4769","4507","MTAP",0.070356769878881,0.656697598929181
"4770","2161","F12",-0.195391681607736,-0.213109206650107
"4771","56262","LRRC8A",0.0116712884863261,-0.054009517271389
"4772","387723","C10orf143",-0.0104001018463119,-0.327099546989636
"4773","4913","NTHL1",-0.186839540999418,1.30974963571455
"4774","51691","LSM8",-0.0945956050121044,0.025161225824756
"4775","29969","MDFIC",0.112416272915379,-0.475949413332155
"4776","196483","EEF2KMT",-0.211279527893131,0.0362447016712903
"4777","80218","NAA50",-0.0756264331819825,-0.311792492140067
"4778","64969","MRPS5",-0.0715665971502704,0.114171720441036
"4779","84061","MAGT1",-0.123905517091783,0.340043036024442
"4780","54884","RETSAT",-0.2677592852817,-1.59084509509712
"4781","728441","GGT2P",-0.239960134192575,0.148818007475165
"4782","79873","NUDT18",-0.255895187306816,-0.880558414268741
"4783","84881","RPUSD4",-0.106265298601956,0.193706916417463
"4784","55726","INTS13",0.0668212567597797,0.376952306664856
"4785","79856","SNX22",0.222655586464002,0.0982603794443848
"4786","100507297","TMEM44-AS1",0.443319190335842,-1.00574517761686
"4787","132660","LIN54",-0.0229272947295089,-0.360892251116906
"4788","8479","HIRIP3",-0.195043118795742,0.267623198229104
"4789","55737","VPS35",-0.0199736254080012,0.0119301635275502
"4790","23586","DDX58",0.131595378916478,-0.222850877972611
"4791","100129405","MSTO2P",0.190279722515758,1.00325784790651
"4792","11065","UBE2C",0.231362938916919,2.73394979347009
"4793","593","BCKDHA",-0.385554704657376,-0.00752255777082311
"4794","199699","DAND5",0.235513962468474,4.42089868315362
"4795","1499","CTNNB1",-0.144031608499526,-0.105290668051184
"4796","7789","ZXDA",0.0041684107192177,-0.0357620042590061
"4797","6139","RPL17",-0.187002695214113,-0.260939923358505
"4798","1677","DFFB",0.389964131326418,0.231302719713759
"4799","10251","SPRY3",0.190380606068084,0.096864320151846
"4800","1652","DDT",-0.209397764348083,0.0968164153931212
"4801","23640","HSPBP1",-0.113912402048381,0.433284630221982
"4802","5188","GATB",-0.0668246000119952,0.19641529333947
"4803","81839","VANGL1",0.06257512714404,0.442930339106743
"4804","585","BBS4",-0.0622696882352223,-1.27956188630233
"4805","223","ALDH9A1",-0.132649470997664,0.240681268835475
"4806","203062","TSNARE1",0.0106641596002586,-0.111960834560124
"4807","2130","EWSR1",-0.0361102017783228,0.153546319589291
"4808","55186","SLC25A36",-0.118418956006351,-0.169551033077449
"4809","91010","FMNL3",0.228287380421698,-0.0773833389025809
"4810","27031","NPHP3",0.015257248496694,-0.0430116898416482
"4811","11273","ATXN2L",-0.0713440907074263,-0.0787973165141747
"4812","81573","ANKRD13C",0.0724687004925419,-0.0877307363380204
"4813","10265","IRX5",0.260193202167732,-0.707796001081802
"4814","390594","KBTBD13",0.469343204740742,0.413597042917239
"4815","23499","MACF1",0.276124843621782,0.120803951196454
"4816","125111","GJD3",-0.194391718331486,-1.63862947116399
"4817","2159","F10",-0.0912473539888987,0.265506209618894
"4818","790955","UQCC3",-0.197829901622425,0.00999661835689025
"4819","435","ASL",-0.142026413612189,0.395821537702291
"4820","5042","PABPC3",-0.035971267392152,-0.122785639738002
"4821","339829","CCDC39",-0.100742007774737,0.00156815226441009
"4822","170463","SSBP4",-0.209248460858319,0.0408847120413469
"4823","3726","JUNB",-0.42270682604441,-1.13607146555554
"4824","230","ALDOC",-0.360469722689738,1.68209630155552
"4825","5983","RFC3",0.188079831175751,1.86753492418318
"4826","27173","SLC39A1",-0.15717335904323,0.248030852992031
"4827","165","AEBP1",-0.178170677746317,0.588517352657967
"4828","8658","TNKS",0.110921414168703,0.105067408032963
"4829","7026","NR2F2",0.290492723255266,-1.02063378428883
"4830","8517","IKBKG",-0.0886724225387945,-0.606273769505816
"4831","5037","PEBP1",-0.0831473142468928,-0.0156798723220275
"4832","200942","KLHDC8B",-0.0102899541060903,0.176679707763116
"4833","723972","ANP32AP1",-0.133984398396493,0.677432674437373
"4834","57562","CEP126",-0.174838726517254,0.656655512844032
"4835","10135","NAMPT",-0.039070603787855,-0.714141098242384
"4836","9812","DELE1",-0.127245084659034,0.570218302319822
"4837","55760","DHX32",0.146674516961307,-0.0238320153279963
"4838","8463","TEAD2",-0.0228979160418952,0.973640676175926
"4839","25900","IFFO1",0.161232612818067,-0.398752674474955
"4840","64393","ZMAT3",-0.00387720185120255,-0.946505237886365
"4841","25766","PRPF40B",-0.037635539073916,-0.0736338050360339
"4842","11342","RNF13",-0.0514579613789339,-1.03956219011274
"4843","10715","CERS1",-0.136908759719982,1.47958101441928
"4844","9133","CCNB2",0.307062588240285,2.00904823142274
"4845","10926","DBF4",0.21662715979199,1.8548182934384
"4846","9169","SCAF11",0.0809595538294205,0.435591771732125
"4847","55788","LMBRD1",-0.0722925888328545,0.353738493955729
"4848","5347","PLK1",0.259698965062137,3.46426280095304
"4849","9688","NUP93",-0.0046940078930735,0.289974527848509
"4850","54790","TET2",0.188750063024644,0.0789899069316915
"4851","7453","WARS1",-0.121819834911525,0.120470133908546
"4852","153","ADRB1",-0.918006815928363,-0.353527660121058
"4853","56243","KIAA1217",0.226408101575891,-1.18708176515081
"4854","23350","U2SURP",0.0910749094557328,0.008047693755457
"4855","666","BOK",-0.0529661755539479,0.0176932731954658
"4856","23133","PHF8",0.181288484486537,-0.411024270354327
"4857","64598","MOSPD3",-0.167841882432132,-0.575611380993965
"4858","80821","DDHD1",-0.0592899668082287,0.234606187466977
"4859","9182","RASSF9",0.179285242529791,1.04361643246729
"4860","29883","CNOT7",0.0257649956188661,-0.131210121741892
"4861","55671","PPP4R3A",0.0338439913130424,-0.453646615699886
"4862","3418","IDH2",-0.175628464403903,0.0298533443236551
"4863","169270","ZNF596",-0.0597817475275351,-0.619875780721985
"4864","54534","MRPL50",0.0755003643620036,0.238511824902709
"4865","23395","LARS2",-0.0568202833949982,0.162965038343421
"4866","9419","CRIPT",0.0535134546745644,-0.104352738093894
"4867","23349","PHF24",0.142688545679699,0.990565764040398
"4868","9265","CYTH3",0.120463578775315,-0.830879588749715
"4869","51191","HERC5",-0.402032985198395,-3.5555436794736
"4870","54821","ERCC6L",0.25324149185681,2.23960397006074
"4871","146198","ZFP90",0.0977573236271203,-1.30840891817247
"4872","55364","IMPACT",0.153915241240993,0.305146846909611
"4873","102157402","AK6",-0.093748359214382,0.118206566258365
"4874","7337","UBE3A",0.154477529939343,-0.190129659364314
"4875","23109","DDN",-0.154439813375515,0.0210884735521339
"4876","4714","NDUFB8",-0.159894627126007,0.0506719816304475
"4877","4288","MKI67",0.363040047547686,3.09116945124935
"4878","58155","PTBP2",0.149183487143655,0.510496105209442
"4879","488","ATP2A2",-0.0681654505786913,1.21648533237421
"4880","29100","TMEM208",-0.196599521043067,-0.347026136662903
"4881","9700","ESPL1",-0.176527831391748,1.96610026076019
"4882","4607","MYBPC3",-0.133171993444384,0.428350568386737
"4883","4772","NFATC1",0.216116547958404,1.10280254893897
"4884","2770","GNAI1",-0.112398035569181,-1.2415878568828
"4885","6629","SNRPB2",-0.100882675106757,-0.0755064340174165
"4886","56935","SMCO4",-0.0848071806232964,-0.249551929000379
"4887","9024","BRSK2",-0.248627558783206,0.336420528887212
"4888","27012","KCNV1",0.320944200200887,2.91304198872051
"4889","2073","ERCC5",-0.14026111248044,-0.942845605292002
"4890","6509","SLC1A4",-0.235445889692389,0.113405074894748
"4891","29926","GMPPA",-0.0380538686630256,0.265397783825203
"4892","1960","EGR3",-0.680910010598525,-1.32992454740823
"4893","598","BCL2L1",0.0797565137633756,-0.956710395286473
"4894","865","CBFB",0.0854722567383606,-0.348480412023293
"4895","441089","CRSP8P",0.0371250620729211,0.123843220188648
"4896","9946","CRYZL1",0.0562613582943925,0.184888611046846
"4897","81576","YJU2B",-0.128705984887739,-0.469277760616441
"4898","29968","PSAT1",-0.147066153492801,-0.098831026445338
"4899","24149","ZNF318",0.116136332064393,0.0553363778562863
"4900","728833","FAM72D",0.196756562926738,0.166012996536148
"4901","23309","SIN3B",0.0798153116327862,0.0016744447105328
"4902","7936","NELFE",-0.0169517825603869,0.069675257922392
"4903","387509","GPR153",-0.147651232800416,-1.54816811624584
"4904","9848","MFAP3L",0.00309524408842421,-1.49393364487327
"4905","113000","RPUSD1",0.0926159384111251,0.307832447101351
"4906","3459","IFNGR1",-0.123331533817352,0.284064365541837
"4907","11093","ADAMTS13",-0.193298532928823,-0.311814471996801
"4908","202781","PAXIP1-DT",-0.356135169086067,-0.164113698147449
"4909","9227","LRAT",-0.262384229826994,-1.21481142453334
"4910","23184","MESD",-0.0968002287161154,0.562299243216769
"4911","102724023","LOC102724023",-0.138238190740452,0.00591847211382568
"4912","2057","EPOR",-0.148817591053525,0.464206473317854
"4913","9215","LARGE1",-0.00187977108761928,-0.397527653843586
"4914","388324","INCA1",-0.112329161974831,-0.940976154070349
"4915","388115","CCDC9B",0.221168739571611,0.853526347919327
"4916","26470","SEZ6L2",-0.170384813699417,0.287974291669047
"4917","53344","CHIC1",0.094813253917283,0.348152938269574
"4918","100507303","SNHG19",-0.402748200305624,-0.277758966341184
"4919","9721","GPRIN2",-0.0846856489823278,-2.890540560123
"4920","54756","IL17RD",0.321485865785388,0.258611670179691
"4921","256281","NUDT14",-0.232875818551247,-0.0599615049061129
"4922","56160","NSMCE3",0.0998437936954559,0.193595143678893
"4923","284071","MEIOC",0.12497969680489,-0.875134918809649
"4924","3189","HNRNPH3",-0.0376124836669742,0.0254978334373659
"4925","85465","SELENOI",-0.0603439599644853,0.152785272360761
"4926","79646","PANK3",-0.00781576551892815,-0.33823472559766
"4927","100128640","ACVR2B-AS1",-0.252196024011303,-1.99520988189468
"4928","53918","PELO",0.0552557707904349,-0.560130781538164
"4929","441272","SPDYE3",0.227190046205284,0.16052670012558
"4930","155060","LOC155060",-0.128942216636376,-0.418985128424336
"4931","2","A2M",-0.186067367852503,-0.691970937394914
"4932","254531","LPCAT4",-0.0382454548207951,0.366933777344694
"4933","55251","PCMTD2",0.0934785113514023,0.160354793773813
"4934","79937","CNTNAP3",-0.187958995558197,-0.564606774361086
"4935","26580","BSCL2",0.0865979164920742,-0.193888038622932
"4936","54899","PXK",0.024334556347827,-0.510931150948807
"4937","79834","PEAK1",0.229992041205873,0.0151926639093691
"4938","401577","CD99P1",0.189555681972906,-0.287418058597529
"4939","1039","CDR2",-0.168752335010538,0.354524176112965
"4940","280655","IGBP1P1",-0.0563887837870288,-0.0695819761362798
"4941","29948","OSGIN1",0.456926328514073,-0.819133746533345
"4942","4087","SMAD2",0.125092527886623,-0.0344678954897173
"4943","79447","PAGR1",-0.159523491261698,-0.294896249810914
"4944","643853","TMPPE",0.0150679188498137,-0.0811840649869232
"4945","8559","PRPF18",0.0573092814282057,-0.522024429884151
"4946","8079","MLF2",-0.0759238788162415,-1.50710895230175
"4947","7982","ST7",0.16861908274697,0.824317709135205
"4948","23428","SLC7A8",-0.360763696299992,-0.959997408728084
"4949","254359","ZDHHC24",-0.140853065739275,-0.204693369298701
"4950","84861","KLHL22",-0.143490169066129,-0.201826200947536
"4951","54542","RC3H2",0.0181242942086417,-0.258937439253564
"4952","140707","BRI3BP",-0.213801089828631,0.753374410468777
"4953","64753","CCDC136",-0.309877479044803,-1.28283098681942
"4954","342346","C16orf96",-0.293750358861687,-0.250613923862797
"4955","11209","MST1P2",-0.489314875021332,-0.308954618942712
"4956","54906","TASOR2",0.104238524923955,-0.163800042091191
"4957","57589","RIC1",-0.0271551665371019,-1.00260891300319
"4958","84376","HOOK3",0.129225687398794,-0.111231629737706
"4959","80223","RAB11FIP1",0.0520860835478762,0.200496596781568
"4960","55764","IFT122",-0.0941299953641974,0.351349557066366
"4961","81570","CLPB",-0.0602569303841625,0.744864759890473
"4962","7494","XBP1",0.0525693173299793,0.487547823815105
"4963","105369669","LOC105369669",-0.322899847671708,-2.01445144980698
"4964","8539","API5",-0.0666615116755986,-0.0842855533120854
"4965","51569","UFM1",-0.147630754446161,-0.434278038892125
"4966","117247","SLC16A10",-0.204873575552569,-2.27342845676595
"4967","51236","HGH1",-0.0469526041017918,0.124585074344536
"4968","57396","CLK4",-0.0338658691130114,0.102691090147864
"4969","148898","ZNF436-AS1",-0.131997150103836,-0.861882983890027
"4970","7040","TGFB1",-0.216963793615894,-0.682872696216399
"4971","24142","NAA80",-0.275548482948054,-0.557421672666443
"4972","10776","ARPP19",0.0525424577600404,-0.224538783289252
"4973","10587","TXNRD2",-0.296418654020386,0.129037691052246
"4974","102465432",NA,-0.13562530057296,-0.0850851583449641
"4975","64282","TENT4B",0.172819595445522,-0.020753997527911
"4976","5837","PYGM",-0.0759032042522643,0.915116505830347
"4977","10857","PGRMC1",-0.174612543712268,-0.0786702224926596
"4978","26121","PRPF31",-0.0872897779333215,0.0235503538256836
"4979","10519","CIB1",-0.0660290117658828,-0.803045734673679
"4980","167127","UGT3A2",-0.216268700721845,0.0321542953361602
"4981","1666","DECR1",-0.142404548380421,0.125553903439274
"4982","339483","MTMR9LP",-0.30668037245449,-1.62794262546341
"4983","57089","ENTPD7",0.0391137816420182,0.7589958203967
"4984","64748","PLPPR2",-0.159939069786422,0.554435152942206
"4985","84262","PSMG3",0.0308778867403445,0.454828746116171
"4986","23234","DNAJC9",-0.0981881461702478,0.876682100462425
"4987","51312","SLC25A37",0.168406666468008,0.00861179916642651
"4988","57568","SIPA1L2",0.164079124854931,0.244771888817743
"4989","9521","EEF1E1",0.234175436510382,0.986777914355452
"4990","84148","KAT8",-0.129598189598838,0.419540727731292
"4991","11212","PLPBP",-0.083484867008198,0.102566800044295
"4992","10775","POP4",0.105208297701143,-0.142827361440783
"4993","171024","SYNPO2",0.362600165706896,1.82630209446234
"4994","59348","ZNF350",0.00309328589672209,-0.213388110313414
"4995","25956","SEC31B",-0.179654797339996,-0.380332352503016
"4996","8895","CPNE3",0.0514001114661031,0.0873471891346833
"4997","781","CACNA2D1",-0.00418282109336143,0.164494524467127
"4998","101928377","JDP2-AS1",0.314293593416611,-0.120294076952404
"4999","57728","WDR19",0.000235238748872213,0.542690784804915
"5000","5557","PRIM1",0.0335739737048388,2.45488164358038
"5001","5214","PFKP",-0.178287766262937,0.070553335125787
"5002","147525","LINC00526",-0.0140150420822609,-0.972634430190013
"5003","6442","SGCA",-0.255349233246206,0.524629970604344
"5004","27348","TOR1B",-0.160350121706514,-0.471022712729877
"5005","192670","AGO4",0.163983364662414,0.598769552019595
"5006","2585","GALK2",-0.0491315068191756,-0.269894443378719
"5007","4678","NASP",-0.164285733244839,0.0196116839591713
"5008","85002","FAM86B1",-0.0606219564607398,-0.17331179634738
"5009","168544","ZNF467",0.203957841628069,1.92361941602145
"5010","647979","NORAD",0.0256957911191584,-0.524956751231011
"5011","94059","LENG9",0.218921873801049,0.258140686516048
"5012","150275","CCDC117",-0.0763157169719992,-0.273236044736752
"5013","1655","DDX5",-0.0561957834942746,-0.487210178320581
"5014","912","CD1D",-0.366202264375683,-0.767657831748904
"5015","57549","IGSF9",-0.13611903652169,2.82454514693878
"5016","5575","PRKAR1B",-0.137539205355528,0.777760139609451
"5017","5911","RAP2A",-0.0448266270757411,-0.0412026476028968
"5018","4891","SLC11A2",0.0886496037942317,0.884977722169486
"5019","55623","THUMPD1",0.114085418058044,0.170372153835018
"5020","23457","ABCB9",-0.0891578303938072,0.629323190743837
"5021","222183","SRRM3",0.242581491528955,-1.42359115653934
"5022","10912","GADD45G",-0.296361184839247,-0.345038130780845
"5023","4038","LRP4",-0.0741004432916297,0.104870483814911
"5024","54998","AURKAIP1",-0.179453058196406,0.0206912716168635
"5025","7639","ZNF85",-0.0271694880140272,1.16449467540064
"5026","10890","RAB10",0.072556792359407,0.873011348832207
"5027","7322","UBE2D2",0.0843430483687664,0.215758834067004
"5028","387263","C6orf120",-0.114062914995453,-0.339805533228812
"5029","55638","SYBU",-0.346854249001495,0.23371749285991
"5030","51752","ERAP1",-0.119743881061615,-0.830226934544492
"5031","3417","IDH1",-0.0378680619114018,0.546370415688374
"5032","84953",NA,0.223473305834038,0.260059562053268
"5033","7436","VLDLR",-0.120868306909067,0.564168417632173
"5034","55707","NECAP2",0.0856248170760425,-0.477246597701573
"5035","25792","CIZ1",-0.0435153375451574,0.0201938242910069
"5036","400892","BCRP2",-0.0531236324745725,-0.0503351190494082
"5037","5919","RARRES2",-0.380844979342003,0.0549689832299709
"5038","24137","KIF4A",0.292415214171723,2.96630859598321
"5039","3305","HSPA1L",-0.0448517554861319,-0.24097814102561
"5040","80199","FUZ",-0.182580155458449,-0.172023684628827
"5041","159371","SLC35G1",0.184050924772944,1.23947778234508
"5042","199221","DZIP1L",0.124467173712144,-0.0449138501589941
"5043","27335","EIF3K",-0.120460856949923,0.00480352445314391
"5044","9238","TBRG4",-0.0930538603375322,0.194432423268563
"5045","10159","ATP6AP2",-0.166674469900511,-0.519693315394242
"5046","338758","ATP2B1-AS1",-0.343312388784226,-3.14269260792439
"5047","401331","RASA4CP",-0.263248739257963,0.497069447420363
"5048","103625684","RNU6-2",0.133799779659024,-0.252802695478362
"5049","1659","DHX8",-0.074267713110955,-0.149424632785441
"5050","222484","LNX2",0.198576264344298,-0.0886759130925165
"5051","6510","SLC1A5",-0.137548093321778,-0.796047455892335
"5052","2597","GAPDH",-0.285452957275696,0.101535318229399
"5053","57617","VPS18",-0.032583857432309,-0.0484554190343145
"5054","80149","ZC3H12A",-0.265971888706678,-0.186674605278439
"5055","644815","FAM83G",0.131490462051187,-1.81005680519298
"5056","144097","SPINDOC",-0.154881753899539,0.0371477183545048
"5057","80000","GREB1L",0.218200370735024,0.645674820557999
"5058","79171","RBM42",-0.175697106765895,-0.23421689588984
"5059","2026","ENO2",-0.362368741811102,0.246503691594107
"5060","128854","TSPY26P",-0.104101478711754,-0.278722277335772
"5061","57231","SNX14",-0.0691274859487914,0.8128892050539
"5062","55214","P3H2",-0.169004298406404,-0.257529540235347
"5063","3608","ILF2",-0.0688211255472071,0.038761528720765
"5064","55907","CMAS",-0.115852107678474,0.239275925059508
"5065","6102","RP2",-0.309058810644206,-0.922464413495161
"5066","9588","PRDX6",-0.0416007146899418,-0.807558172564393
"5067","23708","GSPT2",0.117464615724215,0.608722126695079
"5068","4086","SMAD1",0.188874057848081,-0.6445791989378
"5069","57190","SELENON",-0.0615169555591306,-0.591974917844301
"5070","27252","KLHL20",0.0711074627895387,-0.321365658790287
"5071","8269","TMEM187",-0.160647049321172,0.534044860508734
"5072","10575","CCT4",-0.0998129780789938,0.0488843543324506
"5073","55154","MSTO1",0.038503934937002,0.887779424803781
"5074","337867","UBAC2",-0.0808823512791053,0.525420372259246
"5075","92840","REEP6",-0.238344803460697,1.58589500852297
"5076","339229","OXLD1",-0.233678415064384,-0.328202306618453
"5077","81571","MIR600HG",-0.0380372613788862,-0.0923782025139124
"5078","10078","TSSC4",-0.113599087281143,-0.280755728447785
"5079","56683","CFAP298",-0.0404807235647127,0.00458160313380684
"5080","23463","ICMT",-0.111232834724283,0.142158373742846
"5081","9258","MFHAS1",0.189679208285771,-0.760949320417054
"5082","55179","FAIM",0.177668990741166,0.326093610407114
"5083","2648","KAT2A",-0.132929316301499,0.558226644299876
"5084","6591","SNAI2",0.180617484484834,-0.803672804017598
"5085","51366","UBR5",0.106318146935522,-0.133214992949545
"5086","7881","KCNAB1",-0.156918155178973,0.191819461049251
"5087","4739","NEDD9",0.0158449464301373,0.322183729352521
"5088","83714","NRIP2",-0.248670053137857,0.318020718304536
"5089","1534","CYB561",-0.14315465077641,-0.496483145651641
"5090","219541","MED19",-0.103575020382742,-0.3759239930747
"5091","253959","RALGAPA1",0.130366433422475,0.642983348019082
"5092","1856","DVL2",-0.0774478513320078,0.252232288882901
"5093","54915","YTHDF1",-0.0483591444020641,-0.227105676220165
"5094","8737","RIPK1",0.138931156055649,-0.762004067069525
"5095","388021","TMEM179",-0.28342487695488,1.87576980676674
"5096","80179","MYO19",-0.0265198043554022,0.0145396443145831
"5097","5269","SERPINB6",-0.163511926165081,0.0991143007286963
"5098","1890","TYMP",-0.285889266934978,-0.192831952789538
"5099","29924","EPN1",-0.0244461733718344,0.0376942398548792
"5100","9583","ENTPD4",-0.0811703457937236,0.148064435486787
"5101","93166","PRDM6",0.447054262008642,0.304042186553039
"5102","7580","ZNF32",0.161215212952052,0.452868400298312
"5103","285362","SUMF1",-0.233877066729466,-0.0299357769057824
"5104","10495","ENOX2",0.213171087053431,0.232506465530931
"5105","25777","SUN2",-0.213239730228084,0.170248025200269
"5106","55715","DOK4",-0.0478022593273213,0.697674975320127
"5107","644619","INTS4P2",0.296422635051616,0.479460476445599
"5108","11073","TOPBP1",0.1079225432367,0.924740106204559
"5109","51063","CALHM2",0.294065630672762,-0.386022780299771
"5110","29855","UBN1",0.0431926088011831,-0.0579892044399513
"5111","23461","ABCA5",-0.0567245264285661,-1.09992489557032
"5112","23170","TTLL12",-0.0585127417009295,-0.362934791915936
"5113","3601","IL15RA",-0.29313851770797,-1.44657742262163
"5114","675","BRCA2",0.094429385238685,1.50990421430152
"5115","1962","EHHADH",-0.0606651838792336,0.11061329839239
"5116","1535","CYBA",-0.252741169275004,0.119028862524211
"5117","29761","USP25",0.194381052990716,0.367646176142308
"5118","10411","RAPGEF3",0.215260100844571,0.134888051464871
"5119","3181","HNRNPA2B1",-0.120322320936047,0.603873989645029
"5120","813","CALU",-0.0631569559298466,0.309033363230954
"5121","80308","FLAD1",-0.048583873352233,-0.439109609848323
"5122","9368","SLC9A3R1",-0.335367964122255,-1.94033714116609
"5123","56937","PMEPA1",0.0729261339151552,-0.792853454045581
"5124","23035","PHLPP2",0.165112811134315,-0.184487794450393
"5125","160428","ALDH1L2",-0.148669124531733,-0.0468597553091961
"5126","51205","ACP6",-0.030743158084412,0.675231953875598
"5127","84893","FBH1",-0.0949870414245382,0.215189705256678
"5128","137392","CIBAR1",0.20013185121122,0.476063618817153
"5129","91298","C12orf29",0.184857438224541,0.166742342170772
"5130","170689","ADAMTS15",0.185191896735634,-0.101251882684521
"5131","92235","STYXL2",0.125836532852683,1.2515035896347
"5132","51280","GOLM1",-0.120557026040252,-0.0871976038073097
"5133","100874014","NAV2-AS2",0.269071223279786,-2.32780147883346
"5134","23381","SMG5",-0.00588628135663516,-0.0113870364220467
"5135","4915","NTRK2",-0.360901063498827,-1.77859125639623
"5136","2822","GPLD1",-0.22063168384123,-0.0371616170734426
"5137","11183","MAP4K5",0.0893211548676058,0.241889637301222
"5138","55319","TMA16",0.141638767833775,-0.173005014430887
"5139","2023","ENO1",-0.29904879414055,0.363474346205694
"5140","11133","KPTN",-0.0786747827877772,0.359630291504446
"5141","9354","UBE4A",-0.0496152343555307,0.0611606910191966
"5142","100271836","SMG1P3",0.160694023888904,-0.40845611088591
"5143","148789","B3GALNT2",-0.028291424095908,-0.760341202284858
"5144","79187","FSD1",-0.217882786000689,0.188999288204113
"5145","9901","SRGAP3",0.131497639524384,-1.67245708304447
"5146","338707","B4GALNT4",-0.357027185237821,1.62097088720328
"5147","51512","GTSE1",0.270402574537916,2.3388286895583
"5148","3295","HSD17B4",-0.0202630036540041,0.557460208820805
"5149","83451","ABHD11",-0.115726263685295,0.210344197049809
"5150","54516","MTRF1L",-0.0355635573776087,-0.460273243909172
"5151","55238","SLC38A7",-0.0927896067893625,-0.023036002298479
"5152","115908","CTHRC1",-0.382867844794934,-0.01430302906434
"5153","64105","CENPK",0.104144361778364,2.23712807918269
"5154","152100","CMC1",-0.123960641466842,0.155428059576267
"5155","100507171","BOLA3-DT",0.233542921647807,1.71504369155163
"5156","1173","AP2M1",-0.0464747782414516,-0.131898013211281
"5157","54165","DCUN1D1",0.0371055500366353,-0.15441002233141
"5158","384","ARG2",-0.246679384124118,-0.0767858912729045
"5159","57179","KIAA1191",-0.0919423739262895,-0.720991886369373
"5160","9074","CLDN6",-0.262739811392748,0.237437691079384
"5161","51083","GAL",-0.252804205938488,-0.724557291952371
"5162","5176","SERPINF1",-0.280306937574579,0.0142752751366766
"5163","80776","B9D2",-0.213728456994997,-0.815137843049235
"5164","11333","PDAP1",-0.0684398808905016,0.0483359802640999
"5165","147991","DPY19L3",-0.0554231211594196,0.0635591998001601
"5166","29058","TMEM230",-0.0793807793129773,-0.115052141458504
"5167","286144","TRIQK",0.0522888065245817,0.10434766425678
"5168","1362","CPD",-0.0902643909419254,-0.104938583122384
"5169","6427","SRSF2",-0.00476476576617291,1.21484233076928
"5170","84108","PCGF6",0.127044341693209,0.661215629072528
"5171","1609","DGKQ",-0.165474439529207,-0.220970575019377
"5172","8692","HYAL2",-0.200454091633889,0.0251060273542736
"5173","2588","GALNS",-0.159603984844471,0.0476271358935056
"5174","57153","SLC44A2",-0.135057158069835,0.231793260911311
"5175","51692","CPSF3",-0.000556323647979973,-0.330208369504171
"5176","8353","H3C6",0.0105079211804944,-0.248587896059007
"5177","10999","SLC27A4",-0.0760350401319991,0.238046691558147
"5178","25885","POLR1A",0.228817028121167,0.312895462518805
"5179","11091","WDR5",0.0137567309420303,0.0468485391671338
"5180","9143","SYNGR3",-0.0684169152076599,0.300755541815639
"5181","51226","COPZ2",-0.135700625434882,0.119993470781018
"5182","9254","CACNA2D2",-0.224552843920391,0.680549180887408
"5183","81857","MED25",-0.0160231638370663,0.631772187972619
"5184","421","ARVCF",-0.293810209749638,-0.981116501904873
"5185","10248","POP7",0.115227792893112,0.397521647996027
"5186","84967","LSM10",0.209989119230902,0.348353000973837
"5187","201895","SMIM14",-0.212322068083199,-0.715252431516844
"5188","57405","SPC25",0.373573869495227,2.97750288173187
"5189","105372483","ZNF497-AS1",0.0112675211893626,-0.542420023921073
"5190","9130","FAM50A",-0.0852544669860569,-0.125197804965214
"5191","5596","MAPK4",0.16550794059493,0.0346640141667454
"5192","8896","BUD31",-0.036566469825428,-0.146465630017968
"5193","54972","TMEM132A",-0.262880578969991,0.233570486052205
"5194","6259","RYK",0.0946013709876654,-0.0327056259674769
"5195","10328","EMC8",-0.116821371771709,-0.0286206417770813
"5196","401884",NA,0.0918119382033131,-0.0897540895939304
"5197","79184","BRCC3",-0.0376981860000414,0.115574739593051
"5198","57578","UNC79",-0.0954814670942352,-0.4626497648644
"5199","5451","POU2F1",0.170751548587978,-0.0365692996773603
"5200","2053","EPHX2",-0.155364857750536,-0.0684471984499107
"5201","55435","AP1AR",-0.119696206242348,0.182318095340936
"5202","101060389","TBC1D3D",-0.100125323618353,-0.555891378603979
"5203","25862","USP49",-0.110098479612219,-0.203820089277706
"5204","374354","NHLRC2",0.124050638625377,0.0289551173344771
"5205","7087","ICAM5",-0.283322456317157,-1.65944363595604
"5206","136051","ZNF786",-0.00875318379564805,-0.9435907198198
"5207","29767","TMOD2",0.124537429440102,0.979864882343013
"5208","57501","CFAP92",-0.457462050600852,-3.07289704255008
"5209","54822","TRPM7",0.180140342610963,0.0386858015148723
"5210","29097","CNIH4",-0.0368209720649624,-0.258628011464
"5211","27097","TAF5L",0.00714043537487807,0.233389457885042
"5212","653720","GOLGA8M",-0.336484679684114,0.244666227797175
"5213","100287808","LOC100287808",-0.1824900455753,-0.81540594762557
"5214","2779","GNAT1",-0.299148218612398,0.695656073549613
"5215","59349","KLHL12",-0.083915105127395,-0.935954148251231
"5216","863","CBFA2T3",0.41385337278411,0.982729053046043
"5217","729092","AGAP5",0.154704415882356,-0.187613459455694
"5218","30834","POLR1H",-0.174880996946731,-0.0425442857313927
"5219","51380","CSAD",-0.0173156625353852,-0.732694169076484
"5220","29098","RANGRF",-0.119676626328225,0.591928814041478
"5221","3326","HSP90AB1",-0.088737412764619,0.0364401287008214
"5222","10507","SEMA4D",-0.229844617417077,0.400892060370716
"5223","388272","C16orf87",0.169367921819919,-0.0615354971368616
"5224","116150","NUS1",0.0691008360335923,0.234672817519705
"5225","4298","MLLT1",0.0936691210654192,0.28853509638667
"5226","43","ACHE",-0.186980866388017,-2.97213338066676
"5227","55553","SOX6",0.329182536001636,0.0355669277306081
"5228","10933","MORF4L1",-0.0991849244253151,0.42733553148532
"5229","10469","TIMM44",-0.16702757190477,0.521140139455642
"5230","11068","CYB561D2",-0.199823465284664,-0.129218755272998
"5231","94056","SYAP1",-0.0592893061259261,-0.703668222672365
"5232","56106","PCDHGA10",-0.154141085195167,0.285599828109685
"5233","54949","SDHAF2",0.0694492209835325,-0.178180210701917
"5234","7049","TGFBR3",0.33624396016201,0.120386079208281
"5235","3597","IL13RA1",-0.108237722430458,-0.92604922393387
"5236","51560","RAB6B",-0.177792245809977,0.401478346817386
"5237","349136","WDR86",-0.217858033936982,-0.391061944920647
"5238","9988","DMTF1",0.120676105750117,-0.209751584548297
"5239","10884","MRPS30",-0.0902321699672326,0.0850962394916142
"5240","131965","METTL6",0.000428142089662131,0.13614297110283
"5241","283487","PRECSIT",0.251935924694983,-2.3279133848673
"5242","56122","PCDHB14",-0.0754441713768448,0.513344675507647
"5243","100131244","ANKRD63",0.654097828890613,0.740978379025728
"5244","129450","TYW5",0.0707441087099832,0.360575588622726
"5245","51334","PRR16",0.162631476579335,-0.0617312733169944
"5246","6878","TAF6",-0.051561501713949,0.305243714182175
"5247","22864","R3HDM2",0.00393949632525281,0.0349042543674551
"5248","56144","PCDHA4",-0.280717347635028,0.832548541551855
"5249","55204","GOLPH3L",0.116443008851245,0.544176666012894
"5250","79608","RIC3",-0.0647221819032318,0.53245407273031
"5251","6560","SLC12A4",-0.139279464310631,-1.06097392721625
"5252","6305","SBF1",-0.0799372794702009,-0.827871078127524
"5253","23152","CIC",0.0712447783007457,-0.0742820400064987
"5254","29074","MRPL18",-0.051978870253488,-0.550718813160139
"5255","3249","HPN",-0.488446312415554,0.0782779674557399
"5256","5250","SLC25A3",-0.110851016563512,0.473230459647082
"5257","27232","GNMT",-0.220210419132063,-0.122794263301102
"5258","84163","GTF2IRD2",-0.120604998244139,-0.0769950618375992
"5259","7743","ZNF189",0.154433873569581,0.232227485726376
"5260","199746","U2AF1L4",-0.202573826026145,-0.551224211855933
"5261","3959","LGALS3BP",-0.0582455753865592,0.591338176725364
"5262","105274304","LOC105274304",-0.227961561515462,-0.148012878428386
"5263","340252","ZNF680",0.440043680224629,0.947964656288691
"5264","55704","CCDC88A",0.120264081325443,0.547106064523047
"5265","347735","SERINC2",-0.411644476323556,-0.600714044225921
"5266","10607","TBL3",-0.056388243070991,0.0243335683398014
"5267","25902","MTHFD1L",-0.119044478514732,-0.254830966483039
"5268","26504","CNNM4",0.193890326701015,-0.264619098481027
"5269","4233","MET",-0.121273001081968,-0.556185942656638
"5270","58478","ENOPH1",-0.139772641661404,0.0433508992782574
"5271","3843","IPO5",-0.0256021986963662,0.0994171995772577
"5272","665","BNIP3L",-0.0980223700276284,0.191561020501717
"5273","55069","TMEM248",-0.101836866958081,0.176637516194114
"5274","23019","CNOT1",0.14337532317874,-0.01071995877356
"5275","131076","MIX23",0.203734314944796,0.709166498636919
"5276","144108","SPTY2D1",-0.14387214644653,-0.159247389984947
"5277","340371","NRBP2",-0.128990117166707,0.51090794546837
"5278","148423","C1orf52",0.00057401330729423,-0.357341210461939
"5279","202020","TAPT1-AS1",-0.122258660130392,-0.221366046699366
"5280","255252","LRRC57",-0.103571822677057,-0.211664516447527
"5281","283807","FBXL22",0.214860012636228,3.87048229326051
"5282","54962","TIPIN",0.215270192425802,1.37416895992632
"5283","90410","IFT20",-0.151648386205112,-1.30398023466799
"5284","11043","MID2",0.236283534032224,-0.267545217468832
"5285","125228","FAM210A",0.202184792688081,0.783264781695687
"5286","23275","POFUT2",-0.13526355296409,0.0196675970477287
"5287","100129361","SMIM10L1",0.0627852987253927,-0.120605387539152
"5288","9620","CELSR1",-0.08963490564288,0.363295607951626
"5289","256933","NPB",-0.0962869978709331,-0.217725098482984
"5290","155370","SBDSP1",0.034191267350729,0.42449558889515
"5291","85315","PAQR8",0.204031765269329,1.71165407705658
"5292","55285","RBM41",0.188265836571341,-0.269815679502837
"5293","729082","OIP5-AS1",0.173394356606765,0.762579576445655
"5294","22977","AKR7A3",-0.270350174535901,-0.439720698898227
"5295","59342","SCPEP1",-0.198867726681993,0.0897454151537422
"5296","51","ACOX1",-0.0250244719416894,-0.0855044685681801
"5297","26092","TOR1AIP1",-0.0778092981688934,0.452919276261714
"5298","9399","STOML1",-0.165902708266668,-0.0793034119408089
"5299","310","ANXA7",-0.0770970532196635,0.206795386114281
"5300","2108","ETFA",-0.136148101939371,-0.00570282582337978
"5301","6764","DENND2B",0.0994269571647219,-0.434440032348449
"5302","8301","PICALM",0.14629766849515,0.175780781441818
"5303","54952","TRNAU1AP",-0.094844325915441,0.209948814345693
"5304","8558","CDK10",-0.16773524053338,-0.126147977146292
"5305","55300","PI4K2B",0.0980435824858921,-0.171769892229855
"5306","54869","EPS8L1",-0.371765316870419,0.100154391293355
"5307","11120","BTN2A1",-0.144557092776279,0.199036652867963
"5308","55669","MFN1",-0.0271339091483958,0.0136361026661529
"5309","10678","B3GNT2",-0.0993439557901805,0.867606503157361
"5310","53834","FGFRL1",-0.194321493395532,-0.172173617393359
"5311","4209","MEF2D",0.058039047607747,-0.120988893352266
"5312","5074","PAWR",0.150142919095787,-0.288421323006547
"5313","101928483","NALT1",-0.169971262672687,-1.6977699422892
"5314","54888","NSUN2",-0.0768979657986391,-0.166607232729461
"5315","28990","ASTE1",-0.0927890667042732,-0.477739522271562
"5316","23403","FBXO46",0.140054044415938,0.145037963532878
"5317","9905","SGSM2",-0.123166756252017,-0.0243812867936484
"5318","2664","GDI1",-0.0460317612097292,0.0324197493920986
"5319","474338","SUMO1P3",0.054567287745138,-0.00480747299767437
"5320","5162","PDHB",-0.0908793318860548,0.082957468891447
"5321","84333","PCGF5",0.0925176276552309,0.271910220656701
"5322","115677","NOSTRIN",0.392669128040594,0.361378113738078
"5323","8560","DEGS1",-0.0820785829372834,0.711546636538054
"5324","5876","RABGGTB",-0.0454843705134484,0.357938032077691
"5325","5365","PLXNB3",-0.484367468831882,-1.20284251901345
"5326","22885","ABLIM3",-0.182341161878892,-0.0877005093104168
"5327","57136","APMAP",-0.175489927431046,-0.273429189206323
"5328","100287765","LINC00630",0.122285492891057,-0.0994802411865136
"5329","80114","BICC1",0.108162030282209,1.45978779761013
"5330","10403","NDC80",0.342284464754551,3.33111525340549
"5331","101930085","HERPUD2-AS1",0.0771446193679659,-0.711951781460545
"5332","7064","THOP1",-0.122903448815205,0.961350188337182
"5333","1292","COL6A2",-0.197841513825556,0.144492671579495
"5334","100134713","NDUFB2-AS1",-0.156014457494324,-1.07919941045669
"5335","84232","MAF1",-0.135128006489974,0.028997585480723
"5336","5499","PPP1CA",-0.0960892298969993,-0.422118132131684
"5337","11078","TRIOBP",-0.163559710983457,-0.0210703305840374
"5338","169792","GLIS3",0.348806176846709,-0.759605860950392
"5339","1063","CENPF",0.249750027289795,3.25589278442085
"5340","79038","ZFYVE21",-0.110404895781569,-0.324976526015414
"5341","7791","ZYX",0.0262873825851191,-0.00146796320012843
"5342","55102","ATG2B",0.00263404628739927,-0.147652750249274
"5343","10869","USP19",-0.0850588500884824,0.0112249957566419
"5344","10856","RUVBL2",-0.00797504367550683,0.136811988161705
"5345","147804","TPM3P9",0.139593186665238,0.405330918297782
"5346","1265","CNN2",0.0570814816358576,0.794944831949817
"5347","5201","PFDN1",-0.0196064133454996,-0.294080286235269
"5348","7703","PCGF2",0.0764310989709198,-0.0193917816630087
"5349","285268","ZNF621",0.129597151020904,-0.0121996931680299
"5350","7711","ZNF155",0.187832205941189,-0.0691487567190991
"5351","1024","CDK8",0.142724556614912,1.05012509729935
"5352","11238","CA5B",0.11156314669061,0.319664066426247
"5353","101927720","ZNF793-AS1",-0.155964751516678,-0.377664449188354
"5354","55116","TMEM39B",0.00409955968361153,0.633842937100603
"5355","122809","SOCS4",0.127589979158867,-0.391597383923306
"5356","3840","KPNA4",0.0662124386339933,-0.0748313771958244
"5357","7504","XK",-0.0991102865378153,0.176408403572925
"5358","54476","RNF216",0.153761757152409,0.608232746241272
"5359","1741","DLG3",0.134300064578743,0.166015077734052
"5360","9331","B4GALT6",-0.0190101932320861,0.0286040568374375
"5361","55716","LMBR1L",-0.0280362332818629,-0.178828286786168
"5362","6770","STAR",-0.368874759413325,0.96580728501968
"5363","60509","AGBL5",-0.0903796411792479,-1.59413978041961
"5364","80700","UBXN6",-0.140663260012676,0.0689908669713422
"5365","93653","ST7-AS1",0.0566962284519688,0.00186858132272227
"5366","26134","RALGAPA1P1",0.106823228546988,0.536953582343332
"5367","118461","C10orf71",0.229049422104139,2.13713137334413
"5368","3915","LAMC1",-0.0175975079925283,-0.0303001805464689
"5369","10640","EXOC5",0.0686400213585543,0.126494010665085
"5370","149465","CFAP57",-0.012178418229536,-1.35167951342074
"5371","9263","STK17A",-0.0736041783669421,-0.992316341109018
"5372","56981","PRDM11",0.174512039295356,0.351724576404401
"5373","118460","EXOSC6",0.0280201394590831,0.280950241675369
"5374","23080","AVL9",0.0827902162353924,-0.0667976226948284
"5375","4354","MPP1",-0.0558112935530186,1.4715184691652
"5376","29901","SAC3D1",-0.24435365702263,-2.18731818354938
"5377","266812","NAP1L5",0.0786392241045828,0.00553141841147653
"5378","23637","RABGAP1",-0.0187512040387574,-0.0801995998497818
"5379","1953","MEGF6",-0.262932125156921,-0.200074977550792
"5380","27235","COQ2",-0.10190829282701,0.0161423505428333
"5381","9843","HEPH",-0.172242759191802,0.204606666066574
"5382","95","ACY1",-0.216862884815362,-0.721651847634219
"5383","283349","RASSF3",0.101703929801507,-0.639131754860986
"5384","54953","ODR4",0.00611649370407186,0.146937281596133
"5385","23529","CLCF1",-0.323316098776444,-1.04363703120865
"5386","7056","THBD",-0.513109875114671,-1.94710597748688
"5387","255762","PDZD9",0.0272916810859938,0.0919885655723491
"5388","51249","TMEM69",-0.0514597618148853,-0.323174130924449
"5389","6667","SP1",0.0480532133744118,-0.489975829955374
"5390","55559","HAUS7",-0.0102791634810786,1.43226923164201
"5391","56904","SH3GLB2",-0.133056822879717,-0.576922156105685
"5392","128218","TMEM125",0.300260089621229,0.295740300257367
"5393","11165","NUDT3",-0.230267471354775,0.237053512387436
"5394","494514","TYMSOS",-0.198045101576182,-2.35964647864645
"5395","54877","ZCCHC2",0.197709234934682,-0.343747856257801
"5396","222584","FAM83B",-0.0894753870148504,-1.02342938483013
"5397","55161","TMEM33",-0.124670120738949,0.143501441225956
"5398","57593","EBF4",-0.218463522178918,-1.40148816412553
"5399","147166","TRIM16L",0.121606578340299,0.679580331573099
"5400","114879","OSBPL5",-0.146514974816848,0.934548697386063
"5401","344595","DUBR",0.256190245772144,-0.18285825727668
"5402","23243","ANKRD28",0.178037245049455,0.0177904125170096
"5403","113829","SLC35A4",0.0509947675275679,0.830528517512107
"5404","10413","YAP1",0.106353920537623,-0.420472233218112
"5405","755","CFAP410",-0.127730032420962,0.143877532673617
"5406","2109","ETFB",-0.163104910056047,0.259765255575864
"5407","57466","SCAF4",-0.150857994948749,-0.330170431746916
"5408","57181","SLC39A10",0.159372100838029,-0.536475164759884
"5409","56271","BEX4",-0.159779589926764,-0.841653770043536
"5410","7089","TLE2",-0.157665771125805,0.632743676780557
"5411","1760","DMPK",-0.0913399464712317,-0.102446965334316
"5412","9127","P2RX6",-0.107353942405815,0.777362656554283
"5413","5797","PTPRM",-0.0800199310967598,0.191716932816105
"5414","6990","DYNLT3",0.0301136896059484,-0.929382930403565
"5415","5717","PSMD11",0.0106390799588114,0.0517545986685866
"5416","64762","GAREM1",0.356179892439316,0.217023476215217
"5417","54855","TENT5C",-0.562310652897589,-3.10116704965758
"5418","25870","SUMF2",-0.191660818431792,0.387058018114722
"5419","3364","HUS1",0.000764772564416649,0.0985992850528499
"5420","2029","ENSA",-0.0516624316329182,-0.012142378408579
"5421","23603","CORO1C",0.147314402720665,0.230838873001571
"5422","3623","INHA",-0.368558976420408,1.02123738455916
"5423","65083","NOL6",-0.178712758092067,-0.327995453613743
"5424","6793","STK10",0.247767977598024,-0.446200893512525
"5425","11177","BAZ1A",-0.0937270031988424,-1.0641390819499
"5426","23765","IL17RA",-0.165544954222833,-0.267985711569969
"5427","84524","ZC3H8",0.0327793980248487,-0.0620048739474708
"5428","11019","LIAS",-0.0894331506913848,0.406875546273047
"5429","6341","SCO1",-0.0799345246092162,0.0154948544417746
"5430","1047","CLGN",-0.108457809890005,0.409748278787789
"5431","11097","NUP42",0.100146655597301,0.203197948345152
"5432","3363","HTR7",0.0109037822662554,-1.69165015470262
"5433","131583","FAM43A",-0.281781407434593,-1.60807802749368
"5434","4201","MEA1",-0.0631572081886249,0.126632366644372
"5435","23386","NUDCD3",-0.10201247545822,-0.0367015783765661
"5436","6645","SNTB2",-0.0754029462673707,-0.916728421039951
"5437","24138","IFIT5",0.28012614618052,-0.35323575600472
"5438","51693","TRAPPC2L",-0.141693360837444,-0.534405263999374
"5439","27250","PDCD4",-0.255344941042453,-0.671464935408735
"5440","54470","ARMCX6",0.0846686281717011,0.676148216552332
"5441","582","BBS1",-0.196117060898983,-0.72315593846844
"5442","153527","ZMAT2",-0.0447020349656126,-0.473748168555092
"5443","388965","FUNDC2P2",-0.162312986253911,0.150640576574285
"5444","64745","METTL17",-0.12394958966803,0.290766534600349
"5445","124995","MRPL10",-0.0983911142870877,-0.360363448805963
"5446","8546","AP3B1",-0.00875258718029137,0.182184243037534
"5447","57599","WDR48",-0.112901143136583,-0.26836221970739
"5448","196743","PAOX",-0.21495607946622,-0.622545262792672
"5449","23029","RBM34",0.0828632870980144,-0.344007631292211
"5450","1072","CFL1",-0.0365739035572403,-0.575674731029377
"5451","8013","NR4A3",0.0921373553949474,-0.526146057133465
"5452","27238","GPKOW",-0.0772497609145368,-0.0535751031908145
"5453","2878","GPX3",-0.16826156130585,-0.63007382436205
"5454","170506","DHX36",-0.0505322720414476,0.0131445554779086
"5455","7767","ZNF224",0.0586724109456056,-0.216929121744844
"5456","166012","CHST13",-0.167415249586421,0.519688145161155
"5457","445328","ARHGEF35",0.180580780037276,-0.0384549391633709
"5458","163702","IFNLR1",0.204790558947074,1.12286261031297
"5459","9863","MAGI2",0.0724944023212841,0.291542841631211
"5460","196463","PLBD2",-0.130015398906315,-0.0188134235819408
"5461","4301","AFDN",0.10994445844484,0.209117855874053
"5462","1605","DAG1",-0.0619785113571005,0.514233096716273
"5463","55742","PARVA",0.117983344798998,0.134154372539717
"5464","646576","HHIP-AS1",0.429829523448415,-1.02235789634711
"5465","124935","SLC43A2",-0.197176255561751,-2.54862111364664
"5466","399512","SLC25A35",-0.16694882190574,0.972416560677283
"5467","57697","FANCM",0.206057316538183,0.582718068883027
"5468","9759","HDAC4",0.106079132327042,0.0275551985898348
"5469","9715","FAM131B",-0.709570613984508,-2.5350302993757
"5470","170261","ZCCHC12",-0.33144982480324,-3.65235949343184
"5471","8883","NAE1",-0.0111746576961247,0.800344959389701
"5472","79774","GRTP1",-0.0601737449963062,-1.31313167498809
"5473","57594","HOMEZ",-0.00607435353549901,-0.0572916861640391
"5474","550","AUP1",-0.127544366922304,-0.26652973520121
"5475","3996","LLGL1",-0.117281303640206,-0.519238641726885
"5476","348995","NUP43",-0.106849939164651,0.393460746807425
"5477","25820","ARIH1",0.107343590752683,-0.0845670452943619
"5478","342926","ZNF677",-0.0387781405381072,0.0611076556029587
"5479","4738","NEDD8",-0.0589766366681159,-0.113818254512132
"5480","2801","GOLGA2",-0.0286579140740999,0.502277718946887
"5481","2768","GNA12",0.0187033901644336,0.194327950615648
"5482","23478","SEC11A",-0.119334597942839,0.109801444855042
"5483","2010","EMD",-0.0461034942088903,-0.0139362049772203
"5484","115196","ZNF554",0.233097094548429,0.0325591998207537
"5485","153129","SLC38A9",0.186313315527859,0.0263919935986152
"5486","51069","MRPL2",-0.148734866395642,0.395841939473256
"5487","23212","RRS1",0.0980151090603636,0.716699737586393
"5488","6016","RIT1",0.115882452616543,0.0300357969283489
"5489","139231","FAM199X",0.111418643445461,-0.054992049120334
"5490","348487","FAM131C",0.0272629784170368,0.556797302159628
"5491","48","ACO1",0.0454676599839017,0.10540633097067
"5492","646817","SETSIP",-0.123863927481217,0.15775946464933
"5493","28971","AAMDC",-0.115519483915975,-0.00312502503893874
"5494","8225","GTPBP6",-0.0996999129641711,0.281977091347726
"5495","2934","GSN",-0.171853622903118,-0.181754532381952
"5496","55845","BRK1",-0.0872777843085268,-0.0671061814200602
"5497","59341","TRPV4",-0.145376943046575,1.16754412819466
"5498","6775","STAT4",0.275724039789713,0.931098024314261
"5499","5203","PFDN4",0.0496690303668696,0.0523679461393742
"5500","284069","FAM171A2",-0.225567530350959,0.560028137844535
"5501","29121","CLEC2D",-0.0694989767114293,0.313065609373905
"5502","255488","RNF144B",-0.702258101692775,-1.92471814733767
"5503","114882","OSBPL8",0.150063896768604,-0.205596451149221
"5504","55754","TMEM30A",-0.145255609105107,-0.190478394396971
"5505","10362","HMG20B",-0.122532883920828,0.258531917502755
"5506","130888","FBXO36",-0.230530400168654,1.61362379744518
"5507","23567","ZNF346",0.0774435774338862,0.0358903745327992
"5508","29995","LMCD1",-0.0745072081360831,0.0826469896729529
"5509","54974","THG1L",-0.126030848187737,0.505968827743388
"5510","9984","THOC1",0.156235424009164,0.74739224513829
"5511","105371931",NA,-0.242861842330212,-1.39929053820302
"5512","9567","GTPBP1",-0.0813592980234707,-0.776258928998152
"5513","6184","RPN1",-0.0906123668506265,0.0096436904402406
"5514","79714","CCDC51",0.0776550725893301,-0.353296307276126
"5515","64978","MRPL38",-0.0736528713895472,-0.129300422021024
"5516","84918","LRP11",-0.0912059038140667,0.165060908656987
"5517","25864","ABHD14A",-0.108806815469789,0.00621935577330879
"5518","51496","CTDSPL2",0.0791934228884736,0.452571060804613
"5519","5166","PDK4",0.299446382861834,-2.02568737057472
"5520","57509","MTUS1",0.247250440690213,-0.295140096346806
"5521","64689","GORASP1",-0.0615143528299162,0.318763026746295
"5522","84668","FAM126A",0.2060389031801,0.029954915046341
"5523","11331","PHB2",-0.0334919806432481,0.33548436308113
"5524","8666","EIF3G",-0.0479316462907722,-0.037625568896595
"5525","26986","PABPC1",-0.0799451207000175,-0.0866189407710571
"5526","10447","FAM3C",-0.0718749757147821,-0.371784619675539
"5527","123355","LRRC28",0.147090930915924,-0.14736975336176
"5528","55076","TMEM45A",-0.185535079010763,0.317978116126911
"5529","63899","NSUN3",0.0393164425830816,-0.178517230380141
"5530","9526","MPDU1",-0.0943679161338808,0.322742293542831
"5531","222171","PRR15",0.21022358116897,-0.910227272304648
"5532","2619","GAS1",-0.186118414448656,-2.06551383789436
"5533","92421","CHMP4C",-0.0415732757052871,-0.345261839487168
"5534","728975","CAPN1-AS1",-0.0926303722499155,-0.720797587565051
"5535","7507","XPA",-0.0174122012946527,-0.0488765315377302
"5536","90427","BMF",-0.349562741082434,-0.430612823400309
"5537","116064","LRRC58",0.0103207185545964,0.825869909172181
"5538","124540","MSI2",0.0925076081231113,0.0842500826603052
"5539","4324","MMP15",-0.217629781686352,1.00521462490781
"5540","84216","TMEM117",-0.0248680096945222,0.0730353241016672
"5541","2888","GRB14",0.148759912427827,0.0844979318909114
"5542","492311","IGIP",-0.0144330089203941,0.259492122693464
"5543","7150","TOP1",0.0196110533141223,-0.159916448423669
"5544","80059","LRRTM4",0.3414969685261,-0.239094602830925
"5545","1964","EIF1AX",-0.172270887599399,0.0885316985721483
"5546","1056","CEL",-0.300830680088244,-0.643595652489994
"5547","55328","RNLS",-0.496414261414318,0.090766605570862
"5548","8615","USO1",0.0194524911164571,0.105234094969995
"5549","54059","YBEY",-0.153827542274926,-0.116412903228376
"5550","101928674","SOCS3-DT",-0.44992860382935,-3.16460690953109
"5551","5281","PIGF",-0.193481583329801,-0.461980714456778
"5552","23464","GCAT",-0.100955802230651,0.672706080325333
"5553","4067","LYN",0.0136809570697949,-0.218797977942185
"5554","9787","DLGAP5",0.319567002681302,2.92150214734331
"5555","79072","FASTKD3",0.00793364377299488,0.37031829660338
"5556","207","AKT1",-0.0953776408033127,0.170547590829771
"5557","23301","EHBP1",0.0726859090701364,0.684623820900526
"5558","83787","ARMC10",-0.125571070408819,-0.375947426951011
"5559","8848","TSC22D1",-0.147602872207342,-0.230031541325232
"5560","5638","PRRG1",0.116303471443874,0.063553135279693
"5561","54467","ANKIB1",0.152668148364262,-0.140717886161156
"5562","29927","SEC61A1",-0.187000569622125,-0.253164172681679
"5563","54677","CROT",-0.170575866098588,-0.609574854684086
"5564","55007","FAM118A",0.160832003886785,0.826031456715326
"5565","10521","DDX17",0.13093830664368,0.935877455894225
"5566","11322","TMC6",-0.134656533961258,-0.0790334643065478
"5567","8341","H2BC15",-0.281610546480287,-0.811662981330901
"5568","11094","CACFD1",-0.168078903945506,-0.233064164926553
"5569","8314","BAP1",-0.108395250547973,-0.180746681008864
"5570","121274","ZNF641",0.0842210463456636,-0.206762863981881
"5571","399744","LINC00999",0.285398779602134,0.121145663388962
"5572","51182","HSPA14",-0.0398683837884812,0.0563410809064733
"5573","23621","BACE1",-0.0952593605369065,-1.71908974234011
"5574","79706","PRKRIP1",0.235627615378235,-0.0213812957582899
"5575","80853","KDM7A",-0.0514719978669698,-0.440912507323643
"5576","107","ADCY1",-0.119330014836625,-1.61439289974779
"5577","55802","DCP1A",0.0672829101102153,0.157607239564788
"5578","11315","PARK7",-0.0640073436957609,0.0772849200762584
"5579","4016","LOXL1",-0.14422348627422,-0.890104442005807
"5580","55815","TSNAXIP1",-0.472659372800849,-0.74244583270978
"5581","92170","MTG1",-0.0559997096686242,0.0111984430577747
"5582","55722","CEP72",0.00881197658241328,1.07643275944224
"5583","7392","USF2",-0.0812545144548711,-0.308879231796631
"5584","8943","AP3D1",-0.0580107972575155,-0.395818478379959
"5585","79101","TAF1D",-0.139783809607512,0.131240534650851
"5586","10250","SRRM1",-0.00241860926923287,0.185586126534674
"5587","9468","PCYT1B",0.0734764654571443,1.94178609209787
"5588","7508","XPC",-0.256089854475788,-1.92559342018178
"5589","80746","TSEN2",0.157318104680472,1.31102475530236
"5590","3911","LAMA5",-0.119264597844678,0.393862418255418
"5591","4482","MSRA",-0.0696083333826154,0.0690531004418862
"5592","554251","FBXO48",-0.0474610760692977,0.065060479412974
"5593","202052","DNAJC18",0.0789223831876757,-0.0689119599171679
"5594","22826","DNAJC8",-0.0322286764198108,-0.425435462319778
"5595","90507","SCRN2",-0.186557497539868,0.430706737394863
"5596","102724112",NA,0.147043317811296,0.233956933337613
"5597","122481","AK7",-0.0638705596496053,0.124447627521719
"5598","54627","MAP10",-0.157932795181008,-0.514463472535853
"5599","991","CDC20",0.285380965468137,2.97050862076659
"5600","260294","NSUN5P2",-0.251863541514199,-0.453891135088518
"5601","30000","TNPO2",-0.050426902163144,0.0559350858623633
"5602","8723","SNX4",0.099042003250343,0.0110864230325989
"5603","115294","PCMTD1",-0.0457443494655791,-0.110908419518114
"5604","5026","P2RX5",-0.253539588079668,-0.765764837652625
"5605","10552","ARPC1A",-0.0129870726570198,0.133798884903978
"5606","80139","ZNF703",-0.160375265666946,-0.846368932296722
"5607","175","AGA",-0.281160799220659,0.230073623965248
"5608","414918","DENND6B",-0.175820122776218,-0.233160727365308
"5609","6595","SMARCA2",0.0219959747757947,-0.0471341047603087
"5610","440354","SMG1P2",0.121678915822236,0.0832017408072918
"5611","84749","USP30",0.145317869535129,0.114234084644938
"5612","23344","ESYT1",-0.199888456020946,-0.536054792633142
"5613","54472","TOLLIP",-0.105777390037107,-0.54055091518294
"5614","5570","PKIB",0.131150898364025,0.279211548313154
"5615","8659","ALDH4A1",-0.198761744966352,-0.00383550187417114
"5616","150684","COMMD1",0.047412712712708,0.13656759270854
"5617","199704","ZNF585A",0.108974503386392,-0.180368575852848
"5618","153910","LOC153910",-0.0829377129018018,-0.41309112764173
"5619","2483","FRG1",-0.132104966132849,-0.135092425191547
"5620","9828","ARHGEF17",-0.124600599546048,-0.17277344348634
"5621","79735","TBC1D17",-0.17029259508768,0.154217348387472
"5622","9924","PAN2",-0.0978988881168128,0.232365426184868
"5623","5331","PLCB3",-0.118748024932183,0.0109189458273922
"5624","5023","P2RX1",-0.146905535962337,0.114380220203517
"5625","81567","TXNDC5",-0.20501471671207,0.328971042618328
"5626","64434","NOM1",-0.054391854917581,-0.268947720828306
"5627","97","ACYP1",-0.0691361076740917,-0.201929031117598
"5628","261734","NPHP4",-0.10476118524543,0.524761215399531
"5629","126969","SLC44A3",-0.0861414635899487,-0.430158037302805
"5630","359845","RFLNB",-0.228738555232936,-0.817701109673995
"5631","5028","P2RY1",-0.352261602199296,-1.29928337336744
"5632","388507","ZNF788P",0.265446306007117,0.494139416708977
"5633","153478","PLEKHG4B",0.172807598809248,0.890542547521488
"5634","11313","LYPLA2",-0.16917920873456,-1.28355633998322
"5635","89941","RHOT2",-0.151919359473142,0.0430784800128388
"5636","7257","TSNAX",-0.129058028010371,-0.024430657744154
"5637","85360","SYDE1",0.00886915896762375,2.43032087868813
"5638","54753","ZNF853",0.0503285346715874,0.920775201941677
"5639","100506922","MAP3K2-DT",-0.347644602860816,-1.76285600248491
"5640","56660","KCNK12",-0.300939453980631,-2.42874356520057
"5641","8406","SRPX",-0.0679619060304164,0.63008058774136
"5642","130162","CLHC1",0.155423928968678,-0.0371348209682756
"5643","358","AQP1",-0.111117043928852,1.82040910476051
"5644","55063","ZCWPW1",-0.138659179823991,0.430285460686408
"5645","140699","MROH8",-0.141501119015475,-0.730280513150279
"5646","57464","STRIP2",-0.100077853169438,-0.0696456326248045
"5647","87178","PNPT1",-0.0908455087540538,0.205023669415281
"5648","10553","HTATIP2",-0.158042006960641,-0.857957602150794
"5649","94241","TP53INP1",-0.366359813760702,-1.63220498709002
"5650","9933","PUM3",0.228509404529871,0.0214429772314846
"5651","60481","ELOVL5",-0.0571031440663399,0.753912251380934
"5652","5605","MAP2K2",-0.0718844129027554,-0.134073561927551
"5653","1108","CHD4",0.0392895052073712,0.704860922758602
"5654","102724560","LOC102724560",-0.0641055037458074,0.699764859189404
"5655","85302","FBF1",-0.183459466836813,-0.451376932210885
"5656","1636","ACE",-0.309270056209179,-0.758155441390446
"5657","84775","ZNF607",0.0554434642140094,0.0349727863237375
"5658","91949","COG7",-0.0137823534662012,-0.0271626449859177
"5659","54431","DNAJC10",-0.0254921052539325,0.55752812211098
"5660","221908","PPP1R35",-0.265887088622257,-0.165396662608051
"5661","29957","SLC25A24",0.133072317635492,0.900371947891576
"5662","80224","NUBPL",-0.0867191315432665,0.203440528747263
"5663","8577","TMEFF1",-0.331008894612896,0.37133236754159
"5664","23294","ANKS1A",0.0746690252733178,-0.658307060428641
"5665","84287","ZDHHC16",-0.114607792485631,-0.358425025051629
"5666","79772","MCTP1",-0.217015777050831,-0.611136827108019
"5667","55633","TBC1D22B",0.131677851124212,-0.335944236496233
"5668","22820","COPG1",-1.62338281652907e-05,0.012666822098236
"5669","7037","TFRC",-0.12709604802922,1.12831083561056
"5670","55527","FEM1A",-0.0955192353532439,-0.506420539666783
"5671","56674","TMEM9B",-0.101008520782821,-0.00905504025839043
"5672","56605","ERO1B",-0.0443481729615773,-1.92046204009546
"5673","4686","NCBP1",-0.0811511945268126,0.278271881046352
"5674","84226","C2orf16",0.270330495887546,-0.219242002614344
"5675","3692","EIF6",-0.119897921293784,-0.190281707432661
"5676","55114","ARHGAP17",0.121060419290162,-0.0136823431676909
"5677","4249","MGAT5",0.0134100236582366,0.532963396913559
"5678","3017","H2BC5",-0.0335842109431512,-1.27982829279437
"5679","3157","HMGCS1",0.137561130244035,1.08362351672667
"5680","145165","ST13P4",-0.119789641904081,-0.270536453685421
"5681","347734","SLC35B2",-0.126702603742597,0.692698904464815
"5682","783","CACNB2",0.247026169053423,1.08703907624149
"5683","102724826","ZNF337-AS1",-0.282485518493003,-0.921688630320295
"5684","9754","STARD8",0.0392796546845963,-0.347879344386873
"5685","115416","MALSU1",-0.0562792099518354,0.0844074604163501
"5686","55860","ACTR10",-0.112137041468956,0.0429913349784652
"5687","8729","GBF1",0.0507069284473225,0.233906524789921
"5688","54585","LZTFL1",-0.129129890588539,0.0741564981997862
"5689","154215","NKAIN2",-0.01710445346985,-1.11102426181522
"5690","333926","PPM1J",-0.224245621441853,-1.63722409127972
"5691","23218","NBEAL2",-0.0848822604492545,-0.235039231006859
"5692","79088","ZNF426",0.0296894291934922,0.25594097076375
"5693","388524","RPSAP58",0.0297355707054443,0.0516425363182202
"5694","114034","TOE1",0.0995304905927474,0.554974908386615
"5695","54708","MARCHF5",0.00790154177308544,0.0185212095678393
"5696","150726","FBXO41",-0.313082513954521,-0.872744800625956
"5697","414919","C8orf82",-0.196251386970114,0.434211952528139
"5698","79933","SYNPO2L",0.109280350161955,0.384823865667396
"5699","5610","EIF2AK2",0.104710146219169,0.141980058615541
"5700","202333","CMYA5",0.340294257046982,0.794194998454765
"5701","7918","GPANK1",0.139011012012097,-0.070652299953629
"5702","79677","SMC6",0.0935761041853969,0.422217296336625
"5703","140886","PABPC5",0.17099316583564,0.893940199770075
"5704","7915","ALDH5A1",0.0437189312111022,0.15417852356855
"5705","23764","MAFF",-0.710629064323733,-2.06695001338332
"5706","10254","STAM2",0.00586942814155744,-0.148276957259402
"5707","91039","DPP9",-0.0466371429533323,-0.114464096599684
"5708","653519","GPR89A",-0.0631051139922052,0.304850727918176
"5709","729597","SPDYE6",0.167316732977426,-0.0784140186783004
"5710","79890","RIN3",0.179027221255484,-0.602890800752835
"5711","51552","RAB14",0.0293598761257812,-0.326544555011992
"5712","340481","ZDHHC21",0.143427620694547,0.998938400106991
"5713","6879","TAF7",-0.117707724506353,-0.34133974286664
"5714","23200","ATP11B",-0.0301001545582151,0.127707953952243
"5715","10157","AASS",0.0191746346222859,0.726443117894423
"5716","406","ARNTL",-0.0880330092598576,-1.4180434013719
"5717","25798","BRI3",-0.106245131348566,-0.234712831721652
"5718","55425","GPALPP1",0.133774388406832,0.0288430281389735
"5719","440359","YBX3P1",-0.178366519112772,-2.02391834120113
"5720","55830","GLT8D1",-0.0550137787891032,0.232967635163879
"5721","6540","SLC6A13",-0.121382296074428,0.19358150075498
"5722","282997","PDCD4-AS1",-0.0886642588675573,-1.94944215453037
"5723","26574","AATF",-0.0633441354364752,-0.364980892643072
"5724","286046","XKR6",-0.119553122972973,-0.692624250053655
"5725","10400","PEMT",-0.159911133587947,1.08227202306456
"5726","10087","CERT1",0.115807977849964,0.0871087905331347
"5727","84765","ZNF577",-0.0802927802847089,-0.114428184251386
"5728","100507321","ERVK13-1",0.324504910977177,-0.00771368751961399
"5729","90678","LRSAM1",-0.107661600598293,0.770046901202442
"5730","55260","TMEM143",-0.214813013746004,0.652406937858703
"5731","57529","RTL9",0.0852080353090704,-1.51885408969507
"5732","85365","ALG2",-0.0581875755008587,-0.0266572379393173
"5733","51665","ASB1",-0.0413753579380227,-0.829107143475086
"5734","80063","ATF7IP2",0.212806255664076,-0.466786012244526
"5735","445815","PALM2AKAP2",0.268554272070197,1.45109062479067
"5736","9911","TMCC2",-0.11862861256995,-1.67183047313019
"5737","2901","GRIK5",-0.302577412092706,1.20866746781924
"5738","84260","TCHP",0.101677524134018,1.29530836912142
"5739","716","C1S",-0.250696277778983,0.67176260476383
"5740","6992","PPP1R11",-0.0515969167715875,-0.0342327588384563
"5741","340554","ZC3H12B",-0.221839245086968,0.120991710342461
"5742","83858","ATAD3B",-0.127295316997485,0.649523454537211
"5743","100873748","RNU6-33P",0.277920889482568,-0.110574575764324
"5744","79573","TTC13",-0.0999017760886964,-0.628826523634886
"5745","7095","SEC62",-0.109118615974356,0.0684272096312641
"5746","54461","FBXW5",-0.17898996505906,-0.618265777904259
"5747","9618","TRAF4",-0.113601005879446,-1.8021779977271
"5748","257177","CFAP126",-0.00847780503388362,-0.0436674130740218
"5749","9231","DLG5",0.0741468712197086,-0.46873523414163
"5750","439931","THAP7-AS1",-0.0197314756075853,-0.895376144235227
"5751","51389","RWDD1",0.128466353393435,0.0870078203932954
"5752","8803","SUCLA2",-0.0580777419270184,0.0477870706546337
"5753","1616","DAXX",0.0124315538900186,0.147254673427828
"5754","51114","ZDHHC9",-0.0744243475643263,-1.43707957414636
"5755","57189","DENND11",0.124934776593521,0.513885805653428
"5756","283638","CEP170B",-0.109094146669544,-1.59605959380647
"5757","81575","APOLD1",0.0239114991367,-0.391236271236569
"5758","3563","IL3RA",-0.193190917176165,-0.118999533012094
"5759","5965","RECQL",-0.122818640267325,0.122352961323952
"5760","65268","WNK2",-0.135418528949431,0.168834693954442
"5761","100996761",NA,0.369880636171547,-0.605414509662937
"5762","4023","LPL",-0.00976666639539214,1.45113484280875
"5763","6195","RPS6KA1",-0.186641242195534,-1.05225137462282
"5764","5436","POLR2G",-0.132927542924016,0.379962875888352
"5765","80208","SPG11",0.023587389880686,-0.138146519661196
"5766","29937","NENF",-0.162636947865183,-0.0372612515630824
"5767","5933","RBL1",0.177538528815983,1.95515044606841
"5768","353","APRT",-0.117648283143385,-0.307466486013139
"5769","11191","PTENP1",0.127518022260732,-0.496047845179129
"5770","1775","DNASE1L2",-0.270505028551291,-0.646982614465905
"5771","7984","ARHGEF5",0.0848041476193868,-0.312801156083344
"5772","4717","NDUFC1",-0.0381820741705825,-0.0272260097884791
"5773","78995","HROB",0.1804637581277,1.13060342111814
"5774","7203","CCT3",-0.0790812403883638,0.424301964559843
"5775","51199","NIN",0.162759332027187,0.420921519612765
"5776","22985","ACIN1",0.106951207008886,0.132351384482425
"5777","2948","GSTM4",-0.0685318593060149,0.265386049451668
"5778","55278","QRSL1",0.130840499868791,0.592384230486876
"5779","255783","INAFM1",-0.152969254559446,-0.217867100067141
"5780","55036","CCDC40",-0.028918204598039,0.432266241462928
"5781","1874","E2F4",0.0212007078757344,-0.089867108999476
"5782","5532","PPP3CB",0.0985687231734094,-0.419950123811061
"5783","8567","MADD",-0.0241592563853175,0.0793643864234621
"5784","57333","RCN3",-0.385187320462711,0.50164425587823
"5785","5046","PCSK6",-0.418221928734517,-2.06401759186463
"5786","79109","MAPKAP1",0.0332640830364817,0.0481412809197108
"5787","51292","GMPR2",-0.136624458372676,-0.570330163982706
"5788","100129195","ZSCAN16-AS1",0.163530844218163,-0.152433703216455
"5789","2321","FLT1",0.490588005071814,0.0413523259217641
"5790","53616","ADAM22",-0.00205989381746319,0.548242055518128
"5791","4671","NAIP",0.30154924181849,0.286348301300509
"5792","116143","DNAAF10",-0.0463073408570711,0.350464233619365
"5793","8061","FOSL1",-0.0992478156438641,-2.72758133700945
"5794","8570","KHSRP",-0.0773708087248313,-0.0494825540238173
"5795","8525","DGKZ",-0.0785343574175279,-0.507400219666475
"5796","27175","TUBG2",-0.0195502513914736,0.407937841813895
"5797","22984","PDCD11",0.193130031720736,0.551685405193318
"5798","10284","SAP18",-0.0987388589315916,-0.626517281148049
"5799","8996","NOL3",-0.140700145827702,0.943197944812215
"5800","83881","MIXL1",-0.0251406865886676,0.083370386405462
"5801","22990","PCNX1",0.11262879704232,-0.00112907783171146
"5802","8828","NRP2",-0.277584935561391,-0.873637443837241
"5803","63926","ANKEF1",0.171252824573441,0.683554014304443
"5804","51734","MSRB1",0.0419392028909789,0.653168728489053
"5805","84548","TMEM185A",-0.114109150089584,0.784221853963061
"5806","2356","FPGS",-0.102260946630664,0.331103254580651
"5807","284207","METRNL",-0.110213741682398,-0.211433001782158
"5808","118490","MSS51",-0.356897721535488,1.30102235886446
"5809","152992","TRMT44",0.101988996696153,-0.32131517975928
"5810","64130","LIN7B",-0.264390052120916,-0.353022796606777
"5811","79623","GALNT14",-0.120671579268318,-1.00043632916371
"5812","2783","GNB2",-0.11195493821645,-0.163719782807923
"5813","140876","RIPOR3",-0.02960952322902,-0.346871400414472
"5814","55902","ACSS2",-0.0232421905862479,0.279140194790179
"5815","100","ADA",-0.216239154725482,-2.64079291682904
"5816","644919","LINC02315",0.164973827090528,0.511930667771847
"5817","56731","SLC2A4RG",-0.135795051405181,0.838170679434976
"5818","116154","PHACTR3",0.14463002887714,0.771864128598815
"5819","51433","ANAPC5",-0.0536662142625515,0.313958882245307
"5820","55220","KLHDC8A",0.123238657108857,0.230844832478789
"5821","5997","RGS2",0.240263468611891,-0.953885263202295
"5822","5770","PTPN1",0.105225913573123,-0.86754508875147
"5823","440345","NPIPB4",0.159253524534736,-0.0278056273278011
"5824","79053","ALG8",-0.0165582319310111,0.182392396890093
"5825","51651","PTRH2",0.0681665664355213,0.00127220958095986
"5826","3490","IGFBP7",-0.18752563556704,-0.0425394172358722
"5827","54872","PIGG",-0.137444863773319,-0.804942707968199
"5828","63827","BCAN",-0.304286368173691,-0.271407950248621
"5829","197320","ZNF778",-0.172216210571447,-0.148798714371301
"5830","440348","NPIPB15",0.169419099696866,-0.512717824352406
"5831","221914","GPC2",-0.262845575420317,0.476039396695324
"5832","23240","TMEM131L",0.157130325653748,0.385784072804219
"5833","222962","SLC29A4",-0.136419870884374,-0.14341043768192
"5834","23","ABCF1",-0.0287909255453407,-0.0224407633541466
"5835","10762","NUP50",-0.0677332979984664,0.165946737195551
"5836","51719","CAB39",-0.0307391199473548,-0.358579703484285
"5837","2339","FNTA",0.0296681574398612,-0.0645419162911471
"5838","64084","CLSTN2",-0.12138845138822,-0.0367426275828668
"5839","9619","ABCG1",-0.0972717418033167,-0.556243477269266
"5840","55159","RFWD3",0.0651866967226944,0.38530867002664
"5841","677769","SCARNA17",0.144921003617837,-0.485584841796085
"5842","142891","SAMD8",-0.160299045518649,-0.58887850404514
"5843","10426","TUBGCP3",0.120749730781373,1.01420929173584
"5844","29889","GNL2",-0.0217741893212269,0.384331357584558
"5845","89970","RSPRY1",0.0303400165033203,0.0153355415804244
"5846","286140","RNF5P1",-0.119759257195582,0.254392388606275
"5847","22998","LIMCH1",-0.0338284057151927,0.236656896382707
"5848","1374","CPT1A",-0.1282363251568,0.162644767709953
"5849","51619","UBE2D4",0.0176701023581511,0.454288858225494
"5850","114794","ELFN2",0.148793916171403,-1.76414568294012
"5851","1937","EEF1G",-0.114865526103499,-0.0256338815442856
"5852","3298","HSF2",-0.132407745603467,0.333546975031749
"5853","345778","MTX3",0.033974160812976,-0.253336683224073
"5854","94097","SFXN5",0.169405585076678,-0.948345681447602
"5855","339665","SLC35E4",0.0391042377307809,-0.175141087023366
"5856","9060","PAPSS2",-0.0478454944426909,-0.789210169977913
"5857","58515","SELENOK",-0.167428417642883,0.00425403976670324
"5858","833","CARS1",-0.0480439211315629,-0.586981845689792
"5859","8816","DCAF5",0.141434045755927,-0.0238447745226544
"5860","124359","CDYL2",0.210348463413424,-0.0372604818767219
"5861","400986","ANKRD36C",0.237168958714789,0.932318639476009
"5862","154791","FMC1",-0.153536348369746,-0.235353996074614
"5863","57606","SLAIN2",0.0610868465327066,-0.320220534035733
"5864","401145","CCSER1",0.257760249782177,0.22479338110136
"5865","4684","NCAM1",-0.0513945994367866,0.910108516135242
"5866","10745","PHTF1",0.0672420156247684,0.258593023767397
"5867","100129716","ARRDC3-AS1",0.124306194743599,-1.88413008173246
"5868","51635","DHRS7",-0.167222827697943,-0.245132059692968
"5869","7185","TRAF1",0.0428015491695686,-0.225476444102807
"5870","50485","SMARCAL1",-0.070601479457026,-0.214938554985143
"5871","23016","EXOSC7",-0.15293633608214,0.210650517897289
"5872","9487","PIGL",-0.0541315728253609,-0.57670526510466
"5873","10000","AKT3",0.0728219695619083,0.184555834756844
"5874","7385","UQCRC2",-0.0660470768350709,0.126516098782993
"5875","440926","H3P6",-0.166919234189047,-0.627568359672924
"5876","6941","TCF19",0.0521275763391174,2.1025135540755
"5877","5699","PSMB10",-0.158173641210563,-0.712957170920341
"5878","91147","TMEM67",0.286642268551899,0.951283688598907
"5879","400961","PAIP2B",-0.14937358914189,0.020227508984596
"5880","100128338",NA,0.359671865922699,-1.11727387494132
"5881","1778","DYNC1H1",-0.0274916012916986,-0.291541033627173
"5882","2630","GBAP1",-0.0625345826682855,0.0589202658065107
"5883","64949","MRPS26",-0.149927891943228,0.497823336745014
"5884","55898","UNC45A",-0.158746304247952,-0.0253774854235527
"5885","54558","SPATA6",0.074471881654169,0.372052888491071
"5886","81563","C1orf21",0.215281456913979,0.372849195213918
"5887","84700","MYO18B",0.22471412404437,0.719422703312554
"5888","9132","KCNQ4",-0.0817178535924427,-0.985279467702204
"5889","165324","UBXN2A",0.027479960254384,0.0142843875441798
"5890","871","SERPINH1",-0.150382196142541,0.0839964853051498
"5891","84925","SLC49A4",-0.145087590940532,-0.73401532197724
"5892","64844","MARCHF7",0.0699738340766372,0.169599455147296
"5893","201475","RAB12",-0.0490368833106265,-0.287203984214233
"5894","2788","GNG7",-0.229474822154922,1.22611802030813
"5895","254065","BRWD3",0.0717042014306086,0.18066022082208
"5896","100507347","VIM-AS1",0.236659161027088,-1.55470489576711
"5897","339804","C2orf74",0.265338941103069,0.792303580177979
"5898","51388","NIP7",-0.149662961790153,-0.0312645361186599
"5899","8912","CACNA1H",-0.228595840819988,0.289327109801364
"5900","16","AARS1",-0.0243624272199776,1.262802135686
"5901","84938","ATG4C",0.190895833565533,0.450570929363714
"5902","65990","ANTKMT",-0.203178188293456,0.626192037584734
"5903","54584","GNB1L",0.130852651024128,-0.200565346553309
"5904","5383","PMS2P5",-0.0434086518318717,-0.263241408231729
"5905","6494","SIPA1",-0.120177204701802,1.11743207618709
"5906","29799","YPEL1",-0.318853438215251,-0.14795316881901
"5907","2806","GOT2",-0.069253245820434,0.494882385222596
"5908","134218","DNAJC21",0.0880713131683626,-0.673671309800315
"5909","56623","INPP5E",-0.0973037148848963,0.0489862446276677
"5910","23468","CBX5",0.115537457317258,1.49011248699531
"5911","152002","XXYLT1",-0.0594306966678344,0.272138314919847
"5912","57680","CHD8",0.19557802708794,0.0548826810722476
"5913","494127","NFYCP2",-0.0984863191203047,-0.20036536125441
"5914","149281","NTMT2",0.324018415173398,0.389318127280436
"5915","29902","FAM216A",-0.0277142205555778,0.138343543695665
"5916","27037","TRMT2A",-0.145778812881916,-0.380454945956942
"5917","6508","SLC4A3",-0.0867951937952141,0.48684005649747
"5918","134359","POC5",0.0732289619459938,0.794170956649186
"5919","8073","PTP4A2",0.0549319328968974,0.0690145871103702
"5920","386617","KCTD8",-0.317642613821243,-1.59358013820483
"5921","57805","CCAR2",-0.113498131896771,-0.388385317933266
"5922","92335","STRADA",0.111409813538049,-0.591618519196191
"5923","54913","RPP25",-0.0918207907057003,-0.331009508274363
"5924","10535","RNASEH2A",-0.137399939700597,1.36283180900363
"5925","100506343","INKA2-AS1",-0.0799986447927194,-0.32132075405989
"5926","4035","LRP1",-0.172604197648374,-0.235811227394096
"5927","1431","CS",-0.0253198899702447,0.810071289690055
"5928","9842","PLEKHM1",0.0998567884372372,-0.690870975059508
"5929","23247","KATNIP",0.104948106214201,-0.0657897836071761
"5930","11267","SNF8",-0.0589303673711905,0.0655309188118753
"5931","8701","DNAH11",-0.0118653642429214,0.0541607689657264
"5932","101954278","RNU6-8",0.233671385023052,-0.16571640358635
"5933","2091","FBL",-0.143032880618495,0.600978073893742
"5934","5202","PFDN2",-0.086938336482782,-0.202528422688257
"5935","256472","TMEM151A",0.253195622213211,1.46546262568186
"5936","55337","SHFL",-0.304805108515871,-0.350243399514074
"5937","317762","CCDC85C",0.0959790140693926,-0.253083809931053
"5938","1070","CETN3",0.0371698023528437,0.108869508268914
"5939","474383","F8A2",-0.263453104711845,-0.0842867902617122
"5940","2845","GPR22",0.36685354312438,3.48010460406998
"5941","22","ABCB7",0.0107778000555285,0.866272161161031
"5942","26275","HIBCH",-0.140758281496199,-0.808190698368079
"5943","100287015","MCPH1-DT",0.155251564021757,-0.540592087312604
"5944","102724159","LOC102724159",0.0961325970628533,0.417397112838124
"5945","113444","SMIM12",0.0154078411075664,-0.0532038791797147
"5946","55705","IPO9",-0.0419025459634099,0.459407442215214
"5947","1212","CLTB",-0.106836933781353,-0.182065249847032
"5948","7078","TIMP3",0.247775343327458,0.846249244399512
"5949","79643","CHMP6",0.136643312465738,0.21728235612569
"5950","84456","L3MBTL3",-0.161406430724439,-2.04350979665215
"5951","50717","DCAF8",-0.096236685330112,0.0251658580800402
"5952","729020","RPEL1",0.0792995210613667,0.00660940946113242
"5953","728855","LINC00623",-0.246379463104367,0.048765526103371
"5954","342357","ZKSCAN2",0.124092931738066,0.0875654510854558
"5955","2571","GAD1",-0.309353068970665,-2.96117053682779
"5956","9167","COX7A2L",-0.0904018689749115,-0.169168645184725
"5957","100506233","RAB30-DT",0.008242426688847,-0.33562544417005
"5958","5714","PSMD8",-0.0391674557595962,-0.591388569831447
"5959","57456","KIAA1143",0.0317484567841877,0.420460560516413
"5960","9480","ONECUT2",0.430973953382002,-0.847359865040508
"5961","375","ARF1",-0.0789592935883192,-0.226859095298398
"5962","89832","CHRFAM7A",-0.658399349112485,-1.64596889905082
"5963","2193","FARSA",-0.090390085750248,0.0993864659330255
"5964","729515","TMEM242",-0.0370385760051208,0.0478392091278872
"5965","79746","ECHDC3",-0.328451865261155,0.243459905147316
"5966","25809","TTLL1",-0.188472708635564,0.524669720128886
"5967","6817","SULT1A1",-0.165520845578647,0.636841017524149
"5968","4363","ABCC1",-0.103502221803019,-0.231277078171823
"5969","254102","EHBP1L1",-0.214590312774345,0.841271260742997
"5970","64132","XYLT2",-0.0243521710682879,0.727379482166777
"5971","1891","ECH1",-0.164453615196404,0.00721426913203871
"5972","91272","BOD1",0.0625611992033859,-0.183523077635376
"5973","10617","STAMBP",-0.0816938068736057,-0.301211283720194
"5974","1822","ATN1",0.114436408185286,-0.0845840526902499
"5975","389421","LIN28B",0.322454148768446,0.947978378057224
"5976","728233","PI4KAP1",-0.0618678092617051,-0.627172872013863
"5977","2826","CCR10",-0.270667113304797,0.0794078462118148
"5978","3841","KPNA5",-0.00339996012530497,-0.039614359080089
"5979","51374","ATRAID",-0.099784149731609,0.0225745735923679
"5980","139728","PNCK",-0.117857944490359,0.202454566428646
"5981","50626","CYHR1",-0.0639925733153373,-0.15287356848485
"5982","57465","TBC1D24",0.100037775497158,0.803509073461473
"5983","9870","AREL1",-0.0547706832482584,-0.168128562663108
"5984","57666","FBRSL1",-0.0537263132402961,-0.566363961168046
"5985","102724668","DPY19L1P2",0.0487460691693977,-0.00905659590026819
"5986","2803","GOLGA4",0.136789082184628,0.171314205759407
"5987","100506469","TMEM147-AS1",-0.0321166180199515,0.210428606585926
"5988","79629","OCEL1",-0.144123543318778,0.863618083090844
"5989","1744","DLSTP1",-0.0346524835557132,-0.169863626122448
"5990","221037","JMJD1C",0.165184342078763,0.165198112957096
"5991","23648","SSBP3",0.081729406368412,0.453755755907298
"5992","84545","MRPL43",-0.0475295860522067,0.203753091800917
"5993","114897","C1QTNF1",-0.314032255539827,0.332819631810234
"5994","5834","PYGB",-0.0559708590858712,0.370680422709377
"5995","9679","FAM53B",0.188195759333646,0.055820308928558
"5996","83890","SPATA9",0.118519064826595,-1.38589451312882
"5997","644873","SLC12A2-DT",0.172501872642227,0.216697403545136
"5998","10513","APPBP2",0.00337546432177227,-0.647372740614633
"5999","55233","MOB1A",-0.155059360411523,-0.182379326057857
"6000","23462","HEY1",0.171577901594819,0.252614753405255
"6001","9612","NCOR2",0.149927583347251,0.667449532928673
"6002","80790","CMIP",0.196176209166923,-0.730644268607904
"6003","2760","GM2A",-0.0951668405929267,-0.353429882101012
"6004","100506688","LINC02982",0.297764771200197,1.98064263871806
"6005","9586","CREB5",-0.15345253624927,-0.0165895337009392
"6006","55646","LYAR",-0.114633218285988,0.404708762217036
"6007","3183","HNRNPC",-0.0897219807797054,-0.487505937076731
"6008","145501","ISM2",-0.237539147694594,-1.42525855500504
"6009","100131017","ZNF316",-0.0954570715554821,-0.761123740054932
"6010","5683","PSMA2",-0.153715558763422,-0.128909242719394
"6011","1140","CHRNB1",-0.0486112705159822,0.349366623599566
"6012","8813","DPM1",-0.0766652596902553,-0.194136680895451
"6013","54758","KLHDC4",-0.0239652741573488,0.199031731788991
"6014","11231","SEC63",-0.0244379906750103,0.545498444086696
"6015","6382","SDC1",-0.392368103581567,-3.93848008159842
"6016","136","ADORA2B",-0.217535623275128,-1.16483538125472
"6017","23291","FBXW11",0.0693026078468861,-0.292412820971251
"6018","55296","TBC1D19",0.0719137749388401,1.17270125750903
"6019","10363","HMG20A",0.0954992665337944,-0.0445040578743985
"6020","23135","KDM6B",0.14175353913534,0.0459088753270995
"6021","252983","STXBP4",-0.117068565261186,0.180731200824265
"6022","57184","FAM219B",-0.00262912291099049,0.215645845179313
"6023","55676","SLC30A6",0.0938678459028077,0.146372292845705
"6024","143888","POGLUT3",-0.0977553224735397,1.46084821001907
"6025","29801","ZDHHC8",-0.0446586625912184,0.0422082370298638
"6026","2870","GRK6",-0.0049743563698863,0.673292330762738
"6027","114987","WDR31",-0.179910371243801,-0.457085762495305
"6028","64793","CEP85",0.144737131372395,1.0942770516581
"6029","11101","ATE1",0.107841686700496,0.245162917246296
"6030","483","ATP1B3",-0.099162988911818,-0.199405251059295
"6031","10618","TGOLN2",-0.0739508327636109,0.352433732405377
"6032","342132","ZNF774",0.193876405686198,-0.782703916480994
"6033","100288413","ERVMER34-1",-0.27360627542902,-1.75387655495969
"6034","65981","CAPRIN2",0.00899492792816314,-0.502203390983324
"6035","56978","PRDM8",-0.334492760488088,-1.74329483157988
"6036","56100","PCDHGB6",-0.131087666305866,0.561794076300917
"6037","220972","MARCHF8",-0.117845160923801,-1.15499577024997
"6038","10274","STAG1",0.133596713934759,0.571023203190738
"6039","81550","TDRD3",0.164817412945482,-0.016063177000559
"6040","1468","SLC25A10",-0.101575996627393,1.41081126236541
"6041","440574","MICOS10",-0.10815618970955,0.0937634961496672
"6042","7874","USP7",0.0942431152883083,0.0428698032109018
"6043","26156","RSL1D1",-0.0158517736084258,-0.261510858131727
"6044","2850","GPR27",-0.195429867877043,0.168945214003537
"6045","9531","BAG3",-0.0514567660460807,-0.435469763590152
"6046","442721","LMOD2",-0.168092008752134,3.21755090935284
"6047","101929185","LOC101929185",0.0462621160905647,0.201125993626627
"6048","5991","RFX3",0.182243407087843,-0.94186303152153
"6049","10146","G3BP1",0.0566632046595057,0.231743821513938
"6050","84632","AFAP1L2",0.284011146591446,1.10456732428903
"6051","126731","CCSAP",-0.197488492017617,0.155127014167247
"6052","4856","CCN3",-0.269238571103585,-1.51261770880897
"6053","203859","ANO5",-0.0338918263831482,0.778850932770197
"6054","83694","RPS6KL1",-0.0948661200703578,1.3168473470254
"6055","1132","CHRM4",0.0471967516659123,-0.621716082872468
"6056","23140","ZZEF1",-0.00584164809771259,-0.233351895582435
"6057","84309","NUDT16L1",-0.160628057605093,0.0561954378922342
"6058","2239","GPC4",-0.138570277097646,-0.992705444452717
"6059","134549","SHROOM1",-0.0358545924351685,-0.506897172712506
"6060","79442","LRRC2",0.234646962891414,1.30807734098501
"6061","56139","PCDHA10",-0.210140724693495,0.750307577121
"6062","8532","CPZ",-0.316956378119978,0.407781248613307
"6063","5118","PCOLCE",0.0121273945155647,0.781019091932047
"6064","3074","HEXB",-0.13586722519894,-0.335227576203954
"6065","375775","PNPLA7",-0.291052547711642,0.244912156984894
"6066","7264","GFUS",-0.117828087688462,-0.225426382498149
"6067","100506451","RASSF8-AS1",0.149114872660489,-0.514469122274928
"6068","64077","LHPP",-0.297910284660725,0.519926962434329
"6069","8106","PABPN1",-0.135888998626853,-0.160298815371332
"6070","124976","SPNS2",-0.0957970484506143,-1.15392733077582
"6071","3107","HLA-C",-0.397085055066631,-0.217769201287188
"6072","23639","DNAAF11",0.0516047999357379,0.680428372789061
"6073","64425","POLR1E",-0.110406663566555,0.824252843249537
"6074","1060","CENPC",0.0371504550344044,0.877560914844723
"6075","961","CD47",-0.0781461252252953,0.252619166398176
"6076","10311","VPS26C",0.0665968734585718,-0.178788111016044
"6077","283624","LINC00641",0.161333977520222,0.914395154043807
"6078","114823","LENG8",0.0898813134801122,-0.225667111787619
"6079","65982","ZSCAN18",-0.153389677395575,-0.0783671535337103
"6080","381","ARF5",-0.100407452470502,-0.309570091608205
"6081","57804","POLD4",-0.107775455211302,-0.489170383735299
"6082","1432","MAPK14",0.0425027411918517,-0.507516686357785
"6083","11118","BTN3A2",-0.421846330041298,0.465857277536978
"6084","23011","RAB21",-0.1378912801804,-0.439327383617813
"6085","6468","FBXW4",-0.12715736143494,-0.622875453012255
"6086","5424","POLD1",-0.149556165324576,1.6497640157393
"6087","55486","PARL",-0.0881357670445526,-0.0302169592917352
"6088","993","CDC25A",-0.0956533130473911,1.357806959056
"6089","9159","PCSK7",0.0335024412168741,-0.0212877004285748
"6090","102724200","LOC102724200",0.118229368528918,-0.377961657689789
"6091","83959","SLC4A11",-0.574595907341384,-5.35927235738367
"6092","96610","BMS1P20",0.0904853466059197,-0.419029269208755
"6093","254228","CALHM5",0.23780358525488,1.57054082531793
"6094","51144","HSD17B12",-0.0174260959596957,-0.0986528129653763
"6095","10404","CPQ",-0.211120123032976,0.332662281217025
"6096","6483","ST3GAL2",0.0697181226417571,0.00450278944010929
"6097","10472","ZBTB18",-0.143052176374098,-0.00741082163382512
"6098","79605","PGBD5",0.12641562761159,-0.0807874863039384
"6099","147841","SPC24",0.00455226579953338,1.75525127234178
"6100","202459","OSTCP1",-0.148777058174542,0.207862856225568
"6101","11004","KIF2C",0.270592429338267,2.42168582391012
"6102","10211","FLOT1",-0.0937605451513264,-0.482623930302005
"6103","1282","COL4A1",-0.0653358606344803,0.0297323749880025
"6104","81887","LAS1L",-0.10681960108495,0.2404776546686
"6105","84134","TOMM40L",0.150835881826697,1.2197492234085
"6106","25915","NDUFAF3",-0.0669652217220786,0.052099588677593
"6107","22821","RASA3",0.184126094492909,0.387581490904103
"6108","8655","DYNLL1",-0.102121621323293,-0.337481007099223
"6109","200058",NA,-0.11695279502421,0.335053084026766
"6110","6331","SCN5A",0.0134373641168297,1.7121276358322
"6111","23491","CES3",-0.365526942274093,-3.63826637880957
"6112","6868","ADAM17",-0.119237016943206,-0.398921067513659
"6113","659","BMPR2",0.0947800036001301,-0.132943886591352
"6114","9685","CLINT1",0.0934863074971553,0.149515603681184
"6115","55191","NADSYN1",-0.228993782379779,-2.30258668990231
"6116","4784","NFIX",0.0719501197531482,0.667194547813207
"6117","22823","MTF2",0.153196114250432,0.45560905576283
"6118","8725","URI1",0.0337554508444402,0.232926423797395
"6119","55572","FOXRED1",-0.123109040927925,0.65515010019434
"6120","653075","GOLGA8T",-0.121941104005842,0.12185062807714
"6121","24145","PANX1",0.148075209646024,-0.221566159760934
"6122","51157","ZNF580",-0.0556980951297623,-0.126743512598333
"6123","401613","SERTM2",0.415269990388792,1.34217385586758
"6124","114915","EPB41L4A-AS1",-0.223755713730688,0.0261239872223431
"6125","29090","TIMM21",-0.0540719971674095,-1.02754726334329
"6126","1280","COL2A1",-0.134312320179351,0.292010830751151
"6127","83641","FAM107B",-0.260714002424704,-1.57175136156391
"6128","23545","ATP6V0A2",0.16102784314095,0.0934897811377153
"6129","170384","FUT11",-0.160627036563274,0.524277054857544
"6130","253639","ZNF620",-0.098831599417107,-0.126837794132912
"6131","55651","NHP2",-0.0997373091094929,0.59806784396259
"6132","9776","ATG13",-0.0296571342555572,-0.403981971525741
"6133","57534","MIB1",-0.0716142874021708,-0.218035911375885
"6134","58485","TRAPPC1",-0.0500298571337874,-0.340292491359025
"6135","2805","GOT1",-0.0885583848437097,0.441342191799847
"6136","23189","KANK1",0.0991256234125286,0.950328866954495
"6137","7430","EZR",-0.0789174897814728,0.721469887508775
"6138","54916","TMEM260",0.00993125991917143,0.257748262818471
"6139","124637","CYB5D1",0.0540872170967557,0.664002211963933
"6140","2872","MKNK2",-0.272737893052931,-0.70152930414085
"6141","26032","SUSD5",-0.0753935791008002,1.55426390055733
"6142","5156","PDGFRA",0.39160768078462,-0.74769414720877
"6143","84264","HAGHL",-0.24766548986359,1.09283645570424
"6144","25893","TRIM58",0.0842570034897276,-0.0519473144193445
"6145","5720","PSME1",-0.140750338584031,0.0677612368383738
"6146","26995","TRUB2",-0.0537891835910767,-0.104162322522403
"6147","100128191","TMPO-AS1",-0.141664538085919,0.631512564547887
"6148","9716","AQR",0.0683626412344385,0.108446414377654
"6149","22980","TCF25",-0.0620435893503846,-0.00806079947323823
"6150","27248","ERLEC1",-0.0805004857958993,0.172383065713738
"6151","6423","SFRP2",-0.442812780066147,-0.328777544139697
"6152","27130","INVS",0.142699509475855,-0.0420076856937737
"6153","129787","TMEM18",-0.0736912999576846,0.63083795880801
"6154","23314","SATB2",0.18159934003888,-0.368923685792864
"6155","388121","TNFAIP8L3",0.615565886071217,-1.010662792982
"6156","29882","ANAPC2",-0.0562732126930179,-0.490556999826511
"6157","11346","SYNPO",0.234577907742289,-0.539141461488385
"6158","4849","CNOT3",0.0572460667427777,-0.0805898508281473
"6159","55133","SRBD1",0.133483605341466,0.585526092916922
"6160","678","ZFP36L2",-0.229470276721363,-0.992256157408809
"6161","10424","PGRMC2",0.0441627311652635,0.857653775199221
"6162","55314","TMEM144",0.103830543704742,1.88248088360415
"6163","122509","IFI27L1",-0.190475682874079,0.0657799162062886
"6164","253558","LCLAT1",0.0987060581587125,1.16104547706427
"6165","150465","TTL",0.0752713550131379,-0.384313189416854
"6166","148103","ZNF599",-0.175015320451603,0.0794404836414943
"6167","11196","SEC23IP",0.0830782849409797,0.395024570499242
"6168","2926","GRSF1",-0.072061498769898,-0.101131770550726
"6169","51175","TUBE1",0.177888766732138,1.41814051821711
"6170","9415","FADS2",-0.0431269763651567,1.63104166555896
"6171","23474","ETHE1",-0.066163730626676,0.08121713288282
"6172","285971","ZNF775",0.067757113430384,-0.21258410592952
"6173","5048","PAFAH1B1",0.0570840470081997,0.192928458085432
"6174","643650","LINC00842",0.0367107465323417,-0.850245375125935
"6175","55108","BSDC1",-0.112837591662368,-0.508500738731646
"6176","80207","OPA3",0.134439168869156,0.930879227399158
"6177","286826","LIN9",0.110617168350475,1.24717418754251
"6178","23333","DPY19L1",-0.0683422286510886,-0.160990175502764
"6179","728492","SERF1B",-0.0335340956917429,0.361566816323714
"6180","23404","EXOSC2",0.0944042614853871,0.994087636452695
"6181","10219","KLRG1",-0.0437491509442489,1.16836124785717
"6182","3954","LETM1",-0.113029850386332,0.659382570820956
"6183","55003","PAK1IP1",0.135058817212005,0.118064565422417
"6184","152302","CIDECP1",0.00257289300366192,0.00855789202523427
"6185","64087","MCCC2",-0.0443879071250137,0.278830096655267
"6186","50807","ASAP1",0.126195186795538,-0.525017300853801
"6187","9541","CIR1",-0.0384618515426922,-0.186089090599455
"6188","56005","MYDGF",-0.222933374825997,-0.0379804521469866
"6189","51092","SIDT2",-0.120383350299446,-1.76232560441127
"6190","23065","EMC1",-0.064627407593485,-0.0148415365183716
"6191","2070","EYA4",0.434873355791145,0.485214221184381
"6192","9318","COPS2",0.0226865437555528,-0.0554807223025469
"6193","1981","EIF4G1",-0.0151429336992184,-0.0647881162048254
"6194","22996","TTC39A",-0.0618655227811304,-0.387983166258767
"6195","79777","ACBD4",-0.0294074744456925,-0.100967910723095
"6196","100506581","C16orf95",0.0282894679609031,0.513479168372966
"6197","57647","DHX37",-0.103998634649808,-0.3533010270568
"6198","4888","NPY6R",0.243065345680955,0.614941243742716
"6199","51573","GDE1",-0.112490646265711,-0.361989944848236
"6200","54870","QRICH1",-0.0466990566144387,-0.120930288906236
"6201","655","BMP7",-0.101245413699477,0.133945263899219
"6202","51074","APIP",0.179373019044122,0.923233080221376
"6203","10579","TACC2",0.170135337557493,0.724322662673177
"6204","6643","SNX2",0.0646109825768191,-0.355944933934898
"6205","100506084","ARL17B",0.0881920232237396,0.142229298137752
"6206","51136","RNFT1",0.153231512201901,-0.113162052554956
"6207","10043","TOM1",-0.12454128098768,-0.252690190231107
"6208","201254","CENPX",-0.112924113608521,0.411023875171117
"6209","54976","C20orf27",-0.144067152023674,1.13344224464509
"6210","63941","NECAB3",-0.0857710204740796,-0.200097494395643
"6211","85458","DIXDC1",0.104801479595413,-0.0110969750570478
"6212","1946","EFNA5",0.245014575299094,0.313039453291807
"6213","578","BAK1",-0.072465680609052,-0.618505361824218
"6214","284889","MIF-AS1",-0.0495909475344851,-0.817146751345338
"6215","150962","PUS10",-0.0109708184079187,-0.181111925346936
"6216","51582","AZIN1",0.0602171040068287,0.575686049432456
"6217","133","ADM",0.246916278840999,-0.315425627596542
"6218","28977","MRPL42",0.0482271723659258,0.278727126053853
"6219","2145","EZH1",-0.109142577871386,-0.397875246603187
"6220","1854","DUT",-0.205175442116317,0.631225878353684
"6221","5441","POLR2L",-0.146151854576321,-1.19041388765559
"6222","4059","BCAM",-0.168294285974598,0.249901166473821
"6223","3780","KCNN1",0.0237110634224806,1.65996898962777
"6224","80256","FAM214B",0.0146535368561738,0.97395371249478
"6225","1943","EFNA2",0.151945152917767,1.77871610001272
"6226","134145","ATPSCKMT",0.116743032545602,0.523125008278703
"6227","284001","CCDC57",0.183414876729634,0.112216869261341
"6228","81929","SEH1L",0.0822055119820657,0.0681586432868668
"6229","2903","GRIN2A",0.376601554492807,0.297031573864803
"6230","23253","ANKRD12",0.020462780088673,-0.330959132971212
"6231","54629","MINDY2",0.143100205336141,-0.251966809094662
"6232","4192","MDK",-0.137587221770538,-0.636782571943407
"6233","54908","SPDL1",0.133905738237356,1.31502656649092
"6234","5097","PCDH1",0.208152059510949,0.00620149696459582
"6235","64388","GREM2",-0.526978826934079,-1.16751978728639
"6236","7448","VTN",-0.164192939050297,0.0204445417842356
"6237","829","CAPZA1",0.0772465764635326,-0.0822208703383858
"6238","5316","PKNOX1",0.0654644204088433,-0.462884356331251
"6239","171423","PDIA3P1",-0.0580325518418201,0.0329426813744256
"6240","64792","IFT22",0.02218914910579,0.170983139338959
"6241","8825","LIN7A",0.143784630818742,-0.00294485274386957
"6242","113791","PIK3IP1",-0.337236028614835,-0.723580129499876
"6243","6400","SEL1L",0.0171355294508091,0.34270721871877
"6244","90639","COX19",0.0800977663719165,-0.177551268562113
"6245","84193","SETD3",-0.018548154577104,-0.0549493102376077
"6246","645958","RPS18P9",0.0408787759309983,0.0801439447395031
"6247","54545","MTMR12",0.123795206119092,0.436494022903698
"6248","23067","SETD1B",0.319140743421602,-0.0407359183817437
"6249","393","ARHGAP4",-0.129245318472603,-0.12954444800224
"6250","400236","FOXN3-AS1",-0.0857648643615383,-1.53595011127671
"6251","55253","TYW1",0.146321482381293,0.494530545329699
"6252","146227","BEAN1",-0.468543335368953,-1.51387576833545
"6253","2194","FASN",0.0855050157505506,-0.336802245766899
"6254","84993","UBL7",-0.0313417101499773,0.21259848264962
"6255","51535","PPHLN1",-0.00954410322856347,-0.670082587459431
"6256","55287","TMEM40",0.21146789085193,-0.540268256616096
"6257","8323","FZD6",-0.119198477995252,0.046581396303468
"6258","118","ADD1",-0.0873798269751145,0.14000238546461
"6259","10018","BCL2L11",-0.315356442976186,-1.41080292225401
"6260","6455","SH3GL1",0.0617125741782516,-0.137920101436998
"6261","219699","UNC5B",0.0275236212283598,0.00110841138375051
"6262","10620","ARID3B",-0.202451880053719,-0.457127694609193
"6263","28964","GIT1",-0.0608724509414449,-1.49673070206198
"6264","55012","PPP2R3C",-0.036312158659225,-0.189336579303703
"6265","55620","STAP2",-0.172080728076128,-0.0262149279074819
"6266","54878","DPP8",-0.0458254206662856,-0.198678617074778
"6267","170692","ADAMTS18",-0.294949730996735,0.00142777290338836
"6268","9570","GOSR2",-0.0130406966759189,-0.0392427524059462
"6269","130589","GALM",-0.0465419135907013,0.998198604705329
"6270","152519","NIPAL1",-0.233461938679386,-0.885519943026522
"6271","8727","CTNNAL1",-0.116159246336538,-0.409240111333774
"6272","219293","ATAD3C",-0.146611348689013,0.692627847829048
"6273","51135","IRAK4",-0.201435422816373,-0.646688806540158
"6274","3716","JAK1",-0.00147019192409292,-0.752460708807977
"6275","79717","PPCS",-0.0388586100637962,0.0848111114809367
"6276","79581","SLC52A2",-0.189833235502248,0.253951979071866
"6277","10092","ARPC5",-0.0371637708571146,0.347217630212044
"6278","80022","MYO15B",-0.188184690888358,-0.759014141003563
"6279","27430","MAT2B",-0.0863999600714624,-0.123348331497815
"6280","55068","ENOX1",0.242590555206223,1.57984036126373
"6281","121441","NEDD1",-0.0499237906957948,0.224421896341365
"6282","9813","EFCAB14",0.0425116586956342,0.0429763458789356
"6283","401152","C4orf3",-0.220908720370279,-0.178321823189208
"6284","23304","UBR2",0.096968474098662,0.0247407917269742
"6285","376693","RPS10P7",-0.194520478691746,-0.111055641950003
"6286","29880","ALG5",-0.157685566548775,0.100528972467335
"6287","90203","SNX21",0.143627777708918,0.699075808228357
"6288","22824","HSPA4L",-0.0874664284398117,-1.558232447767
"6289","642236","FRG1JP",0.103518958663729,-0.0861046339340112
"6290","8575","PRKRA",-0.0712043678095897,-0.445633512160423
"6291","64951","MRPS24",-0.261106647996963,0.357435918670603
"6292","286256","LCN12",-0.131034311929132,-0.0991786452612805
"6293","6166","RPL36AL",0.0685026075664412,-0.0435347356277562
"6294","3658","IREB2",0.0804356362790601,0.00910908253860665
"6295","6883","TAF12",-0.0312412325963027,-0.439316783780457
"6296","137872","ADHFE1",-0.149640184294707,0.147680935926307
"6297","8718","TNFRSF25",0.231810310889753,0.356109712598992
"6298","478","ATP1A3",-0.118433698511916,2.19258661103107
"6299","22795","NID2",-0.125081926136363,0.472591946992795
"6300","145853","C15orf61",0.0239293033487522,0.206430602256284
"6301","84272","YIPF4",-0.136280433024229,-0.0442809158230961
"6302","29127","RACGAP1",0.245488874407016,2.22381921652065
"6303","221035","REEP3",-0.066204042157068,-0.0426380268544628
"6304","8321","FZD1",-0.181758937484875,-0.212379005118227
"6305","4358","MPV17",-0.103777369454598,-0.476617599494783
"6306","59286","UBL5",-0.12263923311922,-0.366047906546047
"6307","11345","GABARAPL2",-0.148806400225286,-0.336504503052188
"6308","6773","STAT2",-0.142791019080931,-0.194722308557927
"6309","80310","PDGFD",-0.238097883456947,0.797550011932822
"6310","8295","TRRAP",0.128737512813695,0.194852495038
"6311","4522","MTHFD1",0.0364865618080437,1.23560275681171
"6312","23595","ORC3",0.0914569744823064,1.58935696313421
"6313","79959","CEP76",-0.0289148328521867,0.116182033479796
"6314","128178","EDARADD",-0.24103317910594,0.312379237198547
"6315","10721","POLQ",0.175593829438237,1.89292444536465
"6316","85012","TCEAL3",-0.0896144995056485,-0.055204149271022
"6317","113277","TMEM106A",-0.101032623274393,0.813513733341191
"6318","100463486","MTRNR2L8",0.294465783733674,-0.140619737059673
"6319","79863","RBFA",-0.0464698598722508,0.29534684852243
"6320","8481","OFD1",0.077829954208875,-0.154112623499162
"6321","64421","DCLRE1C",0.0463088283348303,0.212626008316959
"6322","4189","DNAJB9",-0.130591889591012,0.5007419642829
"6323","11137","PWP1",0.136584975644215,0.067528882046588
"6324","26256","CABYR",-0.477514953617582,-4.59333388871401
"6325","51447","IP6K2",-0.0610572627272754,-0.415471316043218
"6326","284612","SYPL2",-0.0148546369566676,-0.373963548246438
"6327","7358","UGDH",0.114041554283341,0.0937087317919656
"6328","85460","ZNF518B",0.198023191922927,0.131193318955974
"6329","51131","PHF11",-0.0973039811974807,-1.06343078325724
"6330","26003","GORASP2",0.0656794867884276,0.384669213671009
"6331","257407","C2orf72",0.165810081189026,0.061958719816708
"6332","57679","ALS2",0.0258131926668987,-0.0184906242908198
"6333","23705","CADM1",-0.0775847822149078,-0.371816100089992
"6334","23531","MMD",-0.148370309417065,-0.0598746222291089
"6335","80336","PABPC1L",0.0280707601841199,-0.182408529918057
"6336","26958","COPG2",-0.146099900269641,-0.280877632871674
"6337","309","ANXA6",0.00598717760837886,0.676786141599367
"6338","2495","FTH1",-0.13963131370307,-0.506068458003259
"6339","7739","ZNF185",-0.144715503478949,-0.635153244474694
"6340","6194","RPS6",0.0946544827918405,0.122886257134422
"6341","84513","PLPP5",-0.118039973254795,-0.346804659499603
"6342","440193","CCDC88C",0.14778615582749,-0.322537347212366
"6343","55862","ECHDC1",-0.0678103357926556,0.205056198175338
"6344","3480","IGF1R",0.156019189316702,-0.505684701503345
"6345","60558","GUF1",-0.0482632796543472,-0.255727962424238
"6346","51593","SRRT",-0.0757399971343915,0.553757716717302
"6347","55074","OXR1",-0.0476944832664934,0.198312709262248
"6348","79594","MUL1",0.00731036114274008,0.268843383616178
"6349","57161","PELI2",-0.214157498007907,-2.3414920974918
"6350","64426","SUDS3",0.0884671411744655,-0.0568785126146656
"6351","54682","MANSC1",-0.14132905897795,0.349525899249427
"6352","7248","TSC1",0.00217414399709526,-0.0450897082800239
"6353","101927789","LOC101927789",0.338455442959078,-2.87122637236372
"6354","57584","ARHGAP21",0.115035078390838,-0.887247855504446
"6355","10652","YKT6",0.0118337563421269,0.0774974882779782
"6356","79414","LRFN3",0.10571847759465,0.987485696611988
"6357","3033","HADH",-0.151472627660743,0.564665037022082
"6358","9587","MAD2L1BP",0.116647705176297,-0.0300800622951831
"6359","474170","LRRC37A2",0.0349941316628288,-0.160262838777996
"6360","9789","SPCS2",-0.0935360909089322,0.513857079393046
"6361","7518","XRCC4",0.244886605973202,-0.671363762440183
"6362","57722","IGDCC4",-0.086680677625365,-0.639609503589496
"6363","286467","FIRRE",0.013398245655404,2.04444642113302
"6364","9725","TMEM63A",-0.0436442941104431,0.205453300359425
"6365","55321","TMEM74B",-0.152973867997807,0.289465090661741
"6366","137492","VPS37A",-0.082156391611603,-0.618819292675722
"6367","54329","GPR85",-0.23993137760312,-1.73772220690173
"6368","51105","PHF20L1",0.140658571197056,0.0487558850939145
"6369","200933","FBXO45",0.0788182081819286,0.110054791296293
"6370","10098","TSPAN5",0.0395091254700404,0.327125285411057
"6371","3068","HDGF",0.0063555243990514,1.02384090740006
"6372","55213","RCBTB1",-0.112585420298231,-0.266019387681413
"6373","4493","MT1E",0.0861534741104459,2.14443956385345
"6374","8777","MPDZ",-0.0214473619636673,0.180588264026837
"6375","64799","IQCH",0.0545499378500915,-0.28478638279927
"6376","374650","GOLGA6L5P",0.306755994431448,-0.462797185439414
"6377","6586","SLIT3",-0.0484384479941919,1.17828803453254
"6378","25849","PARM1",-0.113497220212384,0.0786608801240591
"6379","11149","BVES",0.0083573063114244,1.08898184339014
"6380","200539","ANKRD23",-0.0967782173421918,-0.479981173829742
"6381","1936","EEF1D",-0.078974113490494,-0.551569834976458
"6382","1889","ECE1",-0.0882310135067588,-0.618032285728001
"6383","51329","ARL6IP4",-0.107384919785879,-0.159186670202963
"6384","30844","EHD4",0.0030815169788978,0.385317852823237
"6385","10459","MAD2L2",-0.135036050191702,0.0267992689791043
"6386","2329","FMO4",-0.15432810744728,-0.127550564173124
"6387","387597","ILDR2",0.18864401780167,0.356608430408318
"6388","101928728","LOC101928728",0.0459866054597202,-1.19779393307922
"6389","7390","UROS",-0.0987191702007832,0.0565210104979483
"6390","5763","PTMS",-0.13660741484415,0.423809596072318
"6391","55454","CSGALNACT2",0.0856281832978159,0.31052923021505
"6392","5167","ENPP1",0.0202338158162707,-0.344102737209963
"6393","441454","PTMAP11",0.0926653242010434,0.0393058152692028
"6394","1944","EFNA3",-0.339354396765759,0.108053716857391
"6395","11253","MAN1B1",-0.122137003478995,0.0890552094364461
"6396","153642","ARSK",-0.0850441912903639,0.993501429555711
"6397","653125","GOLGA8K",0.0397651038975623,0.393249157511499
"6398","54851","ANKRD49",0.0265882724408768,0.0707676329686682
"6399","79780","CCDC82",-0.0482307887248838,-0.704214536338086
"6400","3310","HSPA6",-0.148247334544472,-0.571771712624996
"6401","9568","GABBR2",-0.364627487118592,-3.82743303026239
"6402","767","CA8",0.115418990901302,-1.3862535827569
"6403","11142","PKIG",0.0170134400493183,1.22744984744298
"6404","3678","ITGA5",-0.0825520376258151,0.222380533453199
"6405","103","ADAR",0.104250856057783,-0.130884408623674
"6406","1880","GPR183",-0.0707762125702027,3.0343165950156
"6407","27090","ST6GALNAC4",-0.0648949412779647,1.37689756195431
"6408","27148","STK36",-0.147709420770926,0.0450325591705791
"6409","51018","RRP15",0.113924251093486,0.756926444628331
"6410","4090","SMAD5",0.0147663906977735,-0.375566919078769
"6411","7424","VEGFC",0.263180083805123,1.18122607492242
"6412","10591","DNPH1",-0.135007201517929,0.462731719252393
"6413","51268","PIPOX",-0.369884780404177,0.105585277528139
"6414","6490","PMEL",-0.258535959274191,-0.0566854057248047
"6415","4942","OAT",-0.0934784932245796,0.0263009657525233
"6416","54462","CCSER2",0.0913731691056672,0.385857051329062
"6417","205","AK4",-0.066578492907901,-0.553413217992672
"6418","6891","TAP2",-0.15137175381227,-1.0235326597849
"6419","56924","PAK6",0.0129931544951847,-0.91324945394381
"6420","112849","L3HYPDH",0.104870010451008,-0.731459005566541
"6421","219790","RTKN2",0.143082743904787,1.33702973436384
"6422","339287","MSL1",-0.0143423861005472,-0.0747657545131277
"6423","8398","PLA2G6",-0.162377034448632,-1.07594269519877
"6424","1939","EIF2D",-0.0163549278902693,-0.160090748647876
"6425","29","ABR",0.00434714559053706,0.275223183312196
"6426","4751","NEK2",0.128322631633573,2.99254574166171
"6427","23659","PLA2G15",-0.208737341625747,-0.615056746607925
"6428","25824","PRDX5",-0.100084174798274,-0.066273616535959
"6429","139716","GAB3",0.447290126590556,1.31127639484151
"6430","138162","PIERCE1",0.18334384149326,1.51002946178914
"6431","88455","ANKRD13A",-0.0429736859889402,-0.725577476578702
"6432","3791","KDR",0.356879567555288,0.539663479719337
"6433","55334","SLC39A9",-0.0821412914546915,0.0116170235559139
"6434","91300","R3HDM4",-0.0660211919000311,0.00376317655072445
"6435","157753","TMEM74",0.14025390244634,2.09824802276989
"6436","10302","SNAPC5",0.14306267680779,-0.213741071692566
"6437","9617","MTRF1",-0.0747346808722744,0.177082533860239
"6438","165055","CCDC138",0.0872979146963628,1.20143618032364
"6439","51081","MRPS7",-0.125837760110918,0.148658832349013
"6440","84196","USP48",-0.0112181794774946,0.0333884495954173
"6441","10657","KHDRBS1",-0.00528721786119934,0.304001709747106
"6442","1160","CKMT2",-0.269914770961641,0.358012205640711
"6443","79892","MCMBP",-0.037678245049138,0.0766351747799234
"6444","8270","LAGE3",-0.171047761301741,0.200767729627219
"6445","54328","GPR173",0.161833436513697,1.38559681545041
"6446","57026","PDXP",-0.16925177226023,0.522766511315914
"6447","128853","DUSP15",-0.105380861571968,0.0523942315118084
"6448","51696","HECA",-0.152652638692142,-0.423346509959054
"6449","80854","SETD7",0.0891915840512798,-0.49537803687079
"6450","23232","TBC1D12",-0.0785840774587929,-0.55688832604987
"6451","1312","COMT",-0.223772726000611,-0.0661407333446302
"6452","26502","NARF",-0.172591570351392,-0.851889290787787
"6453","80305","TRABD",0.117077539279838,0.645593964532607
"6454","1466","CSRP2",-0.223009502913709,0.125003273414078
"6455","55005","RMND1",0.00609860915828087,0.221064969654047
"6456","85004","RERG",0.301048884162379,0.844900929133142
"6457","154743","BMT2",0.0637674605198608,0.758089438693487
"6458","138639","PTPDC1",0.145253911803843,0.448790418251532
"6459","645212","EIF3J-DT",0.0285676269316504,-0.257655982140149
"6460","3265","HRAS",-0.122637060711291,-1.16697294463795
"6461","90987","ZNF251",-0.1276370704727,-0.311993469842188
"6462","8891","EIF2B3",-0.0835800442151466,0.44474643009233
"6463","9604","RNF14",0.0930422057822424,0.299487024513708
"6464","286223",NA,-0.25572501363287,-1.16471267475522
"6465","57167","SALL4",0.505151673298301,-0.597377692633033
"6466","64397","ZNF106",0.0971357238269954,0.381670302054799
"6467","84219","WDR24",-0.180000718945116,-0.276962882645949
"6468","4185","ADAM11",-0.249455948831285,0.453960614779488
"6469","55643","BTBD2",-0.118857000587527,0.553217388564477
"6470","56034","PDGFC",0.135377247717234,0.258819002367136
"6471","2977","GUCY1A2",0.205746291222596,0.933098474453573
"6472","64599","GIGYF1",0.115398885896259,-0.106766258714561
"6473","57826","RAP2C",0.0976189928203208,0.044301076612661
"6474","8890","EIF2B4",-0.00172150180933794,0.347867335833987
"6475","65998","ZFTA",-0.129945748995834,-0.204632322141847
"6476","56926","NCLN",-0.0613211154746427,0.0740140770366118
"6477","114803","MYSM1",0.128569923356663,-0.0814402931878275
"6478","8216","LZTR1",-0.096281537632227,0.0332336976939693
"6479","4350","MPG",-0.122728366199687,0.428942561425006
"6480","284080","PICART1",-0.410689205886552,-4.57649498098076
"6481","126119","JOSD2",-0.184994860568369,0.184823325025425
"6482","7592","ZNF41",0.045598938710147,0.113085027850466
"6483","2332","FMR1",-0.0748797726506591,-0.40580361875357
"6484","83957","FRMD8P1",-0.401483129780819,-2.17123289891301
"6485","11171","STRAP",-0.0416100848214116,-0.0728259354387841
"6486","221154","MICU2",-0.0548489302030681,-0.0327194009088965
"6487","7442","TRPV1",0.161528158867552,-2.15921970941417
"6488","22844","FRMPD1",0.445993394208732,1.77756837154092
"6489","389336","C5orf46",0.204464571182897,-1.50808468766579
"6490","6830","SUPT6H",-0.0411447702535579,-0.286379010425057
"6491","167410","LIX1",0.0938385752067386,1.09300837420268
"6492","10473","HMGN4",0.0742097081094908,0.527272593333444
"6493","26168","SENP3",-0.0517756141140526,0.218681396328082
"6494","4605","MYBL2",0.066541714639647,2.3735008816212
"6495","9719","ADAMTSL2",-0.105634497614887,0.276041293570275
"6496","346653","GARIN1A",0.277379692180568,0.192113046028787
"6497","79091","METTL22",-0.151380602039978,-0.262975646974221
"6498","201232","SLC16A13",0.0952697342189868,-0.141825916674932
"6499","55521","TRIM36",-0.209268178486813,-1.54654307099072
"6500","142","PARP1",-0.0791858925879598,0.963052805437314
"6501","84256","FLYWCH1",-0.121368273522062,-0.755676869260373
"6502","388284","C16orf86",-0.29463087208444,-0.258351305991901
"6503","112939","NACC1",0.0380352777235489,-0.290371751113194
"6504","7391","USF1",-0.0852638910234909,-0.185255693577274
"6505","8667","EIF3H",-0.0518542020487693,-0.261065908000413
"6506","57639","CCDC146",-0.084162639900386,0.487266959895463
"6507","57185","NIPAL3",-0.159722773753231,-0.360790498316456
"6508","57650","CIP2A",0.18602337813509,1.29217703488687
"6509","10525","HYOU1",-0.0439733627085594,0.0117236365914231
"6510","57643","ZSWIM5",-0.188866928433451,0.264733316885228
"6511","23510","KCTD2",-0.0490479535187962,-0.0399419775042418
"6512","145957","NRG4",-0.0365491469037711,-1.2859242209073
"6513","7425","VGF",-0.307366294366793,0.615741524396471
"6514","80312","TET1",0.184169413189805,-0.182615052440548
"6515","145567","TTC7B",-0.0591027523126701,0.584746093354324
"6516","653645","TBC1D3P1-DHX40P1",-0.215041528784852,0.234485645176276
"6517","147912","SIX5",0.103962285231847,0.817300870843438
"6518","57506","MAVS",0.0958116190285017,0.0581185169563705
"6519","285440","CYP4V2",-0.125631259648797,-0.305118245096929
"6520","1351","COX8A",-0.0918345453087674,-0.0247895314965048
"6521","8924","HERC2",0.0293816691478623,0.905337909667938
"6522","57478","USP31",0.0971787454063833,-0.41950342321387
"6523","22901","ARSG",-0.178869067562037,-0.116822354203481
"6524","4116","MAGOH",0.0613360295350462,-0.235228904534452
"6525","27065","NSG1",-0.364232247953999,-2.46613345278777
"6526","128866","CHMP4B",-0.0244526341336,-0.33954466657973
"6527","253827","MSRB3",0.112696986472614,1.09045210510775
"6528","79817","MOB3B",0.283384329269302,-1.14219272974651
"6529","29115","SAP30BP",0.0516949113674832,-0.376842786945011
"6530","51427","ZNF107",0.203551297549734,1.23672386092194
"6531","1727","CYB5R3",-0.0878200732632344,-0.0387892879331666
"6532","347273","CAVIN4",0.149222560565794,0.407188587253973
"6533","10478","SLC25A17",-0.104028023892709,-0.469674335588437
"6534","55876","GSDMB",0.248548053259647,-0.555445826084247
"6535","22938","SNW1",-0.038882000115942,-0.0666294903309259
"6536","399668","SMIM10L2A",-0.145452603712334,-0.334230734792378
"6537","5362","PLXNA2",0.234717797781076,-0.284642195071251
"6538","116840","CNTROB",0.0450015481953132,0.337503887613928
"6539","51686","OAZ3",-0.0426834259878159,-1.29991485658808
"6540","22897","CEP164",-0.102198549715891,-1.75279230471469
"6541","7444","VRK2",0.0874472474896137,-0.10396528378948
"6542","10123","ARL4C",-0.0531082622878554,-2.0886003204127
"6543","29952","DPP7",-0.289324125724044,0.140746240213
"6544","4803","NGF",-0.0699211287329635,-3.13933828889957
"6545","5641","LGMN",-0.196783928377377,-0.473153098556586
"6546","8916","HERC3",0.0347762782701002,-0.0423420731526445
"6547","10929","SRSF8",0.0435193546916652,-0.989416599584291
"6548","81602","CDADC1",0.0271860682129716,0.282573186288206
"6549","9162","DGKI",0.219787515415049,0.139548289576463
"6550","90576","ZNF799",0.201472117054021,0.158719158242077
"6551","490","ATP2B1",-0.0755510333657972,-0.570551173076558
"6552","7173","TPO",-0.0367076715979872,0.179716632264577
"6553","100294145","LOC100294145",-0.144137620436864,-1.61082692928526
"6554","10439","OLFM1",-0.196965337964797,-0.125251903040642
"6555","23324","MAN2B2",-0.190180096648891,-0.201353963201342
"6556","728411","GUSBP1",-0.0458090555925512,-0.409735113585774
"6557","5493","PPL",-0.161404916552454,-0.509063206767116
"6558","6386","SDCBP",-0.101401794291528,-0.301301380409977
"6559","728635","DHRS4L1",-0.0925011293894134,-0.478992356024766
"6560","8027","STAM",0.136957923253083,-0.164919252570152
"6561","101928068","LOC101928068",-0.223910982601971,-0.482372268685085
"6562","1604","CD55",-0.190753207245848,-0.721191347680927
"6563","84077","C3orf20",0.251071884058204,-0.272743161039971
"6564","255031","LINC00957",0.227004713708309,1.2597519429276
"6565","83716","CRISPLD2",-0.458742946532671,-2.28384845492022
"6566","23048","FNBP1",-0.00469777142982508,-0.113068247275931
"6567","6676","SPAG4",-0.267834565385864,-0.461688768902023
"6568","7879","RAB7A",-0.0342038008575063,-0.798101922749676
"6569","57613","FAM234B",-0.0801174272385454,0.503375602134793
"6570","23263","MCF2L",-0.142328428329107,1.68742017639709
"6571","221656","KDM1B",-0.0578981581365108,-0.0661347848052589
"6572","105371592","LOC105371592",0.264853586035618,0.84807253479466
"6573","79760","GEMIN7",-0.010847763090065,0.320355337595935
"6574","7709","ZBTB17",-0.00177058155718335,-0.105584944854928
"6575","151963","MB21D2",-0.0849478424972752,-0.0338691061317657
"6576","84236","RHBDD1",-0.00709826290387738,-0.311653309732584
"6577","9520","NPEPPS",-0.0274593610181304,-0.344115305611775
"6578","7692","ZNF133",0.0768230749990439,0.0364317690838352
"6579","81557","MAGED4B",-0.122725679785906,0.943007098060402
"6580","3020","H3-3A",-0.109115662282035,-0.617983811083678
"6581","9902","MRC2",-0.167853596878389,-0.183152133373158
"6582","80162","PGGHG",-0.193169883995126,-0.0485491745132536
"6583","81790","RNF170",0.0127583496980828,0.203329332458138
"6584","55165","CEP55",0.285223529245001,2.80364057695464
"6585","8635","RNASET2",-0.203587501344033,0.0943736350892168
"6586","221830","POLR1F",-0.0029545007389542,0.808831213515208
"6587","55657","ZNF692",0.17617112674704,0.168057773519508
"6588","25962","VIRMA",0.0291698902094879,-0.0808856782765819
"6589","27249","MMADHC",-0.0292968668672184,0.12649760117856
"6590","4071","TM4SF1",0.118577054530833,0.182751661170107
"6591","6478","SIAH2",0.0674285996241322,0.108926770346589
"6592","51762","RAB8B",0.180836770295127,-0.114327422100427
"6593","7841","MOGS",-0.0484304514463476,0.156362709271207
"6594","1855","DVL1",-0.121791590210577,0.339679421434282
"6595","5311","PKD2",-0.0430857318089046,0.0437770010565872
"6596","221391","OPN5",0.367393109159184,1.67458233184031
"6597","10072","DPP3",-0.0913648838779046,-0.0783033255738772
"6598","6692","SPINT1",-0.449372939254698,-1.44875045134225
"6599","9577","BABAM2",-0.126617305471691,0.414724604092338
"6600","7576","ZNF28",-0.0436417682236963,-1.19397212804749
"6601","3612","IMPA1",-0.018066045902712,-0.146728995957016
"6602","8971","H1-10",-0.135895265251697,0.137494554746557
"6603","4237","MFAP2",-0.394082497518524,0.416440646633
"6604","85450","ITPRIP",0.181918471397393,0.703718035873094
"6605","3653","IPW",0.135162938348064,0.493093365910622
"6606","7076","TIMP1",-0.0790456450921937,-0.0384838253918396
"6607","828","CAPS",-0.0445814138036209,-0.0240049339415869
"6608","10360","NPM3",-0.158671661600488,1.00315983581869
"6609","84315","MON1A",0.0762083810471594,0.405939472552956
"6610","80304","WDCP",0.0402163153180188,-0.153309574449235
"6611","7846","TUBA1A",0.0708464179481467,1.30499699035173
"6612","84932","RAB2B",-0.0371716406063909,0.104000119567369
"6613","196074","METTL15",-0.0656612574130482,0.755051503432072
"6614","6598","SMARCB1",0.0448731244509792,-0.0179933382280817
"6615","84294","UTP23",0.0496203254097618,-0.026638476701685
"6616","51295","ECSIT",-0.109779543966354,0.502213886686078
"6617","79092","CARD14",-0.160129636426891,-1.24517818708559
"6618","6272","SORT1",-0.106022543852433,0.464185845262806
"6619","10287","RGS19",-0.0116676040505213,0.899489802520254
"6620","1774","DNASE1L1",-0.135522083555672,-0.0324942593523234
"6621","51155","JPT1",-0.115568779139435,-0.805012298699788
"6622","26354","GNL3",0.0805684399517625,0.482407277947555
"6623","6134","RPL10",-0.114933737087386,0.0554514130065495
"6624","51451","LCMT1",-0.0863622685688803,-0.0943091074248992
"6625","554282","FAM72C",0.289677984389229,0.278368806307109
"6626","79792","GSDMD",-0.207706007349497,0.0810101055417953
"6627","116238","TLCD1",-0.23410336919865,-2.0834092127617
"6628","84326","METTL26",-0.0967238372117922,0.195182009848129
"6629","4817","NIT1",-0.114283728315344,-0.250713239241193
"6630","119392","SFR1",0.0546281082816036,0.143302872305051
"6631","81031","SLC2A10",-0.170561879082089,1.69133981546347
"6632","11180","WDR6",-0.108052362829435,0.135622129853961
"6633","9404","LPXN",0.141398303429792,-1.41378053443039
"6634","253868","CRMA",-0.0556901212269256,0.930812893289313
"6635","342918","C19orf81",-0.235581637274302,0.435855967651635
"6636","121457","IKBIP",-0.246606579153206,-2.11835504297575
"6637","79809","TTC21B",0.0274059937815601,0.706900754414823
"6638","8209","GATD3",-0.132028497747577,0.0569698515561177
"6639","127703","C1orf216",0.135787790654166,0.495863395138399
"6640","2887","GRB10",0.22504436380166,0.0180414774763102
"6641","55344","PLCXD1",0.239144958087889,0.931101919129099
"6642","9477","MED20",0.0793748752677841,-0.125837251006795
"6643","5818","NECTIN1",-0.219159691239596,-0.231821018896006
"6644","170960","ZNF721",-0.0442620373097995,0.350186266633299
"6645","100507588","TGFBR3L",-0.221768991131941,-0.124118747718559
"6646","4976","OPA1",0.0440826902642533,0.212556844854555
"6647","152006","RNF38",0.0229608731697191,0.0391121865206694
"6648","6794","STK11",-0.198218055386123,-0.357585964107434
"6649","51361","HOOK1",0.150757667466383,1.17537490789618
"6650","255812","SDHAP1",-0.0781074805428252,-0.100785613034283
"6651","656","BMP8B",-0.113530416171632,-2.72737803520547
"6652","27230","SERP1",-0.134227985963429,-0.288602911753848
"6653","2618","GART",-0.0185858027306498,0.624946715513648
"6654","92667","MGME1",-0.0464394916197595,-0.567391021701096
"6655","50804","MYEF2",0.00329711430379831,0.486776237070809
"6656","254128","NIFK-AS1",0.109462898908942,-0.596416170365635
"6657","100128361","LOC100128361",-0.28293283598605,-0.366109742747518
"6658","5923","RASGRF1",-0.306421674697713,-3.8052466755958
"6659","5586","PKN2",0.0687489524819354,0.910162262246335
"6660","91875","TTC5",0.103543697037388,1.27235857659171
"6661","8125","ANP32A",-0.0357287402401703,0.714153150349054
"6662","7291","TWIST1",-0.0571856596916693,-0.979650449038158
"6663","158747","MOSPD2",0.0726797969394086,-0.351932044494201
"6664","10345","TRDN",-0.0833470211033784,0.751061793979407
"6665","23400","ATP13A2",-0.15411564538793,-0.0358489269808189
"6666","51207","DUSP13",-0.159702015688408,-0.169749571661864
"6667","9670","IPO13",-0.031571754923319,-0.387695774712476
"6668","440081","DDX12P",0.19781497655412,1.69100782611031
"6669","400684","DPY19L3-DT",-0.0420222444990223,-1.44613733363723
"6670","84295","PHF6",0.0822467020460449,0.490237953700831
"6671","5874","RAB27B",0.484323604940881,-0.492497534090521
"6672","84916","UTP4",-0.0217374950200826,0.0673950985718932
"6673","57146","LDAF1",-0.0791929794388704,0.51887535731754
"6674","7372","UMPS",-0.123465069974674,-0.388858971514573
"6675","55132","LARP1B",0.121721253087884,-0.144663333003533
"6676","50863","NTM",-0.350768798809067,-0.0346026431277977
"6677","55759","WDR12",0.0152333540839065,0.542952452442495
"6678","26232","FBXO2",-0.19538997637049,-2.20012249599409
"6679","163882","CNST",0.0537591589780355,0.258464792854906
"6680","100133091","LINC03009",0.0974093716151101,-1.20847339147604
"6681","347240","KIF24",0.190153934734553,1.49323468588576
"6682","307","ANXA4",-0.208178058973276,-1.75375990391107
"6683","5087","PBX1",0.143555371938572,0.869577192516624
"6684","823","CAPN1",-0.0620954204746305,-1.16652973729367
"6685","6722","SRF",-0.0379018396284323,0.41976613454666
"6686","2590","GALNT2",-0.13621064074036,-0.114023663357811
"6687","400617","KCNJ2-AS1",0.0705102908835126,-3.48260541318482
"6688","50640","PNPLA8",-0.110357709680436,-0.100843372699218
"6689","55100","WDR70",0.125787629116388,0.460937028707414
"6690","92906","HNRNPLL",0.0223820001745674,-0.185751005126575
"6691","5394","EXOSC10",0.0157011863544732,0.430532919420244
"6692","720","C4A",-0.326698520135377,0.235829048560722
"6693","124936","CYB5D2",-0.0995538250423067,-0.335674277317105
"6694","10962","MLLT11",0.146309764032104,0.892246249186254
"6695","55692","LUC7L",-0.130413608238221,-0.437772038335422
"6696","3489","IGFBP6",-0.0790929219433973,-0.0070229506767836
"6697","91689","SMDT1",-0.134734273220618,0.00066365061262541
"6698","79831","KDM8",0.168364916730543,-0.0358879468245452
"6699","10038","PARP2",0.1501674808419,1.91200663979826
"6700","2152","F3",-0.425891225797519,0.153969652555989
"6701","92591","ASB16",-0.249188034030123,0.337939857578365
"6702","8672","EIF4G3",0.00380435594156925,0.159089436179664
"6703","55164","SHQ1",-0.0320048086616467,-0.471026029820155
"6704","3875","KRT18",0.0796206739042322,0.787356091593974
"6705","29980","DONSON",-0.033008537729394,0.39415723077594
"6706","4013","VWA5A",-0.152487709651442,0.850693132013584
"6707","642517","AGAP9",-0.0410542315673177,-0.105416203174002
"6708","6167","RPL37",0.149995044331615,0.0609033864920612
"6709","440253","WHAMMP2",-0.123657373045706,0.554053956824984
"6710","130502","TTC32",0.244953805530293,-0.461818991431301
"6711","79228","THOC6",-0.125574554387255,-0.421514047191481
"6712","51318","MRPL35",0.0778498912568226,0.934145570053738
"6713","10981","RAB32",-0.227818607296657,-0.422257557173768
"6714","114088","TRIM9",0.0771767662388148,-0.664195564200613
"6715","268","AMH",-0.23575334226649,-0.298813222312605
"6716","55331","ACER3",0.0282936079232154,0.441237443067852
"6717","79095","BBLN",-0.133035774853157,-0.0651095329204496
"6718","9510","ADAMTS1",-0.0933983070293944,-0.0564114223174386
"6719","338699","ANKRD42",-0.0468070125891362,0.0211938319845615
"6720","347862","GATD1",0.0144382357911317,-0.365376089079462
"6721","23788","MTCH2",-0.0542524461859779,0.608737248463898
"6722","79635","CCDC121",0.00537948214352646,-0.284387438909794
"6723","5718","PSMD12",-0.071849474322172,-0.202005787011478
"6724","79644","SRD5A3",-0.123792953175467,1.2139181579186
"6725","388963","C2orf81",-0.249077312763127,-0.0482969212273544
"6726","11018","TMED1",-0.159731832057436,0.633077875337924
"6727","639","PRDM1",-0.251768829542494,-5.19529900990205
"6728","386758","ZNF582-DT",0.0167051296684774,-0.284766727787248
"6729","101154753","PANDAR",-0.0141130523828585,-0.482242956998806
"6730","255043","TMEM86B",-0.19000957120855,-0.233456940320513
"6731","94015","TTYH2",-0.177983149355406,1.68755145547346
"6732","1272","CNTN1",-0.123726316453334,0.302459591328926
"6733","79411","GLB1L",-0.13050267967615,-0.26483982313975
"6734","80760","ITIH5",-0.0530241896653165,-3.76197403375579
"6735","4935","GPR143",-0.389269560184706,-0.645072479551299
"6736","80235","PIGZ",-0.0385665556171504,-0.683138874307932
"6737","6832","SUPV3L1",0.00777610662220951,-0.171168799686089
"6738","441307","PDGFA-DT",-0.0482710879958934,0.268173518402761
"6739","83715","ESPN",-0.257580635591738,-4.61903806926246
"6740","27231","NMRK2",0.0829477807206054,0.855945130357683
"6741","4238","MFAP3",-0.0754120277395929,0.14176668586107
"6742","11159","RABL2A",-0.155883817171231,-1.52580862073861
"6743","84975","MFSD5",-0.0462315679061138,-0.109278824674947
"6744","30849","PIK3R4",0.114223633038506,-0.000170398548421602
"6745","2119","ETV5",0.0846366686037809,-1.35839258363401
"6746","283212","KLHL35",-0.0875023643008439,0.305976084193058
"6747","66036","MTMR9",-0.082859594562553,-0.216609381115392
"6748","6881","TAF10",-0.0828619852012222,-0.461314220106852
"6749","3566","IL4R",0.204946205636086,-1.25004835319965
"6750","7220","TRPC1",-0.0327237279971557,0.14128262581599
"6751","90","ACVR1",0.165806776636196,-0.0633865126530821
"6752","6228","RPS23",0.0522006756543494,-0.00139119160992962
"6753","1326","MAP3K8",-0.198057930846929,-0.34109923886344
"6754","6209","RPS15",-0.111911712156338,-0.392077672762662
"6755","801","CALM1",-0.0633389871453032,-0.0550773456013873
"6756","283899","INO80E",-0.0586358082047971,0.270488409501578
"6757","283267","LINC00294",0.0634986050034099,-0.535090656258733
"6758","221078","NSUN6",0.207589985891928,-0.453877800197807
"6759","2549","GAB1",0.228760432818085,1.01989937043771
"6760","139324","HDX",0.061379270953192,0.299649988086206
"6761","27154","BRPF3",-0.115022733710596,-0.837761397906559
"6762","55561","CDC42BPG",-0.279747779867642,-1.74232293434522
"6763","113802","HENMT1",-0.159549405233562,-1.58697602637448
"6764","113178","SCAMP4",-0.164378864034994,0.0728829115729859
"6765","148870","CCDC27",0.157618709722981,0.336072875376592
"6766","7473","WNT3",-0.15012017542595,-1.22280651466498
"6767","3931","LCAT",-0.0529784578482584,-1.28929574698326
"6768","349114","LINC00265",0.0160170254986577,-0.807841742705165
"6769","57575","PCDH10",-0.399996341139243,-1.33021008479659
"6770","606551","UBE2MP1",-0.0114657385148025,-0.0349288438612394
"6771","122961","ISCA2",0.167028077343265,0.710116921367766
"6772","5786","PTPRA",-0.0118443530504573,0.130007530101213
"6773","5863","RGL2",-0.121621320395169,-0.246460384037485
"6774","157769","FAM91A1",-0.205280723471263,-0.715779844460315
"6775","64795","RMND5A",-0.0574265491559318,-0.692751704084178
"6776","1327","COX4I1",-0.111459681135528,0.170520747841181
"6777","253725","WASHC2C",-0.0204100590661138,-0.121824585732243
"6778","140456","ASB11",0.069624382887163,1.30388927650175
"6779","55223","TRIM62",0.0153319106911094,-0.365365228803573
"6780","51020","HDDC2",0.135031764499542,0.701624821244096
"6781","1238","ACKR2",0.256732358874034,-1.77938983859289
"6782","10168","ZNF197",0.0658019989653482,-0.34715531776962
"6783","23163","GGA3",-0.0575134397701946,-0.126938244363343
"6784","375690","WASH5P",-0.196927626583505,-0.305175397340206
"6785","55748","CNDP2",-0.0726111152550244,0.472344239157539
"6786","3455","IFNAR2",0.0634024873056376,0.470125246421353
"6787","164","AP1G1",0.125383273421614,0.0139283764758407
"6788","80142","PTGES2",-0.112216706612049,0.674293607662722
"6789","166968","MIER3",0.163907211015742,-0.0370906709884675
"6790","89","ACTN3",-0.284558911387306,0.449242045649284
"6791","339201","ASB16-AS1",-0.191552828079223,-1.23218489004515
"6792","8735","MYH13",-0.0820508202060645,1.80326170178818
"6793","79658","ARHGAP10",0.118147269888031,-0.582118649663911
"6794","6584","SLC22A5",0.16051184944284,-0.1441292763922
"6795","57477","SHROOM4",0.145133155890087,1.08985003253492
"6796","54344","DPM3",-0.202771887025063,0.0745326991138384
"6797","4753","NELL2",-0.194465556629839,-1.46423401646253
"6798","515","ATP5PB",-0.0766336283054816,0.371659435317867
"6799","9518","GDF15",-0.347747703237139,-3.61896987163959
"6800","80345","ZSCAN16",0.121843667255165,-0.29893684851839
"6801","10969","EBNA1BP2",-0.043547474858471,-0.0972986549064201
"6802","152926","PPM1K",-0.0903421818395627,0.840315268115809
"6803","55696","RBM22",-0.119354793316313,-0.84401627787121
"6804","7041","TGFB1I1",0.15385289152489,3.01374843922488
"6805","9454","HOMER3",-0.135913436687659,-0.33548886280022
"6806","51564","HDAC7",0.0190219328343471,-1.11748131873574
"6807","80150","ASRGL1",-0.200044391322753,0.140256522262943
"6808","6606","SMN1",0.00782586413611419,-0.386987795903223
"6809","25930","PTPN23",0.0503387328188616,-0.314194466042601
"6810","91754","NEK9",-0.172397171515626,-0.170905328014834
"6811","5648","MASP1",-0.121552265074516,0.152287634670584
"6812","4303","FOXO4",-0.161122945629378,0.0261519093105642
"6813","726","CAPN5",-0.208630372290975,0.057694730409537
"6814","9205","ZMYM5",0.11709412856786,-0.656365862174236
"6815","114900","C1QTNF4",-0.4863645989359,0.243453918188724
"6816","79634","SCRN3",0.0885953407414224,0.313906683311714
"6817","654434","SNHG20",0.129372651931507,0.25744052314675
"6818","3978","LIG1",-0.166909542930507,-0.794104906187575
"6819","80045","GPR157",0.295776189915593,0.586151096266427
"6820","171568","POLR3H",0.0837817493203463,0.00746770146183184
"6821","51112","TRAPPC12",-0.0341993841392219,-0.0118554969089271
"6822","84436","ZNF528",0.0290577339061708,-0.36923620925081
"6823","4188","MDFI",-0.0455763486233907,-0.252786015559652
"6824","283106","CSNK2A3",0.051410561959587,0.309768052157342
"6825","10312","TCIRG1",-0.0837675284967321,0.667103256901272
"6826","51699","VPS29",0.0865875168140482,0.253610475524932
"6827","51575","ESF1",0.117286273021603,0.142553850645797
"6828","100996437","LOC100996437",-0.132525542060068,-0.109730981316427
"6829","5205","ATP8B1",0.164864521593594,-0.944118483649368
"6830","80184","CEP290",0.142784649535153,0.678211936346652
"6831","105373102","LOC105373102",-0.363287032787959,-0.257350817199854
"6832","4860","PNP",-0.22422215079347,-1.18859322246098
"6833","51126","NAA20",-0.0871434535911595,0.0778774669484434
"6834","4726","NDUFS6",-0.0755317036525467,0.0954175240724293
"6835","2313","FLI1",0.152395007063365,0.14503231836515
"6836","3945","LDHB",-0.105769378310301,0.24910877352303
"6837","3052","HCCS",-0.00798005382243794,-0.04652920130592
"6838","23295","MGRN1",0.0786795718927893,-0.581758470381573
"6839","6453","ITSN1",0.14514633613421,-0.020092597278178
"6840","58191","CXCL16",-0.159340585793234,-1.58628079943684
"6841","100128108","UBE2Q2P13",0.172689821021995,-0.491424841735978
"6842","64078","SLC28A3",0.335149263616251,1.33046272122336
"6843","90522","YIF1B",-0.149403401892037,1.15961241266886
"6844","55330","BLOC1S4",-0.0843195162738795,-0.827303669384649
"6845","29904","EEF2K",-0.101092452043862,-0.137403527654603
"6846","95681","CEP41",-0.0736991648462704,0.0405100764663047
"6847","114609","TIRAP",0.105361613955266,0.211380862323847
"6848","2395","FXN",0.0972536888907762,0.639803050054146
"6849","340348","TSPAN33",-0.156569189828399,-0.286520810662676
"6850","57473","ZNF512B",-0.056129868817103,1.22093562614013
"6851","5293","PIK3CD",-0.176985689677138,-1.38904729253207
"6852","995","CDC25C",0.291601280108584,1.71940979297969
"6853","10943","MSL3",-0.0826882503248845,0.230922449398281
"6854","3833","KIFC1",0.133524649889325,2.17938129086446
"6855","321","APBA2",-0.210862903282404,0.125813467988219
"6856","57610","RANBP10",0.103674419706235,-0.214613327870565
"6857","79887","PLBD1",-0.14277811031542,0.0239052439321474
"6858","55761","TTC17",0.045358736740055,0.0980601627860818
"6859","23241","PACS2",-0.0410260190611549,-0.35030470218439
"6860","55324","ABCF3",-0.0978826114410127,0.390111998253515
"6861","23399","CTDNEP1",-0.0559254987109314,0.248474754356206
"6862","84557","MAP1LC3A",-0.168523806529858,-0.445409039743008
"6863","4750","NEK1",0.0998243419954381,0.793555686367156
"6864","9826","ARHGEF11",0.109477596590667,0.187731386092035
"6865","6632","SNRPD1",0.00514395779881216,0.77184439868092
"6866","28970","C11orf54",0.114415265451358,0.567213495017115
"6867","129563","DIS3L2",0.0245383138791739,0.279817912476892
"6868","4208","MEF2C",0.109798969037498,-0.111049383122469
"6869","64220","STRA6",-0.174236993667103,0.525153129290435
"6870","63932","STEEP1",-0.130572083288203,0.0446090950857929
"6871","5435","POLR2F",-0.0124224479796862,-0.0818585022320697
"6872","54934","KANSL2",-0.176310792844614,-0.478695217591688
"6873","83882","TSPAN10",-0.264146936305063,-0.60331106355831
"6874","105376057","LOC105376057",-0.170393898375905,0.0738401415271615
"6875","130497","OSR1",-0.251600102770646,-1.22958165096882
"6876","8497","PPFIA4",-0.210321525115001,0.609459384890788
"6877","255743","NPNT",-0.135040832469976,0.788073776352642
"6878","440026","TMEM41B",0.103344111339513,0.39154687751799
"6879","79867","TCTN2",-0.138401192966792,0.72536830116965
"6880","10069","RWDD2B",-0.213860307231966,-0.645589387059269
"6881","2037","EPB41L2",-0.132719557356744,0.207063567642331
"6882","159","ADSS2",-0.0504393583107277,-0.158898428903924
"6883","6229","RPS24",0.111530991852467,-0.39898924873633
"6884","51196","PLCE1",0.193255063686956,1.27196365744541
"6885","2178","FANCE",-0.135476079342735,-0.107516924382632
"6886","8019","BRD3",-0.107309144426453,-0.0642290126541054
"6887","7298","TYMS",-0.208606529409532,-1.14086018843079
"6888","8518","ELP1",0.0184197987066828,0.95836008540091
"6889","114569","MAL2",-0.494543213278779,-2.45202286089641
"6890","6447","SCG5",-0.215467427711891,-0.300621038558859
"6891","135293","PM20D2",-0.0966677850102258,-0.300988120796101
"6892","8788","DLK1",-0.432413593603214,-0.20878654294531
"6893","80212","CCDC92",-0.073292153198679,-1.08212316092466
"6894","64979","MRPL36",0.075377768395696,-0.00229412086294012
"6895","4867","NPHP1",0.173009309611757,0.974280074684221
"6896","3184","HNRNPD",0.0589551055566639,0.471287508120313
"6897","54413","NLGN3",-0.159367080171259,0.841197859987619
"6898","8623","ASMTL",-0.147173012347637,0.174704922612716
"6899","284352","PPP1R37",-0.0430718336906875,-0.456412307795124
"6900","23542","MAPK8IP2",-0.262691622877308,0.653210328110293
"6901","7552","ZNF711",-0.0446379940888786,0.0801901413753372
"6902","57403","RAB22A",-0.109757966005475,-0.606706182225057
"6903","4782","NFIC",0.113996357509148,1.57124101077625
"6904","57452","GALNT16",-0.0549596662227616,1.08053750581197
"6905","100463482","MTRNR2L6",0.186807880940499,-0.135730550053861
"6906","101243545","LINC02067",0.103753215421899,-0.465192522940148
"6907","7421","VDR",-0.420780925993942,-3.62896888177937
"6908","10984","KCNQ1OT1",0.227956144931583,0.318913024353655
"6909","54987","CZIB",-0.0645531584244301,0.0121361401457021
"6910","25861","WHRN",-0.240600069849727,-3.79079072943434
"6911","112936","VPS26B",0.078547337975504,0.854989485181767
"6912","7360","UGP2",-0.05797718003436,0.00293596507693294
"6913","6541","SLC7A1",0.113954328176876,0.6965579434957
"6914","646471","LOC646471",-0.14425926273951,-0.891042444053918
"6915","84818","IL17RC",-0.105423619549743,1.55900662052447
"6916","9330","GTF3C3",0.0941004352126269,0.44655426866868
"6917","272","AMPD3",-0.270006814166057,-0.763923604144328
"6918","3897","L1CAM",-0.483320095803851,0.645382554775634
"6919","57571","CARNS1",-0.228706571541809,-2.80763944322266
"6920","4722","NDUFS3",-0.11748075215342,0.185947595944454
"6921","84102","SLC41A2",0.23962556621182,-0.663173228676198
"6922","100288162","LOC100288162",-0.0722067711257643,-0.31886385236249
"6923","51631","LUC7L2",-0.216153779117114,-0.104712602032333
"6924","29803","REPIN1",0.0115573688511654,0.131822649595022
"6925","105376047",NA,-0.125014406822266,-0.392459533081014
"6926","331","XIAP",0.0721967121236045,-0.040970796528498
"6927","10491","CRTAP",-0.145383511847247,0.160018015786014
"6928","283229","CRACR2B",-0.192813651538175,-0.313813533872296
"6929","4253","MIA2",-0.048793167595071,0.229725634889781
"6930","84084","RAB6C",0.091219612639708,-0.140231577292437
"6931","284611","FAM102B",0.159638001191901,-0.132904244096962
"6932","3633","INPP5B",0.0964323628426897,-0.0488473654427461
"6933","7001","PRDX2",-0.159077719236722,0.0766155587879105
"6934","81542","TMX1",-0.226094059179245,-0.202669999182234
"6935","6522","SLC4A2",-0.101052796867238,0.864606993368926
"6936","65986","ZBTB10",0.121574226042291,-0.20945158745792
"6937","5501","PPP1CC",0.0198590400002328,0.635166172202059
"6938","100134869","UBE2Q2P2",-0.311827244097505,0.00219127106648687
"6939","567","B2M",-0.079642223748019,-0.445358697275232
"6940","84173","ELMOD3",-0.0930075661254746,-0.0281012431412089
"6941","100507433","ZNF571-AS1",-0.311287858038695,0.0459226063932876
"6942","649395","YWHAEP1",-0.0987705416028111,0.367773097705067
"6943","2645","GCK",0.0829977793988848,3.05407251290478
"6944","60412","EXOC4",-0.0705765388698154,0.453041640269729
"6945","51023","MRPS18C",0.114537915183191,0.0392498633787555
"6946","60487","TRMT11",0.0493428098212143,0.220447175205805
"6947","400954","EML6",0.0661469804938253,-1.72941503235259
"6948","51287","COA4",0.122901384470385,0.588512831734889
"6949","81928","CABLES2",-0.0803005456371926,1.00747565414182
"6950","94104","PAXBP1",0.0116386394379422,-0.135470480111361
"6951","23432","GPR161",-0.189651783871198,-0.620420761934853
"6952","27032","ATP2C1",-0.120526778040193,0.534336176615436
"6953","64506","CPEB1",-0.195905169801508,-0.867321728893329
"6954","256815","C10orf67",0.0638940482990171,-1.04861463638272
"6955","27166","PRELID1",-0.160251772590072,-0.00951930924464417
"6956","91978","TPGS1",-0.210242963692565,-0.120180324057279
"6957","158","ADSL",-0.06419171547165,0.102210684665318
"6958","54861","SNRK",0.0578543400729536,-0.0435778829508933
"6959","11112","HIBADH",-0.0483746992887903,0.543707736438627
"6960","728489","DNLZ",-0.113703993067985,-0.308799757272995
"6961","84330","ZNF414",-0.0145073007610761,0.273488798037061
"6962","9025","RNF8",0.0912726530745056,-0.0744769820353879
"6963","57467","HHATL",-0.153132022296618,1.05719108146543
"6964","23117","NPIPB3",0.187964953384702,-0.0550451182887193
"6965","57110","PLAAT1",-0.15903424812671,-0.33924302465818
"6966","58525","WIZ",-0.0344884496394622,-0.189956228278398
"6967","149840","SHLD1",0.156851715652107,0.0283348666372618
"6968","84902","CEP89",0.0941519596218781,0.586541398090017
"6969","54920","DUS2",-0.0155174842956067,1.13230940576391
"6970","101928238","ZNF426-DT",0.0530675613830638,-0.0151577414537743
"6971","339344","MYPOP",-0.0645453319643017,0.164676748801787
"6972","407975","MIR17HG",0.0656464233195535,0.129685578293873
"6973","60489","APOBEC3G",-0.0650847869794073,-0.331808663149679
"6974","51533","PHF7",-0.0904629024651133,-0.783415600735636
"6975","7077","TIMP2",-0.128480905098343,-0.0858877489287728
"6976","7419","VDAC3",-0.0893807134368885,0.193985392162941
"6977","401474","SAMD12",-0.0379837034094419,0.250686572990626
"6978","4734","NEDD4",0.189534350276728,0.270706803913605
"6979","92960","PEX11G",-0.280102249806969,0.45074981920905
"6980","338811","TAFA2",-0.316169580708464,-1.68640591076203
"6981","162417","NAGS",0.108250055988275,-1.35709933815413
"6982","57623","ZFAT",0.126177033934649,-0.290288187692398
"6983","10100","TSPAN2",-0.131860351164921,0.296504993922267
"6984","55750","AGK",0.0146297919709264,0.756323167028937
"6985","84561","SLC12A8",-0.17707397833403,-0.59754127293103
"6986","285590","SH3PXD2B",0.211097701076904,0.278382633378754
"6987","375035","SFT2D2",0.185073284645744,-0.561168948266404
"6988","79876","UBA5",-0.00680292829672258,0.00502164407462669
"6989","23101","MCF2L2",0.160892034355319,0.339048035975122
"6990","84940","CORO6",-0.14600684535875,-0.126939075378521
"6991","4351","MPI",-0.169689599473678,0.245800405592865
"6992","157570","ESCO2",-0.0349063824999534,2.26013556601038
"6993","64098","PARVG",-0.207397059876644,-0.0575329796028468
"6994","7146","TNXA",-0.545245097606717,0.118765053676641
"6995","148327","CREB3L4",-0.128082598964744,0.869748586239892
"6996","79962","DNAJC22",0.0510721703229878,0.170802897239281
"6997","79991","STN1",-0.0106261148914477,-0.221579233000003
"6998","9647","PPM1F",0.0201992710520651,-0.361937835744807
"6999","442075","EMC3-AS1",0.0369542067899996,0.631435916499427
"7000","7223","TRPC4",0.388640125305496,0.124463072312242
"7001","105379054","VCAN-AS1",0.43184405451639,-1.07779494105765
"7002","3703","STT3A",-0.0780221784851847,0.620967676998158
"7003","9666","DZIP3",-0.0256608323250065,0.1363427821393
"7004","29062","WDR91",0.0490010854312568,-0.632547297294035
"7005","51257","MARCHF2",-0.0427849399289935,-0.585137661852787
"7006","55073","LRRC37A4P",0.125652728569599,0.00395402209328299
"7007","55672","NBPF1",0.036206374894169,0.102061828882529
"7008","6767","ST13",-0.0723008264232536,-0.262776210611048
"7009","149175","MANEAL",-0.107793753143934,1.09652448361944
"7010","729920","CRPPA",0.226093710491368,-0.372658693504475
"7011","9866","TRIM66",0.130058655518953,-0.118473867395362
"7012","101927423","PANO1",-0.127253233743572,-0.452309976861202
"7013","94121","SYTL4",-0.324615203041889,0.596226586942134
"7014","5325","PLAGL1",-0.124855520452378,0.224847419433773
"7015","26123","TCTN3",-0.11725504818931,0.16098419563689
"7016","126375","ZNF792",0.132032466347956,-0.314350788287092
"7017","78990","OTUB2",0.140947804214876,-0.312198570257851
"7018","10580","SORBS1",0.160155378813314,-0.331506710782147
"7019","4214","MAP3K1",-0.0742311614328952,-0.29493635768579
"7020","11075","STMN2",-0.263081346391291,0.381639286535033
"7021","84988","PPP1R16A",-0.128441127808493,0.416558359744474
"7022","34","ACADM",-0.0703627237013267,0.27948504774585
"7023","968","CD68",-0.270294584549897,-0.271329340844671
"7024","8646","CHRD",-0.093332612194912,-3.99284919867403
"7025","23452","ANGPTL2",-0.160287730310289,-1.68054302899199
"7026","56124","PCDHB12",-0.153210325462349,0.404771989294855
"7027","57393","CLTRN",-0.156278946116897,-1.38996177180352
"7028","56265","CPXM1",-0.272099004341952,0.574183458749468
"7029","2644","GCHFR",-0.208764322683443,-0.922354071197927
"7030","2825","CMKLR2",0.211528356990975,1.73196517956774
"7031","9562","MINPP1",-0.0704377087470478,0.0535602317314972
"7032","8801","SUCLG2",-0.075958272964054,0.400448998522008
"7033","220729","SDHAP4",-0.049846921639066,-0.0134142494277429
"7034","100505994","LUCAT1",0.222912139967276,-2.710265641405
"7035","10270","AKAP8",0.0776802604755051,-0.16284783936661
"7036","113146","AHNAK2",-0.137196735397914,-0.788803998033051
"7037","26781","SNORA67",0.208919444903142,-0.273752955627814
"7038","1353","COX11",-0.106765422762074,-0.286623579544981
"7039","9793","CKAP5",0.0594615471354158,-0.324577137725417
"7040","23582","CCNDBP1",-0.0937485952777983,0.0125072757087565
"7041","84883","AIFM2",-0.0895788092429655,0.0765964439815097
"7042","254295","PHYHD1",-0.223079759730509,0.63347270865973
"7043","80321","CEP70",0.129251291823907,1.03176518149566
"7044","117583","PARD3B",0.114222042816344,0.217208739654697
"7045","83850","ESYT3",0.183681050412871,0.690713796369869
"7046","83700","JAM3",-0.123835874018577,-0.0442312149141415
"7047","55083","KIF26B",0.0648633672969083,0.84094948378582
"7048","274","BIN1",-0.0738810146537583,-0.140618169047212
"7049","7153","TOP2A",0.275954412961083,2.54530951740336
"7050","2175","FANCA",-0.114886860993678,1.69853703175534
"7051","645369","TMEM200C",0.0842657726574476,-0.162324073377111
"7052","9682","KDM4A",0.103329595853992,-0.142534246641532
"7053","100379345","MIR181A2HG",0.00646635622558968,-0.405285528780042
"7054","79810","PTCD2",0.0980382181410366,0.237599753700574
"7055","64175","P3H1",-0.221803965116561,-0.723491587827295
"7056","84687","PPP1R9B",0.0910917808845255,-0.43011321988487
"7057","221491","SMIM29",-0.0521848956936215,-0.778703589844066
"7058","9710","GARRE1",0.0532978391417229,-0.411230110213817
"7059","23042","PDXDC1",0.00997199980317642,0.337728693409463
"7060","63977","PRDM15",0.179383985160246,-0.714104057654278
"7061","27151","CPAMD8",-0.00767863946930225,0.776847430791789
"7062","282809","POC1B",0.0771724818442991,-0.317253355971378
"7063","25837","RAB26",-0.207970134031447,0.716908139475854
"7064","93109","TMEM44",-0.149933273270882,-0.696023139880463
"7065","4883","NPR3",0.357864666081572,1.95408842714126
"7066","3732","CD82",-0.306601225751927,-1.31560827441217
"7067","10237","SLC35B1",-0.0624562719218131,0.167796009464456
"7068","26577","PCOLCE2",-0.200349897035071,-0.922696716487235
"7069","81606","LBH",0.100448946028999,-0.10105501592496
"7070","8492","PRSS12",-0.33177063450076,-3.63079927570671
"7071","57724","EPG5",0.0421327008617487,-0.170382816715008
"7072","9832","JAKMIP2",0.0841870411510673,1.78331864310284
"7073","55755","CDK5RAP2",-0.0199608594168046,0.255856243640713
"7074","63940","GPSM3",-0.150137126710654,0.991018272028538
"7075","65062","TMEM237",-0.0897950635795723,0.297695416570284
"7076","7700","ZNF141",0.251745507859039,0.0530093761297986
"7077","6769","STAC",-0.146630455297668,-0.860300157151291
"7078","3754","KCNF1",0.0883867584172338,-0.225718232446192
"7079","5274","SERPINI1",-0.115404153419298,-0.255381359632304
"7080","51130","ASB3",-0.205567856071502,0.130349032528621
"7081","375057","STUM",0.0440859693363356,1.17039132417703
"7082","144571","A2M-AS1",0.449432437522677,1.22644085204886
"7083","3215","HOXB5",0.398181550092278,1.92898795058482
"7084","4171","MCM2",-0.133526750051643,2.23568960289658
"7085","10818","FRS2",0.0949936389880444,-0.54686553922554
"7086","401541","CENPP",-0.10441368985109,-0.4064010789041
"7087","3693","ITGB5",-0.0938086235179139,0.217469115765063
"7088","4882","NPR2",-0.0081763798654011,-0.124958171645964
"7089","8804","CREG1",-0.136724105297232,-0.560097921459963
"7090","83660","TLN2",-0.0048430961770034,0.731064538194736
"7091","25917","THUMPD3",0.0381011575432586,0.61638599593791
"7092","10626","TRIM16",0.0906328297000454,0.646493610441205
"7093","29919","RMC1",-0.0940049020651239,-0.682148482079577
"7094","25800","SLC39A6",-0.12107376662902,-0.32107119534131
"7095","8545","CGGBP1",-0.118087367018347,-0.454603308855444
"7096","23352","UBR4",0.16641786392416,0.111177861956559
"7097","23281","MTUS2",0.162351598258586,1.38563694713646
"7098","148738","HJV",0.295641094928945,3.45870133113189
"7099","9780","PIEZO1",-0.0630648091937136,0.389073574917443
"7100","1757","SARDH",-0.194428574125838,0.0206126768400239
"7101","23107","MRPS27",-0.0114179754783024,0.437434400129242
"7102","649","BMP1",-0.110974902721453,-0.27432135737436
"7103","9255","AIMP1",-0.0581866526740411,0.057536609865724
"7104","8611","PLPP1",-0.0438486641224252,-0.0231885150745166
"7105","5742","PTGS1",-0.286070130157829,-0.546119037171909
"7106","10656","KHDRBS3",-0.0723227472118158,-0.575028205415816
"7107","10985","GCN1",-0.0351460495971869,-0.192702016008364
"7108","84248","FYTTD1",0.0316349914063601,0.253343562644792
"7109","54996","MTARC2",-0.067311190901397,0.938054895782097
"7110","254263","CNIH2",-0.251150096882199,-0.622517726816609
"7111","721","C4B",-0.328205406905953,0.306058072842116
"7112","89801","PPP1R3F",-0.170844520666304,-0.482221102541151
"7113","254042","METAP1D",0.0410352834796712,1.17126514331636
"7114","2794","GNL1",-0.1300680652671,-0.521700644593425
"7115","29085","PHPT1",-0.135526715772359,-0.480433941312402
"7116","79624","ARMT1",-0.101658249060256,-0.191195247273863
"7117","7597","ZBTB25",-0.182820556739749,-0.73139904942816
"7118","54764","ZRANB1",0.0650167216133726,0.0286400886494107
"7119","7538","ZFP36",-0.540101954968408,-0.744872654538931
"7120","1956","EGFR",0.126364530087615,-0.844466456141062
"7121","56967","C14orf132",0.117969732760026,-0.0205623130208066
"7122","101927824","PFKP-DT",0.0311731696276232,-1.19936483583939
"7123","5768","QSOX1",-0.171943146939226,-0.0155874456394844
"7124","790","CAD",-0.0119759180851897,0.985914340032817
"7125","92659","MAFG-DT",0.078292669913288,-1.02281960775871
"7126","56984","PSMG2",-0.0183374349022589,0.216083006661773
"7127","3921","RPSA",0.0220861335115092,0.0331420719038249
"7128","100506248","PTMAP9",0.0920454259339198,-0.101202457397304
"7129","9847","C2CD5",-0.0116429316640811,-0.0621478040491814
"7130","6198","RPS6KB1",-0.0235762309514191,-0.0246532404386759
"7131","376267","RAB15",0.00427941304546398,0.153740589036603
"7132","10077","TSPAN32",-0.186907629551961,0.904840386749953
"7133","4168","MCF2",-0.277929136526443,-2.17857669787756
"7134","4905","NSF",0.0158389586850003,-0.449672858896585
"7135","23108","RAP1GAP2",0.167921597534152,0.639720764722728
"7136","81603","TRIM8",0.000900754082177713,-1.32290274773798
"7137","9266","CYTH2",-0.165207673705376,-0.491478102976113
"7138","343069","HNRNPCL1",-0.189122093287769,-0.327539217768795
"7139","84960","CCDC183",-0.119180972235694,0.292381458352284
"7140","1459","CSNK2A2",-0.0401452477873807,-0.135546972625592
"7141","404550","C16orf74",-0.0887192933700554,-0.319816577714988
"7142","1185","CLCN6",0.0590463309867006,0.12327027389964
"7143","146","ADRA1D",0.0720672646846187,-2.26344432751187
"7144","55033","FKBP14",-0.0732707433689477,0.830021999545241
"7145","8894","EIF2S2",-0.0593316741145005,-0.148802605963241
"7146","10105","PPIF",-0.113605639427352,-0.220497361188725
"7147","894","CCND2",0.12167418550073,0.0923312587970537
"7148","22836","RHOBTB3",0.188536072796126,-0.19601768137691
"7149","6571","SLC18A2",0.0377871381473622,-0.36115824208231
"7150","2670","GFAP",-0.0846384587653199,0.782947181599647
"7151","57678","GPAM",-0.0153143646678506,0.792153672179502
"7152","84634","KISS1R",-0.104831065178826,1.68901336908925
"7153","6304","SATB1",-0.145530405771957,0.409212712296774
"7154","11103","KRR1",-0.0970195402240748,-1.05570276660642
"7155","617","BCS1L",-0.0497235691318485,0.750942499775235
"7156","6835","SURF2",0.0617581394893745,0.0464627076596291
"7157","401149","LINC01061",0.0799059696735432,-8.74067985257021e-06
"7158","78999","LRFN4",-0.159677078177396,-0.942769648182709
"7159","80329","ULBP1",-0.311835028028497,-4.51337306516181
"7160","200931","SLC51A",0.233330935278176,-0.146234627331924
"7161","2519","FUCA2",-0.0755478194676158,0.351101749946215
"7162","92714","ARRDC1",-0.0795013720988642,-0.35533106516657
"7163","4731","NDUFV3",0.109635609824012,-0.0466922306558812
"7164","103021295","LOC103021295",0.124609027885812,-0.15137351265127
"7165","100996693","SPEGNB",0.0387706979010218,-0.546018623880116
"7166","9218","VAPA",0.0309140306254934,-0.0224039120314936
"7167","2863","GPR39",0.35444557841835,0.912855820764276
"7168","9781","RNF144A",-0.0156179154891949,-0.401733629583194
"7169","1984","EIF5A",-0.0545781529658953,0.267216414422737
"7170","22924","MAPRE3",-0.0505003230222565,-0.415231567237776
"7171","23368","PPP1R13B",0.0861362925692983,0.901768030112303
"7172","8510","MMP23B",-0.296676322712882,0.448270089946364
"7173","219771","CCNY",0.10088464621384,0.349705844930183
"7174","9774","BCLAF1",-0.0756210695239812,0.293262336793556
"7175","199990","FAAP20",-0.0951613324652572,-0.012180630724921
"7176","728613","PDCD6P1",0.108234738438116,-0.285324869447944
"7177","201163","FLCN",0.0795543561565495,-1.02622141231072
"7178","81846","SBF2",0.080074170170561,0.0486445288397404
"7179","51272","BET1L",0.0562517879946389,-0.36799404032331
"7180","84553","FAXC",0.258880246999649,-1.30492881651767
"7181","51537","MTFP1",-0.230595669793427,0.65624230491722
"7182","51729","WBP11",-0.0704413483338469,0.572109583428
"7183","53371","NUP54",-0.0525593285711681,0.146694310984422
"7184","23527","ACAP2",0.0783334611972037,0.299575936470513
"7185","8703","B4GALT3",-0.159422324250017,-0.110039087874134
"7186","113179","ADAT3",0.0812295150461768,-0.557302791614825
"7187","92345","NAF1",-0.0493820621337822,-0.115089285352152
"7188","282679","AQP11",0.273279615213772,-1.74688464635441
"7189","131578","LRRC15",-0.0474545439585958,0.439069107000351
"7190","50865","HEBP1",-0.0652870907473559,-0.367183064219718
"7191","997","CDC34",-0.132459758223295,-0.0384289751970668
"7192","100289495","LOC100289495",0.333891250872533,-0.943101505714037
"7193","51119","SBDS",0.0286432840666473,0.337236281716244
"7194","6152","RPL24",0.0534228584609675,0.011544335173018
"7195","9373","PLAA",0.0718870151531519,0.213693756346931
"7196","441108","IRF1-AS1",-0.119654290637321,-0.546442228238668
"7197","57504","MTA3",0.0791633742571083,0.154075610808305
"7198","64854","USP46",0.0058814721031224,-0.219452577961626
"7199","58533","SNX6",0.0901017142774307,0.629386377799161
"7200","27445","PCLO",0.195132353841955,-0.989141208032836
"7201","79803","HPS6",-0.11551492451832,-0.046185328691406
"7202","9590","AKAP12",0.134879254564445,-1.21008618657544
"7203","120227","CYP2R1",-0.077665493054329,0.364622564796023
"7204","3670","ISL1",0.044138973978086,-0.311630544913188
"7205","387893","KMT5A",-0.0118442936908938,-0.050791588876069
"7206","9394","HS6ST1",-0.120639980475659,-1.15229897983906
"7207","59277","NTN4",-0.0494326841683232,-0.33485388984995
"7208","56548","CHST7",-0.166394854109535,-0.200671792141037
"7209","8886","DDX18",-0.0049591844270136,0.225077595283438
"7210","51373","MRPS17",0.0161975420295821,0.457447232230911
"7211","84498","FAM120B",0.135295521160886,-0.15968791895075
"7212","54891","INO80D",0.137526499371819,0.0100270229065869
"7213","51400","PPME1",-0.100297988975617,-0.514177616887732
"7214","4139","MARK1",0.0994233047750077,0.229611890878608
"7215","25759","SHC2",-0.15590992051383,0.685069080600578
"7216","80318","GKAP1",0.0258349985159469,0.647383928985096
"7217","6814","STXBP3",-0.010884376264233,-0.253506282313714
"7218","489","ATP2A3",-0.112184359376474,0.331403037612896
"7219","100874207","ST3GAL6-AS1",-0.10148928133388,-0.805166219093033
"7220","126433","FBXO27",-0.055909500480662,0.800494177787232
"7221","7013","TERF1",0.0560466157703718,0.689890183953528
"7222","23351","KHNYN",-0.0664957649573985,-0.055201050201223
"7223","115557","ARHGEF25",-0.267985519086526,1.45918058429019
"7224","375513","GUSBP4",-0.170937294328997,-0.0195790706537353
"7225","23358","USP24",0.0414491072000569,0.269366496412515
"7226","101928120","LOC101928120",-0.0986885748843427,-0.481066565171065
"7227","79934","COQ8B",-0.125028768171799,-0.129480556725409
"7228","10979","FERMT2",0.0816597018853873,0.369266540373308
"7229","7003","TEAD1",0.0939776099790803,0.0512608366927845
"7230","275","AMT",-0.146206092431009,0.353339626605826
"7231","51529","ANAPC11",-0.166308655441383,0.206573350474653
"7232","79443","FYCO1",0.0336293584236289,-0.0430115895682572
"7233","285671","RNF180",0.123620314335758,1.3629639250028
"7234","56121","PCDHB15",-0.168410497006325,0.135874327100151
"7235","650","BMP2",-0.0372491562429884,-0.2884617682382
"7236","10276","NET1",-0.216495784153589,0.0238038131348222
"7237","100506211","MIR210HG",-0.264250633400121,2.02817997541437
"7238","145438","FRMD6-AS1",-0.140302059945153,-1.42352594195524
"7239","101927990","TRDN-AS1",0.417357862322824,3.51290290998906
"7240","2256","FGF11",-0.105536045536184,1.37204757211372
"7241","64747","MFSD1",-0.158041667119861,0.425648663262566
"7242","11186","RASSF1",0.024144398167544,0.133584344587011
"7243","822","CAPG",-0.266578500075672,-0.110556468953734
"7244","5165","PDK3",-0.050395365104877,0.638752819153629
"7245","26190","FBXW2",-0.0587268055094539,-0.172054042866943
"7246","729678","LINC00847",0.19904484441008,0.190515740410144
"7247","27339","PRPF19",-0.0543075947367617,-0.00750450323471163
"7248","5471","PPAT",0.10548727825137,0.828891871776989
"7249","51060","TXNDC12",-0.058619323223728,0.420402675693581
"7250","23431","AP4E1",0.0691765989797997,-0.188507239954934
"7251","80737","VWA7",-0.212960375673772,-0.0398154704102329
"7252","7818","DAP3",-0.045212862321419,0.734177811705767
"7253","79844","ZDHHC11",0.19457127686844,0.248016769306091
"7254","100131801","PET100",-0.0931239570346589,-0.319329357747344
"7255","23475","QPRT",-0.163359482482957,0.230051880870769
"7256","196513","DCP1B",0.0952837804321804,-1.62488008901167
"7257","7084","TK2",0.128431203215592,0.202788425316335
"7258","5664","PSEN2",-0.0462993966726728,-0.393489169510618
"7259","7587","ZNF37A",-0.0711086375196643,-1.69783210953064
"7260","55635","DEPDC1",0.241806102021073,3.61796365015498
"7261","80020","FOXRED2",-0.0948380937090958,1.18134689762753
"7262","11279","KLF8",0.0882437453058365,1.12088147548612
"7263","23492","CBX7",0.17483066551874,0.172199439690868
"7264","5333","PLCD1",-0.124874048919677,-3.36796639678435
"7265","8988","HSPB3",0.0629781798417595,0.0821340971630953
"7266","2027","ENO3",-0.124279140072039,0.40146658151412
"7267","55004","LAMTOR1",-0.0764234316673695,-0.0818105778779543
"7268","9645","MICAL2",0.116288243021984,-0.0473969240153611
"7269","6621","SNAPC4",0.0463867846840706,-0.10361616422253
"7270","10761","PLAC1",-0.307803372037442,-0.0174097705192159
"7271","836","CASP3",-0.150551364597314,-1.2122525876395
"7272","47","ACLY",-0.0304189746793844,-1.21223692089473
"7273","811","CALR",-0.0919308793777134,0.22244252732337
"7274","57670","KIAA1549",0.0921540923250577,-0.0788577010464611
"7275","10801","SEPTIN9",-0.0294153614396659,0.399785670778552
"7276","4148","MATN3",-0.306264322444694,-0.859295425909231
"7277","3704","ITPA",-0.109095308269737,-0.4826627506221
"7278","51747","LUC7L3",0.0798750433469779,0.423104120520555
"7279","102724441",NA,0.209011209688279,0.659564716342154
"7280","3614","IMPDH1",-0.120632968178031,0.474998849028938
"7281","440311","LOC440311",-0.139647688500088,0.0106622860857448
"7282","57338","JPH3",-0.141328159402006,0.344464847410493
"7283","987","LRBA",0.00414299041715172,1.37276912101177
"7284","891","CCNB1",0.118750250225344,2.22482459194014
"7285","101060226","NBPF19",0.127152426057578,0.284487539018429
"7286","4648","MYO7B",0.254019942519381,0.547504152356579
"7287","6241","RRM2",0.0847302796796194,1.82567217342033
"7288","10758","TRAF3IP2",0.208196213468153,-0.637720133440546
"7289","23277","CLUH",-0.00993580526224136,0.351005847954363
"7290","23387","SIK3",0.137359226521935,-0.696934445364596
"7291","5858","PZP",-0.260966470581565,-0.686118481250814
"7292","60370","AVPI1",-0.176210369214047,-1.27986592014923
"7293","9917","FAM20B",-0.0324532719987269,0.17153534664564
"7294","84033","OBSCN",-0.0472034630445926,1.72348018979758
"7295","4093","SMAD9",0.207259531509187,-0.258158640305232
"7296","1000","CDH2",0.0137151865930587,0.894182105005084
"7297","4901","NRL",-0.256181788476433,0.20211804038699
"7298","1632","ECI1",-0.188284642150513,0.764038455577535
"7299","80315","CPEB4",0.109356968566906,0.132899647819105
"7300","280636","SELENOH",-0.148228310818049,-0.027646003044592
"7301","6647","SOD1",-0.0396294277867995,-0.324467596644627
"7302","10463","SLC30A9",0.0748159975643103,0.129182882976166
"7303","5934","RBL2",-0.0620742992424947,-0.774107546270252
"7304","552900","BOLA2",-0.0228358167730316,0.0549058614820241
"7305","84443","FRMPD3",0.317411570487882,-1.65846602799242
"7306","112770","GLMP",-0.157837320312644,0.180451587239583
"7307","5479","PPIB",-0.147709469816285,0.239850190475337
"7308","477","ATP1A2",-0.0428998918338817,0.879561687989667
"7309","94120","SYTL3",-0.0190098771785276,0.0743359623441195
"7310","9967","THRAP3",0.0942569046334301,0.174080846312568
"7311","6666","SOX12",0.101585820993943,0.467051258562659
"7312","55796","MBNL3",0.125175145342918,-0.941697829776233
"7313","93058","COQ10A",-0.072816322653658,0.104235866120438
"7314","84335","AKT1S1",-0.0227939491447362,0.115321906632043
"7315","6547","SLC8A3",-0.472327122553479,-5.7122916566992
"7316","25960","ADGRA2",-0.258188470970694,-0.590281539866216
"7317","158866","ZDHHC15",-0.129929735392658,1.70820111721531
"7318","11076","TPPP",0.128216743529867,1.44061631099702
"7319","5903","RANBP2",0.110591999594472,0.0065927898341922
"7320","84619","ZGPAT",0.0349335189589075,-0.314799079616287
"7321","401024","FSIP2",0.155782062574654,1.76337675519875
"7322","102","ADAM10",-0.0485860451359983,-0.0296369161904373
"7323","8572","PDLIM4",0.0861573427230433,-1.12057489088195
"7324","130557","ZNF513",-0.0971829032816656,-0.209224279301321
"7325","10318","TNIP1",-0.13592150607947,-0.724069807768566
"7326","80025","PANK2",-0.121799067208761,-1.00592583687497
"7327","51430","SUCO",-0.090752602703235,-0.586481172334876
"7328","162632","USP32P1",0.16349726555238,-0.262758475034889
"7329","1959","EGR2",-0.873464226364525,-4.91813257646239
"7330","4703","NEB",0.0727336697559307,0.222897775857425
"7331","64960","MRPS15",-0.00537696150626932,0.118567784053342
"7332","6873","TAF2",0.0581404913339094,0.0971490950783895
"7333","81894","SLC25A28",0.00193888422262933,0.177893331878737
"7334","5433","POLR2D",-0.093952532782426,-1.0285067857119
"7335","100463488","MTRNR2L10",0.198186411624714,-0.252856398684714
"7336","51147","ING4",-0.176359497949006,-0.232581105883302
"7337","1909","EDNRA",0.139038942502024,1.15917685277733
"7338","64376","IKZF5",-0.082906387461394,-0.205148536172253
"7339","401106","ATP13A3-DT",-0.398251269079468,-3.08017406732099
"7340","652","BMP4",-0.27148825253113,-1.17090324424854
"7341","5906","RAP1A",0.026331258926791,-0.0243008508608282
"7342","22845","DOLK",0.00629465171135202,-0.527729455049331
"7343","3139","HLA-L",-0.393973439041193,-0.0854196401663341
"7344","8490","RGS5",0.11249094192979,-1.30659003709375
"7345","51316","PLAC8",-0.338415595276837,-0.526575713871306
"7346","1740","DLG2",0.116939450763455,0.0128156139307269
"7347","387787","LIPT2",0.0341348848645411,0.130943602559438
"7348","9728","SECISBP2L",0.0684634023399022,-0.231174599055722
"7349","102606465","DPH5-DT",0.0402495967538292,0.661803150642072
"7350","5993","RFX5",-0.0118875744114648,0.13219313018756
"7351","10262","SF3B4",-0.0799216325815602,-0.0182382588396921
"7352","100128927","ZBTB42",0.0202564509653866,1.79785779469259
"7353","56911","MAP3K7CL",0.149442134532614,-0.693072635071561
"7354","166614","DCLK2",0.143641897716737,0.618816875214641
"7355","154007","SNRNP48",0.0881790791070713,1.13415662487923
"7356","5611","DNAJC3",0.00763198384408437,0.381328732470813
"7357","161742","SPRED1",0.126878103501856,-0.249376257862406
"7358","7741","ZSCAN26",0.0718246029913834,0.117763829763091
"7359","5566","PRKACA",-0.0158453938674734,-0.431346785838691
"7360","728377","ARHGEF34P",0.234272165502736,-0.0816072370187616
"7361","27042","UTP25",-0.0424529246199912,-0.395097109140554
"7362","10965","ACOT2",-0.272905000250002,-0.109484343893571
"7363","10076","PTPRU",-0.236470739362272,-1.85943368776879
"7364","137835","TMEM71",0.211292182492413,1.57259093977467
"7365","84224","NBPF3",0.0890694118095441,0.850433176055412
"7366","259282","BOD1L1",0.0170585182820684,-0.429293209804086
"7367","23371","TNS2",0.112273987567324,1.5482443173035
"7368","163933","FAM43B",-0.226252467420287,-1.46978197270562
"7369","54469","ZFAND6",-0.0544339797892661,-0.311835369940617
"7370","57158","JPH2",-0.0256512472689607,1.38587491285481
"7371","8379","MAD1L1",0.0923103898595574,-0.669887305805809
"7372","374291","NDUFS7",-0.168915378570343,0.14675178943213
"7373","79783","SUGCT",-0.0396612806341361,-1.0205748030284
"7374","653479","MRPL45P2",-0.0431340697623916,-0.0439307667441917
"7375","728577","CNTNAP3B",-0.219363401754992,-0.908769173909173
"7376","80154","GOLGA2P10",-0.161031309809846,0.0401504693320058
"7377","137695","TMEM68",-0.161615625612929,-1.24008828689951
"7378","3914","LAMB3",-0.170591709902523,-1.91545643841478
"7379","57646","USP28",0.127883153893584,1.08059073304659
"7380","55163","PNPO",-0.0100056662066157,-1.41138045544903
"7381","80230","RUFY1",0.0447462227662365,0.399123001343439
"7382","146712","B3GNTL1",0.0311132988988709,1.26091402380597
"7383","670","BPHL",-0.0640857580170109,0.409181781303239
"7384","55607","PPP1R9A",0.0725349196657517,1.06198547991441
"7385","79696","ZC2HC1C",0.0903306724745154,0.0425368744478369
"7386","5893","RAD52",0.04451713217352,-0.557582657993686
"7387","112752","IFT43",-0.127977650114421,-0.195838899474961
"7388","169714","QSOX2",-0.0993187379444986,0.922429948674763
"7389","1992","SERPINB1",-0.203544538034069,-1.75015359466568
"7390","91624","NEXN",0.198464272774432,1.39698740884597
"7391","5908","RAP1B",0.0637022503020859,-1.02904377604603
"7392","285958","SNHG15",-0.0606129202736003,-0.715723174148961
"7393","1124","CHN2",0.164052681161646,0.53824842819049
"7394","25825","BACE2",-0.109721362975781,-0.249086114202799
"7395","1192","CLIC1",0.0437233834139654,0.893842748500663
"7396","169834","ZNF883",0.229736521691207,2.11393446253529
"7397","9644","SH3PXD2A",-0.0268735744779054,0.3328378699539
"7398","91612","CHURC1",0.0749134581980355,0.19638875668358
"7399","387103","CENPW",0.177614662670685,0.364994816145714
"7400","79762","C1orf115",-0.258866989344503,0.00556758413191272
"7401","100506394","GAS6-DT",-0.154863155790557,-0.72295468714698
"7402","3373","HYAL1",0.0538475116236126,0.204475122902611
"7403","285033","STARD7-AS1",-0.0797342713785603,0.0599811825295897
"7404","11340","EXOSC8",0.0556170954167405,1.58345162686979
"7405","401265","KLHL31",0.128857589090494,2.26835809149948
"7406","1465","CSRP1",0.0108136430723205,1.10179778304899
"7407","5540","NPY4R",0.0918250654598425,-0.701786922708944
"7408","10435","CDC42EP2",0.06765552465379,-1.77531936227514
"7409","6307","MSMO1",0.0783495378974779,0.481447849425756
"7410","79070","POGLUT2",-0.0490403127652321,-0.0636772305331279
"7411","283232","TMEM80",-0.124009658905068,-0.135691649297316
"7412","441666","LOC441666",-0.0285438837726012,0.792446576425942
"7413","119391","GSTO2",-0.0262143025373532,-1.59609570995851
"7414","10613","ERLIN1",-0.147304892395234,0.800810463306461
"7415","125170","MIEF2",-0.063898510575326,0.118092931355126
"7416","54458","PRR13",-0.0170939652923021,-0.950498765911462
"7417","57168","ASPHD2",-0.150261268029753,-0.77014322605273
"7418","710","SERPING1",-0.296995327527462,0.306269766003537
"7419","9921","RNF10",0.0537980198594372,-0.061658716530836
"7420","130355","C2orf76",0.136114894707452,-0.198278511822985
"7421","7165","TPD52L2",-0.0853751892996293,-0.30443176892873
"7422","124961","ZFP3",0.162747364111614,0.414247858879971
"7423","79816","TLE6",-0.205096821517443,0.47612496063954
"7424","9883","POM121",0.0585534397358414,-0.582239861188174
"7425","728239","MAGED4",-0.177685204220593,0.910619799876249
"7426","7152","TOP1P2",0.197713110653626,-0.269655409947621
"7427","4147","MATN2",-0.125614156203342,-0.0943046184076124
"7428","84302","PGAP4",-0.0345421559446741,1.05911925527575
"7429","28981","IFT81",0.107711355379409,1.84461153571594
"7430","5587","PRKD1",0.0633616782514235,0.133760013758838
"7431","200035","NUDT17",-0.192310511771145,0.436617818554563
"7432","4580","MTX1",-0.119951707044801,-0.124303599238826
"7433","4327","MMP19",-0.256563708674436,-0.334913659238092
"7434","158960","ATP6AP1-DT",-0.0594424971767236,0.328390796905875
"7435","4624","MYH6",-0.0776382331978809,2.06425185191804
"7436","50506","DUOX2",-0.100925021177834,-4.04456961577651
"7437","535","ATP6V0A1",0.0145064512106643,-0.625419548930404
"7438","100996763","NOTCH2NLB",0.189839041580351,0.0621735991823846
"7439","10959","TMED2",-0.0483840855449422,0.0193746411887483
"7440","3588","IL10RB",-0.0945318318080544,-0.26365665227345
"7441","51386","EIF3L",-0.0606693553054427,-0.0130205024902237
"7442","100101490","MCTS2",0.137193580976895,0.504478562544837
"7443","5783","PTPN13",0.148758692662138,0.270871629287716
"7444","5270","SERPINE2",-0.299792799370073,-1.64703389090168
"7445","152687","ZNF595",0.162817488108558,0.988152325796573
"7446","64135","IFIH1",-0.142740709740923,-1.62802878832016
"7447","11138","TBC1D8",-0.0987363718118264,-0.289120831593096
"7448","80124","VCPIP1",-2.21493125023287e-05,-0.17601508540444
"7449","23177","CEP68",-0.17961987606192,-0.539821965094127
"7450","94027","CGB7",-0.155390991088948,-2.16651211699761
"7451","64431","ACTR6",-0.125172053609605,0.243488708537741
"7452","9818","NUP58",-0.0193669517391539,0.0521829878678837
"7453","55718","POLR3E",0.0835485684949351,-0.147661063639542
"7454","606495","CYB5RL",0.157658689393905,0.828442424169705
"7455","1290","COL5A2",-0.121052351899271,0.527941116644618
"7456","101928174","GJD2-DT",-0.0233070414615301,-0.0564370966596072
"7457","79886","CAAP1",0.0909869729076238,-0.0286465883265734
"7458","138199","CARNMT1",0.0843513201618711,-0.0646069255818826
"7459","4735","SEPTIN2",-0.0352249023743738,-0.120880621124
"7460","7292","TNFSF4",0.17559231574116,-0.173441723474402
"7461","292","SLC25A5",-0.18226177713022,0.0323084280991459
"7462","374659","HDDC3",0.130335517629299,1.17832574701728
"7463","4810","NHS",0.246756364476632,-1.79392705107037
"7464","9256","TSPOAP1",-0.17789052424454,1.80317345894325
"7465","79415","CYBC1",-0.0936394174378048,-0.583036523967257
"7466","163175","LGI4",-0.222293948315434,0.471421419070852
"7467","317671","RFESD",0.319740702233382,-0.901254476022874
"7468","4134","MAP4",-0.0696910965927913,-0.0111065627375755
"7469","728758","PIN4P1",0.171362590964401,-0.139493199922573
"7470","140730","RIMS4",0.118310738086799,1.18141328577654
"7471","81611","ANP32E",-0.115870340886903,0.703989087155087
"7472","51013","EXOSC1",-0.101676055636981,-0.375812100000648
"7473","54993","ZSCAN2",0.0878987379326905,-0.152080963204847
"7474","148206","ZNF714",0.11310668346039,0.884290092353974
"7475","9861","PSMD6",-0.0627831780657937,-0.179456492266663
"7476","6628","SNRPB",-0.123658989763557,0.0785789537661277
"7477","664","BNIP3",-0.126808045135631,0.523662469029377
"7478","23625","FAM89B",-0.106216562014747,-0.381476741355641
"7479","5498","PPOX",-0.153281435651872,0.964739225418074
"7480","7410","VAV2",0.121384057345291,-0.330581645092805
"7481","129607","CMPK2",0.242784451619855,-1.9631188385866
"7482","60436","TGIF2",-0.12720550373972,0.667452708336968
"7483","154214","RNF217",0.10777789511884,0.0495082327749117
"7484","4673","NAP1L1",-0.044949335366665,-0.528701019195024
"7485","9836","LCMT2",-0.00880200573809686,-0.116349306310723
"7486","64743","WDR13",-0.0967177563652966,0.166533914383805
"7487","101929705","SCIRT",-0.181928488280514,-0.192844457131343
"7488","84707","BEX2",-0.124637745851174,-0.583309622628535
"7489","9755","TBKBP1",0.0831139268665773,-0.0661728947274227
"7490","3628","INPP1",-0.105464918182536,-2.2501282331637
"7491","643783","USP46-DT",-0.153904614225055,-0.870986329964667
"7492","367","AR",0.32507040332328,-1.22977200429143
"7493","23157","SEPTIN6",-0.0224814551541606,0.300228025322983
"7494","27314","RAB30",0.115038158636947,0.387509835086913
"7495","56063","TMEM234",-0.0803982782107409,-0.0525012222819021
"7496","11222","MRPL3",0.0942814142949278,0.937430083062945
"7497","374393","FAM111B",0.0485031894588279,3.15070339445272
"7498","100507290","ZNF865",0.0293858329020775,0.24618853628646
"7499","84894","LINGO1",-0.223057374731126,-2.12794575692027
"7500","54961","SSH3",-0.140041245632868,0.639585386147092
"7501","51399","TRAPPC4",-0.0984115410691446,0.0432765688956485
"7502","81794","ADAMTS10",-0.139735120968024,1.558221104107
"7503","197257","LDHD",-0.1429832137161,0.528685429627545
"7504","60491","NIF3L1",0.0964691078236153,1.18598466412722
"7505","129790",NA,0.0886140637317299,-0.416420115318194
"7506","10026","PIGK",0.00337435644556194,0.694776999294784
"7507","163732","CITED4",-0.0618231414620629,-0.477230747028026
"7508","84809","CROCCP2",-0.0254654030785058,-0.00954162000878878
"7509","84304","NUDT22",-0.047503072266359,-0.0173437950129989
"7510","9927","MFN2",-0.03188207257881,0.451868501304487
"7511","8751","ADAM15",-0.0850667867653092,-0.553689839902533
"7512","153743","PPP1R2B",0.0373765867628126,0.0372005080761899
"7513","4061","LY6E",-0.156303601245571,0.106647860957184
"7514","64787","EPS8L2",-0.192475987333408,-1.70213114583314
"7515","63875","MRPL17",-0.0506450331612021,0.860376332461169
"7516","157","GRK3",0.100520973228245,-0.192122522577432
"7517","10236","HNRNPR",0.0797630577744375,0.43317919265039
"7518","79144","PPDPF",-0.0389753089021871,-0.337370713803537
"7519","5689","PSMB1",-0.113496157508811,0.364319479155651
"7520","392255","GDF6",0.0813582937915531,-0.60264399234888
"7521","441733","PRKXP1",-0.00679126325892387,-1.10106103685299
"7522","60684","TRAPPC11",-0.0141930506169281,0.505607364718649
"7523","28232","SLCO3A1",0.0683498269020761,1.06152784266486
"7524","8819","SAP30",-0.163747482926265,0.398218559658948
"7525","58526","MID1IP1",0.0814159382134072,0.174179567723348
"7526","8661","EIF3A",0.0551523390819195,0.172613981404094
"7527","64218","SEMA4A",0.271827363141574,-1.65099960550316
"7528","26136","TES",0.0453069595761049,-0.271841672292076
"7529","123722","FSD2",0.00136736245034985,3.19085249139805
"7530","94103","ORMDL3",-0.241154281239892,-0.0696211844594821
"7531","9553","MRPL33",-0.0867558599781617,-0.835728112759599
"7532","9500","MAGED1",-0.0937036219433871,-0.0335350800204548
"7533","137886","UBXN2B",0.072016998964969,0.399514007730033
"7534","6929","TCF3",-0.0129340489319221,0.300798081078403
"7535","28989","NTMT1",-0.0883650154732045,-0.0748560222234502
"7536","6240","RRM1",-0.049121461139138,0.16818615413759
"7537","26147","PHF19",0.126163271809796,1.90221635973995
"7538","56133","PCDHB2",-0.105807455676259,0.487515322178022
"7539","2247","FGF2",-0.0419500165911981,-0.660184071308216
"7540","1428","CRYM",-0.436924390714986,0.427672082962733
"7541","84851","TRIM52",0.125262605111988,-0.325373819451104
"7542","80381","CD276",-0.0754171786066964,-0.561133762452961
"7543","9039","UBA3",-0.0299265776762709,-0.244835812245722
"7544","6917","TCEA1",-0.013394349222124,0.512407862453
"7545","10293","TRAIP",0.0696794394990961,2.01390413007401
"7546","128869","PIGU",0.0568285544324976,1.40908502979286
"7547","65110","UPF3A",-0.0864772732432346,-0.612590050380944
"7548","4620","MYH2",-0.160634244861072,1.33009639452748
"7549","51463","GPR89B",0.0371416607729529,0.436337877928122
"7550","729857","RGPD2",0.211126147573525,-0.156751351797753
"7551","3895","KTN1",0.00116235553377919,0.236932649024231
"7552","123","PLIN2",0.0152922238080118,-1.50984244710358
"7553","3977","LIFR",-0.0266507148580528,0.0951788746107081
"7554","256949","KANK3",-0.161618963028505,-3.81551924628782
"7555","84105","PCBD2",-0.049661157062836,0.118063050942402
"7556","100132074","FOXO6",0.273839239867292,-0.487194083796244
"7557","51363","CHST15",0.245275684080868,-1.2694197053046
"7558","55151","TMEM38B",-0.0121911248968987,0.279167602820921
"7559","29775","CARD10",-0.109657756657769,-1.55378834679616
"7560","53615","MBD3",-0.0870005616707674,0.00520001091593159
"7561","100507373","ADGRL1-AS1",-0.118058787489035,-0.271015866065076
"7562","11230","PRAF2",-0.101774431257966,-0.0682199956820417
"7563","55466","DNAJA4",0.0178934270909856,-1.14796997386812
"7564","10735","STAG2",0.0314612413508879,-0.0733007707775117
"7565","375346","STIMATE",0.157558339367225,1.32607678649893
"7566","8682","PEA15",0.0453917933177976,-0.0185339010278387
"7567","55664","CDC37L1",-0.0860188002766105,-0.38705050920705
"7568","10957","PNRC1",-0.0409712986040613,-0.25402965854639
"7569","25961","NUDT13",0.243257088161108,0.157521120560875
"7570","79041","TMEM38A",-0.0888365971904808,0.327883379759873
"7571","57045","TWSG1",-0.16424654773551,0.254306684460075
"7572","54845","ESRP1",0.224302657812641,-0.314009389566791
"7573","832","CAPZB",0.0109858933906963,0.232848794123025
"7574","214","ALCAM",0.0165557126752098,0.65426790111211
"7575","56829","ZC3HAV1",0.0240252759385795,-1.43828878538691
"7576","8683","SRSF9",0.0379084259619376,0.281822348502319
"7577","56131","PCDHB4",0.260066273275361,0.379654474989199
"7578","92342","METTL18",0.058875543343087,0.0541789672212358
"7579","115209","OMA1",-0.0101300093943859,0.804309553662583
"7580","139189","DGKK",0.442162788101269,2.1854244459772
"7581","2686","GGT7",-0.0401390939244335,0.367685770370677
"7582","220213","OTUD1",-0.577209296195798,-0.290270773025608
"7583","11070","TMEM115",-0.0872215064923241,-0.0959607959612718
"7584","6155","RPL27",0.117586395102661,-0.0490723855516144
"7585","79868","ALG13",0.0117666117962951,-0.00746159930893686
"7586","729614","SPEN-AS1",-0.0234472703630324,-1.97695828289379
"7587","9782","MATR3",-0.116984438655836,0.337402609992862
"7588","57597","BAHCC1",-0.0498147759347427,0.597809593680661
"7589","5091","PC",-0.0751669217434596,-0.0395910957293513
"7590","5954","RCN1",-0.0693838305811409,0.0272019213668129
"7591","6405","SEMA3F",-0.0870289430004081,-1.89915703164966
"7592","51645","PPIL1",0.0642621397098804,0.408514530738108
"7593","25937","WWTR1",0.127107750666326,-0.00923890984814957
"7594","7188","TRAF5",0.0928587430309866,0.0198445852058784
"7595","10963","STIP1",0.000531209923358311,0.0408343356804597
"7596","388228","SBK1",-0.139316744039131,-0.19904432339013
"7597","8458","TTF2",-0.060517711562365,-0.166196356742088
"7598","8975","USP13",0.116863313680364,0.8689879008242
"7599","23225","NUP210",-0.0456304519091013,0.510458889202782
"7600","8677","STX10",-0.0746774056222135,0.056457485705975
"7601","26297","SERGEF",-0.10267757320455,-0.0342472604182844
"7602","105369154","PKD1P6-NPIPP1",-0.176681153880878,0.0928527576014324
"7603","9063","PIAS2",0.10627105570198,-0.0215810825168425
"7604","51115","RMDN1",-0.0511930217310281,-0.0434048803235543
"7605","253714","MMS22L",0.0221767193895626,0.373610645637406
"7606","8614","STC2",-0.261126047596849,-0.863719172498079
"7607","26353","HSPB8",-0.116532686308013,-0.725067249155513
"7608","3386","ICAM4",-0.260085251720683,-2.79720548541083
"7609","9731","CEP104",-0.0293661497582107,-0.093512813944959
"7610","1537","CYC1",-0.161106166055516,0.606121521547801
"7611","22948","CCT5",-0.0454862014353621,-0.00588208028493842
"7612","84187","TMEM164",-0.0966100206695124,-0.252190150105091
"7613","8787","RGS9",0.00762395931817789,0.576579236829277
"7614","55661","DDX27",-0.0374072173023139,-0.127836706124332
"7615","25854","FAM149A",-0.293026102306673,-1.83571949107596
"7616","51504","TRMT112",-0.155081009288399,-0.054898702797848
"7617","65065","NBEAL1",0.0800232488003667,-0.160991716339051
"7618","79066","METTL16",0.067882419473829,0.131088338390776
"7619","11240","PADI2",-0.295229189293131,-1.06042172738064
"7620","51324","SPG21",-0.0550665922832563,-0.105384503202183
"7621","219402","MTIF3",0.107399815337445,0.00524690017883511
"7622","4152","MBD1",-0.0509617067710852,-0.140548219278636
"7623","5189","PEX1",-0.0223607277172277,0.150372865594777
"7624","10635","RAD51AP1",0.0700355607920375,2.25271719673195
"7625","55016","MARCHF1",0.0498365521392099,-0.0104616788342344
"7626","4311","MME",-0.0510118352273725,-0.148303624846355
"7627","9673","SLC25A44",-0.0247528791474716,-0.340580145610346
"7628","9088","PKMYT1",-0.207192629210275,1.26295109748281
"7629","5192","PEX10",-0.120627951748396,0.0376413441352903
"7630","158880","USP51",0.253419596550936,0.345923868657573
"7631","7079","TIMP4",-0.432730922322614,-1.18886978181136
"7632","117177","RAB3IP",0.123141874086575,0.369004047038263
"7633","54749","EPDR1",-0.122932878387007,-0.050243445342347
"7634","6392","SDHD",-0.0381847414405661,0.520749921543231
"7635","10153","CEBPZ",-0.0643561004737725,0.0837825880252954
"7636","55173","MRPS10",0.0809407572547851,0.0714782540188672
"7637","9961","MVP",-0.0706874814334855,-0.218650068166312
"7638","80328","ULBP2",-0.160341935030486,-1.61716009789468
"7639","116496","NIBAN1",0.0759745824578353,0.835416524028113
"7640","79098","C1orf116",-0.083395455523632,-1.66237398463541
"7641","51194","IPO11",0.096427012116953,0.123830653002597
"7642","54093","SETD4",-0.0277423983959943,0.173742761331024
"7643","57602","USP36",-0.0393773598546536,-0.252905183898004
"7644","55695","NSUN5",0.00484678406515471,-0.0864016836848167
"7645","51118","UTP11",0.0614669349563632,0.128550149179227
"7646","64855","NIBAN2",-0.0735862928882138,-0.0350598834572899
"7647","23729","SHPK",0.0930139686671105,-1.61368703233602
"7648","80169","CTC1",-0.167460315873012,0.141278719395188
"7649","155","ADRB3",-0.218005304091588,-0.890035297614173
"7650","286016","TPI1P2",-0.169817900032137,-0.083958704374024
"7651","7341","SUMO1",-0.00534830634872296,-0.000643175088930192
"7652","5723","PSPH",-0.124302152021758,0.0505363784823194
"7653","201292","TRIM65",0.0676273791311939,0.519150470820821
"7654","85013","TMEM128",-0.0937841106089099,0.0300824221645324
"7655","10437","IFI30",-0.256156608882622,-1.74633354074526
"7656","387680","WASHC2A",-0.0385969862622755,-0.308057487853161
"7657","84640","USP38",0.0623686582540275,-0.341162368414814
"7658","3005","H1-0",-0.225207466383639,-1.24115905700879
"7659","115019","SLC26A9",0.0269286476085733,0.0166861585044176
"7660","6749","SSRP1",-0.0747123644732861,0.899869321264446
"7661","1975","EIF4B",-0.0203524896413407,0.19894803619169
"7662","7514","XPO1",0.000835886873317371,0.0987453335642172
"7663","56675","NRIP3",-0.135892797852299,-2.35130486521258
"7664","64839","FBXL17",0.0491964157727462,0.583661557688004
"7665","4878","NPPA",-0.116071915060845,0.401749120314665
"7666","6196","RPS6KA2",-0.0376541506338537,-0.0809383693663905
"7667","88","ACTN2",-0.0268223981489744,1.02051374443666
"7668","221692","PHACTR1",0.23366331108724,1.28712722699477
"7669","221424","LRRC73",-0.0436919102487341,-1.08157673715584
"7670","387521","PEDS1",0.0362568468257463,0.905840517761951
"7671","64924","SLC30A5",-0.0864205458702623,0.759139329023278
"7672","2678","GGT1",-0.166289443688691,-0.145184737818861
"7673","55540","IL17RB",0.231498237914982,-1.45105420615999
"7674","83932","SPRTN",0.0119180173783038,-0.765596767510201
"7675","8440","NCK2",-0.0588480083971215,0.194904164417275
"7676","54583","EGLN1",-0.112804569380344,-0.0913416272471119
"7677","8761","PABPC4",-0.0464901898701839,0.314519689252863
"7678","118881","COMTD1",-0.151423356414794,0.139644080578861
"7679","6829","SUPT5H",-0.0371156482706425,-0.208657458321099
"7680","8569","MKNK1",0.078152079513754,-0.0932868210479034
"7681","22955","SCMH1",0.0532936799790562,0.836812546635892
"7682","471","ATIC",-0.0228914955340356,0.525241666842732
"7683","6678","SPARC",-0.194172755287978,-0.0292107936650705
"7684","25959","KANK2",-0.127649151850131,-0.113250133434768
"7685","84908","FAM136A",0.112549070141684,0.609647809273572
"7686","170958","ZNF525",-0.115235950030432,-0.313284324315859
"7687","283927","NUDT7",-0.0480066920675482,0.0796779560989771
"7688","7431","VIM",-0.13144726318067,-0.937147553913615
"7689","388566","ZNF470",0.0917340061448431,-0.432648530974651
"7690","11270","NRM",-0.13379348112126,1.60652718354082
"7691","84246","MED10",0.0011612643038994,-0.261013914274271
"7692","2305","FOXM1",0.171113208156207,1.62688126627313
"7693","7586","ZKSCAN1",0.0119124606187695,-0.329709768329053
"7694","25966","C2CD2",-0.118368207811437,0.479463108017768
"7695","25950","RWDD3",0.160871415159385,0.785867360503444
"7696","6048","RNF5",-0.0417163139544634,0.303731344972701
"7697","23549","DNPEP",-0.121197455931437,0.381507834967527
"7698","4485","MST1",-0.194426285110849,-0.124050411058074
"7699","7048","TGFBR2",0.0785185719575496,-0.042036018805538
"7700","85364","ZCCHC3",-0.00223257291303547,-0.638445815211574
"7701","80298","MTERF2",0.102784145517176,0.263374009048962
"7702","55101","DMAC2",-0.108823151313277,0.166073234190124
"7703","8844","KSR1",0.200571446648585,-1.49570663805915
"7704","51161","C3orf18",0.00327273585263299,0.939574751964093
"7705","3880","KRT19",-0.275040355295586,-1.63424511213125
"7706","1821","DRP2",0.230042901170783,1.87307348189022
"7707","79829","NAA40",0.0976612060478592,1.10356169006724
"7708","57180","ACTR3B",0.0422195408021255,-0.0813110283039036
"7709","56954","NIT2",-0.0659554364155639,0.197144620437551
"7710","102724316","SVIL-AS1",0.221120013742373,0.304128433956765
"7711","134353","LSM11",-0.136262293987701,0.547162603571992
"7712","57019","CIAPIN1",0.0283075794157739,0.278676713372392
"7713","145482","PTGR2",-0.00530235924592848,0.166767628992279
"7714","101928036","HRAT17",0.336975989897869,0.833591155276126
"7715","64718","UNKL",-0.143973666883475,-0.126187227077915
"7716","79649","MAP7D3",0.138138996518777,0.121589407283768
"7717","5917","RARS1",-0.085573920586195,-0.20678548325293
"7718","56474","CTPS2",-0.00190725872648656,1.12271055999231
"7719","23423","TMED3",-0.145491258309954,0.092519450882695
"7720","27146","FAM184B",0.114281605883481,-0.307488197476192
"7721","92241","RCSD1",0.162984964966423,1.40502480837838
"7722","22926","ATF6",0.00120505969735252,0.30411875088229
"7723","90861","JPT2",0.0475490363143471,-0.0309494609529244
"7724","10669","CGREF1",-0.151750236951814,0.164531764739737
"7725","8836","GGH",-0.0603903795017713,0.416008292304074
"7726","5625","PRODH",-0.330195884406455,-2.23426854748218
"7727","7336","UBE2V2",0.0554788670952551,0.00600799929203877
"7728","202051","SPATA24",-0.105686156689176,0.433457968579338
"7729","1649","DDIT3",0.312805550722896,-0.352388412021951
"7730","114908","TMEM123",-0.119548339062754,0.646484132542136
"7731","81545","FBXO38",-0.0155145518362572,-0.049319217919864
"7732","25938","HEATR5A",0.0380583292561623,0.00414125209419236
"7733","1368","CPM",0.0809438426827448,-1.45949210412813
"7734","4501","MT1X",-0.00743791765312229,0.930610893524475
"7735","858","CAV2",0.102623809788101,-0.130798139837384
"7736","221092","HNRNPUL2",-0.000862387432160716,0.00433545504617161
"7737","372","ARCN1",0.133086497350233,-0.0585458405589758
"7738","26815","SNORD36A",-0.192614135967363,-0.0372652444104463
"7739","55342","STRBP",0.000990532183616999,-0.110503758469565
"7740","2072","ERCC4",0.0395380708919255,-0.108383999546297
"7741","11124","FAF1",-0.0394736972377601,0.068123174546284
"7742","113675","SDSL",-0.161373695341183,-0.687573577594482
"7743","5184","PEPD",-0.0839538707480516,-0.0952042459546734
"7744","80727","TTYH3",-0.120391005269317,-0.441331224116587
"7745","3422","IDI1",0.0740689987001755,0.00737684351593071
"7746","6617","SNAPC1",-0.0522592478685406,-0.20368013117583
"7747","143686","SESN3",0.0489817524774336,-0.478386398696853
"7748","9817","KEAP1",-0.0832010097033713,-0.0383338854854571
"7749","50854","SNHG32",-0.0857366822241001,0.023784215312169
"7750","11107","PRDM5",0.1359545996109,-0.401167783510295
"7751","10714","POLD3",0.0879993371014525,1.60759215964432
"7752","147339","C18orf25",0.0581050601018696,-0.471470313208566
"7753","388695","LYSMD1",0.0913891297217662,0.136898539293056
"7754","10461","MERTK",-0.045332673310374,-1.53040283139264
"7755","55219","MACO1",0.0828454006620349,0.0376094213173515
"7756","55093","NTAQ1",-0.0263145939141061,0.430418490291431
"7757","56261","GPCPD1",-0.031387955020052,-0.959533536451217
"7758","79864","JHY",0.24396075546234,-0.665007102665365
"7759","111","ADCY5",-0.11649122014213,0.99202689953233
"7760","23127","COLGALT2",-0.0866238642817168,0.296275623695576
"7761","9221","NOLC1",-0.066903662693699,0.0648878337300616
"7762","1716","DGUOK",0.0243260674643375,-0.0663695406023539
"7763","55901","THSD1",0.03911058170647,0.170169260096384
"7764","2731","GLDC",-0.259917001608435,-1.82478361926921
"7765","1416","CRYBB2P1",0.0624773911249172,0.571775226422634
"7766","84231","TRAF7",-0.077524634141132,0.0797578453331687
"7767","5802","PTPRS",-0.0449732416099398,0.812195345554482
"7768","6210","RPS15A",0.0866966689341462,0.145160755542052
"7769","6619","SNAPC3",0.0200853061798583,0.108850924077501
"7770","85437","ZCRB1",0.110949724475859,0.853330853715878
"7771","55206","SBNO1",0.0307063709012336,-0.786623070256125
"7772","163","AP2B1",-0.000948157800456428,-0.0344758263663056
"7773","7342","UBP1",-0.0351456069563705,-0.425645661450213
"7774","285989","ZNF789",0.0978594702408628,0.449792136545882
"7775","401115","C4orf48",-0.184700300860244,0.0337250787800132
"7776","80331","DNAJC5",0.0655305712421654,-0.639982739095358
"7777","55293","UEVLD",0.0168825970244368,-0.124211988007832
"7778","83856","FSD1L",0.138311358000295,0.217525866626178
"7779","10527","IPO7",0.100763302026206,-0.356592607249834
"7780","9118","INA",-0.194477013622634,-1.74802795214538
"7781","7092","TLL1",0.267965154616836,0.492065194225763
"7782","283922","PDPR2P",-0.0111581201225457,-0.055504274049218
"7783","3066","HDAC2",-0.0573621235604591,-0.188759609441007
"7784","25840","METTL7A",-0.111321499955071,-0.593429465326497
"7785","56130","PCDHB6",0.118807721495653,0.504080589985521
"7786","10434","LYPLA1",0.0746090966664266,0.513935486499507
"7787","3383","ICAM1",-0.354805630592936,-2.59246295385753
"7788","23270","TSPYL4",0.0918930762116021,-0.236561697462607
"7789","23085","ERC1",0.0867102628767231,0.657070438216794
"7790","5506","PPP1R3A",0.298882859161329,2.19493081382755
"7791","64754","SMYD3",-0.112596832310055,0.343654247201113
"7792","9200","HACD1",-0.0566518074418205,0.623580065603605
"7793","345895","RSPH4A",0.0947210890428907,0.130198478610145
"7794","10641","NPRL2",0.095166280630862,0.491273738545772
"7795","124808","CCDC43",0.0483189844378424,-0.289940270652169
"7796","54205","CYCS",-0.0336956130978017,0.0493396030248103
"7797","23362","PSD3",0.176562009436503,1.40644040618859
"7798","404672","GTF2H5",0.0392140988718808,0.619921438866579
"7799","9057","SLC7A6",0.121297611255824,-0.113144004420193
"7800","57720","GPR107",-0.0685447105468837,0.175718825351022
"7801","1917","EEF1A2",-0.0783126861245691,1.44213474517376
"7802","8310","ACOX3",0.0630893541579578,1.40478404969191
"7803","6618","SNAPC2",-0.0271780180250119,0.710552020204291
"7804","51098","IFT52",0.0631630484429815,0.518685775111546
"7805","100128252","ZNF667-AS1",0.181079904782431,0.555563293235756
"7806","55341","LSG1",-0.00843843114829923,-0.282299396103152
"7807","10003","NAALAD2",-0.148465134860988,0.456138111452218
"7808","50940","PDE11A",-0.0827036731854054,-1.56599159637238
"7809","8036","SHOC2",0.0311155594838199,-0.661371408581023
"7810","374383","NCR3LG1",0.178312726888368,-1.21892444485495
"7811","64858","DCLRE1B",-0.0692953725848251,0.873169514482203
"7812","4621","MYH3",0.0613883971998002,0.28889933637475
"7813","5089","PBX2",-0.0316522364285365,0.781822000150203
"7814","8774","NAPG",-0.00204623988170116,-0.243983656126096
"7815","283373","ANKRD52",0.136254079947734,0.35424654898414
"7816","6252","RTN1",-0.0457737766598352,-0.169480277629763
"7817","53947","A4GALT",-0.0701092004167103,0.804462816819804
"7818","642987","TMEM232",0.128551990942283,0.453785269079573
"7819","8829","NRP1",-0.0236069266403582,0.880412320929222
"7820","693207","MIR622",0.0553052285742912,0.761163989914542
"7821","2729","GCLC",-0.0937242337470101,-0.324299643997247
"7822","63922","CHTF18",-0.137522741558649,0.659608111182044
"7823","23111","SPART",0.101881722436471,0.0691917781395412
"7824","843","CASP10",-0.505664091468974,-4.71354558130565
"7825","9150","CTDP1",-0.0265791094688099,-0.459749344498113
"7826","101927550","LOC101927550",0.0214752084872277,0.253322768247858
"7827","51807","TUBA8",0.118033162676362,0.560501375505531
"7828","387032","ZKSCAN4",0.0960119489989721,0.116807337905361
"7829","26301","GBGT1",-0.165548502568288,0.852631922003174
"7830","22993","HMGXB3",0.00642823193138131,-0.794735780747189
"7831","23325","WASHC4",0.0737448078189971,-0.18414829881292
"7832","64801","ARV1",-0.00467161760410395,0.229651340480175
"7833","10763","NES",-0.0856732591977565,0.860317589733706
"7834","414328","IDNK",-0.0462243798829025,-0.158715896580272
"7835","79694","MANEA",0.0911726271300388,1.61623054945955
"7836","100133220","GOLGA6L3",0.215245389024908,-0.546846550868418
"7837","26260","FBXO25",0.00840182583793947,-0.426259642515851
"7838","79582","SPAG16",0.00264953993448946,0.408173652183925
"7839","377","ARF3",-0.00152797792286208,-0.268875514006749
"7840","646278","PDCD6IPP2",-0.0968427063867487,-0.30201578306788
"7841","113","ADCY7",-0.115552311522547,0.0579870068603823
"7842","11010","GLIPR1",-0.293021818413409,0.0583286936293845
"7843","6334","SCN8A",-0.0164364123104608,0.0690566845745575
"7844","22994","CEP131",-0.11083591212368,1.28314520289713
"7845","2242","FES",-0.105086955560032,-0.0395257354808307
"7846","4811","NID1",0.0514012458960575,-0.15636199627129
"7847","200205","IBA57",-0.123838387320431,-0.31164054065332
"7848","8702","B4GALT4",-0.097339802905263,0.189033394274507
"7849","58529","MYOZ1",-0.110311293420875,-0.643206694853214
"7850","79598","CEP97",-0.0432331536795552,0.246629471070975
"7851","123169","LEO1",0.0725820244246442,0.161859681555377
"7852","2235","FECH",-0.0677328452208092,-0.0523506113254584
"7853","79064","TMEM223",0.0591672454193386,1.48898252859833
"7854","27113","BBC3",-0.615586091787512,-1.78048062353476
"7855","1318","SLC31A2",-0.0353008189761965,0.00745040044990919
"7856","23355","VPS8",0.0232118464306978,0.172462824694187
"7857","91768","CABLES1",-0.182950243081501,-1.80200376908847
"7858","6418","SET",-0.0552880815915104,0.160769463330899
"7859","91283","MSANTD3",0.0343863278225225,-0.622033976569747
"7860","27301","APEX2",-0.00794390117578248,0.404168082276417
"7861","5253","PHF2",0.0545278927255941,0.187137039803707
"7862","9575","CLOCK",0.102533772843932,0.0804795148678021
"7863","23181","DIP2A",0.139926235923038,0.160332829039395
"7864","2719","GPC3",-0.312672436152232,0.191632888325667
"7865","55959","SULF2",-0.162401422020078,-2.36220909628365
"7866","9702","CEP57",0.00333050408603608,0.218657253650784
"7867","9154","SLC28A1",0.0969353894192012,-1.10632129145673
"7868","92973",NA,-0.197851674351878,-2.00011486469216
"7869","10139","ARFRP1",-0.0823571309108742,-0.0199248193472137
"7870","285382","C3orf70",0.00962179876119929,0.465346782097649
"7871","152110","NEK10",0.268293736760744,0.77959812099974
"7872","51030","TVP23B",-0.0500757730701471,0.0319712207839142
"7873","10497","UNC13B",-0.0337055627886551,-0.92774325008927
"7874","9040","UBE2M",-0.0920590947653768,-0.0260307837501195
"7875","143279","HECTD2",0.165687023085127,-0.174500682905637
"7876","84981","MIR22HG",-0.126746732876089,-0.679955649254172
"7877","648809","EFL1P1",0.127476222104256,-0.192037947427984
"7878","100133161","LINC01001",0.179017658239642,0.348376379588667
"7879","201161","CENPV",-0.113082443837561,0.938742361205252
"7880","150274","HSCB",0.0605071042894698,0.137623876869292
"7881","159091","PABIR3",-0.0706321844313862,-1.56121221618797
"7882","84536","LINC01547",0.0367969085040107,0.489273976354067
"7883","80263","TRIM45",0.109584718097658,-0.0349555950409732
"7884","252969","NEIL2",-0.0928463919572926,-0.480972940721535
"7885","123263","MTFMT",0.0203201496098844,-0.0915301849352348
"7886","51053","GMNN",-0.105154427433905,0.147571578812019
"7887","2287","FKBP3",-0.0609469894024093,0.0714227127386344
"7888","132158","GLYCTK",-0.213632498624625,-0.176199639052504
"7889","79789","CLMN",-0.0363199289440473,0.337847916508612
"7890","2103","ESRRB",-0.112328311169304,-0.148287278618572
"7891","6897","TARS1",0.121350532197015,0.192949765786385
"7892","55037","PTCD3",-0.0089818972461515,0.639131104395394
"7893","692099","FAM86DP",-0.162944860458246,-0.813184226737479
"7894","256714","MAP7D2",-0.203559275679479,-0.0783198664085727
"7895","84245","MRI1",-0.197931712275125,-0.238973142036813
"7896","57020","VPS35L",-0.0219373524046782,0.279430829076237
"7897","1175","AP2S1",-0.0667222505352729,0.122610520060742
"7898","162461","TMEM92",-0.00879281539538262,-0.171856717264638
"7899","2059","EPS8",-0.171920060110505,-0.524761323365628
"7900","1759","DNM1",-0.129250368193531,-0.229503693484977
"7901","60561","RINT1",0.0416071757926657,0.178979512548243
"7902","122704","MRPL52",-0.0884591707856401,-0.105354180435388
"7903","4893","NRAS",0.0312164391677072,0.186538260962677
"7904","55800","SCN3B",-0.248587391753528,-0.281707228919214
"7905","64344","HIF3A",-0.0769690803882357,2.7474308660125
"7906","7802","DNALI1",0.0653270606547327,0.621274632908509
"7907","206358","SLC36A1",-0.0455296503100024,-1.34968739508635
"7908","728730","MAP4K3-DT",0.114977921417663,-1.1769790174901
"7909","51754","TMEM8B",-0.104723054524917,-1.17913986954864
"7910","6404","SELPLG",-0.245241105837555,-0.189581267217363
"7911","23326","USP22",0.0240008245802077,-0.101387626970487
"7912","91179","SCARF2",-0.0474793233158444,0.00962857876361856
"7913","776","CACNA1D",0.148822612972362,0.122100318003244
"7914","10294","DNAJA2",-0.0614388679463307,0.0634284390176552
"7915","54621","VSIG10",-0.225103955079616,-0.0102336131403451
"7916","2000","ELF4",0.298771260324156,-0.901310954554154
"7917","399818","EEF1AKMT2",0.121469180242978,1.13018352327469
"7918","64921","CASD1",-0.108148526958203,-0.116523143034624
"7919","647042","GOLGA6L10",0.243811289036252,-0.239513225289653
"7920","79365","BHLHE41",0.0982455324467573,-0.214366376154316
"7921","10501","SEMA6B",-0.275155398259674,-1.25521775620799
"7922","102724951","LOC102724951",0.192990675020758,0.581353604566651
"7923","10001","MED6",-0.0680685082280164,-0.367012050292903
"7924","8292","COLQ",-0.0382259368138298,1.17555219557082
"7925","55249","YY1AP1",0.0408135974950374,-0.0666790226373308
"7926","10121","ACTR1A",-0.110040940878802,0.000822178506585836
"7927","56658","TRIM39",-0.0577627288903999,-0.391620938856846
"7928","79869","CPSF7",0.000432881903622118,-0.130215161786944
"7929","79612","NAA16",0.0277924500362507,0.696483149175091
"7930","145773","FAM81A",0.102873114463632,0.258948276341038
"7931","23421","ITGB3BP",0.159511662827691,0.935003964934431
"7932","1894","ECT2",0.122637008206728,1.76813642244672
"7933","318","NUDT2",0.00998361832268069,0.909412345068049
"7934","9397","NMT2",0.0787517886189382,-0.735839189303884
"7935","1104","RCC1",0.0512582663876797,0.104518316157363
"7936","28514","DLL1",-0.185777104934052,-0.501455407221483
"7937","29126","CD274",0.0289276994295136,-0.369259291524252
"7938","100505938","ICA1-AS1",-0.296543907768692,0.850953743892651
"7939","54857","GDPD2",0.091702421618288,0.7309531358864
"7940","192286","HIGD2A",-0.0701240129217418,-0.0642200362936292
"7941","101927604","LOC101927604",0.0455338644084319,-0.50650640120063
"7942","4076","CAPRIN1",0.121179603751736,0.284268179439391
"7943","10422","UBAC1",-0.0304527311265765,0.227968901623898
"7944","11258","DCTN3",-0.0626434269939899,0.157940528743874
"7945","51116","MRPS2",0.0194976130575029,0.832796451525797
"7946","79801","SHCBP1",-0.0500086704797091,2.03724898378996
"7947","642938","INSYN2A",-0.232962184205842,-6.10829667276535
"7948","29763","PACSIN3",-0.0465583045723879,-0.488558341341228
"7949","191","AHCY",-0.0785478643422302,-0.290491847206819
"7950","729440","CCDC61",-0.128062500652555,0.563778956558582
"7951","114883","OSBPL9",0.0697610562881561,0.186256016695616
"7952","348180","CTU2",-0.0881981369874358,-0.0605789742525937
"7953","79602","ADIPOR2",-0.0543326889452107,0.278114762150341
"7954","80896","NPL",-0.135623477147598,-0.240852195021755
"7955","23456","ABCB10",-0.06764349763219,0.536733198280962
"7956","6626","SNRPA",-0.00112677454386123,0.0764664208994486
"7957","3760","KCNJ3",0.154375182170588,1.39237329201539
"7958","6651","SON",0.0670878310186964,-0.00264356340886884
"7959","240","ALOX5",-0.436861389422768,-4.63769684301961
"7960","8607","RUVBL1",-0.0339572591229702,0.198535866046543
"7961","11266","DUSP12",-0.0459090836052178,0.178605320905367
"7962","55011","PIH1D1",-0.0932941732750869,0.077852974732771
"7963","55325","UFSP2",-0.0170822873073524,0.486381323457328
"7964","166647","ADGRA3",-0.0455546258750923,-0.326456430412216
"7965","482","ATP1B2",-0.149242973511841,0.7821427173496
"7966","27258","LSM3",0.105631292629083,0.548521526559841
"7967","25804","LSM4",-0.0969173510370513,0.12781143879861
"7968","10683","DLL3",0.0729051302835532,0.157537411670538
"7969","138151","NACC2",0.050652786223929,-1.27948411933025
"7970","79812","MMRN2",0.0695786627874047,0.106876536904578
"7971","391059","FRRS1",-0.107108817783645,-0.0140018199631342
"7972","91966","EOLA1",-0.0250289208610321,-0.448420495066668
"7973","440456","PLEKHM1P1",0.124800578987413,-0.532822156212201
"7974","5538","PPT1",-0.124914788601378,0.825730829236307
"7975","57447","NDRG2",-0.0707310623904451,-0.0614219953195114
"7976","132720","FAM241A",-0.1112705058393,0.106809728119857
"7977","79906","MORN1",0.0585653022895707,-0.330669970149268
"7978","4597","MVD",-0.0572270681660578,0.43340772947416
"7979","6993","DYNLT1",0.0588352969239052,0.211441643007901
"7980","8641","PCDHGB4",-0.129390660419051,0.50120526897438
"7981","54020","SLC37A1",-0.083857899450857,-1.17146306285944
"7982","9349","RPL23",0.0541479925437294,-0.0375054702538655
"7983","60401","EDA2R",-0.00960917370626468,-1.05067780463501
"7984","100033416","SNORD116-4",0.101710892051926,0.027052776987914
"7985","4711","NDUFB5",-0.0890480614817566,0.116031442489766
"7986","928","CD9",-0.0986406971263589,-0.825959645249045
"7987","728978","UNC5B-AS1",-0.123339339888425,-0.836280338687238
"7988","165215","FAM171B",-0.204900380758478,-1.26620037593916
"7989","400916","CHCHD10",-0.0903102889402572,0.663102215109888
"7990","10046","MAMLD1",0.250918978524831,-1.03510128451893
"7991","1131","CHRM3",0.350527188581419,0.198062503867813
"7992","1033","CDKN3",0.153395478963799,2.25617723900803
"7993","102723859","TBC1D3E",0.029676692850984,-0.540064469392344
"7994","2475","MTOR",0.0481937257535323,0.0986289657100166
"7995","7175","TPR",0.00333238390969104,0.330596511463829
"7996","25972","UNC50",0.0700964492970648,0.0134938956834896
"7997","23078","VWA8",0.016558032511468,0.72240003055994
"7998","57187","THOC2",-0.0288955570885898,0.245113428219512
"7999","332","BIRC5",0.0709762401112073,2.44029735512085
"8000","56204","FAM214A",-0.0142111095800246,-0.776778572019905
"8001","1452","CSNK1A1",-0.00955893760623194,-0.1500166556764
"8002","377677","CA13",0.106371041146229,-1.1676770152913
"8003","6451","SH3BGRL",0.112434438604044,0.165380805641162
"8004","10314","LANCL1",-0.0451689106920599,0.59693875427791
"8005","7190","HSP90B2P",-0.0904039314988543,0.299490024630813
"8006","101929693","RARA-AS1",-0.353806637615386,-1.48555688756457
"8007","3611","ILK",-0.106445544292827,0.694337180044884
"8008","115992","RNF166",-0.106757429544179,-0.410272334344339
"8009","51634","RBMX2",0.0729744072835059,0.323464951547335
"8010","9926","LPGAT1",0.0743306748172836,0.770413569716297
"8011","55199","FAM86C1P",0.113303225413206,-0.0214000920481254
"8012","56137","PCDHA12",-0.119999899337676,0.628324064465493
"8013","83874","TBC1D10A",-0.20578740984204,-0.276352179501297
"8014","55357","TBC1D2",-0.314120081920287,-2.49494373102228
"8015","55964","SEPTIN3",-0.239208423690286,-3.28001290529823
"8016","10813","UTP14A",-0.00196104856417456,0.328805002476583
"8017","11066","SNRNP35",0.0163693282021362,0.130889611161591
"8018","10950","BTG3",-0.155549951509555,-0.996598942292443
"8019","1762","DMWD",0.0451980415255617,-0.475069826435438
"8020","154313","CFAP206",0.153825890732471,-0.756131102675108
"8021","64757","MTARC1",-0.0598310323733107,0.848177298306184
"8022","6502","SKP2",-0.0316073731151816,0.713453762113883
"8023","53342","IL17D",-0.150036757807179,0.181675741857535
"8024","440248","HERC2P9",0.340875540340987,0.386499608887268
"8025","54480","CHPF2",-0.13002059174504,-0.177440590509733
"8026","100506433","LINC00648",-0.0389579079414619,1.25686369844118
"8027","441212","RP9P",0.0976123654881125,-0.273569139102556
"8028","22818","COPZ1",-0.0656973296417895,0.0198290998503552
"8029","285966","TCAF2",-0.314284835880548,-1.95215192996081
"8030","4355","MPP2",-0.106982165773643,1.22055495661373
"8031","79133","NDUFAF5",0.141331794520301,0.649299501729913
"8032","2629","GBA",-0.0294123385948613,-0.0157507978412212
"8033","965","CD58",0.105661067286317,0.173529859536397
"8034","64432","MRPS25",-0.0576420954565764,0.156607877965231
"8035","4190","MDH1",-0.0676881779357164,0.411126815288654
"8036","9509","ADAMTS2",-0.29539284840783,-0.0961383693778595
"8037","283248","RCOR2",0.251651393852918,2.50781401697095
"8038","57590","WDFY1",0.103762145943747,-0.372490753639486
"8039","7091","TLE4",0.0673637890864334,-1.63742174897405
"8040","23534","TNPO3",0.0180762575667233,0.0726602284025377
"8041","26099","SZRD1",0.00402347813160375,-0.332855709269188
"8042","79147","FKRP",-0.130153899303787,0.513811317977895
"8043","6161","RPL32",0.107992444991008,-0.0570904905509826
"8044","9498","SLC4A8",-0.0594554233415177,1.2319182532639
"8045","1982","EIF4G2",-0.0321920568122422,-0.447595348496034
"8046","127428","TCEANC2",0.112243810868798,0.365950149574551
"8047","4835","NQO2",-0.135798088062256,0.316687699404131
"8048","643988","FNDC10",-0.222523008135225,0.990794301355225
"8049","9107","MTMR6",0.0870355958339175,0.793939029273934
"8050","83440","ADPGK",0.0105471986986618,0.226805442200089
"8051","29911","HOOK2",-0.166793449891669,0.0326246014905518
"8052","71","ACTG1",0.145496871761196,0.793247141073262
"8053","1289","COL5A1",-0.171701220589879,-0.0822472202955371
"8054","81553","CYRIA",-0.229130016417182,-2.21042612452413
"8055","374395","TMEM179B",-0.0986731036859494,-0.566303405708996
"8056","92521","SPECC1",0.153896228167516,-1.14381044128501
"8057","84071","ARMC2",0.1322418997139,-0.225001296235094
"8058","4925","NUCB2",0.0173124038316592,0.420316891753309
"8059","84803","GPAT3",0.0127713974852908,-0.0487555717990809
"8060","25797","QPCT",-0.344255621497111,-0.491377797321191
"8061","80313","LRRC27",-0.0893939970812041,1.12122043726499
"8062","220001","VWCE",-0.249548605186422,-3.34899454829629
"8063","255057","CBARP",-0.0565575607476774,-0.649448762748583
"8064","1386","ATF2",0.097110784586631,0.114876830701838
"8065","51200","CPA4",-0.235221859147163,-1.69790004429086
"8066","1397","CRIP2",-0.181436961233503,0.54146693665821
"8067","7105","TSPAN6",-0.12886119846956,0.00631723266470896
"8068","51478","HSD17B7",-0.0139667838190207,-1.014558237677
"8069","27239","GPR162",-0.124647251367695,2.76097153645801
"8070","200576","PIKFYVE",0.0964805145918941,-0.117459390253734
"8071","339231","ARL16",-0.0559914289820318,0.270615181848475
"8072","1207","CLNS1A",-0.042764487666215,-0.0122196703457487
"8073","353511","PKD1P6",0.0421068345089957,-0.0795980530501033
"8074","80198","MUS81",0.00995311789354858,0.373242688536508
"8075","112812","FDX2",-0.0534569983852942,-0.885328375943147
"8076","119369","NUDT9P1",-0.213704119671927,-1.20220068042633
"8077","29089","UBE2T",0.177440110974382,2.29544917995833
"8078","84514","GHDC",-0.141546610216021,0.925845350386503
"8079","4695","NDUFA2",-0.0579584681730321,-0.124488698759238
"8080","80005","DOCK5",0.260266311153649,-0.286722619009419
"8081","8602","NOP14",-0.0258022765741019,0.32126178023998
"8082","7804","LRP8",0.121287130231504,0.68043938608597
"8083","54973","INTS11",-0.0573438997007401,-0.220852370808747
"8084","80054","CEBPA-DT",0.0976094071202367,-0.504602700779226
"8085","90952","ESAM",-0.295717245452832,-0.174104834494136
"8086","54985","HCFC1R1",-0.165963004061914,-1.11846919022478
"8087","6695","SPOCK1",-0.178427883154165,0.325960721676084
"8088","90592","ZNF700",0.164149435626109,0.102765076788741
"8089","161436","EML5",0.116540073478048,0.16838602826829
"8090","84311","MRPL45",-0.02869142703313,0.0309287850672488
"8091","64780","MICAL1",-0.184077321098881,-0.643827399130094
"8092","144455","E2F7",-0.380425006565547,-2.19209558205255
"8093","79786","KLHL36",0.0421545114073503,-0.0871719517750336
"8094","55110","MAGOHB",0.140744362166871,0.920770000874246
"8095","6612","SUMO3",-0.0826074677686188,-0.218062865099586
"8096","10921","RNPS1",-0.0674103239798454,-0.238283579126469
"8097","6812","STXBP1",-0.0583997365117064,-0.39885624634613
"8098","200373","CFAP221",0.0604038520629951,0.110372219290382
"8099","84895","MIGA2",-0.144139489938493,0.879832282776081
"8100","100652748","TIMM23B",0.0758417921978642,0.153183037290333
"8101","23217","ZFR2",-0.133770536607286,-0.397400801094105
"8102","9865","TRIL",-0.00673866557152225,-0.0529422854049586
"8103","6712","SPTBN2",-0.184931455957631,-0.744314225593048
"8104","6188","RPS3",-0.0763928912701211,-0.00563039504107188
"8105","8669","EIF3J",0.0473495046577534,0.0944707624295003
"8106","100996539","ITPR1-DT",0.0337747215623841,-2.85773826786165
"8107","10102","TSFM",-0.0864039906052518,0.23558558598489
"8108","4012","LNPEP",0.124066986530386,0.202405942934442
"8109","23276","KLHL18",-0.00474640649112157,-0.0664586270542307
"8110","54947","LPCAT2",-0.302678222834877,-0.133908195281188
"8111","5558","PRIM2",0.09629335258562,0.897659674098223
"8112","29081","METTL5",0.0781106332913613,0.569013374666179
"8113","4646","MYO6",-0.103404204691698,-1.00825095319764
"8114","92715","DPH7",0.0180529571899335,0.143126204447307
"8115","145282","MIPOL1",0.0351380478235042,2.03744206192449
"8116","23052","ENDOD1",-0.0713117756480992,-1.38948499582437
"8117","23194","FBXL7",0.111636831224216,0.17429516952518
"8118","51149","MRNIP",0.0386230238052037,-0.223377849340747
"8119","84937","ZNRF1",0.0704649286215,0.446959410054703
"8120","5098","PCDHGC3",-0.125776363816222,0.0498933342829413
"8121","8515","ITGA10",-0.122755757559953,0.815036550186617
"8122","131408","FAM131A",-0.0870970425059703,-0.203392279466555
"8123","3795","KHK",-0.165989792106974,1.27508877233062
"8124","3035","HARS1",-0.0797107025719308,0.0754366551881427
"8125","201283","AMZ2P1",-0.0518842591866773,-0.677399307522926
"8126","29071","C1GALT1C1",0.0128586944354669,0.18741817958711
"8127","55776","SAYSD1",0.0538973884022913,0.411691283701096
"8128","121227","LRIG3",-0.242850992683199,-0.419075679180568
"8129","6932","TCF7",0.182236163095058,-1.42992542969872
"8130","1307","COL16A1",-0.171086602642135,0.43968833576813
"8131","128240","NAXE",0.0113631356354675,0.198641779640344
"8132","646762","LOC646762",0.05762846150858,0.147910606313118
"8133","130576","LYPD6B",0.136391956541752,0.49810203353421
"8134","100505942","LOC100505942",-0.185466558937659,-0.395026103723465
"8135","10322","SMYD5",-0.056799732875449,0.576457866193464
"8136","262","AMD1",0.0314659750696924,-0.0303319879583892
"8137","64089","SNX16",-0.123426811387298,-0.15085848211407
"8138","23770","FKBP8",-0.0876940625424085,0.0143636873725113
"8139","117166","WFIKKN1",-0.219937950128108,0.37425864439164
"8140","6525","SMTN",-0.0362135637148482,-0.671802986257307
"8141","56288","PARD3",0.0677616462162804,-0.54500713886839
"8142","624","BDKRB2",0.1630104203431,0.945354319967789
"8143","253190","SERHL2",0.0122536242347733,0.409998814725704
"8144","432","ASGR1",-0.0925184201170539,1.81718001661389
"8145","11257","TP53TG1",-0.0250610103000639,-0.650896092710017
"8146","653653","LOC653653",-0.0648915547162217,-0.597985241637836
"8147","728769","SCAMP1-AS1",0.101090542681701,-0.788198015217686
"8148","4130","MAP1A",0.178711630279956,0.191381032541782
"8149","10573","MRPL28",-0.0961402804123752,0.584026183303957
"8150","10783","NEK6",0.0872923495987052,0.243666073331674
"8151","23503","ZFYVE26",-0.0261659016207307,-0.193483553434942
"8152","343099","CCDC18",0.107675986230004,0.323624944090253
"8153","56848","SPHK2",0.135512291506264,0.715987997805259
"8154","6627","SNRPA1",-0.055445731507759,0.605790162390282
"8155","23508","TTC9",-0.143056161995978,0.0953508835561032
"8156","147746","HIPK4",-0.233013745165934,0.320800489254096
"8157","84804","MFSD9",0.0640903179939531,0.282455418377848
"8158","5685","PSMA4",-0.0160894946489716,0.518596172563819
"8159","65078","RTN4R",0.222070425114463,0.392445827985402
"8160","79948","PLPPR3",-0.137679460718679,-0.158450683328082
"8161","8814","CDKL1",0.224717405729832,-0.769705794457419
"8162","26953","RANBP6",0.00819547164882373,0.0761195576462264
"8163","100506428","CBR3-AS1",-0.103784832474,-0.00263785702507091
"8164","257364","SNX33",0.0520215087530982,0.0764322413955147
"8165","154810","AMOTL1",0.0512716589347413,-1.82553252419886
"8166","989","SEPTIN7",-0.0547376777933373,0.21276773279955
"8167","10486","CAP2",0.00918132539140259,0.913070835809581
"8168","56993","TOMM22",-0.0117634871301178,-0.0686406687967196
"8169","220965","FAM13C",0.043342030304284,-1.3018468696306
"8170","79862","ZNF669",0.0237355099862291,0.134078392114259
"8171","7844","RNF103",-0.0665875662554285,0.0642736618263804
"8172","203","AK1",-0.0502941423094034,-0.548405371222658
"8173","619208","FAM229B",0.0151487118274805,0.243205902357547
"8174","4521","NUDT1",-0.116299608016699,0.380533561577333
"8175","100288485","MTRNR2L7",-0.0175636929638612,-0.170463592819543
"8176","23169","SLC35D1",-0.0564440609985422,-0.895921032187146
"8177","101928370","S1PR1-DT",-0.130812965544932,-1.05705303466606
"8178","5478","PPIA",-0.0860090066112793,-0.830596447393827
"8179","442720","EIF3IP1",-0.291635106509237,-0.511862638735207
"8180","54751","FBLIM1",0.0596631690422935,0.562698851300423
"8181","57633","LRRN1",-0.30302653230796,-2.92242309630833
"8182","26027","ACOT11",-0.0248058436628087,1.16484510585892
"8183","8905","AP1S2",-0.0480845690392675,-0.615689627103139
"8184","9639","ARHGEF10",0.178326247770422,-0.113569541997143
"8185","5252","PHF1",-0.102677365457675,0.0789114450285737
"8186","1278","COL1A2",-0.176557305382246,-0.80768375622035
"8187","89944","GLB1L2",-0.194552381974084,-0.770279024793569
"8188","6622","SNCA",-0.162536143712178,0.175943702320525
"8189","92565","FANK1",-0.111377814811003,-0.106586349736527
"8190","60680","CELF5",-0.0308223165630099,1.38230311997943
"8191","284385","ZNF561-AS1",-0.0543619364979886,-0.959740042935787
"8192","101927151","LINC02987",-0.502539660508833,-0.582327757197337
"8193","3710","ITPR3",-0.201408163536512,-0.622923380731794
"8194","5445","PON2",-0.0454265644476122,0.259126132158299
"8195","8417","STX7",0.0480255013702999,0.304156438412428
"8196","84230","LRRC8C",-0.0668558638091516,-0.0885650165912866
"8197","25957","PNISR",0.11762628947367,0.122498773271624
"8198","100130958","SYCE1L",-0.167119850860061,-1.61307182506465
"8199","222699","TOB2P1",0.132072817359661,-0.816946965826882
"8200","6095","RORA",0.148652945039104,0.548508287200197
"8201","64420","SUSD1",-0.0235249714502945,-0.0758595224870238
"8202","27101","CACYBP",0.0044620361751786,0.581713127344496
"8203","23024","PDZRN3",-0.0376839776718461,0.371064447080366
"8204","8697","CDC23",-0.0464242230580343,-0.0342431407895267
"8205","80195","TMEM254",-0.0971161326771872,0.969575737448706
"8206","26870","RNU1-2",0.236256505830512,0.439171317715654
"8207","55014","STX17",0.0588021590303667,-0.061361636245814
"8208","158584","FAAH2",0.0706122077961625,1.11907427348132
"8209","283578","TMED8",-0.0167782116988047,-0.126038157312708
"8210","3655","ITGA6",-0.0273868931042518,-0.62576204024023
"8211","84440","RAB11FIP4",-0.046723812997624,-1.91106325022722
"8212","84991","RBM17",0.0541355760169031,0.0176489531384583
"8213","10810","WASF3",0.0844251173065329,0.837042177532366
"8214","55885","LMO3",0.308262196079342,1.45429867598476
"8215","116349","EXOC3-AS1",-0.0570194644302813,-0.988749414139104
"8216","55129","ANO10",-0.0208082946424364,0.133882391547077
"8217","335","APOA1",-0.209026509883727,0.229857973588064
"8218","2958","GTF2A2",-0.0328719465035832,-0.142403463951303
"8219","401320","GARS1-DT",0.16090996532096,0.571070711068618
"8220","80255","SLC35F5",-0.00251778591743079,-0.05282250669267
"8221","8511","MMP23A",-0.187614631676442,0.432618371656392
"8222","5571","PRKAG1",-0.0570287179508897,0.228081311152277
"8223","84958","SYTL1",-0.287002503093346,-3.14191527953219
"8224","1337","COX6A1",-0.0330508166873713,0.22391269797787
"8225","5886","RAD23A",0.0129166405536356,0.493967497631974
"8226","84206","MEX3B",-0.233402242038907,-1.21436500577697
"8227","9641","IKBKE",0.0277555528848072,-0.0320009660719314
"8228","8334","H2AC6",-0.116032268410829,-1.11380763630706
"8229","5792","PTPRF",-0.201735476256622,0.398906022574685
"8230","4172","MCM3",-0.122288171438989,2.25942966069294
"8231","23345","SYNE1",0.128327670163821,0.0210258820519726
"8232","8349","H2BC21",-0.102757716918729,-1.36941702763074
"8233","78988","MRPL57",0.0554720932621322,0.546898257789601
"8234","203260","CCDC107",-0.250844614079433,2.15644230616731
"8235","79161","TMEM243",-0.206618752655449,-1.53715516143327
"8236","3799","KIF5B",0.0280414459959122,0.155224585148265
"8237","11343","MGLL",0.111615544177328,-0.331189521162171
"8238","1182","CLCN3",-0.048118136085721,0.848929828654703
"8239","57707","MEAK7",0.0912652802000853,0.243211324697241
"8240","56146","PCDHA2",0.0630328745009587,1.15821781582678
"8241","9185","REPS2",0.0358400312944953,-0.0841380451296887
"8242","7094","TLN1",0.00592075823495719,0.342073653640112
"8243","56135","PCDHAC1",0.190150614625688,0.56420204191611
"8244","4320","MMP11",-0.247748253198206,-0.329394019188262
"8245","2595","GANC",0.0479746721421477,-0.878830813929779
"8246","4047","LSS",-0.089692750819454,0.763733807879033
"8247","8613","PLPP3",-0.161151745583717,-1.56503847779429
"8248","57692","MAGEE1",-0.0987615241583515,-0.105543490313063
"8249","6222","RPS18",0.0841395106162288,0.0184708974822776
"8250","1301","COL11A1",-0.292148447064859,0.167984317297559
"8251","114818","KLHL29",0.402596858635346,-1.50298018017062
"8252","55128","TRIM68",-0.0443345446422088,0.323598929015273
"8253","51765","STK26",0.0262393774309624,0.0540908305398453
"8254","29117","BRD7",0.0711632291928748,0.00521526622298474
"8255","55111","PLEKHJ1",-0.123778661041076,0.314018399940428
"8256","92359","CRB3",-0.406764644466041,-0.254983478429094
"8257","3927","LASP1",0.120804410294114,-0.249196054847885
"8258","152217","NCBP2AS2",-0.161795441449532,-0.445563046144126
"8259","9175","MAP3K13",0.0874063957915086,0.169954423210693
"8260","10905","MAN1A2",0.0498412566473183,0.339132857303257
"8261","7536","SF1",0.0885802209299698,0.943539977507652
"8262","287","ANK2",0.0155558772944335,1.3421281224068
"8263","8034","SLC25A16",0.0776781311365657,-0.586479321850332
"8264","58490","RPRD1B",0.0488106568914963,-0.13852435631594
"8265","4174","MCM5",-0.0777588971957268,2.21193471029965
"8266","5634","PRPS2",-0.157656991084866,-1.34245242579656
"8267","93343","MVB12A",-0.0933551191321111,1.18034739820699
"8268","1213","CLTC",0.0469217180706689,0.457096454862317
"8269","9783","RIMS3",0.0238709375626405,0.557647838757751
"8270","105371371","LOC105371371",-0.0934230777817944,0.213068210573091
"8271","5916","RARG",0.123863286303641,-0.964405340402882
"8272","283104","SBF2-AS1",0.0931386203302839,-0.75305796538103
"8273","84836","ABHD14B",-0.0899357353082597,-0.000955433187510568
"8274","22933","SIRT2",-0.0852856031970761,0.239798572268117
"8275","27244","SESN1",-0.265817606211601,-1.6936496689468
"8276","23644","EDC4",-0.0694174877821103,0.331488250852316
"8277","55226","NAT10",0.0947191330241663,0.384658519276541
"8278","101928596","LOC101928596",-0.154595381878364,0.357875614901642
"8279","646243","CXADRP2",-0.0421922174908882,0.256386059427068
"8280","26164","MTG2",0.0288387334638038,-0.096497860553419
"8281","222901","RPL23P8",0.113944501490896,-0.0105467630761362
"8282","51517","NCKIPSD",-0.153661392371585,1.09692298068398
"8283","401505","TOMM5",0.06450100776713,0.193232706907551
"8284","83989","FAM172A",-0.0533081173093621,0.189049610356617
"8285","6154","RPL26",0.0845017627912945,-0.110400525145643
"8286","51528","JKAMP",0.036826649200405,0.0377243965724929
"8287","29102","DROSHA",0.0700278323709949,0.425857443891648
"8288","220002","CYB561A3",-0.121893474714216,-0.587248020888145
"8289","729013","ZBED5-AS1",0.136135670020522,-0.117579687317039
"8290","90525","SHF",-0.225978293699798,-1.02060556348592
"8291","57787","MARK4",-0.0672704249129099,-0.301557587711553
"8292","613","BCR",0.053210611350897,0.107179235445973
"8293","440295","GOLGA6L9",-0.052976220522055,-0.21853028271836
"8294","5831","PYCR1",-0.0954519104538782,1.35538161919002
"8295","81617","CAB39L",0.0566679098399758,0.925723475538717
"8296","7273","TTN",0.455101820765094,1.05887745085423
"8297","1819","DRG2",-0.0798390540164373,0.135529691279521
"8298","64798","DEPTOR",0.270145747788426,-0.317518344749341
"8299","24147","FJX1",-0.293409044403953,0.0146084800446808
"8300","10594","PRPF8",0.0426931480944006,-0.0541245505116361
"8301","580","BARD1",0.157447384485077,2.44262347288279
"8302","5822","PWP2",0.077360460752796,0.471591872306119
"8303","163115","ZNF781",0.305101396222543,0.405422429909631
"8304","2892","GRIA3",-0.0790603919765447,1.02295930084561
"8305","51760","SYT17",0.132548246620825,-3.22230067526883
"8306","5820","PVT1",0.182052858639461,-2.00916598609421
"8307","9669","EIF5B",0.00385045233250203,-0.0668610682854354
"8308","25980","AAR2",-0.0112172394118968,0.280973956879214
"8309","100130086","HSFX2",0.0808244582010187,1.41612527084901
"8310","2700","GJA3",-0.103812150793297,0.446505013055403
"8311","1796","DOK1",0.0818568526326904,0.322832602153834
"8312","541471","MIR4435-2HG",-0.086566897838654,-1.63079511226723
"8313","9170","LPAR2",-0.0939402213137128,0.0411302753492977
"8314","400604","TOB1-AS1",-0.127372784037506,-1.4989629121454
"8315","64783","RBM15",0.0619055095366532,-0.13335191416014
"8316","55056","GABPB1-IT1",0.15756186982238,-0.778590061827362
"8317","401233","HTATSF1P2",0.167398469388688,-0.522958571086594
"8318","8367","H4C5",0.0210723176791028,-2.91969921503751
"8319","5350","PLN",0.195047475347303,0.908579468496983
"8320","2869","GRK5",0.18184614572636,0.143856248562107
"8321","10142","AKAP9",0.106750611700281,0.118111685164654
"8322","114885","OSBPL11",0.0130843492098229,0.311603828536994
"8323","6737","TRIM21",-0.230492610476486,-0.694389961263538
"8324","729852","UMAD1",0.0690265328654611,0.0226849315535906
"8325","55684","RABL6",-0.0807900620660504,0.29756148807303
"8326","8233","ZRSR2",0.0306368970399511,-0.236830818796418
"8327","26355","FAM162A",-0.138690294785444,0.381043074516579
"8328","4287","ATXN3",0.0742199781844652,-0.0551941777861753
"8329","6383","SDC2",-0.0698977257338269,0.240441179246006
"8330","54867","TMEM214",-0.0256968201717527,0.0891309216378833
"8331","6717","SRI",0.0268187874749621,1.04326230397308
"8332","255520","ELMOD2",0.116449627075948,0.573440914715245
"8333","10605","PAIP1",-0.0506037463612152,0.436617968738749
"8334","1073","CFL2",0.1020835114563,0.386880120459633
"8335","197131","UBR1",-0.0397766796586732,0.0108005456694933
"8336","6731","SRP72",0.0458376468426103,0.481353176613394
"8337","51204","TACO1",0.121774496459399,0.107179869852065
"8338","4814","NINJ1",-0.16000466963148,-1.79601954604622
"8339","285605","DTWD2",0.117383619922896,1.65583171397693
"8340","29964","PRICKLE4",-0.104200673990448,-0.883584265486952
"8341","100505636","MALINC1",-0.163761745679176,-0.511927404190277
"8342","6330","SCN4B",-0.230356480867235,-4.57826205137889
"8343","221079","ARL5B",-0.0654842426626479,0.000333120151285726
"8344","79632","FAM184A",0.0140550415111136,-1.15181623428649
"8345","55280","CWF19L1",0.0958829326417661,1.11878694847372
"8346","51282","SCAND1",-0.128344372965053,-0.53298194896054
"8347","65264","UBE2Z",-0.101494357484223,-0.460867787227935
"8348","4234","METTL1",-0.0862849137834858,0.44396731702429
"8349","29982","NRBF2",0.0447806452977124,-0.500481455705671
"8350","23654","PLXNB2",-0.122565485559802,-0.675538127325924
"8351","9416","DDX23",-0.0664283906491399,-0.0831287113142398
"8352","10681","GNB5",-0.104300182952672,0.00123401618656782
"8353","157695","TDRP",-0.0358333976577452,-0.144608770308642
"8354","4651","MYO10",0.192324787190675,-2.00941118369415
"8355","79903","NAA60",0.0385687310577572,-0.159983122801263
"8356","26071","RTL8A",-0.0633819430319615,-0.16861402917336
"8357","9985","REC8",-0.244106556369047,1.2602344071454
"8358","4000","LMNA",-0.0880782229753301,-0.747267469728316
"8359","153443","SRFBP1",0.0249900629794797,0.316524792568944
"8360","29956","CERS2",-0.0492487319756343,0.0667478518282314
"8361","439","GET3",-0.0208406353564712,-0.120597663239322
"8362","8824","CES2",-0.00189846150747552,-1.00929488594867
"8363","3476","IGBP1",-0.0847057276511123,-0.0872986416236072
"8364","9689","BZW1",-0.0661711428787362,-0.534680765895012
"8365","9037","SEMA5A",-0.0288234163365519,0.507572760184846
"8366","23649","POLA2",-0.0279403401573153,0.622064465794795
"8367","5875","RABGGTA",-0.10245380606379,-1.01930818737682
"8368","100506023","LOC100506023",0.147208848430977,-0.267291975001377
"8369","9696","CROCC",-0.185384131046323,-1.10068446484492
"8370","549","AUH",-0.0263044944712112,0.397751507451144
"8371","84223","IQCG",0.0415799555751937,0.219114446284905
"8372","51495","HACD3",-0.050509942713683,0.458159545079327
"8373","80006","TRAPPC13",0.0856249662424959,-0.0480567730537667
"8374","54805","CNNM2",-0.135496466430547,-0.810038990789682
"8375","56052","ALG1",-0.077950818295041,0.287512723930203
"8376","10898","CPSF4",0.031733746559607,-1.74271631880708
"8377","79651","RHBDF2",-0.261435852624108,-1.37010210202633
"8378","50999","TMED5",-0.0161739384129085,0.510303376047335
"8379","3398","ID2",0.347745104112271,-1.20011798562867
"8380","8452","CUL3",0.0481572150146841,-0.0661339214230017
"8381","85442","KNDC1",-0.0968694886446295,0.715388180078183
"8382","23172","ABRAXAS2",0.0600636717300427,-0.125378373408147
"8383","26240","FAM50B",0.306477072045341,0.587179342182815
"8384","55756","INTS9",0.116621754392996,0.224974395613155
"8385","5355","PLP2",-0.0935229769295329,0.672858989975863
"8386","27124","INPP5J",-0.0956796583917798,0.878534128305445
"8387","7368","UGT8",0.00063972798585521,1.06210024422546
"8388","54478","PIMREG",0.0400814157016764,1.71600161610519
"8389","53844","COPG2IT1",0.325020385718264,-1.6980544409165
"8390","11146","GLMN",-0.0127135274769956,0.801025139990011
"8391","401321","LINC00997",-0.0741073600009701,0.0616961037579098
"8392","752014","CEMP1",-0.213059218723195,0.289864041410697
"8393","10919","EHMT2",-0.0951349715784495,1.05626403979036
"8394","51141","INSIG2",-0.0218582615179166,0.998223949200869
"8395","122622","ADSS1",-0.147526768458883,0.541035495950307
"8396","115399","LRRC56",-0.0526217501506588,-2.63156392376898
"8397","5531","PPP4C",-0.0686206937790521,-0.123674834451198
"8398","10476","ATP5PD",-0.0542199996829602,0.220426475920143
"8399","5716","PSMD10",-0.0526748875069334,-0.203617720457646
"8400","6506","SLC1A2",-0.273364171660194,0.660908116797515
"8401","84968","PNMA6A",-0.166333854269648,1.28184075840333
"8402","5810","RAD1",-0.0790250508682595,-0.10015366402184
"8403","1340","COX6B1",0.00969279599448392,0.00884530771326908
"8404","9625","AATK",-0.195185362609146,1.691070450648
"8405","84327","ZBED3",-0.0718291837666785,0.598838618689963
"8406","93663","ARHGAP18",0.159805978200773,-0.145588180107103
"8407","645683","RPL13AP3",-0.151536923320612,-0.0622002977425267
"8408","7837","PXDN",-0.149954166519687,0.462111126655746
"8409","5579","PRKCB",0.0891448370942105,-0.903958781768432
"8410","51616","TAF9B",0.0763348727554902,0.473266568738494
"8411","399979","SNX19",-0.0509449483045206,0.024127904553521
"8412","7423","VEGFB",-0.137457405876615,0.269464099306227
"8413","7184","HSP90B1",0.0018924667831115,0.312833106897356
"8414","8879","SGPL1",0.0321508869669831,0.610609006527277
"8415","1393","CRHBP",0.516729390565886,0.23171269120275
"8416","10189","ALYREF",-0.0934506327410896,-0.254703811378772
"8417","10230","NBR2",-0.142908971977506,-0.510732192353486
"8418","1870","E2F2",0.0559495807431992,2.39911895132456
"8419","102723390","FRG1EP",-0.0331284227713738,0.0723543750764844
"8420","51585","PCF11",0.0658457125436005,0.145412440810692
"8421","51603","METTL13",-0.0119841701500114,-0.634819297503862
"8422","771","CA12",-0.0402099432891508,-3.30093902891989
"8423","9508","ADAMTS3",0.0192692686757727,0.361889092634268
"8424","158427","TSTD2",-0.0768590491391885,-0.251261122842063
"8425","80024","SLC8B1",0.0313717359656454,-0.110881147174692
"8426","23589","CARHSP1",0.0923664050651247,0.0801719803458365
"8427","5565","PRKAB2",-0.0686895084691166,-1.15549782456143
"8428","284702",NA,0.144044367064405,0.641046038915466
"8429","5962","RDX",0.0133651763292155,-0.00602062378947998
"8430","88745","RRP36",0.0272844068036973,-0.247131273442792
"8431","129080","EMID1",-0.295283371824297,-0.00282241502764324
"8432","3717","JAK2",0.111350109480655,0.762017868820188
"8433","135228","CD109",0.0287801463430872,-0.314885948859039
"8434","144811","LACC1",-0.0632957053453067,-1.64488753647743
"8435","285367","RPUSD3",-0.00605346769943615,0.874979641234479
"8436","1515","CTSV",-0.232116227118249,-1.08750992135643
"8437","79633","FAT4",0.219209145864472,-0.27940019421857
"8438","642778","NPIPA3",0.0498952748138478,-0.294855695060402
"8439","728841","NBPF8",0.159220143188396,0.273673496802578
"8440","9563","H6PD",-0.0528157367494169,0.0875352477206386
"8441","6434","TRA2B",-0.0369931629771036,0.79182546829208
"8442","54828","BCAS3",0.0770275566236434,0.417216957907059
"8443","7464","CORO2A",0.116369070859788,-1.46413677800933
"8444","22876","INPP5F",0.0465362563481255,-0.0778917836030288
"8445","84135","UTP15",0.0604635381849334,0.435631327017279
"8446","2005","ELK4",0.0711947956902712,-0.356319556378438
"8447","8226","PUDP",-0.0287220866462645,-0.365013737394317
"8448","134265","AFAP1L1",0.0306821694229749,1.13979459046389
"8449","91445","RNF185",0.00410146825065105,-0.593744110016595
"8450","26273","FBXO3",-0.0867857975097754,-0.117036988803838
"8451","25816","TNFAIP8",-0.0888705858406653,-0.989347432000389
"8452","387758","FIBIN",-0.270781197192052,1.17129902023949
"8453","56666","PANX2",-0.164000127569887,0.00461797152178578
"8454","23223","RRP12",-0.0660520574094754,-0.570811670495792
"8455","6602","SMARCD1",0.0259795100331708,0.0260186586571081
"8456","81671","VMP1",0.0854663116274184,-0.10180759278896
"8457","1489","CTF1",-0.138775122157204,-0.0249249493214925
"8458","3638","INSIG1",0.160543811722559,0.65780782021189
"8459","79611","ACSS3",-0.0179614691317935,0.483066675382935
"8460","56142","PCDHA6",-0.245790908962829,1.00719040802546
"8461","64901","RANBP17",0.0484440049116377,1.94265989849895
"8462","112597","CYTOR",-0.0788775084954763,-1.86553893327631
"8463","8991","SELENBP1",-0.158404245450793,0.35840045263191
"8464","7916","PRRC2A",0.0871567874177419,0.672858168209759
"8465","3939","LDHA",-0.199338607137209,0.602139271880679
"8466","10468","FST",-0.254351257818084,-0.667377503651768
"8467","25799","ZNF324",0.0331696526199128,-1.08891229898374
"8468","148413","MRPL20-AS1",0.0301404498058107,-0.108768877845419
"8469","2804","GOLGB1",0.0751456651907949,0.0869764248778822
"8470","127435","PODN",-0.2266457313334,-0.510803322121808
"8471","200916","RPL22L1",0.171395857435511,2.14409160901873
"8472","55593","OTUD5",-0.0617306781302229,-0.529384812323165
"8473","6768","ST14",-0.55283649944761,-3.54242221114184
"8474","57469","PNMA8B",0.0720789031169748,1.34068292047214
"8475","23049","SMG1",0.110110479267613,0.031060804336513
"8476","440028","LINC02709",0.0775240139872929,-0.167446697633448
"8477","308","ANXA5",-0.140349924494132,-0.828596579644159
"8478","79710","MORC4",-0.148990794835596,-1.94947769789604
"8479","79699","ZYG11B",0.063320982660092,0.0318373269665608
"8480","104","ADARB1",0.121788005569917,-0.319805120306272
"8481","5687","PSMA6",-0.0783451138012419,-0.112225152398574
"8482","56260","C8orf44",0.148841648140253,-0.541198639453961
"8483","6157","RPL27A",0.0524143251793481,-0.0847667223171849
"8484","65220","NADK",-0.0794116172136201,-0.25650850387723
"8485","83855","KLF16",-0.0495453898226561,0.0459049367330486
"8486","399687","MYO18A",0.00833556536884394,0.703223139154312
"8487","388610","TRNP1",-0.0569771827218677,0.33312376260867
"8488","5869","RAB5B",0.0617586396955252,-0.0792640257573778
"8489","54834","GDAP2",0.0864843705647464,-0.272229894626173
"8490","79587","CARS2",0.0314466141345671,0.272122212165964
"8491","150678","COPS9",-0.0930127389456112,-0.573683931737209
"8492","9806","SPOCK2",-0.318825381132471,-1.11620745299163
"8493","641339","ZNF674",-0.149245946175273,-0.391368997889619
"8494","122830","NAA30",0.0106356306377293,0.0344667963595642
"8495","100506164","HSFX1",-0.0769027267829465,1.19123674882436
"8496","105371397",NA,0.11783700649375,-0.0972598590342632
"8497","79159","NOL12",-0.0327050922835666,0.149824792317923
"8498","328","APEX1",-0.0179948989914198,0.650291940970606
"8499","84331","MCRIP2",-0.162648112483684,0.661791537944549
"8500","79026","AHNAK",0.148716857019203,-0.372915555237086
"8501","25886","POC1A",0.129480351626593,0.365662517376521
"8502","129531","MITD1",-0.0628015434256732,0.0598553454287281
"8503","10954","PDIA5",-0.143630013247688,-0.0533488371845539
"8504","9320","TRIP12",0.0712593442210263,-0.155156739612423
"8505","10902","BRD8",0.0785389396840817,0.258406626374186
"8506","55757","UGGT2",0.0140328454506253,0.236712674403513
"8507","54602","NDFIP2",-0.068499011326101,0.169363276795869
"8508","339318","ZNF181",0.108265353883528,0.0140771628029501
"8509","6556","SLC11A1",-0.239466008691039,-1.51986268410717
"8510","57148","RALGAPB",0.067988622701411,-0.338801508015278
"8511","51016","EMC9",-0.124164612431148,0.191249562886626
"8512","57537","SORCS2",-0.202046994632009,-0.0211880338101968
"8513","132321","C4orf33",0.0760528106818794,0.700851211452298
"8514","55203","LGI2",-0.0330195334179804,1.48686939459991
"8515","8846","ALKBH1",0.112898645357875,-0.424290456203289
"8516","80723","SLC35G2",-0.0800383620398617,-3.04338712555989
"8517","8772","FADD",0.0656347210269912,-0.611158850592584
"8518","22848","AAK1",0.183384187868283,-0.132266325462347
"8519","150221","RIMBP3C",0.699340667596978,-0.0646652583477067
"8520","51079","NDUFA13",-0.11948874812139,-0.08900676087843
"8521","440584","SLC2A1-DT",-0.109701678177573,-0.42822219437009
"8522","84942","WDR73",0.0406241122514261,-0.178720723148695
"8523","374","AREG",-0.00307493618265609,-0.945993820708597
"8524","6480","ST6GAL1",0.100265160392057,0.580125037491632
"8525","65996","CENPBD2P",-0.0326702830870831,-0.0615732816161847
"8526","26511","CHIC2",0.0123792637431928,-0.956958209113441
"8527","1026","CDKN1A",-0.112841342933425,-1.53071648522261
"8528","55743","CHFR",-0.00630455311390321,-0.0422809854203745
"8529","26108","PYGO1",0.107887126266097,-0.480221931456058
"8530","389362","PSMG4",0.105974314090211,0.0548175843662979
"8531","219899","TBCEL",0.0504067233680656,-1.0018113282901
"8532","55770","EXOC2",-0.0414044304831309,0.433094595971739
"8533","7159","TP53BP2",-0.0228448349551424,-0.232165760020463
"8534","57820","CCNB1IP1",-0.0144664930759877,0.68304683604429
"8535","51117","COQ4",-0.0210247775916814,-0.298644964827051
"8536","493","ATP2B4",0.0567599109906176,0.617839420525495
"8537","10526","IPO8",0.137686115595593,0.59145293385461
"8538","25953","PNKD",-0.0444259344310405,0.627829531631448
"8539","79819","DNAI4",-0.0893489433893042,-0.263969086959379
"8540","93627","TBCK",-0.0394008289761478,0.55109173219446
"8541","100288198","HMGN3-AS1",0.117437537393932,-1.13183531624128
"8542","1993","ELAVL2",0.171757434114341,-0.0362270990948999
"8543","84270","CARD19",-0.147155897229637,-0.249619399984344
"8544","85409","NKD2",-0.125524494884084,-1.09632036302299
"8545","92126","DSEL",-0.265357341293241,-1.8115679876775
"8546","10055","SAE1",-0.0729237912875877,0.596950138209891
"8547","645","BLVRB",-0.124070438903171,-1.89727236753828
"8548","147807","ZNF524",0.0186951849136303,-1.40976944172617
"8549","2348","FOLR1",-0.170082059438482,0.138257880897994
"8550","8969","H2AC11",-0.0809369732180233,-3.83789438626373
"8551","51805","COQ3",-0.0645041445812935,0.842636022745523
"8552","54466","SPIN2A",-0.113428282141647,-0.0940746736668912
"8553","405753","DUOXA2",-0.54534436549265,-5.33066431342733
"8554","55667","DENND4C",0.113853385195775,-0.605352663871442
"8555","378","ARF4",0.0574698822941917,-0.398781106372373
"8556","286527","TMSB15B",0.103731026369176,-0.00929000792724888
"8557","27190","IL17B",0.173280141441708,1.07346572007075
"8558","10202","DHRS2",0.491631286953148,-4.99112592876742
"8559","387700","SLC16A12",0.0961527440302614,0.715415295588227
"8560","256309","CCDC110",-0.0253478914584085,-1.33893329804402
"8561","101927989","ZNF516-AS1",-0.200058999656208,-1.37441882563477
"8562","84144","SYDE2",-0.074756468757637,-0.182606167330093
"8563","7167","TPI1",-0.178173992455005,0.330783977560946
"8564","23632","CA14",-0.0835626842260986,1.74135825088643
"8565","5691","PSMB3",-0.0858279002065876,-0.0288951918200384
"8566","135112","NCOA7",0.290855626006383,0.301953839377872
"8567","29979","UBQLN1",0.0560401135778719,0.229997106580816
"8568","118987","PDZD8",0.00766440012817338,-0.268707841341912
"8569","25940","FAM98A",0.0839799737021352,0.983113008480734
"8570","84812","PLCD4",0.0359904183200725,-0.141467063490032
"8571","768206","PRCD",-0.0141510342606611,-0.897807192826805
"8572","51028","VPS36",0.133404037025904,1.15542497061448
"8573","1633","DCK",-0.0894873061099917,0.919045236001482
"8574","100507420","LINC01605",0.0746827693615129,-0.777561423560778
"8575","100271927","RASA4B",-0.188525994281282,0.133915079674372
"8576","966","CD59",-0.10907572096958,-0.944681767396347
"8577","55055","ZWILCH",0.0759213416727369,1.07393709346824
"8578","55501","CHST12",-0.0907064802233348,0.118506689063498
"8579","222194","RSBN1L",0.169578371958991,-0.179554755737237
"8580","51177","PLEKHO1",-0.0850296939425244,0.353345372360189
"8581","84100","ARL6",-0.00660613212263295,1.00893839240667
"8582","9907","AP5Z1",-0.135326870759978,-0.761748594152174
"8583","51397","COMMD10",0.0638889802944007,0.205981563601851
"8584","51657","STYXL1",-0.0590359028566114,-0.0691091975255587
"8585","439921","MXRA7",-0.104816374334517,0.0724493797051267
"8586","10457","GPNMB",-0.180719223668991,-1.20338440247676
"8587","23256","SCFD1",-0.0168571901135328,-0.0166513040804137
"8588","9048","ARTN",-0.204103711128437,-1.28914194762132
"8589","6566","SLC16A1",-0.0616338638179705,0.589204732506602
"8590","114044","MCM3AP-AS1",0.16748212561632,0.429187185059875
"8591","291","SLC25A4",-0.0965522680022612,0.767996126034614
"8592","441024","MTHFD2L",0.104658415341224,0.433175866299129
"8593","100507602","TRIM52-AS1",-0.111338595902361,0.100230192279934
"8594","283869","NPW",-0.285160512169956,0.0493530366217168
"8595","55505","NOP10",0.0943988751835994,0.189142820904753
"8596","221935","SDK1",-0.138073566747292,0.98424295763143
"8597","6545","SLC7A4",-0.0655661054986818,1.49460910529005
"8598","11243","PMF1",-0.114381976471382,0.817246534262974
"8599","53407","STX18",0.0582036560418508,0.0238119455573873
"8600","5335","PLCG1",0.0100342442304777,-0.252973288337501
"8601","10951","CBX1",0.0263811131314249,0.397407487042564
"8602","9352","TXNL1",-0.0439930744162682,-0.0456551830727454
"8603","11339","OIP5",0.0531812037917554,1.69452047078588
"8604","64710","NUCKS1",0.0618977882063465,0.0569814975834646
"8605","6777","STAT5B",0.0534211428120352,0.297193250494986
"8606","26046","LTN1",-0.00333686506784048,0.23696319730106
"8607","102723508","KANTR",0.211541663693102,0.795764961667326
"8608","80332","ADAM33",-0.384926226526204,0.0719275335478975
"8609","9767","JADE3",0.0849988909959909,-0.755918831971857
"8610","11147","HHLA3",-0.112690372505864,-0.768913912053062
"8611","64975","MRPL41",-0.160149865248311,0.368391233923086
"8612","10054","UBA2",0.0136326848543593,0.0243869844100342
"8613","54332","GDAP1",-0.0129572981628643,-0.0328850721589062
"8614","79192","IRX1",0.692943072337166,-0.684355069109349
"8615","147081","LINC02210",0.00957248122154042,-0.0929654116478796
"8616","51741","WWOX",0.00536305012338634,1.16082417851303
"8617","5576","PRKAR2A",0.0164785514373378,0.143831673736893
"8618","4277","MICB",-0.316749636203536,-0.628269138434624
"8619","9654","TTLL4",-0.00065886975952445,0.829462981630396
"8620","9841","ZBTB24",0.177910294751495,-0.00751348196960144
"8621","101410538","MMP24OS",-0.164503417458043,-0.226230371770983
"8622","10782","ZNF274",-0.0501147313584047,-0.812157798262087
"8623","4853","NOTCH2",0.125775678350865,0.0145487298677329
"8624","10048","RANBP9",0.0458967169612245,-0.0135789088157594
"8625","84439","HHIPL1",-0.0950976173016453,-0.141818166738484
"8626","54541","DDIT4",0.23887257290047,-0.874340265470742
"8627","89795","NAV3",0.201453377253747,-1.0867929293632
"8628","4313","MMP2",-0.32014694667297,-0.966015588405389
"8629","130814","SLC66A3",-0.134178524013007,0.119829098557129
"8630","7768","ZNF225",0.0815662508617727,-0.0821772501983959
"8631","84065","TMEM222",-0.0838557506679063,-0.566460729431068
"8632","22809","ATF5",-0.0680556712364977,-0.366553652937715
"8633","730","C7",-0.0974676152330129,0.421448317877685
"8634","100505812","CARD8-AS1",-0.136591752280667,-0.418936389134169
"8635","388630","TRABD2B",0.344910707906091,-0.38538851299556
"8636","6419","SETMAR",0.0561659568818262,0.0900245458692539
"8637","100129387","GABPB1-AS1",0.0746257424295074,-1.29360098122262
"8638","7386","UQCRFS1",-0.0357023448727247,-0.00701211736637042
"8639","8925","HERC1",0.0638844276102617,0.59874121441826
"8640","79674","VEPH1",-0.0694378067458964,0.658189935265883
"8641","26834","RNU4-2",0.0162261197690308,0.449013052423879
"8642","286148","DPY19L4",-0.00877884789195882,0.223116899673466
"8643","6901","TAFAZZIN",-0.0671922707483743,0.517466218111204
"8644","56920","SEMA3G",-0.127204639833618,-0.925777780205459
"8645","55799","CACNA2D3",-0.191185807298959,-0.899765162856128
"8646","29945","ANAPC4",-0.0305719963688817,0.327732736895926
"8647","51778","MYOZ2",0.166508699362762,0.68513901878935
"8648","9179","AP4M1",-0.0941798919913452,0.184403123709318
"8649","9578","CDC42BPB",-0.00378294061716389,-0.23880645405276
"8650","196446","MYRFL",-0.0937843320139136,0.304166179613881
"8651","9684","LRRC14",-0.019804841736641,-0.0548716715851247
"8652","11123","RCAN3",-5.43511256947404e-05,-0.277470740635457
"8653","139886","SPIN4",0.0684070445348879,-0.890976143236671
"8654","2512","FTL",0.0304742769510327,-0.724513752177195
"8655","729262","NUTM2B",0.197069293470027,-0.318110672612454
"8656","79724","ZNF768",0.0764978588613774,0.0966950505264501
"8657","5452","POU2F2",-0.400406221454053,0.862882232720259
"8658","26778","SNORA70",0.167912958117959,0.111647510930334
"8659","55529","PIP4P2",0.105349451562967,0.142772608581607
"8660","54849","DEF8",-0.067666914652988,0.317516124131286
"8661","11145","PLAAT3",-0.124707753624597,-0.301730779312488
"8662","125206","SLC5A10",-0.0624374380720609,-2.06246337034528
"8663","7324","UBE2E1",0.0480794242129869,0.115533563858427
"8664","1647","GADD45A",-0.131756693008485,-1.57566252354166
"8665","400966","RGPD1",0.168869545809623,-0.0964088685965012
"8666","352954","CASTOR3",0.0378836191554419,-0.992532883154881
"8667","6120","RPE",0.100579029864764,0.15200374681101
"8668","80196","RNF34",-0.0196479027931584,-0.0472423920093963
"8669","30836","DNTTIP2",-0.0538988162223912,-0.244069942320172
"8670","9203","ZMYM3",0.132275318867397,1.18342265714432
"8671","5870","RAB6A",-0.017984401383794,-0.0976292689986993
"8672","23682","RAB38",0.0967648498717958,0.444223912262136
"8673","84188","FAR1",0.0714877980049895,0.644561169280744
"8674","286204","CRB2",0.115984631082755,2.80092472114929
"8675","23408","SIRT5",0.0663698532059209,-0.156231378390533
"8676","26010","SPATS2L",0.0333879560107002,-0.513733694586844
"8677","2237","FEN1",-0.155925750829412,0.477881255245578
"8678","120114","FAT3",0.145320833798206,1.20736060833015
"8679","29780","PARVB",-0.0759353883551017,-0.072001518572141
"8680","147965","FAM98C",-0.174026277395811,-1.22984322416136
"8681","81706","PPP1R14C",-0.132875586520554,-0.0154917053621233
"8682","282974","STK32C",-0.196879058428165,0.115867191114488
"8683","643911","CRNDE",-0.187929854382684,-0.277385338230264
"8684","65244","SPATS2",0.0536501296011949,0.169624242649871
"8685","56985","ADPRM",-0.128231801798234,-0.744927973324744
"8686","9637","FEZ2",-0.0582340746317618,-0.157265781375202
"8687","85377","MICALL1",-0.0154902152572909,-1.76860738521614
"8688","1457","CSNK2A1",0.0595817516436536,0.209107977967216
"8689","4254","KITLG",-0.159740366648072,-1.25476418782556
"8690","80303","EFHD1",0.139653413566225,-0.353324857345648
"8691","8850","KAT2B",0.0787400807490712,-1.08580139245038
"8692","54386","TERF2IP",-0.0503219595081452,-0.403431017009383
"8693","51661","FKBP7",0.0182933686302724,0.835762258705435
"8694","4973","OLR1",-0.146319648116004,-2.0838102046234
"8695","1158","CKM",-0.187178267181492,0.466628669520677
"8696","8218","CLTCL1",-0.0847087179990398,0.160140596880249
"8697","10213","PSMD14",-0.0562914887189487,0.656006480228597
"8698","10610","ST6GALNAC2",-0.0805565291449868,-3.91038696028608
"8699","79719","AAGAB",-0.0176294826961012,-0.285076988552039
"8700","1844","DUSP2",-0.180192587829269,-2.3112073115055
"8701","8663","EIF3C",0.0121348538870674,0.162169497680176
"8702","91408","BTF3L4",0.0157649954146004,0.00068356038440065
"8703","7866","IFRD2",-0.0288532905301206,0.620532620021757
"8704","4361","MRE11",-0.0170072161643535,0.102145964015084
"8705","6132","RPL8",-0.0866588121028151,0.0189165629629073
"8706","6093","ROCK1",0.0772863395773813,0.193340690225924
"8707","4200","ME2",-0.047837313070243,0.125902795704772
"8708","55072","RNF31",-0.000254810127770178,-0.0802706170197975
"8709","4796","TONSL",-0.0854670341160686,1.32106776177807
"8710","3985","LIMK2",-0.055641487361263,-1.71541881967479
"8711","246269","AFG1L",-0.00794269648220292,0.458977688867569
"8712","84815","MGC12916",0.13468143961828,-0.222685029400726
"8713","7753","ZNF202",-0.0365399049827277,-0.279595737775161
"8714","6470","SHMT1",0.0369109836003023,1.80961379174715
"8715","373","TRIM23",-0.0819896233066775,-0.0651952966604785
"8716","339487","ZBTB8OS",0.072336218330542,-0.101558209384878
"8717","3516","RBPJ",0.0794314984215569,0.0502326803565891
"8718","83734","ATG10",-0.0822571224526545,0.557595905236466
"8719","91368","CDKN2AIPNL",-0.127105588965776,0.727971769148518
"8720","169200","TMEM64",0.0316574533276608,-0.226342106941876
"8721","134492","NUDCD2",0.0662075373867133,1.46757485369963
"8722","54970","TTC12",-0.0717314494927304,-0.635256773345521
"8723","9559","VPS26A",-0.071726992188947,-0.215075468667763
"8724","84277","DNAJC30",-0.069540633842518,0.0632651481690125
"8725","284325","C19orf54",0.134889500549443,0.199528330271999
"8726","8175","SF3A2",-0.00793944273179825,0.322271783287504
"8727","9016","SLC25A14",-0.0914026735781812,0.292698007053751
"8728","348327","ZNF530",-0.16523629022273,0.45745668500246
"8729","5602","MAPK10",0.136639584902142,0.146881916437073
"8730","613037","NPIPB13",0.124222374165225,0.0674366317143072
"8731","56980","PRDM10",0.101754344404761,-0.596660430098195
"8732","51057","WDPCP",0.0215022562645109,0.281935927391615
"8733","28958","COA3",0.0183341287893475,0.712413052507103
"8734","10699","CORIN",-0.165203351298374,1.03340420886013
"8735","87769","GGACT",-0.133469937832987,0.0310423454358563
"8736","83547","RILP",0.0976283566684124,-0.0693914564410303
"8737","4534","MTM1",0.0393273334911206,-0.558564710016242
"8738","10169","SERF2",-0.100755427751282,0.0213800639196791
"8739","79090","TRAPPC6A",-0.147773331347846,-0.30016170291305
"8740","51001","MTERF3",0.0902035471885201,1.09288652356515
"8741","4599","MX1",0.465758638836664,-2.26114761886665
"8742","29087","THYN1",0.0426833478858599,0.623864855317388
"8743","26287","ANKRD2",0.0494530614440757,-0.407540780108808
"8744","5861","RAB1A",-0.0447069104554512,-0.615381486191404
"8745","55957","LIN37",0.00139656881811323,-0.00934835685890301
"8746","22919","MAPRE1",-0.0609770798851219,-0.487609733313572
"8747","5976","UPF1",-0.0320383165798406,-0.365954572218276
"8748","5256","PHKA2",-0.111471323933541,0.636467312137018
"8749","60","ACTB",0.215383273888047,0.858932710253235
"8750","6171","RPL41",-0.109933342863529,-0.0278476167462367
"8751","81605","URM1",-0.0570231264329761,-0.00310350225188305
"8752","11275","KLHL2",-0.0179342864377601,-0.150761588247033
"8753","388135","INSYN1",-0.0502642920563883,-0.742784977344344
"8754","79567","RIPOR1",0.0614018506953915,-0.0220396260507627
"8755","26255","PTTG3P",0.21241055950763,-0.999674902474625
"8756","9786","KIAA0586",0.108571416914252,0.657770112628691
"8757","84870","RSPO3",0.0939340165424387,0.816230735185702
"8758","140458","ASB5",0.0662979329152256,-0.0946663475906961
"8759","9230","RAB11B",-0.0921514443688354,0.188586519876445
"8760","115752","DIS3L",0.0550467361259592,0.431701159585701
"8761","84343","HPS3",-0.0605973496134986,-0.502100292192161
"8762","378706","RN7SL2",0.422800189332728,0.0321595986158143
"8763","79002","TRIR",-0.0556083730653993,-0.118408267651046
"8764","55856","ACOT13",0.0727358159818507,0.565991388499042
"8765","5187","PER1",-0.132977745183569,-1.04210746251346
"8766","91750","LIN52",-0.0475962022325667,0.127197285914568
"8767","23597","ACOT9",-0.104661966904461,0.278520749543357
"8768","201965","RWDD4",-0.00807626967713926,0.134744801487074
"8769","3257","HPS1",-0.121118655188236,-0.716244631026036
"8770","151613","TTC14",0.0695104850352033,0.292006632819514
"8771","57716","PRX",-0.0452256482266153,-0.0874156033362308
"8772","729830","FHIP1A",0.177917967613877,-0.000818078797235167
"8773","28992","MACROD1",-0.232308312911208,0.256341832810217
"8774","6608","SMO",0.0131926231349011,0.351766821938465
"8775","9465","AKAP7",-0.0485096671358072,0.366225182840039
"8776","55201","MAP1S",0.00587463840873337,-0.42570768423027
"8777","8505","PARG",-0.0231152717345022,-0.107796616145484
"8778","9765","ZFYVE16",0.112236031503836,-0.183001982581785
"8779","91133","L3MBTL4",0.19025694181947,0.0895528093024756
"8780","64146","PDF",-0.160154161093543,0.411195118437516
"8781","55855","DENND10P1",-0.0205125109786239,-0.301111550300297
"8782","29015","SLC43A3",-0.134938723743833,0.0758922582026926
"8783","83886","PRSS27",0.0339386951946676,0.152914747129336
"8784","101928841",NA,-0.0354459564815377,1.33607451882662
"8785","78992","YIPF2",-0.0894878300730353,0.460717220071459
"8786","2317","FLNB",0.189735522135991,-0.0988592746872827
"8787","729683","LOC729683",-0.231164465795912,-2.4810911930003
"8788","8291","DYSF",0.075456333411946,0.877100071775097
"8789","55973","BCAP29",-0.101241262824358,1.24272424606978
"8790","7718","ZNF165",-0.0526291312230389,-0.323556411250692
"8791","100505832","PROX1-AS1",0.0637626894026909,-0.3361504698595
"8792","101926888","RALY-AS1",-0.166815272640707,-2.11551679265572
"8793","4931","NVL",0.0677447594124128,0.0199489853931691
"8794","744","MPPED2",0.0918499599791947,0.563452618335019
"8795","7532","YWHAG",0.00468784284571022,-0.262457013364081
"8796","1263","PLK3",-0.342643609340428,-3.03736733377434
"8797","4319","MMP10",-0.348053687738415,-0.203876466080932
"8798","6920","TCEA3",-0.150704342546233,-0.617403909541859
"8799","54660","PCDHB18P",-0.191821644140045,0.291105208165434
"8800","55312","RFK",0.0369255236925374,-1.07070990554505
"8801","55117","SLC6A15",-0.0523911604682589,0.114953293616398
"8802","1780","DYNC1I1",-0.108740518439535,1.65969639016264
"8803","160777","CCDC60",-0.359441558462419,-4.07871191332998
"8804","92140","MTDH",0.0357145648915926,0.206574466157973
"8805","516","ATP5MC1",-0.09081478247366,0.379768494566989
"8806","5819","NECTIN2",-0.0934697035730867,0.33270293115956
"8807","133383","SETD9",0.131712243748447,0.016483189105351
"8808","55719","SLF2",0.0123993962335929,-0.203834497710478
"8809","148223","C19orf25",-0.0978092010662266,-0.266988131999077
"8810","57460","PPM1H",0.168775838378095,-0.0155779257145756
"8811","92797","HELB",-0.145597058107061,-0.44735178497124
"8812","845","CASQ2",-0.073296229945564,0.347636910052842
"8813","2676","GFRA3",-0.22494829091124,-0.204459844386721
"8814","10203","CALCRL",-0.132771733293178,0.468122093643591
"8815","100499466","LINC00674",-0.0515477923671925,-0.561979524351074
"8816","7181","NR2C1",0.0113033405772383,-0.0784166135621076
"8817","3263","HPX",-0.426926536918413,-2.25493109592134
"8818","8140","SLC7A5",0.165276388781701,-0.637995427794367
"8819","23142","DCUN1D4",0.00672260360989174,0.242193172377627
"8820","8263","F8A1",0.157212165064881,-0.117294791288784
"8821","83461","CDCA3",0.167552878929111,0.972673575543317
"8822","4430","MYO1B",0.0894720972108081,-0.779758490512209
"8823","63934","ZNF667",-0.0535429251681836,-0.41758732333197
"8824","7422","VEGFA",-0.158625390317206,-0.244899825126685
"8825","256356","GK5",0.000195124984843531,0.580661363236267
"8826","10060","ABCC9",0.0210778680744959,0.342696343397376
"8827","117854","TRIM6",0.0256016814335924,0.509565599633624
"8828","103689912","TBX2-AS1",-0.122713821772976,-1.19263429941347
"8829","2042","EPHA3",-0.241306771818971,0.126414900933917
"8830","200030","NBPF11",0.0343543097542289,0.178059055664095
"8831","23766","GABARAPL3",-0.114639198576618,-0.601291103423219
"8832","155400","NSUN5P1",-0.0379434031295469,-0.452483418699544
"8833","4037","LRP3",-0.0599848813826771,0.289101066149411
"8834","253512","SLC25A30",-0.110491620338214,0.260674294619416
"8835","8365","H4C8",-0.113593935636045,-2.36364929331179
"8836","653121","ZBTB8A",0.0658980180179878,-0.914880608230588
"8837","25780","RASGRP3",0.0817771921426438,-0.204247395689671
"8838","26578","OSTF1",-0.0950036301330242,0.0377537153729444
"8839","440894","LINC01123",-0.139715808620118,-0.0196298979952956
"8840","341640","FREM2",0.0764599581250494,0.322969104275155
"8841","84284","NTPCR",-0.0882483893556714,-0.412777869393214
"8842","91409","CCDC74B",-0.167212061478316,-0.806851410610316
"8843","57620","STIM2",0.141080778065676,-1.05743325950287
"8844","51393","TRPV2",-0.32711115688944,-0.153683407875725
"8845","6327","SCN2B",0.0256111826157412,3.19415833762123
"8846","220988","HNRNPA3",0.0758235490319841,-0.0190855244141765
"8847","89932","PAPLN",-0.156517262145173,-0.135176604886497
"8848","50651","SLC45A1",-0.200396088077828,-0.9118636935719
"8849","84798","C19orf48",-0.166235097352885,0.248663949909
"8850","6001","RGS10",0.162438886658132,-0.0751196302697636
"8851","55349","CHDH",-0.126438584754622,0.229870749934689
"8852","91526","ANKRD44",0.20178799427853,0.68187984076271
"8853","54065","SMIM11",0.0272061585842249,0.517955083654098
"8854","79969","ATAT1",0.103329379249312,0.114648439831388
"8855","51247","PAIP2",-0.0872361385085059,-0.163883156868097
"8856","79872","CBLL1",-0.01768258202826,-0.145768280644886
"8857","51728","POLR3K",0.100837272235538,1.38410116043091
"8858","25994","HIGD1A",0.0926717505001236,-0.105120464386111
"8859","64129","TINAGL1",-0.104066294051005,0.336596105793749
"8860","55192","DNAJC17",0.0427357714571457,0.510720202172681
"8861","1001","CDH3",-0.160167387789371,-1.07242199717183
"8862","5145","PDE6A",-0.015115079002687,-1.94440632233405
"8863","6142","RPL18A",-0.0852646812081215,-0.2112081626279
"8864","8324","FZD7",0.0406486427840447,-0.682488362017666
"8865","3084","NRG1",0.22252067454277,-2.205095032248
"8866","54801","HAUS6",0.0814105953692916,0.546921724434532
"8867","28984","RGCC",-0.291129316017132,-3.94050107359829
"8868","132299","OCIAD2",-0.155519634574565,-0.342255305093548
"8869","340061","STING1",-0.0647798011312979,-0.67466252952488
"8870","100885775","BANCR",0.189709133720782,0.690650857670746
"8871","7093","TLL2",-0.117658594025413,-1.02353567670921
"8872","728066","FAM133DP",0.0777898058426949,-0.00297667586505757
"8873","4151","MB",-0.27127283670735,0.340903319401662
"8874","5757","PTMA",0.104461954474599,-0.15698781638056
"8875","8438","RAD54L",0.104307357484227,0.519875029553489
"8876","25878","MXRA5",-0.271817368620314,-3.50464967992229
"8877","5168","ENPP2",-0.31015692140611,-2.56699971353914
"8878","9491","PSMF1",-0.0556961317485616,0.00279175662147679
"8879","55379","LRRC59",-0.0882910929820611,0.026841051806497
"8880","51650","MRPS33",0.0989214954783746,0.138595285666331
"8881","56912","IFT46",0.0950893741962684,-0.0895828379120962
"8882","595","CCND1",0.0899392425190628,-0.94324778288005
"8883","1611","DAP",0.084313038647287,0.126719741742699
"8884","83719","YPEL3",-0.12939422777269,-1.06482225500849
"8885","9931","HELZ",0.109191942002715,-0.478829380097126
"8886","83442","SH3BGRL3",0.145493203356923,0.017476084925315
"8887","55680","RUFY2",0.06769367952342,-0.0636782367717839
"8888","57493","HEG1",0.13631288350798,0.0337150135412667
"8889","60686","C14orf93",0.0580248737296698,-0.430773468524487
"8890","55915","LANCL2",-0.00219305541427506,-0.135731311380926
"8891","2289","FKBP5",-0.0697145373832715,-1.04664173824025
"8892","91977","MYOZ3",0.0773050026641622,1.20161194575858
"8893","23412","COMMD3",0.0172478841798194,0.127926821050542
"8894","54551","MAGEL2",-0.104966590341351,0.97564465006585
"8895","10036","CHAF1A",0.106339152855154,1.64961759730909
"8896","221927","BRAT1",-0.0412274751406665,0.166932305297397
"8897","60672","MIIP",0.00349568724749805,0.416571699753729
"8898","2696","GIPR",0.0068423691724897,0.883259921603837
"8899","54832","VPS13C",0.0153294149715721,-0.515878593115308
"8900","64789","EXO5",-0.0737895377553639,-1.63735559724334
"8901","285025","CCDC141",0.317594009114961,1.53605234580135
"8902","51286","CEND1",-0.123228789723194,1.19426419002044
"8903","4072","EPCAM",-0.215230517952232,-0.219601198556026
"8904","102724105","ZNF528-AS1",-0.169264925524104,-0.523474843973945
"8905","10518","CIB2",-0.101185908062993,-0.00741816811735596
"8906","116228","COX20",-0.100737203311174,-0.0882064168609333
"8907","56655","POLE4",-0.130629130760698,-0.0918766321743663
"8908","9351","SLC9A3R2",-0.0984414474383595,0.454629157905812
"8909","23139","MAST2",0.00426068577591288,-0.601384860194038
"8910","83742","MARVELD1",-0.112707684363252,-0.0495392899822393
"8911","6238","RRBP1",-0.0104520935577375,0.115683175942499
"8912","4902","NRTN",-0.215339795114804,1.71633465126129
"8913","2330","FMO5",-0.0206402842090481,-0.272322726180922
"8914","4628","MYH10",0.0340396549629212,0.143917248200779
"8915","729970","CNN3-DT",-0.0846568517387232,-0.239774522334899
"8916","114991","ZNF618",0.162410846959452,0.716166803962158
"8917","2953","GSTT2",-0.0632131332401247,-0.156891798281018
"8918","5607","MAP2K5",-0.063954622532215,0.233697966480752
"8919","55631","LRRC40",-0.0911557944731642,0.127565317516226
"8920","126917","IFFO2",0.026354703013201,-1.26704024369978
"8921","9341","VAMP3",0.0522270208459199,-0.398703920027919
"8922","54436","SH3TC1",0.197025653119772,0.742935735061059
"8923","2055","CLN8",0.0216767678428242,-0.732788553213571
"8924","84064","HDHD2",-0.047321711892752,0.0821696033922628
"8925","100129961","CCNT2-AS1",0.163939780656997,-1.2127694544299
"8926","7178","TPT1",0.0462184534710115,-0.250498342429607
"8927","55322","C5orf22",0.0671064195006332,-0.506283727359013
"8928","5050","PAFAH1B3",-0.0332814038175471,1.00252031444443
"8929","440944","THUMPD3-AS1",-0.103006198814272,-0.392193954161867
"8930","8625","RFXANK",-0.0169830535177233,0.799467421624307
"8931","441250","TYW1B",0.159075738140345,0.448752007964531
"8932","3835","KIF22",0.0570270390912864,2.05667795802402
"8933","23520","ANP32C",-0.0452030970213353,0.580036393134863
"8934","22907","DHX30",-0.0514688422719338,-0.0119024151374063
"8935","1806","DPYD",0.248466690778384,-0.184464360233921
"8936","6448","SGSH",-0.0257625055487418,-0.100493299850201
"8937","113026","PLCD3",-0.0785541653025268,-0.280799834638563
"8938","1523","CUX1",0.0671113287702054,0.205684188382378
"8939","22858","CILK1",0.0663837821416697,0.608718108716786
"8940","65124","SOWAHC",0.0257574688588251,-0.624896438719909
"8941","2879","GPX4",-0.0804097759115638,-0.115203590746544
"8942","10946","SF3A3",0.0155294673156661,0.0453633751664659
"8943","30011","SH3KBP1",-0.0472415414091918,-0.0874118333359375
"8944","573","BAG1",-0.097984990558329,-0.131450557434287
"8945","10112","KIF20A",0.158717772725776,2.79615032452132
"8946","154796","AMOT",-0.0686347620062335,0.0564792913494836
"8947","51143","DYNC1LI1",-0.0535901203262492,-0.0244675127011345
"8948","64786","TBC1D15",0.0490699635105178,0.09899792817796
"8949","538","ATP7A",-0.0173422477658676,0.341953865455925
"8950","9463","PICK1",-0.0799544397163157,-0.0653013662884332
"8951","10848","PPP1R13L",-0.113877262670469,-0.0462351557131386
"8952","54733","SLC35F2",0.0241384354876653,0.991474285014667
"8953","3385","ICAM3",0.0760635493439366,0.339317057679216
"8954","84316","NAA38",-0.120425992041865,-0.0247828996026396
"8955","347731","LRRTM3",0.480496118525829,-1.40019866741774
"8956","51002","TPRKB",-0.00734687738293704,0.838253481757293
"8957","83540","NUF2",0.16697029903629,3.13727680499031
"8958","23376","UFL1",0.0682549965353978,0.838563965343742
"8959","8812","CCNK",-0.00939894430089616,-0.734983650219802
"8960","8914","TIMELESS",-0.123218299067513,1.63578190506551
"8961","10256","CNKSR1",0.142305533646498,0.646992347746713
"8962","2876","GPX1",-0.100394771146433,-2.12713346672434
"8963","50855","PARD6A",0.143209510735567,0.252377967172124
"8964","10589","DRAP1",-0.0639567071831442,-0.826516879273637
"8965","115","ADCY9",0.0866913302993124,0.209178007857959
"8966","29934","SNX12",0.0118964576248635,0.38180853627221
"8967","57156","TMEM63C",-0.219814006501808,0.229734391600378
"8968","445","ASS1",-0.130863322068937,-0.507647245854961
"8969","100507634","LOC100507634",-0.0590328361272934,-2.09178854178788
"8970","100134229","KDM7A-DT",-0.145521617599234,-1.67849086560839
"8971","643387","TARDBPP3",0.0617603181994406,-0.222636312735958
"8972","643641","ZNF862",0.0823202405509096,-0.358235887171049
"8973","1839","HBEGF",-0.409786564519504,0.510674241503515
"8974","3912","LAMB1",-0.0642962507444373,0.617552913771805
"8975","124245","ZC3H18",0.0271485201672572,-0.0614479595935018
"8976","55733","HHAT",-0.164918584392356,-1.29968058971659
"8977","79077","DCTPP1",-0.02096805925287,1.18849302628117
"8978","6603","SMARCD2",0.0145930679416573,-0.0349680452592231
"8979","50810","HDGFL3",-0.0563376015076633,-0.192206508973264
"8980","6505","SLC1A1",-0.302406674099772,2.348522406485
"8981","57209","ZNF248",0.361610610310202,0.43661138859003
"8982","115286","SLC25A26",-0.0346118868133463,0.0629450983847146
"8983","8322","FZD4",0.0539596839793104,0.950530577457255
"8984","29887","SNX10",0.165343756769885,1.24682537877827
"8985","390963","ZNF818P",0.0219222829789121,-0.700180774676905
"8986","254048","UBN2",0.0411572901098625,-0.215780393831078
"8987","11264","PXMP4",-0.116379345428687,0.97300318452486
"8988","8502","PKP4",0.0868121179534711,-0.477417209840585
"8989","11129","CLASRP",-0.082524831029664,-0.211760949446835
"8990","7412","VCAM1",0.214215368352685,4.99748456532347
"8991","398","ARHGDIG",-0.192102237897767,0.250792723755667
"8992","56129","PCDHB7",-0.0378050117319797,0.635800469493501
"8993","9827","RGP1",0.0171012921912461,-0.0194146569286402
"8994","54932","EXD3",-0.10442091937754,-0.344121756087128
"8995","29777","ABT1",-0.0642765926735063,0.0291956142347187
"8996","646903","LOC646903",-0.185467858742495,-0.87615850443564
"8997","10330","CNPY2",-0.036821710010714,-0.0279656059405307
"8998","441150","C6orf226",-0.170653261406248,-1.07938958392786
"8999","23059","CLUAP1",0.0584601653602359,0.758024506225913
"9000","79188","TMEM43",-0.0673663035074101,0.0946058477853953
"9001","100287216","SH3RF3-AS1",0.063919766729554,-0.400711036818145
"9002","9802","DAZAP2",-0.04333324529442,-0.585532442339616
"9003","8533","COPS3",-0.0394286956774703,-0.0988993631323636
"9004","83590","TMUB1",-0.0805141219034002,0.181261597975745
"9005","84679","SLC9A7",-0.0393625819298986,-0.159025188420204
"9006","221545","C6orf136",0.0695846205983202,0.53413102418677
"9007","26973","CHORDC1",0.0740694644977689,-0.140426684368228
"9008","80232","WDR26",-0.0102704077809719,-0.485034835064822
"9009","115703","ARHGAP33",-0.025406304164032,2.44344762886033
"9010","151393","RMDN2",-0.0174080585994001,0.466155226020433
"9011","11046","SLC35D2",-0.0364094281149629,1.23873030497922
"9012","8654","PDE5A",-0.157252538880392,-0.0227421060290416
"9013","57510","XPO5",-0.0137860367591767,0.23418777640143
"9014","115024","NT5C3B",-0.0417950611702134,0.405833624685163
"9015","10186","LHFPL6",-0.0934110801715384,0.863067887421141
"9016","2261","FGFR3",-0.329711995466235,-3.04335897442
"9017","6135","RPL11",0.0622996555717759,-0.0125187398181943
"9018","79915","ATAD5",0.157095995369572,1.02738317560122
"9019","2009","EML1",-0.0987327850324644,-0.417150138347298
"9020","51454","GULP1",0.0982196590770728,-0.763521534938836
"9021","219931","TPCN2",-0.049698889089492,0.304799656619862
"9022","100131998","RRN3P3",0.107423846261903,0.154429572737678
"9023","7434","VIPR2",0.178585689211178,0.0550877320025411
"9024","8705","B3GALT4",-0.0952502737048326,0.212903815435667
"9025","84922","FIZ1",0.04650171211527,-0.208892742957731
"9026","2580","GAK",0.0882668883365145,-0.348852170168939
"9027","10056","FARSB",0.0187770505096436,0.767800024074245
"9028","23195","MDN1",0.101577745223907,0.180334093814157
"9029","118672","PSTK",-0.102623895629608,-0.108721068697252
"9030","7171","TPM4",0.0541269566350975,0.582011364074023
"9031","9556","ATP5MJ",0.0555895050746997,0.0575483670521466
"9032","1803","DPP4",-0.382783905574022,-0.973687013320291
"9033","8736","MYOM1",0.0194478756982779,1.54117045000725
"9034","55701","ARHGEF40",-0.0406805674786934,-0.587009820117856
"9035","10983","CCNI",9.6592001789908e-05,0.0876221593269673
"9036","2064","ERBB2",-0.125782724924552,1.50958036285288
"9037","140890","SREK1",-0.0200897497374761,0.411037303871256
"9038","100049716","NINJ2-AS1",-0.401656978780804,-0.840254947061593
"9039","10484","SEC23A",0.0185586753617084,0.443454419199828
"9040","284119","CAVIN1",-0.0593090093697182,-0.41438905082434
"9041","84319","CMSS1",-0.0732582801678774,0.888213051624512
"9042","819","CAMLG",-0.0267473483893603,0.206458226655593
"9043","10606","PAICS",-0.0345382769230271,1.33670408751715
"9044","51129","ANGPTL4",-0.261534670807074,0.41023656227526
"9045","7832","BTG2",-0.432800807141287,-1.77534915484001
"9046","1299","COL9A3",-0.11871315936381,-0.363245109902481
"9047","55679","LIMS2",0.152132860964831,0.98292076098442
"9048","9369","NRXN3",0.162479330309924,0.245770821286741
"9049","8565","YARS1",-0.00128734161578148,0.468028905522038
"9050","79982","DNAJB14",-0.0840651521147313,0.0649764018398251
"9051","283377","SPRYD4",0.0230493527639846,0.100968330738817
"9052","147700","KLC3",0.00960596586614582,-0.231646935517609
"9053","26517","TIMM13",-0.114020253754799,0.183765418783269
"9054","114784","CSMD2",-0.128753206809198,-0.512862182591096
"9055","55683","KANSL3",0.0197910931931311,-0.0498538496068326
"9056","83543","AIF1L",0.0417512899398567,0.574507060776086
"9057","285464",NA,0.12083252531169,-0.314817981939286
"9058","5090","PBX3",0.034833959530145,0.486967150659843
"9059","100507436","MICA",0.000734972869791406,0.00166228010145097
"9060","80344","DCAF11",-0.0712809598424045,0.455371850131884
"9061","144348","ZNF664",0.0173998244221973,0.0909605881227433
"9062","26610","ELP4",-0.0133397666584991,1.11123828524761
"9063","51659","GINS2",-0.152168364619084,1.54272044465283
"9064","3488","IGFBP5",-0.18501597780172,1.47762460931311
"9065","23551","RASD2",-0.124794625575942,0.0670612639946704
"9066","100131205","RPL21P28",0.083944882460826,0.0788628636010191
"9067","2615","LRRC32",0.0972344297441903,-0.590595444200082
"9068","84727","SPSB2",-0.0882365405740746,-0.417231059950868
"9069","10797","MTHFD2",-0.0934917173281242,-0.467107121718166
"9070","84934","RITA1",-0.0553638181941301,-0.104950062326894
"9071","728661","SLC35E2B",-0.001090027308849,0.509979845776964
"9072","24141","LAMP5",-0.245279507524945,0.0806312635301023
"9073","92856","IMP4",-0.0258918896112039,0.301520124921384
"9074","114659","LRRC37B",0.0624776009389831,-0.458054317831403
"9075","534","ATP6V1G2",-0.125866678892572,0.639624371107855
"9076","55032","SLC35A5",0.0471849498617205,0.0614274172340465
"9077","2201","FBN2",0.0425954337791925,0.722215534199773
"9078","57001","SDHAF3",-0.00449885053140875,0.2525507903074
"9079","56987","BBX",0.043301511234132,0.0257651113270185
"9080","80267","EDEM3",-0.0790094690044967,0.50786267142207
"9081","100329109","GCSHP3",0.0010191094794596,0.421593131889602
"9082","4495","MT1G",-0.253540270983883,-0.0943944117913729
"9083","5158","PDE6B",-0.13623100350515,0.984177368341501
"9084","116988","AGAP3",-0.0124715559917483,-0.81111271751669
"9085","80206","FHOD3",-0.04535016366661,1.25013543035017
"9086","56896","DPYSL5",-0.376732210963885,-1.83713028944349
"9087","123775","C16orf46",-0.117355274714812,0.585031382399614
"9088","10291","SF3A1",0.0649083147158054,-0.026086224936317
"9089","114625","ERMAP",0.0754131448735111,0.0525912204716228
"9090","5860","QDPR",-0.0260363215214534,1.07771560562269
"9091","64410","KLHL25",0.0932959928412789,-1.00274380603494
"9092","100508120","GMDS-DT",-0.170019283161137,1.12341301847709
"9093","5361","PLXNA1",-0.065903774387202,0.552779400566322
"9094","6136","RPL12",0.085887543505085,-0.221377818612567
"9095","779","CACNA1S",0.0358046068266695,2.09523055266136
"9096","64852","TUT1",0.060038324878473,-0.198698675054891
"9097","7262","PHLDA2",-0.209904065940411,-2.44669586244061
"9098","202915","TMEM184A",0.097267456370584,2.73346368381509
"9099","9858","PPP1R26",0.017746252147762,0.0786168207649602
"9100","6894","TARBP1",0.0375176649895734,-0.318453642180521
"9101","6181","RPLP2",-0.0653038072025272,-0.105955045365553
"9102","395","ARHGAP6",0.0708387818619349,0.494997975966985
"9103","100507131",NA,0.178497435958681,0.300676003404229
"9104","115207","KCTD12",-0.138640824724429,-0.969137913309043
"9105","10019","SH2B3",0.10049795161476,-0.478754113045538
"9106","8402","SLC25A11",-0.0592879970267557,0.553183421762404
"9107","85415","RHPN2",0.013563104404696,0.635910223211793
"9108","92105","INTS4",-0.0488013240651828,0.300620707511521
"9109","3423","IDS",-0.0913961618026757,-0.424353179745232
"9110","128272","ARHGEF19",0.0112363962459575,0.247614639035473
"9111","513","ATP5F1D",-0.123450173243048,0.521754871087961
"9112","51187","RSL24D1",-0.123272479030006,0.0730479685100898
"9113","51514","DTL",0.128647827898315,2.39855359055198
"9114","100507053","LOC100507053",0.0389929102403862,-2.12860207071656
"9115","55332","DRAM1",-0.351150603475617,-2.43204428958042
"9116","344558","SH3RF3",0.11476221708716,0.586895099516215
"9117","2132","EXT2",-0.0976651078697639,-0.227246426949861
"9118","57574","MARCHF4",0.429643703253066,-0.0406857445690405
"9119","57092","PCNP",0.0545453567075578,-0.32844726959067
"9120","684","BST2",-0.147816250988464,0.282358631897934
"9121","2060","EPS15",0.0802636520923015,0.729906473787098
"9122","57117","INTS12",0.0544464390695998,-0.172671556742529
"9123","5955","RCN2",-0.0125456390664223,0.526876720282868
"9124","317649","EIF4E3",0.0328295717375191,-0.455026081280359
"9125","10272","FSTL3",-0.302648902270865,0.682183352132418
"9126","148534","TLCD4",-0.104938964880677,0.45343106700035
"9127","6671","SP4",0.122004254677932,0.141266099480289
"9128","9514","GAL3ST1",-0.208843717471783,-0.231644783798864
"9129","10477","UBE2E3",-0.0196378570704914,0.0473838870550765
"9130","10667","FARS2",-0.0753959500057184,0.441670424465419
"9131","3339","HSPG2",0.00497884430383166,0.0249069354642391
"9132","415","ARSL",-0.163797846571395,-0.558079927112187
"9133","57085","AGTRAP",-0.117301972941583,-1.0216384294931
"9134","51283","BFAR",-0.0320790944717579,0.186609856581788
"9135","155435","RBM33",0.103439446057151,-0.128051453063558
"9136","100507316","MINCR",0.0709541296581542,-0.644606523597137
"9137","55048","VPS37C",-0.0583908009292804,-0.0929824390485665
"9138","342527","SMTNL2",-0.100211682149957,0.288712197831267
"9139","1827","RCAN1",0.171022188426795,-0.596333330676805
"9140","1130","LYST",-0.0395743460891884,-0.226526279867637
"9141","8720","MBTPS1",-0.0753557305070425,1.36403392271927
"9142","7260","EIPR1",0.0548916017483396,0.0574169443792263
"9143","412","STS",-0.0186580492576489,-0.722649146052725
"9144","100996573",NA,0.174152958896333,-0.0134074186303206
"9145","201294","UNC13D",-0.185729029131262,1.2355342974259
"9146","8128","ST8SIA2",0.0724616865182117,0.119259082266861
"9147","414149","ACBD7",-0.0357035051663996,-0.458899959327412
"9148","55702","YJU2",-0.0703449330909951,-0.253753202485889
"9149","1606","DGKA",-0.186244721808257,-1.77802647122747
"9150","80818","ZNF436",-0.0511003026483481,-0.169749150428048
"9151","493856","CISD2",0.0884402651943947,0.786538980158618
"9152","8409","UXT",-0.0305382858897172,-0.0968962833037135
"9153","127002","ATXN7L2",-0.0947677824645918,-0.1845744676875
"9154","3551","IKBKB",-0.0277782865888998,-1.08457945058679
"9155","11320","MGAT4A",-0.150195495755445,-0.683278450927554
"9156","1893","ECM1",-0.0650525932444559,-0.600101564545598
"9157","54918","CMTM6",-0.0900664935166509,-0.0833973614371954
"9158","10220","GDF11",-0.104438361247966,0.145394817015589
"9159","219654","ZCCHC24",0.0239625758436883,0.81399890200577
"9160","9801","MRPL19",0.0632162087229684,0.335428197892355
"9161","80004","ESRP2",-0.154412908470504,-2.6280903071483
"9162","2224","FDPS",-0.0607151528282817,0.117803353908647
"9163","293","SLC25A6",-0.0811408111554783,0.100709342757797
"9164","10611","PDLIM5",0.10611869890443,1.242815287611
"9165","57512","GPR158",0.184751382678607,-0.219776877377323
"9166","9628","RGS6",-0.0975477115316117,1.59232394011368
"9167","55846","ITFG2",0.0470545127812869,0.265604356416752
"9168","57555","NLGN2",-0.148756993327429,-0.326765442540349
"9169","57088","PLSCR4",0.0586815529941098,-0.371476862922355
"9170","23594","ORC6",0.0519437490602264,1.77028163789077
"9171","7328","UBE2H",0.011442374568758,-0.272133667476174
"9172","164312","LRRN4",0.177024665546293,0.972988705726704
"9173","56098","PCDHGC4",-0.0285758700094664,0.0874567632514598
"9174","83605","CCM2",-0.07737081711839,-0.747432294504949
"9175","55806","HR",-0.0736373396878951,2.53280002016322
"9176","5442","POLRMT",-0.0957817641047365,0.631036661435093
"9177","9138","ARHGEF1",-0.0793681265396575,1.0691929074997
"9178","10475","TRIM38",0.139061545248019,-0.85709784219321
"9179","23313","KIAA0930",-0.033788923261171,-0.438294983378663
"9180","11232","POLG2",0.0564679669708745,-0.505183627319519
"9181","3150","HMGN1",-0.0106717335507724,0.259913690631619
"9182","90135","BTBD6",0.00249591980003405,-0.0286786978103564
"9183","5465","PPARA",0.117904602066419,0.933161309770924
"9184","80742","PRR3",0.140627947383536,-0.318319019646113
"9185","59","ACTA2",0.211424869917609,-0.409871712222735
"9186","10011","SRA1",-0.123662025311631,-0.479552327442119
"9187","79583","TMEM231",-0.146470170684053,1.05863288819209
"9188","105373244","LOC105373244",-0.215435460985708,0.286992124366441
"9189","4340","MOG",-0.0630408375013436,1.6009124599495
"9190","355","FAS",-0.283122315563079,-2.18246112871096
"9191","1107","CHD3",-0.0839330298197121,0.212531701750001
"9192","28969","BZW2",-0.0778785639129591,0.714975773328892
"9193","8498","RANBP3",-0.0500949368743777,-0.00741158717183676
"9194","55805","LRP2BP",-0.0061577156200896,-0.265460205862007
"9195","144363","ETFRF1",0.124556778296986,-0.21139896986702
"9196","284716","RIMKLA",0.159548306706562,1.55118582594282
"9197","1583","CYP11A1",0.0896179595630382,0.970173784045463
"9198","6636","SNRPF",-0.0880662507464605,0.698239576431281
"9199","55268","ECHDC2",-0.103633238742058,0.316199626389326
"9200","3690","ITGB3",-0.0894180872347521,0.541956375627496
"9201","344967","LOC344967",-0.0456611292870939,-0.934921021676495
"9202","144717","PHETA1",-0.1439961502764,-1.22475469694098
"9203","644936","LOC644936",0.213299953985796,0.810352753586164
"9204","2319","FLOT2",-0.00725113225687668,0.129238616026647
"9205","25981","DNAH1",0.0894141613228812,-0.477437011078617
"9206","51647","CIAO2B",-0.10389644723294,-0.439158904928936
"9207","118433","RPL23AP7",-0.00385479935249222,-0.425489061251889
"9208","10645","CAMKK2",0.0481783154320805,0.387255852673027
"9209","8536","CAMK1",-0.0983493466253376,1.20170375985553
"9210","4296","MAP3K11",0.0296670963228278,0.315815964634731
"9211","7706","TRIM25",-0.108426958036587,-0.640808386732179
"9212","28985","MCTS1",-0.000518929152985237,0.0360305636118996
"9213","5652","PRSS8",-0.137548648654437,0.730631120927468
"9214","1303","COL12A1",-0.0326999328712567,0.0137480582364056
"9215","154091","SLC2A12",0.00637522643684196,-0.156070181679135
"9216","25894","PLEKHG4",-0.00634509417108292,-0.045860034622669
"9217","27106","ARRDC2",-0.208762177308909,-1.05242083315391
"9218","8722","CTSF",-0.421652864167503,-0.0796164319245936
"9219","4548","MTR",0.012745753413248,0.513921542135361
"9220","79075","DSCC1",0.135078262676772,2.05148816850694
"9221","84265","POLR3GL",-0.0702170832435298,-0.311131019556004
"9222","7029","TFDP2",0.0394496935903259,0.557377769738314
"9223","81491","GPR63",-0.131339471505899,1.13561129557016
"9224","55022","PID1",0.271907531126401,-1.30720794054261
"9225","28960","DCPS",0.0600000603452129,1.99093651300512
"9226","57060","PCBP4",-0.175381871352424,-0.900118659467538
"9227","23265","EXOC7",-0.050546265526016,-0.528517848985294
"9228","64963","MRPS11",0.00267287844090092,-0.00453122180507837
"9229","84324","SARNP",-0.00789367358893411,0.317477537308402
"9230","23566","LPAR3",0.0680991013818764,0.763372257497902
"9231","5764","PTN",-0.0530196387127155,0.322802099643854
"9232","29091","STXBP6",0.188522812751089,0.102452377125037
"9233","306","ANXA3",0.0965105275388218,0.22450982611272
"9234","10172","ZNF256",-0.0291439656427332,0.316904119566559
"9235","57539","WDR35",0.09503771569715,0.487107638444462
"9236","2530","FUT8",0.0509950846864164,0.0529036868673991
"9237","9918","NCAPD2",0.0602010560851305,0.488727719604988
"9238","100216545","KMT2E-AS1",-0.0590767277546818,-2.02244290563475
"9239","80227","PAAF1",-0.056553985517461,-0.0195402450497886
"9240","3837","KPNB1",-0.00574743355221408,0.899124372702699
"9241","11227","GALNT5",0.0363816908793666,-0.964283313338775
"9242","23031","MAST3",0.136622155093001,0.104777590222513
"9243","10298","PAK4",0.0402225852657505,1.27898951394947
"9244","57474","ZNF490",0.152021168795099,-0.323297607627242
"9245","10882","C1QL1",-0.230627138738606,-1.44138663791909
"9246","196264","MPZL3",-0.00854189783347481,-0.357244419497826
"9247","7965","AIMP2",-0.0422673520775474,0.344468150808446
"9248","10467","ZNHIT1",-0.0533170718123195,-0.360588530070751
"9249","5359","PLSCR1",-0.104650083640258,-0.856703515268713
"9250","653390","RRN3P2",-0.0123663437430213,0.34838814950041
"9251","79230","ZNF557",-0.056545347649299,-0.230983832450116
"9252","644019","CBWD6",-0.0360549596547903,0.29520438586867
"9253","2961","GTF2E2",0.0823614365676955,-0.175110801065999
"9254","55304","SPTLC3",-0.193589698509579,1.5841547554724
"9255","7046","TGFBR1",0.0035557205421437,-0.173811009218327
"9256","5272","SERPINB9",-0.0277786116154624,-0.91293911801109
"9257","100137047","JMJD7",-0.211286051250486,-1.03938882489137
"9258","5872","RAB13",-0.065085597411529,0.292330070793268
"9259","100506725","LINC03013",0.0990670906032523,0.129613753757866
"9260","29766","TMOD3",0.0570147812019224,-0.45012077471685
"9261","2044","EPHA5",0.424274502446996,-0.369448326246516
"9262","55600","ITLN1",0.0764881508634944,-0.0343829600500446
"9263","3698","ITIH2",-0.536938842866089,-1.02758388754281
"9264","254552","NUDT8",0.0459468525964613,-0.610049582897954
"9265","5774","PTPN3",0.218770398374362,-1.74990847330874
"9266","114","ADCY8",-0.00361738353341035,-3.02560880606092
"9267","4215","MAP3K3",-0.0771365144353471,-0.929649441822349
"9268","25977","NECAP1",0.0471552324378219,0.199915531280679
"9269","5052","PRDX1",-0.172863115541519,-0.643852480766716
"9270","728689","EIF3CL",0.0160163686988781,0.197646135473265
"9271","66000","TMEM108",0.183631537187365,0.775290245046783
"9272","81577","GFOD2",-0.00506687807325434,-0.279241141993955
"9273","29997","NOP53",-0.0931955756548684,0.125264465045436
"9274","52","ACP1",-0.0373238705678451,0.0777184206447812
"9275","4983","OPHN1",0.0864721352103688,1.35637274823605
"9276","8195","MKKS",0.080296719040744,0.609228875829432
"9277","93233","ODAD1",-0.156192091218196,-0.200768763717318
"9278","3685","ITGAV",-0.0331552174425038,0.0773855035302216
"9279","10988","METAP2",-0.0605591593057584,-0.0476474711710972
"9280","80028","FBXL18",0.0726166812790732,-1.05794137434192
"9281","11179","ZNF277",0.070374408849065,0.541951807366784
"9282","1528","CYB5A",-0.0867957525248393,1.37294204025375
"9283","6324","SCN1B",-0.230949716487513,0.282598532278911
"9284","26061","HACL1",-0.0118200865462157,-0.0116632731774224
"9285","6613","SUMO2",0.048888956657561,-0.0560397060006377
"9286","2861","GPR37",-0.283002234916029,-1.07418800213024
"9287","23373","CRTC1",-0.0270588131832588,-0.090824723951787
"9288","23500","DAAM2",0.113103487259812,2.08396922423909
"9289","135138","PACRG",-0.164246756563617,-0.2666974720224
"9290","11119","BTN3A1",-0.157275221340701,0.866638881668672
"9291","54836","BSPRY",-0.446823159488863,-0.416222278809252
"9292","116028","RMI2",0.131804225127009,1.29403083253612
"9293","6623","SNCG",-0.17101861399914,0.133658484764066
"9294","84153","RNASEH2C",-0.12744647406059,-0.0307812654923296
"9295","401264","TRAM2-AS1",-0.0356811210759207,-0.63721492793584
"9296","100287098","TONSL-AS1",0.0530015905705845,1.70543273614601
"9297","8754","ADAM9",-0.0836652940803866,0.0796451612408617
"9298","51015","ISOC1",0.111241733146162,0.606256889220076
"9299","388536","ZNF790",0.0427188583300477,-0.21855660440159
"9300","123207","C15orf40",0.0605978829190228,-0.31375132598612
"9301","80209","PROSER1",-0.0542023786230992,-0.0742987701247841
"9302","4300","MLLT3",0.11732673098027,0.771400566095991
"9303","2014","EMP3",-0.091482184569891,1.46673766400213
"9304","6581","SLC22A3",-0.597800313362811,0.274105815928964
"9305","397","ARHGDIB",0.11342588911287,1.51960985754191
"9306","119","ADD2",-0.0393213922457143,1.03788517631025
"9307","1763","DNA2",0.12587753279334,0.698180974878889
"9308","3396","MRPL58",-0.084854316762593,0.271969090022415
"9309","90423","ATP6V1E2",0.0333597434494204,-0.794996899806985
"9310","9314","KLF4",0.177377090270691,-1.83734470793456
"9311","644128","RPL23AP53",0.0610910863404746,-0.964389325157176
"9312","200186","CRTC2",0.0175966865144259,-0.356354107274104
"9313","419","ART3",-0.0349330163076004,0.538196258267093
"9314","100128292","DLG5-AS1",-0.120716990358097,-2.26641570194258
"9315","63877","FAM204A",-0.0413706233675253,-0.0650141809896851
"9316","8992","ATP6V0E1",-0.071035325568225,-0.331074126237434
"9317","550643","NBDY",0.0765768298170899,0.303820384097921
"9318","114815","SORCS1",-0.0904056474829922,-0.222561352044774
"9319","254428","SLC41A1",-0.0354802031511481,0.457595793775878
"9320","55316","RSAD1",-0.0712804732545251,1.24850279686619
"9321","55277","FGGY",-0.119425320364951,0.578148830818447
"9322","84181","CHD6",0.0853899189406713,-0.290534858265971
"9323","29844","TFPT",0.00758324197358906,0.30894343414867
"9324","7112","TMPO",0.0866680325284044,0.765451317905929
"9325","100506299","ID2-AS1",0.0295031952516334,-1.15494168202109
"9326","1114","CHGB",0.0254648041220393,0.0853893016758359
"9327","6035","RNASE1",-0.158618802284481,-0.0617100295088298
"9328","286410","ATP11C",0.168211440719578,-0.189392615275015
"9329","10498","CARM1",-0.0126736839330484,0.405354934928969
"9330","23164","MPRIP",-0.01054982069674,-0.685250656605565
"9331","84279","PRADC1",-0.0121394333283904,0.643811126947845
"9332","32","ACACB",-0.00746940277667552,0.818661916360264
"9333","3800","KIF5C",-0.260045582214219,-1.2130307962324
"9334","9547","CXCL14",-0.378538169300513,-2.24792122721477
"9335","103091865","BRWD1-AS2",0.00690774952017414,-1.55323114102332
"9336","285352","KIF9-AS1",0.144121070557851,-0.64966682542623
"9337","79571","GCC1",-0.0668624037909709,-0.363413000839956
"9338","388722","C1orf53",0.0145086691716645,0.409754448556852
"9339","9424","KCNK6",-0.0209393588207938,-0.393046303471959
"9340","220906","WAC-AS1",-0.00586459516884386,0.0709805700742399
"9341","146760","RTN4RL1",-0.136784534488247,-0.627691088103739
"9342","56999","ADAMTS9",0.0175652111057341,2.17135283126148
"9343","10493","VAT1",-0.0700821330026873,0.160425357614891
"9344","80127","BBOF1",0.0240482459081965,1.36662198908156
"9345","221662","RBM24",0.021541608385566,0.294310648940493
"9346","26000","TBC1D10B",-0.0524771728692626,-0.453349626579154
"9347","645954","SVIL2P",0.158561889896144,0.314908634444852
"9348","81608","FIP1L1",-0.0180614165706672,-0.00583578906788951
"9349","4836","NMT1",0.0270179023601882,0.216519069961667
"9350","440854","CAPN14",-0.138425103067269,1.11993355088088
"9351","5163","PDK1",-0.0962719159615544,0.661181803589581
"9352","51809","GALNT7",-0.0497252117374387,-0.0529676242606207
"9353","64409","GALNT17",-0.152278614531463,0.557676340857136
"9354","55656","INTS8",0.00875189694113132,-0.174019920999676
"9355","10307","APBB3",-0.123584159373531,0.235557191421958
"9356","100505876","CEBPZOS",0.0421244080631933,-0.723834185581902
"9357","8449","DHX16",-0.0817608968077117,-0.079631512834311
"9358","64788","LMF1",-0.0248948117960426,0.725491802464353
"9359","57634","EP400",0.120402926021533,0.00855030949342073
"9360","2683","B4GALT1",-0.125025904447312,-0.412423079496507
"9361","391356","PTRHD1",0.0982177497514556,0.0676558572197496
"9362","2282","FKBP1AP1",0.0877680808417343,-0.45553709964437
"9363","741","ZNHIT2",0.0936202707990219,-0.597991167988578
"9364","6596","HLTF",0.0338947734325243,0.957217021764048
"9365","101929780","NBPF25P",0.0429190646062736,0.174051210831915
"9366","1654","DDX3X",-0.073596755485136,-0.323980726280345
"9367","79807","GSTCD",0.0854895171848837,0.587264601030278
"9368","4864","NPC1",0.034582200175703,-0.552026595124778
"9369","23171","GPD1L",-0.0140749974221936,-1.20158181336094
"9370","387254","SLC7A5P2",0.0964442512888559,-0.76689474141366
"9371","79155","TNIP2",-0.0619747592527435,0.109962297248506
"9372","23162","MAPK8IP3",-0.0631008908369433,-0.0712042921813056
"9373","2767","GNA11",-0.0447967701469318,-0.6461457364136
"9374","80759","KHDC1",-0.076872404040393,0.190134608933727
"9375","728130","NUTM2D",-0.130725727679772,-0.352871828559879
"9376","84933","C8orf76",-0.184095128208485,-0.0762758678753941
"9377","125476","INO80C",-0.0516970726505726,-0.745043747874615
"9378","204","AK2",0.00834287430037328,0.320440008843392
"9379","9388","LIPG",-0.0577648954472849,-1.2274729667747
"9380","55644","OSGEP",-0.00324541357355645,0.58951904695398
"9381","54954","FAM120C",0.0351080356044737,0.0352514433439421
"9382","5425","POLD2",-0.0565541135493257,0.522793854348931
"9383","643236","TMEM72",0.0349293444516545,2.78127405239756
"9384","4968","OGG1",-0.01902377501297,0.661139615317718
"9385","972","CD74",-0.236105912239107,-0.51164860276651
"9386","4176","MCM7",-0.116018126993951,1.5108982532222
"9387","10117","ENAM",-0.0325273021294479,-0.00264222948436887
"9388","10581","IFITM2",0.0191910283089474,0.440477439707396
"9389","64928","MRPL14",0.047776013120731,-0.00545901279045147
"9390","9061","PAPSS1",-0.105267971649551,-0.0229913726433422
"9391","23046","KIF21B",-0.226265331823908,-0.8030750614898
"9392","56242","ZNF253",0.0910934269771593,0.412452421656699
"9393","51071","DERA",-0.0601437078124625,-0.476460750517319
"9394","100505854","APTR",-0.119755600071285,-0.697559699035356
"9395","342908","ZNF404",-0.0447080098165591,0.730373300217555
"9396","84630","TTBK1",-0.110774518741974,0.729061852923952
"9397","8935","SKAP2",-0.0948725136679798,-1.0032086610372
"9398","25788","RAD54B",0.194352187075487,1.80243555190003
"9399","5829","PXN",0.0678548528133938,-0.24700199503519
"9400","6124","RPL4",-0.0589434896655057,0.0850333611296907
"9401","619279","ZNF704",0.228817920742157,1.05073588001602
"9402","3728","JUP",0.027263244805912,-0.449642285268995
"9403","10376","TUBA1B",0.0417472809164181,1.52602036734306
"9404","2947","GSTM3",-0.0885181931410166,0.089179017553886
"9405","55156","ARMC1",-0.00127909112912583,0.0806535499647811
"9406","59272","ACE2",-0.0404257026276911,-0.564167855595101
"9407","135114","HINT3",-0.0234159672921663,0.0146610052705745
"9408","100507437","MTA1-DT",0.0294373190252455,0.274990744939705
"9409","55118","CRTAC1",-0.36139989666368,-6.54219332222268
"9410","57528","KCTD16",0.243850123270606,0.460694826357981
"9411","10114","HIPK3",0.112166397693469,-0.28766410896203
"9412","10020","GNE",-0.0930578521867478,0.331205059354796
"9413","81832","NETO1",-0.109247659473624,-0.447948101426892
"9414","148345","C1orf127",-0.138340837335495,-1.29033809242117
"9415","143282","FGFBP3",0.00442294037301227,-0.386438534591373
"9416","10379","IRF9",0.0716220084287338,-0.00904419595300876
"9417","57446","NDRG3",0.00291569729023866,0.873720445726439
"9418","9066","SYT7",0.0716776569925202,0.0533685473189829
"9419","27153","ZNF777",0.0287911251793105,-0.161944513056196
"9420","4053","LTBP2",-0.165540798054179,-1.79139154824299
"9421","4832","NME3",-0.170385426326358,1.93547614570869
"9422","118980","SFXN2",-0.134622684437117,0.621411809309351
"9423","164045","HFM1",-0.0798482842783336,0.814068305034011
"9424","11167","FSTL1",-0.0935463465855015,0.0125878182854109
"9425","30832","ZNF354C",0.0835937884785611,0.200492630788697
"9426","286102","TMED10P1",-0.0464127135017214,0.265565487263476
"9427","6230","RPS25",0.0694946563373016,-0.0322758224055049
"9428","11224","RPL35",0.0921073017036314,0.0342985950187957
"9429","29915","HCFC2",0.0831322028194181,-0.250643016233999
"9430","10742","RAI2",-0.140204110087183,-1.94039455603993
"9431","10991","SLC38A3",0.0309793638102334,1.20524403695896
"9432","84693","MCEE",-0.00429773191141969,0.030632853038894
"9433","51367","POP5",-0.0985765250417634,-0.0252654425292413
"9434","2176","FANCC",-0.0663172217030654,0.577092744504104
"9435","64318","NOC3L",0.0376485126684365,0.460201625467202
"9436","101928649","CTC-338M12.4",-0.052626206362284,-0.45381092737853
"9437","84790","TUBA1C",0.0413245158402784,1.06712835908414
"9438","79797","ZNF408",-0.0012232956466196,-0.274478495492069
"9439","5283","PIGH",-0.0740286014436906,0.36506732353002
"9440","5360","PLTP",-0.199427331330827,-0.885188340392034
"9441","134430","WDR36",0.0511555871872069,0.493595061532591
"9442","6637","SNRPG",0.0604505845321581,0.0279939439684025
"9443","144983","HNRNPA1L2",0.0472539468264612,0.688512433433992
"9444","27095","TRAPPC3",-0.0791392996658589,0.00139991460214528
"9445","1201","CLN3",-0.00117909565113461,0.537376193165343
"9446","26119","LDLRAP1",-0.0359526378438408,-0.45973628230559
"9447","8396","PIP4K2B",0.0280362122560422,-0.494728511551768
"9448","8503","PIK3R3",0.0591987884674019,-0.167734205147102
"9449","100289178","GNG12-AS1",0.188154976578886,0.143523139156767
"9450","64411","ARAP3",-0.0418415716555707,0.0994054472812897
"9451","112495","GTF3C6",-0.0268202154361381,0.149713380458583
"9452","51608","GET4",-0.0820157469150802,-0.0652939012686256
"9453","2819","GPD1",0.144201517346308,1.355022377086
"9454","10741","RBBP9",0.0156928543095871,1.29027514608422
"9455","401093","MBNL1-AS1",-0.148185981608199,-0.975282398228783
"9456","752","FMNL1",0.083385601307178,-0.612013391574584
"9457","9125","CNOT9",0.075149408022618,0.753237213307193
"9458","55015","PRPF39",0.032574467344765,0.26444453748187
"9459","29107","NXT1",-0.107083007663646,0.553423879100314
"9460","204851","HIPK1",-0.0271461537652939,-0.104969567177415
"9461","6791","AURKAP1",0.130920968670025,0.416220841199371
"9462","9692","PRORP",0.0471079430604737,0.815401456368273
"9463","79140","CCDC28B",-0.0758144122305362,1.11996693904566
"9464","481","ATP1B1",0.0138815383331146,0.276867051598286
"9465","10944","C11orf58",-0.0629538196149841,-0.183544426507726
"9466","83696","TRAPPC9",-0.0541884696294499,0.788155525262658
"9467","100505761","C10orf95-AS1",0.129028706088261,0.192077765269688
"9468","6640","SNTA1",-0.123104668549827,0.336418410751795
"9469","50862","RNF141",-0.0486177780877002,-0.00811533677781195
"9470","55660","PRPF40A",0.016762088283433,0.06841510408145
"9471","10970","CKAP4",-0.0223988411127909,0.101300352334817
"9472","1197","CLK2P1",-0.0888101223487865,-0.171510930765727
"9473","84777","DLGAP1-AS2",0.242911987549149,-2.95381877791797
"9474","10621","POLR3F",-0.0137042012162998,-0.0551669402103374
"9475","10987","COPS5",-0.0704479545094516,0.47665425941825
"9476","118738","ZNF488",-0.421014229094432,-3.87133739287328
"9477","6948","TCN2",-0.0784737771228743,-0.550432086020324
"9478","11221","DUSP10",0.048318501838291,0.0756926678933847
"9479","58505","OSTC",-0.0831151572374988,0.498259858497652
"9480","5524","PTPA",0.00338278377196932,0.327850435224881
"9481","60314","MYG1",-0.0630549951697095,0.357022440001154
"9482","3251","HPRT1",-0.0685773807644647,0.157570063874397
"9483","7099","TLR4",0.0698220539990723,-1.98788190772969
"9484","64216","TFB2M",0.0230414987079204,0.467029749803213
"9485","7187","TRAF3",0.025775090807544,0.0741081788874522
"9486","1069","CETN2",0.0591833408221731,0.0509180428712215
"9487","119710","IFTAP",0.0698143348434206,0.70002038947075
"9488","1723","DHODH",-0.0693689952247736,1.31104639105831
"9489","26523","AGO1",0.0380566466085819,0.820564850192652
"9490","9915","ARNT2",0.00646517526582979,-0.224448877174226
"9491","10190","TXNDC9",0.0274678421164092,-0.183836313579529
"9492","100306951","PITPNA-AS1",0.00810178802405837,-0.0873848520483831
"9493","7764","ZNF217",0.106361124285993,-0.368625372531247
"9494","26267","FBXO10",0.072489555682858,-0.224778013489005
"9495","6457","SH3GL3",0.093543125836332,1.35848582547072
"9496","60490","PPCDC",0.104947011251342,-0.621234744398855
"9497","5414","SEPTIN4",-0.166758618393632,-0.250010559697964
"9498","51195","RAPGEFL1",0.0336432243434066,0.128302756961949
"9499","441601","SEPTIN7P11",-0.0200128739435541,0.234318132066582
"9500","51360","MBTPS2",-0.00542837864974288,0.931513693344342
"9501","56138","PCDHA11",0.195621499812798,1.02735954450438
"9502","83861","RSPH3",0.0908760916198781,-0.280105086029585
"9503","5364","PLXNB1",-0.10448814300969,-1.32805540100543
"9504","339500","ZNF678",0.102484963912254,1.07845689114041
"9505","100506753","MAILR",-0.145539591484478,-0.147892886091682
"9506","9173","IL1RL1",-0.412076844855822,-0.186499086253494
"9507","219","ALDH1B1",-0.176552700154823,-0.676379407151653
"9508","3064","HTT",0.0868692672410409,-0.269651492120662
"9509","9197","SLC33A1",0.0849378534912368,0.515822102061432
"9510","23089","PEG10",-0.103614985211966,0.431733832259336
"9511","375593","TRIM73",-0.015123499956666,-0.863187350203392
"9512","374378","GALNT18",-0.181746050489268,1.52637476158993
"9513","1302","COL11A2",-0.128872326148565,0.685712429638826
"9514","9632","SEC24C",-0.0435650628464259,-0.0685175406123539
"9515","100506746","AFF1-AS1",0.147988719523692,-0.244486780146228
"9516","805","CALM2",0.0329666281481131,-0.264748529729236
"9517","25996","REXO2",-0.0709111697585216,-0.825239605630638
"9518","81539","SLC38A1",0.0977748130698348,0.098424914846488
"9519","223082","ZNRF2",0.085429171496159,-0.0974323194645246
"9520","650669","GAS6-AS1",-0.257222039877559,-2.61343440533814
"9521","128989","TANGO2",-0.0656543691624298,-1.01966007210499
"9522","5688","PSMA7",-0.0788109457653956,0.743943188788748
"9523","5827","PXMP2",-0.0935692174470946,0.804571131028299
"9524","102724219","LOC102724219",0.133485400268223,0.503868384716136
"9525","11030","RBPMS",0.0951941894398862,1.20148128541156
"9526","7373","COL14A1",-0.245166768239213,0.0335581279261632
"9527","57489","ODF2L",0.0585251821230512,-0.0802630645142344
"9528","11104","KATNA1",0.0164461346760536,0.118487019091218
"9529","339906","PRSS42P",0.284375417861252,2.87351484006072
"9530","51008","ASCC1",-0.0548446133796103,-0.216411753517027
"9531","57570","TRMT5",0.0466434091461183,-0.22574882454744
"9532","8089","YEATS4",0.110533201445133,1.24238738739518
"9533","8815","BANF1",-0.0399785385177429,0.141990788807501
"9534","5257","PHKB",0.0439934191356306,0.444636774386207
"9535","3748","KCNC3",-0.0969747795199201,-0.379177384491287
"9536","51228","GLTP",-0.0937204683439772,-1.00359802515141
"9537","6991","DYNLT2",0.0111910136806819,-0.101405321421801
"9538","105374278",NA,0.356205933830426,1.98197670838747
"9539","545","ATR",-0.0126954954038405,0.258529019146226
"9540","23302","WSCD1",-0.0781200313006809,0.0739910005064854
"9541","7111","TMOD1",-0.0105866385401123,0.697211272354727
"9542","9867","PJA2",0.0606396694230611,0.0961259219811961
"9543","64895","PAPOLG",0.0709598564349037,0.0146521257295378
"9544","3782","KCNN3",-0.143870552292968,0.710818089034619
"9545","81627","TRMT1L",0.0724257293819939,-0.0340623238717166
"9546","9855","FARP2",0.0427866370589274,0.22520177476778
"9547","64777","RMND5B",-0.0410240129034607,-0.454681505244293
"9548","2051","EPHB6",-0.309555092219363,-2.6001856830014
"9549","84458","LCOR",0.0850761414424497,-0.306801313272719
"9550","4718","NDUFC2",0.104062456650613,0.217110033533328
"9551","64283","ARHGEF28",0.0853851898038289,-0.835778787973454
"9552","1687","GSDME",-0.0671817784413866,-0.998533493714968
"9553","64081","PBLD",-0.0792979374659306,-0.936597882929256
"9554","132789","GNPDA2",-0.056135331870701,0.552973419975199
"9555","23645","PPP1R15A",-0.258936561037586,-1.17410679264276
"9556","27183","VPS4A",0.00155245424297323,0.517611374031745
"9557","441208","ZNRF2P1",0.0129823722866185,0.0980232176742999
"9558","80034","CSRNP3",-0.0452496221582162,1.15442861837522
"9559","65993","MRPS34",-0.077638195247582,0.982884081131032
"9560","2185","PTK2B",-0.155160337909543,-1.86165219378799
"9561","10245","TIMM17B",-0.099113194405394,0.330154399139839
"9562","1910","EDNRB",-0.121364632313058,0.454991569966261
"9563","56917","MEIS3",-0.190554758577528,0.652105657417228
"9564","58480","RHOU",-0.0665332826075936,-1.04492191855049
"9565","55071","C9orf40",-0.0858627475175893,-0.102565859570194
"9566","9723","SEMA3E",-0.104930187151936,-0.911664814705029
"9567","115098","CCDC124",-0.0560282848626512,-0.0234577348120286
"9568","3275","PRMT2",-0.0759797128639121,0.13965308297724
"9569","10923","SUB1",0.0695918328475225,-0.0610874527189864
"9570","50813","COPS7A",-0.00612600870715063,0.173545482708726
"9571","100885848","PTGES3L",-0.0959186774650473,1.37132749356576
"9572","8907","AP1M1",-0.052835051723978,0.0372683532271401
"9573","84318","CCDC77",-0.0437898043491995,0.258791071162128
"9574","55212","BBS7",-0.0241375388426146,-1.41731197766334
"9575","153241","CEP120",-0.00572357300433435,-0.826440996928695
"9576","51106","TFB1M",0.0159544395893709,0.849740555910754
"9577","5745","PTH1R",-0.101320090380239,0.580554337049947
"9578","84251","SGIP1",0.159721312404145,-0.369336634600277
"9579","5516","PPP2CB",-0.0986575539629131,-0.75537289568376
"9580","9270","ITGB1BP1",-0.041653075498842,-0.0520552072614029
"9581","1797","DXO",-0.042178513632563,0.147033953293262
"9582","8802","SUCLG1",-0.0631114155959969,0.51537421595647
"9583","26060","APPL1",0.0313459111596668,0.469413394169635
"9584","51170","HSD17B11",-0.107181804655641,0.421878698242601
"9585","79734","KCTD17",-0.0184481118071851,0.710530890958618
"9586","55283","MCOLN3",-0.235441843386973,-3.57474500605489
"9587","3784","KCNQ1",-0.18977684626719,1.1450362594816
"9588","5924","RASGRF2",0.0492578074762411,-1.97704276729206
"9589","10040","TOM1L1",0.0149223875863802,1.01599332923003
"9590","64853","AIDA",-0.0331538603036154,0.150840448286931
"9591","54935","DUSP23",-0.10971680314836,0.132785467146619
"9592","9380","GRHPR",-0.0596326730268837,0.249475288018772
"9593","102288414","C11orf98",0.194100527747323,0.126276595691312
"9594","54841","BIVM",0.0667965303383782,-0.0105827559280778
"9595","56946","EMSY",0.119570963740284,0.190704953615702
"9596","9329","GTF3C4",-0.0351906396524351,-0.378054189327846
"9597","728621","CCDC30",-0.0288312561544661,-0.203254556770403
"9598","6218","RPS17",0.0376858811853999,-0.185645273915458
"9599","8636","SSNA1",-0.0917276208262274,0.416153203979918
"9600","92912","UBE2Q2",0.0566665776064559,-0.190328718709232
"9601","375190","FAM228B",0.0417060967021241,-0.262200816290227
"9602","23310","NCAPD3",-0.032428167540254,1.17854731288078
"9603","1646","AKR1C2",0.164840708029417,-0.902752914254811
"9604","622","BDH1",-0.0206913569074318,1.78319339238616
"9605","253152","EPHX4",-0.145925643467314,1.6315543080079
"9606","155368","METTL27",-0.135051957517222,-0.945761966850795
"9607","2738","GLI4",-0.0593817887114012,-0.00208543308261344
"9608","28959","TMEM176B",-0.31864899379064,-0.640740439220424
"9609","23450","SF3B3",0.106154933348122,0.584282557913573
"9610","112755","STX1B",-0.107439205357151,0.572119101344814
"9611","9662","CEP135",0.110685901075236,0.485928149754161
"9612","55086","RADX",0.205834592964701,1.30641329342514
"9613","152877","FAM53A",0.098049556820149,0.661462657780029
"9614","65117","RSRC2",-0.0727943003195382,0.112278634346416
"9615","4015","LOX",-0.208316887897433,0.160114986833939
"9616","6787","NEK4",0.0475858261284805,0.0600399882008107
"9617","25832","NBPF14",0.155444206540181,0.393746380375847
"9618","57530","CGN",-0.174065934079174,-0.480889421147926
"9619","4831","NME2",-0.0782868050843515,0.515143320889071
"9620","81691","REXO5",-0.0962494632840252,-0.301428496612332
"9621","6231","RPS26",0.117833101588278,-0.0670639101650421
"9622","9912","ARHGAP44",-0.103633959897424,-0.894077602907778
"9623","23208","SYT11",-0.192948929095917,-0.32013645707955
"9624","89781","HPS4",-0.0261971796392038,-0.151016015251095
"9625","9856","KIAA0319",-0.180651430623116,0.836514577758398
"9626","1373","CPS1",-0.0716019995013584,1.23921235126567
"9627","57404","CYP20A1",0.0520969473220765,-0.0127199012373032
"9628","441194","PMS2CL",-0.0227377347714626,0.177692299739872
"9629","54963","UCKL1",-0.0630466508009144,0.402541055277004
"9630","100527964","LHX4-AS1",0.184087637561534,-1.08073628388595
"9631","26063","DECR2",-0.145805573417896,0.469279524443878
"9632","101241892","NPTN-IT1",0.0989766774974399,0.685510702623251
"9633","283643","TEDC1",-0.0811432993048764,1.09760234184458
"9634","51351","ZNF117",0.300144450161679,-1.21311784007865
"9635","101805492","CASC9",0.119304372613275,-0.142177132373472
"9636","79921","TCEAL4",0.00339125632666804,-0.0487535539405668
"9637","79811","SLTM",-0.0111898724415145,-0.0757628687165814
"9638","65263","PYCR3",-0.117262946154846,0.857938567593842
"9639","5504","PPP1R2",-0.0711530855406748,0.134383050373465
"9640","100131096",NA,-0.0567216857535469,-0.543295098232935
"9641","4591","TRIM37",0.0506485319442032,0.465854865848608
"9642","29928","TIMM22",0.0465500513570909,0.00454284869504473
"9643","378938","MALAT1",0.358453315791746,0.030077882562626
"9644","6202","RPS8",-0.0553313695615625,-0.115487752721307
"9645","3761","KCNJ4",-0.0266505501949146,0.375495642471107
"9646","3709","ITPR2",0.128724733188089,-0.571943935949504
"9647","9363","RAB33A",0.133243692796162,0.506600605376986
"9648","440416","CCDC144NL-AS1",0.0245682230436488,-1.0465647926748
"9649","497661","C18orf32",-0.135342848260895,-0.0476795928206331
"9650","105377021",NA,-0.0743469959786017,-1.80369219509438
"9651","6507","SLC1A3",0.223988817297799,0.825075487367231
"9652","55148","UBR7",-0.0756392164402984,-0.148598219024971
"9653","129831","RBM45",0.060876683360104,0.218130652542836
"9654","54707","GPN2",-0.0490235254616165,-0.484333295123863
"9655","10445","MCRS1",0.0256581149397768,0.588324860848929
"9656","51022","GLRX2",-0.192944993148882,0.032068443659826
"9657","54511","HMGCLL1",-0.0568542905039124,0.822552789977648
"9658","79081","LBHD1",-0.136950344255937,-0.187159919188652
"9659","5682","PSMA1",-0.0842000531377627,0.562877736118338
"9660","2617","GARS1",0.0700578547772244,0.62818649263329
"9661","27068","PPA2",-0.0997210781832045,0.563287002960576
"9662","7059","THBS3",-0.0678599055462916,0.0101592226622795
"9663","57665","RDH14",-0.186330075026074,0.0863880823101333
"9664","955","ENTPD6",-0.0776649809336218,0.444113532811277
"9665","6760","SS18",0.0301721014643181,-0.42307570179562
"9666","105375039",NA,-0.177345581432951,-3.09595498506352
"9667","51062","ATL1",-0.108648087152059,0.142166223723614
"9668","57835","SLC4A5",-0.0116887089588871,-0.267265624750769
"9669","201140","DHRS7C",-0.113275793115446,0.840851293282328
"9670","677777","SCARNA12",0.0819536131950197,-0.0301531262689598
"9671","100506054","RNASEH1-DT",0.103209547348493,0.310414042639882
"9672","1820","ARID3A",0.0537946901694095,0.14215187822061
"9673","844","CASQ1",-0.112945698115458,0.572274978817584
"9674","11098","PRSS23",-0.1939917048424,-0.890417371666567
"9675","112817","HOGA1",0.0453039669426675,-0.0562309018200907
"9676","90381","TICRR",0.2096855957261,1.91749945460473
"9677","10541","ANP32B",-0.0230087451454004,0.473362343945354
"9678","6235","RPS29",0.0807031916005254,-0.132643490765278
"9679","729234","FAHD2CP",0.0578552337589673,0.824352693954488
"9680","53354","PANK1",-0.0941922831554045,-0.83728892165407
"9681","57486","NLN",-0.102864905582794,0.190986984800351
"9682","56648","EIF5A2",0.0830861765369639,0.0471798525881866
"9683","1352","COX10",0.100740226688422,0.378256802039107
"9684","25895","EEF1AKMT3",-0.0855993020952793,-0.422460310648128
"9685","56895","AGPAT4",0.036012978099631,1.1096912246144
"9686","85403","EAF1",-0.100600425146761,-0.863914725828686
"9687","56961","SHD",-0.103748956494513,3.29840227188113
"9688","23220","DTX4",-0.0642602510079819,-1.36860669789598
"9689","266747","RGL4",0.101133643053629,-0.206766166207281
"9690","10342","TFG",0.0349566762569893,0.137981955699722
"9691","64151","NCAPG",0.157149267291277,2.30796286766718
"9692","130340","AP1S3",0.109636855286038,-1.21655433168814
"9693","54984","PINX1",-0.0599719249019905,-0.688942676614979
"9694","11007","CCDC85B",-0.122325059271572,0.194337427554051
"9695","1729","DIAPH1",-0.0789981676187734,-0.553645094739811
"9696","83930","STARD3NL",-0.00587443880218341,0.636131641624806
"9697","8214","DGCR6",-0.112696538395754,-0.108231531900024
"9698","349152","DPY19L2P2",0.0034911758920475,0.180631610044089
"9699","3115","HLA-DPB1",-0.076287697453256,1.71417426406316
"9700","93436","ARMC6",-0.064131820302558,0.00692543060503947
"9701","6909","TBX2",-0.24978645674961,-1.40221833926301
"9702","5092","PCBD1",-0.00395015590994685,0.42051676885507
"9703","3156","HMGCR",-0.0275660135267879,0.61665201702107
"9704","5241","PGR",0.257117753018128,-0.0871287614184099
"9705","58506","SCAF1",-0.0701822902566844,-0.21883750820944
"9706","51185","CRBN",-0.0377422270079828,-0.220414877134807
"9707","100093630","SNHG8",-0.229637256636377,-0.35355836700281
"9708","389941","C1QL3",-0.165515058542665,-3.07892025991478
"9709","84280","BTBD10",-0.0663044486334714,-1.46351428187164
"9710","22827","PUF60",-0.0715227729338848,0.091516382781017
"9711","23086","EXPH5",-0.177452154740306,-0.728944825063812
"9712","80237","ELL3",-0.0221929132701066,-1.71019483740607
"9713","6631","SNRPC",-0.030060112437063,-0.435779993686676
"9714","3336","HSPE1",0.079727074176752,0.135125467383333
"9715","5825","ABCD3",-0.0461936128828508,0.348628373288297
"9716","10924","SMPDL3A",0.0751045517154445,-0.13742115419636
"9717","57343","ZNF304",0.0853878412573703,0.189814247872541
"9718","3646","EIF3E",0.0319549859382544,0.390887581290115
"9719","113263","GLCCI1",-0.0859583690383436,0.0516042388518096
"9720","89872","AQP10",-0.140025456263658,1.08068810760832
"9721","23543","RBFOX2",0.0253409111190814,0.348038426688649
"9722","11200","CHEK2",0.0144884126428848,1.80772145408203
"9723","5584","PRKCI",0.0930599414137072,-0.608953444978835
"9724","54865","GPATCH4",0.0640991186555544,-0.0615207127310144
"9725","25942","SIN3A",0.0821396409827528,0.0812912933792935
"9726","140735","DYNLL2",-0.0204914523313882,0.31713141647209
"9727","63874","ABHD4",-0.101646672611709,-1.21032153953416
"9728","54550","NECAB2",0.13254094547232,-1.07306044136881
"9729","125875","CLDND2",-0.00839285520547403,-0.619903323987546
"9730","9768","PCLAF",0.112482419968375,1.50830781644002
"9731","3751","KCND2",0.0992386999325081,0.746363947770789
"9732","1293","COL6A3",-0.157651485698561,-0.317374193161002
"9733","9762","LZTS3",-0.173836466936232,0.123980767846203
"9734","51263","MRPL30",0.0518431786130487,0.468012276210266
"9735","57017","COQ9",-0.00991376512015218,0.101793698281959
"9736","2254","FGF9",0.273271076914639,0.108532812946616
"9737","340146","SLC35D3",-0.677126274551125,3.23567578519038
"9738","661","POLR3D",0.0138561031661411,-0.0304064206627741
"9739","2043","EPHA4",0.210966941031358,-0.355635368157404
"9740","9582","APOBEC3B",-0.165809733928632,-0.0115041581215074
"9741","26047","CNTNAP2",-0.194850118106596,-0.770352543486928
"9742","1573","CYP2J2",0.119287286467774,1.51827414781492
"9743","101059938","NPIPA7",-0.102675611636545,-0.194590888007627
"9744","22908","SACM1L",-0.00489342011709404,-0.133607071890048
"9745","9141","PDCD5",0.0405205852948347,0.362838102957562
"9746","9294","S1PR2",-0.0209261147661426,0.243483852912383
"9747","3475","IFRD1",-0.0767491400386593,-0.770614672730838
"9748","9326","ZNHIT3",0.048380199516787,0.359780040627545
"9749","59084","ENPP5",-0.124121814476088,1.37342516046037
"9750","79954","NOL10",0.0515291003696774,0.241613469093051
"9751","23303","KIF13B",0.0777092675705946,-0.329127488407471
"9752","25932","CLIC4",-0.0770413995955082,0.534842638613101
"9753","2969","GTF2I",0.00455868740500343,0.251740082168411
"9754","4946","OAZ1",-0.119576933370972,0.127262816586846
"9755","6611","SMS",-0.0859285471488747,0.403884278463186
"9756","90338","ZNF160",0.00492015461931139,-0.0553539043361599
"9757","1600","DAB1",-0.0086728327091854,0.34827042713709
"9758","728378","POTEF",0.106125576773838,0.233263633083499
"9759","10637","LEFTY1",-0.397228049497484,1.35695833378931
"9760","55365","TMEM176A",-0.314054557417789,-0.0844137676690853
"9761","166","TLE5",-0.0565665148625225,0.343603717715585
"9762","56132","PCDHB3",0.0329277615694419,0.431749502655356
"9763","134111","UBE2QL1",0.160802731336586,-1.33224098521982
"9764","57696","DDX55",0.0187867092207732,-0.0346975727668948
"9765","26960","NBEA",0.0755732111468772,1.10104475705662
"9766","55666","NPLOC4",0.0459199926535021,-0.318393608780138
"9767","80135","RPF1",0.0180218560694687,-0.0244121376934716
"9768","729176","KATNBL1P6",-0.28110758537186,0.641335519540369
"9769","3006","H1-2",-0.0973923131533567,-2.15278603348317
"9770","51490","SPOUT1",-0.0611211204702027,0.558717361200801
"9771","23348","DOCK9",0.098066530645406,0.021889923736361
"9772","3752","KCND3",0.0569939993985115,-0.210589925218431
"9773","144404","TMEM120B",0.0469618853697682,0.705696544701614
"9774","65008","MRPL1",0.0742949065320575,0.457971065965585
"9775","79690","GAL3ST4",-0.257410503125322,-2.75811516961582
"9776","59338","PLEKHA1",-0.0531941104771718,-0.426647959638105
"9777","23093","TTLL5",0.0851731217217004,0.980978439544219
"9778","27293","SMPDL3B",-0.213658618260152,-0.429333471485134
"9779","55194","EVA1B",0.12926460809333,0.0964055456271824
"9780","23259","DDHD2",0.0646022333671485,0.526302737611657
"9781","54675","CRLS1",0.115470762931668,0.691938950285126
"9782","221061","FAM171A1",-0.0399434629901831,0.402067109298945
"9783","6150","MRPL23",-0.0824221881281302,0.303316553449106
"9784","192111","PGAM5",-0.0742470272793829,0.785704949542593
"9785","5537","PPP6C",-0.0297667993338164,-0.231392252874753
"9786","23168","RTF1",-0.0143558597119808,-0.412288213682019
"9787","368","ABCC6",-0.1877033828876,1.59721156013069
"9788","9371","KIF3B",0.0477142273755886,-0.625223615919286
"9789","114787","GPRIN1",-0.021697163107248,0.265661114867344
"9790","55180","LINS1",-0.0627042344402287,0.0521609595314865
"9791","83452","RAB33B",-0.0794988291292271,-0.983263276021265
"9792","10096","ACTR3",0.0537484433491668,0.114862064814218
"9793","122773","KLHDC1",0.144769053401272,0.073316871505551
"9794","2936","GSR",0.0209912345740166,-0.420293335954105
"9795","374879","ZNF699",-0.114189419420237,-1.38447605514559
"9796","389906","LOC389906",-0.0251037727267649,-1.31486044138501
"9797","7044","LEFTY2",-0.227315547487377,1.2906105287523
"9798","50515","CHST11",-0.0110136487799366,0.200231613396404
"9799","100862671","TMEM265",-0.101988597156878,0.531623967392913
"9800","6262","RYR2",0.0422427562574477,1.45013247714821
"9801","339175","METTL2A",0.0214960055515787,0.43391170455066
"9802","284439","SLC25A42",-0.0697658524023841,0.271355374809302
"9803","147463","ANKRD29",0.136229903550168,-0.295079874642783
"9804","1861","TOR1A",-0.0773472706857445,-0.702075239327883
"9805","221302","ZUP1",-0.0788130041259918,0.168820515600961
"9806","100507003","GFY",0.145133671711549,1.26691167256882
"9807","196527","ANO6",0.0508527746425651,0.192648743441151
"9808","91404","SESTD1",0.0756414927688871,0.335793377505348
"9809","650368","TSSC2",0.0348362077529824,-0.460489548399333
"9810","2987","GUK1",-0.0804887506593319,-0.137366040576578
"9811","90806","ANGEL2",0.0548490739850687,0.00690001506902416
"9812","56940","DUSP22",-0.0608965909134422,-0.877156264211051
"9813","305","ANXA2P3",-0.150115196286908,-0.117519877717273
"9814","124641","OVCA2",-0.0380574634521396,-0.273924508049986
"9815","9732","DOCK4",-0.0435826454369348,0.55799140239138
"9816","3428","IFI16",0.0432086860748528,-0.78313275767606
"9817","10755","GIPC1",-0.0862754014827747,0.569907031826865
"9818","3762","KCNJ5",-0.0803803375245753,-0.0619522230654672
"9819","60492","CCDC90B",-0.0283624103513835,-1.47101110032124
"9820","10428","CFDP1",-0.0277281535592939,1.01501134428803
"9821","101929767","LOC101929767",-0.0909807532171206,-0.152771611751731
"9822","5649","RELN",0.0380119577886004,0.682958322465304
"9823","9748","SLK",6.87979376641223e-05,0.0542374155587328
"9824","51808","PHAX",-0.00657503791952507,-0.349689456729299
"9825","113452","TMEM54",-0.193934534056543,-0.108268668013735
"9826","10966","RAB40B",0.015026076729499,0.113071815471194
"9827","1608","DGKG",0.120745154545522,-1.7516494511105
"9828","474343","SPIN2B",0.0596726586019369,0.0650216520820353
"9829","653319","KIAA0895L",-0.110663695575153,0.730787039602371
"9830","373156","GSTK1",-0.0687976108879793,0.0291254419157001
"9831","83699","SH3BGRL2",0.0208277972715658,0.194912707918495
"9832","6156","RPL30",0.0757590878171275,-0.0155926212846662
"9833","7980","TFPI2",-0.130463207606804,-2.53709746770522
"9834","23258","DENND5A",0.0619738202984443,0.356145007451163
"9835","345651","ACTBL2",0.0735861284782719,-4.4899549873757
"9836","311","ANXA11",0.0266524530075971,-0.245333096234718
"9837","7216","TRO",-0.068024354780694,0.818823214179986
"9838","10799","RPP40",-0.0943300215767162,0.728518323231405
"9839","89978","DPH6",0.0802953570703258,0.498448555931738
"9840","3749","KCNC4",0.0319150819673411,-1.14380122898949
"9841","80213","TM2D3",-0.0831321690026048,0.208711428421878
"9842","1040","CDS1",0.0590076702049278,-0.776742190063655
"9843","6575","SLC20A2",0.085360354738806,1.2110788588861
"9844","137682","NDUFAF6",0.0113621522533549,-0.786588299854158
"9845","8881","CDC16",0.0533434092100435,-0.00425575369637965
"9846","249","ALPL",-0.164979194852032,-1.06737470615549
"9847","472","ATM",0.0138880204163927,0.936580780194816
"9848","9470","EIF4E2",-0.0092102688427893,-0.303782405630066
"9849","57129","MRPL47",0.0557125343218994,0.25547621494171
"9850","26207","PITPNC1",0.0401474292087229,-1.38534249066249
"9851","101929555","LOC101929555",0.1602470923509,-0.995782568349977
"9852","8728","ADAM19",0.111914933094196,0.799924558051075
"9853","5138","PDE2A",0.125397877879709,-3.58242184646596
"9854","9814","SFI1",-0.0880681921614164,-0.51873458559304
"9855","104355295","SGMS1-AS1",0.186049955048567,-1.00467257207439
"9856","2894","GRID1",-0.321089295143187,0.304655981161123
"9857","83450","DRC3",0.112370477818688,-0.949663907473504
"9858","51320","MEX3C",-0.0685674861444721,-0.496356296779831
"9859","644961","ACTG1P20",0.123133771399624,0.811473255660145
"9860","10144","FAM13A",0.169302206106361,1.45684099255792
"9861","64223","MLST8",-0.0206311786851234,0.4625782484652
"9862","85414","SLC45A3",0.0816528137435268,-0.909112890977418
"9863","782","CACNB1",0.104007378067123,1.73595192333181
"9864","6500","SKP1",-0.0544225483394563,-0.258041740931838
"9865","55884","WSB2",0.0431413750615972,-0.301177957070028
"9866","27243","CHMP2A",-0.0648618523841593,0.0313558611904936
"9867","55295","KLHL26",0.066687703865135,0.153925475963973
"9868","2222","FDFT1",-0.0544146696182315,-0.37028654773079
"9869","1271","CNTFR",-0.15501741621382,1.64657277608227
"9870","100302692","FTX",0.0594699038518978,0.074666858353035
"9871","56983","POGLUT1",-0.0269971475172994,-0.404119443713095
"9872","6674","SPAG1",0.0261820530105927,-1.3204518347718
"9873","100506658","OCLN",0.166561790269305,0.442303896351064
"9874","1994","ELAVL1",-0.00611616818363636,-0.15120897330952
"9875","65003","MRPL11",0.0113857646285673,0.308342254061047
"9876","51439","FAM8A1",0.0299054233057534,-0.12377843419987
"9877","8496","PPFIBP1",0.0960972988814737,-0.269501857267428
"9878","285755","PPIL6",0.260451077730111,0.609559205609113
"9879","401397","SMIM30",0.104677570692884,0.14866381932934
"9880","10904","BLCAP",-0.0462675552896501,-0.836323357797417
"9881","22837","COBLL1",-0.0475450795693613,-2.2156942073501
"9882","2195","FAT1",0.158039109237766,-0.550773793691397
"9883","8622","PDE8B",0.0324576010598484,-0.642454474040462
"9884","85007","PHYKPL",-0.0413635167786279,-0.402883981388723
"9885","6029","RN7SL1",0.421194834596942,0.0502222514510668
"9886","2868","GRK4",-0.0648668372344501,-0.303105901133031
"9887","79023","NUP37",-0.104577018360247,0.304585468426658
"9888","3547","IGSF1",-0.11667907356403,0.20030745916398
"9889","4129","MAOB",-0.156926114686495,-1.30859704527165
"9890","2706","GJB2",-0.293443561228915,-0.975706879963502
"9891","6122","RPL3",-0.0547607888847192,0.0911501443274716
"9892","466","ATF1",-0.0349339396753656,-0.886618849191917
"9893","284338","PRR19",-0.0616472889051759,0.770486082621281
"9894","27247","NFU1",-0.0315962135442875,-0.0864457875266602
"9895","7088","TLE1",-0.153059978346022,-1.66569938992727
"9896","400745","SH2D5",-0.149154831394112,-2.94151659574023
"9897","6715","SRD5A1",-0.135689734427014,-0.190655520733544
"9898","2017","CTTN",-0.0768647098690183,-0.3246142023389
"9899","79057","PRRG3",0.189733937714642,-0.0377062700934261
"9900","3898","LAD1",0.0411985122498506,1.06135843775554
"9901","100129482","ZNF37BP",-0.114651076652656,0.325438003264732
"9902","55789","DEPDC1B",-0.0851122728629958,1.70510252560518
"9903","26472","PPP1R14B",-0.0727166059054332,0.405705059342948
"9904","80351","TNKS2",-0.0363597272970599,-0.463239288516176
"9905","150967","LINC01963",-0.0355294889281748,0.962587711585733
"9906","283987","HID1",-0.0821965154499869,-0.337194672999676
"9907","6652","SORD",-0.0845566010561427,-0.113290725979389
"9908","830","CAPZA2",0.0656481946555809,0.247539430028505
"9909","79894","ZNF672",-0.0295117185785116,-0.359695554912723
"9910","375567","VWC2",-0.214807057115654,-0.0534099217173569
"9911","54437","SEMA5B",-0.246267998007588,0.386425644326549
"9912","54443","ANLN",0.171999202929391,3.18295627611541
"9913","201266","SLC39A11",-0.0806932366143664,0.00222410311489263
"9914","389432","SAMD5",-0.168749603455226,-1.62161675926207
"9915","4258","MGST2",-0.00266510224935068,-0.0837591480340452
"9916","27067","STAU2",0.0514529231659493,0.0908073354560912
"9917","101060254","PDE4DIPP5",-0.19027432198746,0.764822157254219
"9918","80161","ASMTL-AS1",-0.0466826465781223,-0.675954209811207
"9919","1476","CSTB",0.0178108336580758,-0.323577397869686
"9920","554236","DPY19L2P1",0.116525407188809,1.14560743286262
"9921","644068","RPS14P3",-0.0953004986800559,0.166439706721909
"9922","23354","HAUS5",-0.0696555425870296,1.10855383654049
"9923","2886","GRB7",-0.299750495944445,1.28668280170828
"9924","54893","MTMR10",0.0629383894857076,-0.0122649108828412
"9925","85369","STRIP1",-0.0963282047831733,-0.0650172763508943
"9926","10282","BET1",-0.0790536998710381,-0.14617968828867
"9927","51142","CHCHD2",-0.611787203209111,-0.342782872063145
"9928","114876","OSBPL1A",0.0251859351332699,-0.091764975996603
"9929","5243","ABCB1",-0.409062891881817,-1.14653913931948
"9930","5239","PGM5",-0.0306208542523851,1.0852454591823
"9931","586","BCAT1",-0.110958499540518,0.730398313934549
"9932","100506881","MKLN1-AS",0.0861932969325425,-0.35434977513665
"9933","91663","MYADM",0.0103885829451258,1.26392967557722
"9934","23555","TSPAN15",-0.126588633543513,1.05982212428011
"9935","10712","FAM189B",-0.047447846009911,0.772169994091497
"9936","388677","NOTCH2NLA",0.118139150140858,-0.020514193609205
"9937","22877","MLXIP",0.0637560959102412,-0.14894955392756
"9938","4085","MAD2L1",0.10722109384333,2.42130756112792
"9939","10953","TOMM34",-0.079244960388503,-0.814237853167291
"9940","5387","PMS2P3",0.0611981593049471,-0.500221133411097
"9941","7270","TTF1",0.0559748600176864,0.378288050718417
"9942","3164","NR4A1",-0.29503511735122,-1.30440307251225
"9943","29105","CFAP20",-0.0776425339042683,0.352818760543608
"9944","51087","YBX2",-0.0739445741764344,-0.635878656298915
"9945","91775","NXPE3",0.0893919048543124,-0.179381108643348
"9946","113510","HELQ",-0.0575809271418981,-0.320381320638022
"9947","80764","THAP7",-0.0796909353351798,-0.0476815258372696
"9948","574036","SERTAD4-AS1",-0.231744726179654,-0.931612005969862
"9949","7114","TMSB4X",-0.000179521459946486,-0.0169550957551916
"9950","2252","FGF7",0.354953196275628,1.59940930209587
"9951","2281","FKBP1B",-0.100872436488857,-0.545848997931532
"9952","976","ADGRE5",-0.192293776625182,0.381182844779458
"9953","6742","SSBP1",-0.0497981862965826,0.173732945759934
"9954","11057","ABHD2",0.0816840737398872,0.992099269055502
"9955","4728","NDUFS8",-0.0680809411945296,0.49058265275265
"9956","149076","ZNF362",-0.0598152305856692,0.224595689358471
"9957","51700","CYB5R2",0.0651626742386513,0.120920861420619
"9958","9188","DDX21",-0.0513002308657562,0.0759116259841219
"9959","6425","SFRP5",-0.11468838077785,2.45910549661019
"9960","89122","TRIM4",-0.401052683885999,-0.432119535898109
"9961","80830","APOL6",0.154814602501808,-2.24475618491602
"9962","92922","CCDC102A",-0.0466485679483855,0.865527054999994
"9963","284581","LOC284581",0.218562532588064,-0.0609397911657063
"9964","122011","CSNK1A1L",-0.0390699725198147,-0.154170544707884
"9965","101927027","CHROMR",0.0617424503743065,0.89858073009985
"9966","374819","LRRC37A3",0.0135980181854878,-0.721568853131725
"9967","4292","MLH1",-0.0350060308665814,-0.281495131264376
"9968","3028","HSD17B10",0.00438998569214455,-0.0528408251081496
"9969","642658","SCX",-0.0781343753309809,-0.251539303309166
"9970","23405","DICER1",0.0739892377414204,0.0334476293680925
"9971","10971","YWHAQ",0.0483220434754692,0.0515756391841915
"9972","51626","DYNC2LI1",0.0600735925687492,0.841047804381609
"9973","100506007","RTCA-AS1",-0.0646258258792674,0.0146632404939409
"9974","84276","NICN1",-0.05966245792533,-0.0358068020996756
"9975","79966","SCD5",-0.0768944112388898,-1.85650500031036
"9976","79570","NKAIN1",-0.215696373934243,-1.27802739558533
"9977","51110","LACTB2",0.0158343733904154,-0.816599854917425
"9978","116985","ARAP1",-0.0546995195051592,0.232730506464575
"9979","160518","DENND5B",0.0669448145612428,1.30195644037653
"9980","23382","AHCYL2",-0.100028569793555,0.0359074354221667
"9981","6396","SEC13",-0.0469229902017538,0.397382134456962
"9982","79828","METTL8",-0.00611482052276724,-1.62916530001832
"9983","90333","ZNF468",-0.11284372894906,-1.32165416364392
"9984","54800","KLHL24",-0.0682098855462723,-0.0699661106151721
"9985","11020","IFT27",0.0328138492165957,0.31289042592769
"9986","84520","GON7",0.0189643160031259,-0.0560394282526797
"9987","55833","UBAP2",0.0248714112414028,-0.597948493797337
"9988","5051","PAFAH2",0.067924982001089,-0.324048524164289
"9989","113115","MTFR2",0.0949638836542259,1.18121691576128
"9990","221002","RASGEF1A",0.232954131852633,0.148884749937289
"9991","140711","TLDC2",0.118192615187066,0.521687151097752
"9992","402","ARL2",-0.0114291288834583,0.435071413478351
"9993","26802","SNORD47",-0.175002884659883,0.131554197823974
"9994","55840","EAF2",-0.0732043957516349,0.0104881420995648
"9995","246175","CNOT6L",0.146473036724265,-0.204246365655557
"9996","64428","CIAO3",0.010693084878314,-0.105548113891501
"9997","8970","H2BC11",-0.0115144727100409,-3.26800513386296
"9998","388789","SMIM26",0.0671804398799365,0.424083548696831
"9999","11128","POLR3A",-0.0155166798537687,0.0295177108436881
"10000","4239","MFAP4",-0.187753999694753,0.87513410770193
"10001","960","CD44",-0.00895261204592934,-0.695388568979284
"10002","8576","STK16",-0.0315517964735026,0.180463102879637
"10003","29886","SNX8",0.0203060196558722,-0.353027133435506
"10004","22921","MSRB2",-0.0797561374619464,0.0994985264752115
"10005","10728","PTGES3",-0.0536812638521296,0.157324398223887
"10006","84461","NEURL4",-0.0602131426418504,0.544619003466076
"10007","201514","ZNF584",-0.0165378143455732,-0.857054378163077
"10008","64101","LRRC4",0.0645920623117822,-1.38190318035662
"10009","134957","STXBP5",0.113174941139359,-0.542886557941975
"10010","100289137","FAM95C",0.214581700277952,0.0592771943292658
"10011","221395","ADGRF5",-0.00280833672246339,-1.93331469722531
"10012","23090","ZNF423",-0.0432804547392147,-3.42319631810807
"10013","10201","NME6",0.0462792539401136,0.487510987649046
"10014","79096","CSTPP1",-0.0575285102831957,1.39029800053187
"10015","79590","MRPL24",0.0326156373246711,0.703700229148641
"10016","84529","CDIN1",-0.0525016599446904,0.666169956348161
"10017","5521","PPP2R2B",0.126404440852997,0.420096205599864
"10018","157313","CDCA2",0.280358161586144,1.82581267839232
"10019","63905","MANBAL",0.000357733205800237,0.470590605366917
"10020","63916","ELMO2",-0.0510112301697694,-0.117574739184759
"10021","10855","HPSE",-0.0693162446164482,-1.03691057462412
"10022","28965","SLC27A6",-0.132941005452666,0.909665074980474
"10023","25873","RPL36",-0.073685704564471,-0.0784290817036055
"10024","84726","PRRC2B",0.0797432394366187,-0.357218319185138
"10025","84281","C2orf88",0.0845658184213196,0.18764722148893
"10026","770","CA11",-0.0977727973355869,-0.236132790546306
"10027","387921","NHLRC3",0.0974451222210586,1.43833169158007
"10028","51209","RAB9B",0.112600908155632,2.2966574505232
"10029","5740","PTGIS",0.161354976413394,0.693815342213475
"10030","9703","KIAA0100",-0.0502493024709123,0.484500241398146
"10031","23312","DMXL2",0.0482362501447593,1.3506583196416
"10032","125144","SNHG29",-0.0599603572035665,-0.217224049658503
"10033","26226","FBXW4P1",-0.0535370664962549,-0.565299277790516
"10034","112609","MRAP2",0.178901706978965,-0.091284105508344
"10035","79974","CPED1",0.0287756894707624,0.451348023715941
"10036","55795","PCID2",0.00815364486458936,-0.232497687901041
"10037","25891","PAMR1",-0.267146185176474,-0.774472600018147
"10038","4440","MSI1",0.0810506170530965,-0.21286469569028
"10039","83637","ZMIZ2",-0.0211463269854582,-0.468583440322255
"10040","6648","SOD2",-0.0418031292597787,0.214127712336955
"10041","1519","CTSO",-0.0893485134156893,0.493493047737816
"10042","10947","AP3M2",0.0321098700638798,0.371265780508409
"10043","10402","ST3GAL6",0.10882867303465,0.358861073326087
"10044","404217","CTXN1",-0.120227918221568,-0.203633780387202
"10045","79815","NIPAL2",-0.0204206508904878,-0.837723521047671
"10046","11014","KDELR2",-0.0018474828883539,0.555218609296672
"10047","171546","SPTSSA",-0.0540450629604017,-0.204516787072436
"10048","7014","TERF2",0.0712321111505068,0.0138381901636224
"10049","127933","UHMK1",-0.115597232999077,-0.417074001099818
"10050","23647","ARFIP2",0.00651426609902384,-0.0411504107648133
"10051","132001","TAMM41",0.0733739718052524,1.45890411002844
"10052","1737","DLAT",0.0860134389079938,1.30494427942848
"10053","729993","SHISA9",-0.472829787624202,-2.19851839525887
"10054","127495","LRRC39",0.175789261990119,1.54446760608335
"10055","121260","SLC15A4",-0.11764440978848,0.0986494347361662
"10056","29944","PNMA3",0.121950393681121,0.51984558540462
"10057","8934","RAB29",-0.0759479922197852,-0.51405638331225
"10058","29125","C11orf21",0.117553909405458,2.49536736292282
"10059","63897","HEATR6",0.0605862334316249,0.00753069652488669
"10060","54981","NMRK1",-0.159324737365865,-0.0868983259862675
"10061","389840","MAP3K15",-0.0234333087571836,0.0648998786553903
"10062","65983","GRAMD2B",0.0392348826450428,0.496949116659636
"10063","2065","ERBB3",0.203993203176705,1.75684713561425
"10064","100289098","LINC03011",-0.0433183046123717,-0.561892209961004
"10065","154807","VKORC1L1",0.0401281239079356,0.110187925986655
"10066","2771","GNAI2",-0.0669327362784005,0.635361012798431
"10067","9403","SELENOF",0.000308872831774387,-0.626687051285844
"10068","84641","MFSD14B",0.0153461549879026,0.000699743386991081
"10069","4135","MAP6",-0.128503569052031,0.153777976037877
"10070","54460","MRPS21",-0.0704139979427225,-0.0340721716296715
"10071","23590","PDSS1",-0.0352790799563176,0.973071604930659
"10072","55061","SUSD4",-0.271383330669421,0.647397383679764
"10073","286207","CFAP157",-0.00941518162653018,-0.190776408832354
"10074","54704","PDP1",0.0613553359644419,-0.77247144693299
"10075","3297","HSF1",-0.0816654108694914,0.0048388790733318
"10076","6294","SAFB",9.05607059085156e-05,-0.135761626321627
"10077","64850","ETNPPL",0.206130571823518,-3.6509298586068
"10078","58528","RRAGD",0.00363270066711596,0.930799609510868
"10079","100505641","FGD5-AS1",0.0552285674610014,0.705132273920827
"10080","10533","ATG7",-0.0760833742515477,-0.402858969967308
"10081","8131","NPRL3",-0.05567239173741,0.215643099834433
"10082","10516","FBLN5",-0.160129280903007,-0.404815120164136
"10083","4595","MUTYH",-0.114809047319538,0.780580620824665
"10084","79009","DDX50",-0.0635076973651572,-0.333327811180434
"10085","55798","METTL2B",0.0502835700010786,0.351606535507557
"10086","50649","ARHGEF4",0.0670479299673628,0.290370809907624
"10087","840","CASP7",-0.077067321744674,-0.146476297307311
"10088","27102","EIF2AK1",-0.00938464995158395,-0.098818737403005
"10089","55174","INTS10",-0.0270326149083555,0.0338200374119433
"10090","339327","ZNF546",0.161598075712723,0.014138744287659
"10091","54509","RHOF",0.0882358093301496,1.09511642684091
"10092","143570","XRRA1",0.0269836367114964,-0.631537292652474
"10093","8428","STK24",-0.0225495734011458,-0.829777958799919
"10094","10858","CYP46A1",-0.183422961060145,-0.696436081039388
"10095","388335","TMEM220",0.0642660622407929,1.09152352554075
"10096","124152","IQCK",0.00371215927929835,0.215568464241953
"10097","10093","ARPC4",-0.0823645825868393,-0.0578021905866217
"10098","2121","EVC",0.0450750094590142,0.0329158778018934
"10099","7799","PRDM2",0.164066540790394,-0.0819120662090134
"10100","10417","SPON2",-0.434822595411245,-0.304102176611446
"10101","79666","PLEKHF2",0.0731981805433697,-0.0226678826789248
"10102","51309","ARMCX1",-0.0670266311675771,0.643602612329897
"10103","5601","MAPK9",0.0131344421617632,-0.121389031467236
"10104","23336","SYNM",-0.00853734031483722,-0.774516970949374
"10105","79178","THTPA",0.0527581782194888,-0.30093382566825
"10106","101927365","PNISR-AS1",-0.0493420375712385,-0.94572186756725
"10107","266655","BRD3OS",-0.0146505258466396,0.416003615627643
"10108","9240","PNMA1",-0.0447850217160424,-0.232139907423185
"10109","29967","LRP12",-0.066083001437816,0.0221979141273749
"10110","51510","CHMP5",-0.0680188165581797,-0.303402903434627
"10111","283932","FBXL19-AS1",-0.0333951645221329,-1.594444148471
"10112","23022","PALLD",0.0806655668236669,0.401412286541165
"10113","92002","CCNQ",0.00873873403014835,0.305968986907239
"10114","728190","NUTM2A-AS1",0.167360711146637,-0.00311013813009842
"10115","7139","TNNT2",-0.049263117994931,0.653530001429388
"10116","10939","AFG3L2",-0.0458896149023653,0.954607510489533
"10117","91603","ZNF830",0.035359865007778,0.0309721450214755
"10118","105374013",NA,-0.113965998593284,-0.456560532869258
"10119","221294","NT5DC1",0.0180533077467695,0.080315081500963
"10120","22846","VASH1",0.00469710039647708,0.799433141098238
"10121","91057","CCDC34",-0.0842097517559948,1.39957700503791
"10122","2946","GSTM2",-0.0692712185428821,0.209430500466321
"10123","80823","BHLHB9",-0.00793915054159777,0.139254998431292
"10124","54951","COMMD8",0.0441671371462586,0.33716156778125
"10125","4033","IRAG2",0.381108593258602,-4.14919704639004
"10126","26167","PCDHB5",-0.081685356850969,0.508335949398291
"10127","10771","ZMYND11",0.0300118004003558,0.0661466334884331
"10128","6738","RO60",0.0291628524286747,0.119312498073575
"10129","728806","NSFP1",-0.0470827573661361,-0.75177041862494
"10130","3315","HSPB1",-0.104160217876373,0.0242759407150217
"10131","7979","SEM1",0.0301260428367076,0.109274888531671
"10132","57535","ELAPOR1",-0.128404637530399,-3.43341090218103
"10133","105373154","LOC105373154",-0.209571403606548,-0.250985114968827
"10134","9875","URB1",-0.00600485280974805,-0.206593948623603
"10135","338657","CENATAC",0.0998830362637646,0.0664814662447659
"10136","147906","DACT3",0.0705172837842563,0.917182063081373
"10137","3910","LAMA4",-0.100874186093082,0.2807878262065
"10138","400258","C14orf180",-0.124400138420602,0.243927240925069
"10139","23334","SZT2",-0.054964975097282,-0.328324563730171
"10140","10713","USP39",0.023995489046535,0.195054567489565
"10141","148867","SLC30A7",-0.066203059738644,-0.110827320287298
"10142","7102","TSPAN7",-0.25582624187998,0.0659960490907521
"10143","51611","DPH5",0.0638182298331884,0.660159220734471
"10144","637","BID",0.0466545603137494,-0.122838078097868
"10145","85301","COL27A1",-0.0896077564806297,-2.33386907583251
"10146","55246","CCDC25",0.0596978305495783,0.0419634137226499
"10147","3484","IGFBP1",-0.507339993648716,-1.4941795585443
"10148","4826","NNAT",-0.216060856488475,-1.05559974587304
"10149","59283","CACNG8",0.0111864080753387,-0.412247130766238
"10150","343263","MYBPHL",-0.0659136484887923,-0.435604445725895
"10151","442454","UQCRBP1",0.107672507679868,0.0264020903502575
"10152","196383","RILPL2",-0.104285225377081,0.0641872165546553
"10153","23228","PLCL2",-0.0754301568048907,-0.744547315171845
"10154","4674","NAP1L2",0.0780494835323022,0.361310317779069
"10155","58527","ABRACL",-0.00208977381130682,-0.579669460910584
"10156","1983","EIF5",-0.120811974580188,-0.628982132242968
"10157","147948","ZNF582",-0.0580194017170672,-0.227013159963604
"10158","3572","IL6ST",-0.0218350067157349,-0.0736753553892466
"10159","4716","NDUFB10",-0.084656814565693,0.763950979032935
"10160","56965","PARP6",0.0728820155157068,-0.00136076100109506
"10161","112398","EGLN2",0.10886602910478,0.487101296231272
"10162","112476","PRRT2",-0.0902255619400967,0.613968555738285
"10163","57821","CCDC181",0.0210549918095899,1.45432255453881
"10164","2787","GNG5",0.0862045841103996,0.687797271590163
"10165","3682","ITGAE",-0.00105015093777228,0.731203530192579
"10166","55768","NGLY1",-0.02822877258959,0.369382526844876
"10167","23151","GRAMD4",0.0879738259171754,0.436443419643846
"10168","23370","ARHGEF18",-0.0468547683290872,-0.441566937099875
"10169","400818","NBPF9",0.192307048583469,0.206790787344939
"10170","2790","GNG10",-0.0625045803784769,0.0556500994168514
"10171","11226","GALNT6",-0.0391645017595037,0.451648412964902
"10172","60559","SPCS3",-0.0614427783336682,0.116764193129245
"10173","5409","PNMT",-0.213083339320033,0.570713181427231
"10174","55615","PRR5",0.0643691064438974,-0.472030231335513
"10175","4869","NPM1",-0.0468050312194563,0.0929471275175109
"10176","2551","GABPA",-0.0157804302151998,-0.222952180381851
"10177","3146","HMGB1",0.0223940956491067,0.465672416414487
"10178","23516","SLC39A14",0.0758794620815362,1.44926197175226
"10179","7027","TFDP1",-0.00472484093445402,0.268477784907986
"10180","23286","WWC1",0.0591045866240405,-1.41669259766668
"10181","114134","SLC2A13",-0.0426038455557149,0.444400888510803
"10182","57655","GRAMD1A",-0.061938452515534,-0.335796623206273
"10183","10633","RASL10A",0.178109727519659,-1.13835040979413
"10184","51559","NT5DC3",-0.0121444493851879,-1.2923535363114
"10185","5339","PLEC",-0.0106430212558504,0.322473211498508
"10186","92999","ZBTB47",-0.0463944228976176,0.57959334491929
"10187","26576","SRPK3",-0.174936548210016,1.64229968615679
"10188","7042","TGFB2",0.0688191697801068,-0.32986224145135
"10189","100303755","PET117",0.0552995232046929,0.367808051964698
"10190","728402","TPI1P3",-0.0627892358297402,0.387220723522616
"10191","26151","NAT9",-0.0525129052769686,-0.184776315804356
"10192","369","ARAF",0.0193374950329792,0.51776605067156
"10193","8540","AGPS",0.0362440794394168,0.11023698798331
"10194","79641","ROGDI",-0.0976947907871342,0.661340006852587
"10195","283431","GAS2L3",0.0850536370616228,1.05509988401766
"10196","1159","CKMT1B",0.0528618670442313,-0.0397767001008678
"10197","100506985","NCMAP-DT",0.11601549030615,0.0357765787590012
"10198","57732","ZFYVE28",0.00134934594052938,-0.158588579776936
"10199","54676","GTPBP2",-0.0635156381659501,0.821420840348728
"10200","5345","SERPINF2",-0.355012079287153,-2.57409607195829
"10201","92482","BBIP1",-0.0239455248647933,-0.539127558412808
"10202","93621","MRFAP1",-0.0789436688838698,0.00328928500608328
"10203","1845","DUSP3",0.0467437773518178,0.0699846057173481
"10204","1211","CLTA",-0.0881275992714849,-0.415752262423615
"10205","114971","PTPMT1",-0.0224162411327553,0.672127665237165
"10206","6747","SSR3",-0.0553410743080729,0.726161023891621
"10207","84525","HOPX",0.0436164496288596,2.23637786751782
"10208","23322","RPGRIP1L",0.0855635647964026,1.86574283100782
"10209","641516","KC6",0.146549482608831,0.158308029041807
"10210","22929","SEPHS1",0.00522172170220525,0.3923272114086
"10211","1111","CHEK1",0.0742518175304747,1.61465086370491
"10212","115123","MARCHF3",0.0179514632909425,-0.224614665549399
"10213","119504","ANAPC16",-0.141265002147756,0.174252248266308
"10214","64863","METTL4",0.0103166411442781,0.262108071133724
"10215","9055","PRC1",0.097341766130107,2.62049201421946
"10216","23560","GTPBP4",0.0433934255032318,-0.264432307527148
"10217","157869","SBSPON",-0.206369234776029,-0.905502695293063
"10218","9101","USP8",0.0969240437596071,0.0794028130739646
"10219","27018","BEX3",-0.0753923582419826,0.0565118687087711
"10220","10016","PDCD6",-0.0509692307473744,-0.708199729688945
"10221","4259","MGST3",0.0264171066466936,0.306788039281925
"10222","51264","MRPL27",-0.0813115796766306,0.0593475532089425
"10223","27292","DIMT1",-0.0202619235852968,0.103986661495242
"10224","6709","SPTAN1",0.109476948234352,0.191711299920634
"10225","4957","ODF2",0.00483104878930174,0.0515857120972871
"10226","8443","GNPAT",-0.0463839734445761,0.442505471671112
"10227","374569","ASPG",-0.101018280889499,1.14370489516974
"10228","2931","GSK3A",-0.0120520332424148,-0.281781532679267
"10229","7321","UBE2D1",-0.034586702624317,-0.0172540429938026
"10230","3705","ITPK1",0.0620262813455073,-0.38729803055389
"10231","140576","S100A16",0.0282611173534359,1.2386933184128
"10232","81788","NUAK2",-0.527906370710788,-2.19275786562562
"10233","10238","DCAF7",0.0330496347988722,-0.189434983756792
"10234","137970","UNC5D",-0.063055785111567,-1.34420356887686
"10235","5866","RAB3IL1",0.00362580395590228,0.360526489766094
"10236","441027","TMEM150C",-0.227107371869361,0.0119969590972502
"10237","4712","NDUFB6",-0.0415443652354259,0.141635756586681
"10238","10166","SLC25A15",-0.0625614355019311,-1.09178799730668
"10239","1329","COX5B",-0.0229147328959147,0.113684578417988
"10240","84842","HPDL",-0.141930718446552,-0.12885784014109
"10241","3015","H2AZ1",-0.223116202230811,0.223785974494338
"10242","3486","IGFBP3",-0.184302324050472,0.206343755580029
"10243","80325","ABTB1",-0.096229780109681,0.202991933338155
"10244","1119","CHKA",-0.0260853491596178,-0.413402986659845
"10245","645676","ASH1L-AS1",-0.0677425691239324,-1.54091301123305
"10246","54553","MIR4453HG",0.115527061668124,-0.778982417939063
"10247","100288142","NBPF20",0.111419439653738,0.309844333497096
"10248","79003","MIS12",-0.012847822519598,-0.290879455554953
"10249","705","BYSL",-0.0375806887929695,-0.303514103837802
"10250","51474","LIMA1",0.0425240730981304,0.106888818553162
"10251","26258","BLOC1S6",0.0580264775309383,-0.106907174924704
"10252","4708","NDUFB2",-0.0792782879686964,-0.0877864606716727
"10253","2593","GAMT",-0.0772609544511305,-0.0555201049502179
"10254","54716","SLC6A20",-0.135909364315378,-2.68041955402956
"10255","3856","KRT8",-0.0715503518964518,-0.550426626228292
"10256","57586","SYT13",0.270964296289105,0.662214477622185
"10257","84629","TNRC18",-0.067582982028215,0.0967610727043349
"10258","8633","UNC5C",0.159773976853079,1.08637494163697
"10259","221895","JAZF1",0.0909565430709822,1.29125595040589
"10260","22838","RNF44",0.0393932082027373,0.0552776603613552
"10261","57664","PLEKHA4",-0.00171737717709775,-0.334620408951716
"10262","4830","NME1",0.0617505441896675,-0.186981410761195
"10263","79672","FN3KRP",-0.0695226709456334,0.786489190703548
"10264","10542","LAMTOR5",-0.0382991927974468,0.526519367272776
"10265","3995","FADS3",-0.139114996624324,-0.752006732132393
"10266","116138","KLHDC3",-0.0641798909608662,0.755588146329883
"10267","9550","ATP6V1G1",0.0236038461989629,-0.716619046560806
"10268","56203","LMOD3",0.302327623456591,1.34353660103073
"10269","161823","ADAL",0.00193182374699674,0.35152795766157
"10270","6675","UAP1",-0.0112990644128406,-0.00289405018474032
"10271","221960","CCZ1B",-0.0173020139201103,-0.325191251987258
"10272","221443","OARD1",0.0156422052870595,-0.251701208235126
"10273","1","A1BG",-0.189187315944167,0.518021900358873
"10274","8434","RECK",-0.0728928294511997,0.343835254514556
"10275","119032","BORCS7",-0.0622400910514935,-0.895504729094679
"10276","63901","FAM111A",0.148304054723629,0.197272537633906
"10277","54868","TMEM104",0.0216119249281626,0.200384263731826
"10278","124583","CANT1",-0.106403259360468,-0.102916177255966
"10279","3814","KISS1",-0.234710110974408,0.0737992664011886
"10280","63892","THADA",0.0322282258519691,0.225384086786805
"10281","9601","PDIA4",-0.0690952519356216,0.0524894424462765
"10282","51660","MPC1",0.00937886207338412,1.33098913391087
"10283","84221","SPATC1L",0.0769743743409688,1.66935542273028
"10284","339290","LINC00667",-0.0419880527912424,-0.103518393134796
"10285","7781","SLC30A3",-0.221594086220676,-0.280856130003508
"10286","5603","MAPK13",-0.193549682147599,-3.55662368093953
"10287","3918","LAMC2",-0.24984447977015,0.426494242767064
"10288","51326","ARL17A",0.0486203024567051,0.093537565877496
"10289","92154","MTSS2",-0.0162416087399677,-0.185635902586369
"10290","102724843","LOC102724843",0.140486694037284,0.542354251238252
"10291","167681","PRSS35",-0.11919217655038,1.19104079281324
"10292","64122","FN3K",-0.0838890078871879,1.30420128888304
"10293","91608","RASL10B",0.0646844249804355,0.398567511200973
"10294","653784","MZT2A",-0.0884670386762796,0.0112250249745243
"10295","10935","PRDX3",-0.0790461641538487,0.220229981863793
"10296","8618","CADPS",0.0380846583155634,1.23233551829234
"10297","7024","TFCP2",0.047086439189659,0.326721277917453
"10298","26985","AP3M1",0.062894605250464,0.653110122152045
"10299","641371","ACOT1",-0.140526577821934,-0.0590701706324888
"10300","1012","CDH13",-0.0359487663729627,0.15392792723083
"10301","11269","DDX19B",-0.0104586553771506,-0.0604275649722981
"10302","83473","KATNAL2",0.0557627704140078,0.473594004733229
"10303","6533","SLC6A6",0.113773767424115,-0.542546409356003
"10304","3437","IFIT3",-0.341900622042942,-2.42781002412992
"10305","23633","KPNA6",-0.00460570052891374,-0.230411053886617
"10306","81621","KAZALD1",-0.0553252696401874,0.372089089061452
"10307","10629","TAF6L",-0.117253530634461,0.00391156798657288
"10308","7851","MALL",0.24935420993773,-0.395388896791939
"10309","81619","TSPAN14",-0.104594652756502,-0.708584777652542
"10310","84952","CGNL1",0.0530135010438535,1.09633866072315
"10311","654320","SNORA8",-0.372103708924269,-0.279871460886466
"10312","11127","KIF3A",0.00221334821619745,0.0178854129082815
"10313","55168","MRPS18A",-0.00371778906056974,-0.0211288830084904
"10314","18","ABAT",-0.108135478851481,1.11939564847488
"10315","9687","GREB1",0.00634915596297869,0.654365120495979
"10316","10651","MTX2",-0.024141279571853,0.0322426388292332
"10317","23041","MON2",0.0633374979857386,-0.27017623625331
"10318","51522","TMEM14C",-0.0955127723842324,-0.360751412974114
"10319","678655","CD27-AS1",0.0199388026758642,0.668832960463144
"10320","146167","SLC38A8",-0.286117311398749,-1.4280360023696
"10321","6203","RPS9",-0.0994962468714462,-0.00334366504668182
"10322","85026","ARRDC1-AS1",-0.0680853300049149,-0.295202149313382
"10323","4121","MAN1A1",-0.0646708414933936,-0.87700954254068
"10324","8021","NUP214",0.0942598608751233,-0.00934980459143642
"10325","9321","TRIP11",0.0825746646193091,0.124386817488642
"10326","65267","WNK3",0.0551332467914545,-0.504534592874328
"10327","474384","F8A3",-0.109580973278149,-0.0577828525030206
"10328","440689","H2BC18",0.0190609924587406,-1.39834447083605
"10329","116540","MRPL53",-0.0409823655316162,-0.609849527513747
"10330","9906","SLC35E2A",0.0496320835155961,0.331252103579573
"10331","817","CAMK2D",0.0422054094788411,0.674799656211137
"10332","283459","GATC",0.0745436787942282,-0.532041028149377
"10333","374286","FBXW10B",0.136220519636758,0.0382254962039129
"10334","5204","PFDN5",0.0560596906817592,-0.156879057914686
"10335","51275","MAPKAPK5-AS1",0.069012715455262,0.236997710762385
"10336","3797","KIF3C",0.0840452171924086,0.141249007496012
"10337","9871","SEC24D",0.11118964810161,0.37549514283053
"10338","10149","ADGRG2",-0.121637892242413,-0.926622970677252
"10339","84709","MGARP",-0.09799359305817,-2.55278293212828
"10340","51255","RNF181",-0.0229828507762537,-0.32246929692672
"10341","222950","NYAP1",-0.101980431273548,0.86674505520378
"10342","9377","COX5A",-0.0176158713739145,0.312320403626392
"10343","9631","NUP155",0.0488022287307306,0.473882376873187
"10344","124512","METTL23",-0.0707251240254481,-0.160317161213634
"10345","2255","FGF10",0.0977074065945038,0.893104060007423
"10346","51250","MTRES1",0.0697537056529329,0.0363620698491536
"10347","3137","HLA-J",-0.185238745760804,-0.474691647326932
"10348","79905","TMC7",-0.0678427911460644,-1.39962805413019
"10349","647024","C6orf132",0.238293600940921,-2.55346955487675
"10350","8767","RIPK2",0.000224625141621804,0.621092700838487
"10351","8454","CUL1",0.0227130455492262,-0.0442898786597672
"10352","29922","NME7",0.0476206383002107,0.487125793119649
"10353","25904","CNOT10",-0.0101929965907708,0.373881979533748
"10354","55240","STEAP3",-0.058366747199543,-0.461062794247988
"10355","102724488","SYT15B",-0.199750976420326,-0.457453436677684
"10356","171392","ZNF675",0.0959330364540034,0.839247344122428
"10357","729967","MORN2",-0.0039262908516382,0.0257352323454674
"10358","100874249","DENND5B-AS1",0.0569517162006925,-1.62703206858278
"10359","10401","PIAS3",-0.043503447089444,-0.182722773233074
"10360","5306","PITPNA",-0.0261934576527914,-0.210125880901097
"10361","83743","GRWD1",-0.0444096866679908,-0.115700918576163
"10362","57631","LRCH2",0.071863989733477,0.519636045387678
"10363","93380","MMGT1",-0.0456013205710439,0.170279800156638
"10364","1847","DUSP5",-0.167951155289038,-1.19937670642178
"10365","4343","MOV10",-0.0983164821217049,-1.16960003453669
"10366","55361","PI4K2A",0.0252139624994312,-0.678726446757631
"10367","84337","ELOF1",0.0380651746705718,-0.21809720304884
"10368","83729","INHBE",0.0524343305092438,1.6783797108171
"10369","53349","ZFYVE1",-0.0101034170479144,-1.05840217705376
"10370","5899","RALB",-0.0224584919040005,-0.743531668454261
"10371","126328","NDUFA11",-0.0882088303384796,-0.0764707178880624
"10372","139341","FUNDC1",0.0436343186158856,0.0249513521315796
"10373","23327","NEDD4L",0.0838982969718005,-0.0751888167802814
"10374","64284","RAB17",0.128343822551615,-1.63732489154377
"10375","84191","CIAO2A",0.0861205341568603,0.105155641116953
"10376","221","ALDH3B1",-0.181693429692364,0.0135274993664546
"10377","118924","FRA10AC1",0.0721652853179497,0.0139658734791617
"10378","9760","TOX",0.222520152241833,0.273576574997749
"10379","10483","SEC23B",0.00911118631171792,0.290983850972137
"10380","6520","SLC3A2",-0.0310348632988937,-0.799390471197237
"10381","55610","VPS50",0.0928032453747267,0.710767000413515
"10382","57419","SLC24A3",0.0917937748343407,0.779087496698226
"10383","55299","BRIX1",0.051647288108823,0.32612700440504
"10384","23515","MORC3",0.0274246936108478,-0.421929076527093
"10385","5127","CDK16",-0.00870982334584625,0.16928126276692
"10386","440556","PRDM16-DT",0.154290683890306,0.152277865242868
"10387","79987","SVEP1",-0.0388019018730201,0.498405033870631
"10388","2189","FANCG",-0.00413621093272942,1.52905054336327
"10389","5371","PML",-0.0587602947726262,-1.74055405431662
"10390","8673","VAMP8",-0.0746343470677706,-0.791550951893906
"10391","55084","SOBP",-0.0411458799736728,1.02005154063603
"10392","5813","PURA",-0.0594421486708701,0.026062581873159
"10393","10564","ARFGEF2",0.056517391267656,-0.0928093219662731
"10394","8100","IFT88",0.072612656344659,-0.145949361998825
"10395","4345","CD200",0.0295594721618588,0.1199440183307
"10396","11332","ACOT7",-0.00776042721391068,-0.889549377437127
"10397","27439","TMEM121B",0.0606464105659525,0.0413734862198769
"10398","54819","ZCCHC10",-0.0591653920039414,-0.162869131813431
"10399","9147","NEMF",0.0503418383680048,0.263517030016603
"10400","6546","SLC8A1",0.0563166241695736,2.74308723883327
"10401","9372","ZFYVE9",0.0484229224106567,0.431787826541278
"10402","2823","GPM6A",-0.151845878418188,0.0682218348580392
"10403","55256","ADI1",-0.102266925207746,0.00347291669434124
"10404","64772","ENGASE",-0.00926140229982675,0.248788195915711
"10405","57718","PPP4R4",-0.229098984930306,-1.80936641372124
"10406","30845","EHD3",0.0302650753376845,0.201193428520134
"10407","100287932","TIMM23",-0.0289376883230439,0.119571854192372
"10408","158931","TCEAL6",0.0412397871002694,-0.098199831253881
"10409","57654","UVSSA",-0.0536831395967554,-0.312161419767316
"10410","9482","STX8",0.0604458177216358,0.837654648631009
"10411","55971","BAIAP2L1",-0.121395382391095,-1.13591201817735
"10412","282969","FUOM",0.041072550452748,0.253400159333601
"10413","22852","ANKRD26",0.0929636788037227,0.531695589851324
"10414","5613","PRKX",-0.0771653095447293,-2.05317900301025
"10415","131870","NUDT16",0.0208264469727775,1.16181596229846
"10416","26031","OSBPL3",0.155248683271143,-1.60385240767658
"10417","4666","NACA",0.0488933323298255,0.103624683858682
"10418","2246","FGF1",0.148109211378708,1.57255429521427
"10419","6143","RPL19",0.0396266275915274,-0.256317171530775
"10420","150737","TTC30B",0.0764095957408397,-0.547287973990262
"10421","4625","MYH7",0.0245729303613889,2.53503662194327
"10422","51377","UCHL5",0.0602704805648564,0.22190512908152
"10423","440107","PLEKHG7",-0.137468753346466,-0.575108616467902
"10424","79650","USB1",0.0235528091239194,-0.277719663653517
"10425","84164","ASCC2",0.0138701381607911,0.0385450224036017
"10426","221264","AK9",-0.0760592247895033,-0.285775555423157
"10427","23341","DNAJC16",-0.00445874936405932,0.0152282235917394
"10428","80817","CEP44",-0.0757685552387395,0.238824159002146
"10429","788","SLC25A20",-0.00116058638794048,-0.170458549630805
"10430","203259","FAM219A",-0.0918041733545083,-1.10011044897207
"10431","29101","SSU72",-0.038894394006924,-0.0169354289227046
"10432","29929","ALG6",0.037552039461128,0.44339373279054
"10433","81624","DIAPH3",0.160070491213999,0.702046270895121
"10434","79176","FBXL15",-0.0879454782711777,0.00790682749684635
"10435","5129","CDK18",-0.11783661935522,1.48338456318418
"10436","3274","HRH2",0.145282461224236,1.77629957411844
"10437","79778","MICALL2",-0.100679635079316,-2.15827529199277
"10438","154442","BVES-AS1",0.0134132674218431,-0.34052326842932
"10439","84720","PIGO",-0.00261172559282574,0.940261368982942
"10440","10007","GNPDA1",-0.0711376289144932,-0.801881087639629
"10441","480","ATP1A4",-0.235928597079163,0.305036124582408
"10442","8940","TOP3B",0.019312986840256,-0.218673448601257
"10443","9019","MPZL1",-0.0725799684390296,-0.238914325159894
"10444","83955","NACA4P",0.066609135291376,0.0762350835443861
"10445","29028","ATAD2",0.0603364153364403,1.64641225803865
"10446","730092","RRN3P1",0.0337856369489546,0.163125566961328
"10447","200081","TXLNA",-0.0545299455170181,-0.631730203706721
"10448","5833","PCYT2",0.0174982906044692,0.93766384268311
"10449","2971","GTF3A",0.0549488467745505,0.25338258168956
"10450","51574","LARP7",0.0734507939412712,0.287117210777932
"10451","284273","PTGR3",-0.0416169677464868,0.083765411196576
"10452","54997","TESC",-0.117930482761017,-0.157247210001666
"10453","221393","ADGRF4",-0.218077459021657,-3.31599323761647
"10454","27147","DENND2A",-0.211630702127443,0.253418930520628
"10455","54726","OTUD4",0.0395675404923823,-0.428659291885638
"10456","1297","COL9A1",-0.20617066642937,0.502380518399484
"10457","55225","RAVER2",0.0926726216039668,0.799931755306856
"10458","79979","TRMT2B",0.0229573904031541,0.329790189017913
"10459","8459","TPST2",-0.0817268519989005,-0.262847371795563
"10460","49854","ZBTB21",0.0608127543030226,-0.532923831415785
"10461","7205","TRIP6",-0.222794152193933,-0.0352599936679594
"10462","1730","DIAPH2",0.0753929266730413,0.231465393167729
"10463","139322","APOOL",0.0399258524915833,-0.0205886544839196
"10464","55601","DDX60",-0.0207926404488639,-0.0436256808483906
"10465","10079","ATP9A",-0.0284756158229005,-0.150792847615227
"10466","200185","KRTCAP2",-0.0577468321854342,0.234715503371708
"10467","128338","DRAM2",0.0342180356320574,0.515926717973516
"10468","3767","KCNJ11",0.187709955168988,1.59087103339465
"10469","4922","NTS",0.116295258892095,-0.0566554120768351
"10470","387914","SHISA2",0.0691867188447857,-1.71144527222133
"10471","54969","HPF1",-0.0442001504659713,0.617347164768332
"10472","4323","MMP14",-0.209459130980076,-0.63680471580187
"10473","79745","CLIP4",0.0600444476881377,-0.855608400170815
"10474","80164","PRR36",-0.0942451846600245,0.951191359428121
"10475","8867","SYNJ1",0.0939352879731841,-0.432926581963114
"10476","7531","YWHAE",0.0017681154502025,0.272827505800795
"10477","100506844","GIHCG",0.0724256363890197,0.331274816240476
"10478","101060376","TBC1D3L",0.0292041582253837,-0.409506899911199
"10479","118472","ZNF511",0.0337240540629886,0.504041421705881
"10480","1838","DTNB",-0.0340337994737236,0.163002156180179
"10481","6778","STAT6",-0.0748355275407109,0.591780961755892
"10482","84168","ANTXR1",0.0110353440692776,0.0977490275100683
"10483","1277","COL1A1",-0.209328622555505,0.494347031764449
"10484","284440","LINC00663",-0.175145007078552,-0.436354848850775
"10485","5423","POLB",-0.0405572793870141,-0.318142662218185
"10486","3908","LAMA2",-0.0329621713878483,0.661070082442158
"10487","133308","SLC9B2",-0.0401007286376354,0.0461686873142666
"10488","11274","USP18",-0.134278583286576,0.104118365128382
"10489","6263","RYR3",-0.0154889583926688,-0.140615232977863
"10490","51562","MBIP",-0.0469916916621207,0.628887339060724
"10491","23175","LPIN1",0.0905260755677277,0.32955401154027
"10492","114819","CROCCP3",0.111960870132513,-0.849720201722361
"10493","2890","GRIA1",-0.102406156743858,-1.49993187696566
"10494","5744","PTHLH",0.143428336854035,-0.0983519280805003
"10495","5308","PITX2",0.298757140603566,-1.01330426010289
"10496","81789","TIGD6",0.0662216254719343,-1.01192185763922
"10497","3460","IFNGR2",-0.0292710437370536,0.0736993779626971
"10498","51335","NGRN",-0.0114969938840588,-0.0791151172332594
"10499","126068","ZNF441",0.110550832078608,-1.19867962951438
"10500","23198","PSME4",0.0440859260928956,-0.596549674414611
"10501","57455","REXO1",-0.0264676955239391,-0.721945123024982
"10502","286257","PAXX",-0.0131032567127511,0.409236571075515
"10503","90293","KLHL13",0.101714358208243,1.86642162535457
"10504","2843","GPR20",-0.312580280455611,1.81200252976659
"10505","9810","RNF40",-0.0531301452198258,-0.363595588518552
"10506","256435","ST6GALNAC3",-0.114451311836295,0.807946727556233
"10507","8407","TAGLN2",-0.0429003490622506,-0.180933972479941
"10508","64091","POPDC2",0.05675689496492,1.5443764817386
"10509","4504","MT3",-0.291007559457184,-0.471049113093528
"10510","23607","CD2AP",-0.0472443005967298,-0.5510232789917
"10511","65084","TMEM135",0.0681321348510266,0.948858907234251
"10512","9904","RBM19",-0.020807843059921,-0.536363923887619
"10513","10840","ALDH1L1",-0.176453679383708,-0.756086939177382
"10514","84681","HINT2",-0.0692577713037146,0.333772280513037
"10515","120103","SLC36A4",-0.00554556599084588,0.857395416414048
"10516","83939","EIF2A",0.0118838098075082,-0.20983920457208
"10517","286319","TUSC1",0.0534701111994882,-0.463386774640778
"10518","84791","LINC00467",-0.116975317588185,0.0816534994458658
"10519","633","BGN",-0.307917547463033,0.048095857923858
"10520","54914","FOCAD",-0.00384802827789343,0.612441845949348
"10521","84271","POLDIP3",-0.0528903134436378,-0.522928896488448
"10522","9056","SLC7A7",-0.0712748479176473,-0.832571076519753
"10523","11051","NUDT21",-0.0242791439823362,0.405218550963832
"10524","728026","PTMAP12",0.0854196015298139,-0.161644265323325
"10525","10204","NUTF2",-0.0424384189846627,-0.0770476558429189
"10526","101929612",NA,0.163568416808829,0.0370723961672317
"10527","79568","MAIP1",-0.0587931580078358,0.451364813924865
"10528","10073","SNUPN",0.0361265699884696,0.132573560136032
"10529","6158","RPL28",0.0474522110631703,-0.287596318835834
"10530","157657","CFAP418",0.061357882545177,-0.44317924066032
"10531","4547","MTTP",-0.180176734076356,-0.785659011433794
"10532","51258","MRPL51",-0.0488404258123296,-0.113088555759258
"10533","26330","GAPDHS",-0.0663661715618131,0.518634387886208
"10534","137994","LETM2",0.199503264686746,-1.10375852263919
"10535","441172","NHSL1-AS1",-0.102718860846098,-1.80816371880826
"10536","146862","UNC45B",-0.037975383828055,1.31652234489179
"10537","23660","ZKSCAN5",0.0315681136975217,-0.284910253866884
"10538","79639","TMEM53",-0.0564382452698307,0.423004976968708
"10539","400451","FAM174B",0.0624987812775792,0.267417352648248
"10540","644","BLVRA",-0.0443219078570554,0.252916554986766
"10541","90957","DHX57",0.0609248445230257,0.317995910198168
"10542","9805","SCRN1",0.0227860975572325,0.644259516888197
"10543","123283","TARS3",0.0521255958864719,-0.0699137263947422
"10544","653513","LOC653513",0.0559234929333376,0.57966432461681
"10545","5701","PSMC2",-0.0493502978295934,0.0231186174589686
"10546","4055","LTBR",-0.0886141807074838,0.433537459048752
"10547","4756","NEO1",-0.0780999100675208,-0.0718003985996098
"10548","55092","TMEM51",0.0775252686421184,-0.787879742697
"10549","121665","SPPL3",-0.0261444633815904,0.465461642400309
"10550","254100","ZNRD2-DT",-0.080377799606361,-0.973329944359667
"10551","9045","RPL14",0.0465336378888344,0.0736064845315409
"10552","7772","ZNF229",0.0790140579731924,0.255599400708027
"10553","116843","SLC18B1",0.0058323308953776,2.23220963187117
"10554","10592","SMC2",0.0498724900761838,1.89620001575696
"10555","30851","TAX1BP3",-0.115384646905714,-1.22687939023062
"10556","3177","SLC29A2",0.103427629322749,1.5984921618386
"10557","127018","LYPLAL1",0.0881646120152446,0.05386726465672
"10558","3730","ANOS1",-0.0442051738704832,-0.244788271377677
"10559","126792","B3GALT6",-0.019102811694375,0.377123125433052
"10560","79657","RPAP3",0.0393317980632908,0.0481393139601414
"10561","3964","LGALS8",-0.0769535120242022,-0.138725911730986
"10562","5806","PTX3",0.0451367197890118,0.874523124074798
"10563","116092","DNTTIP1",-0.0269987535159109,0.0366771734195179
"10564","839","CASP6",-0.0803463641909858,-0.415639108860409
"10565","8704","B4GALT2",-0.0681818608377949,-0.101538142455494
"10566","653269","POTEI",0.182888157585853,0.696431859212793
"10567","7289","TULP3",-0.0348014855385594,-0.254778922354305
"10568","221322","TBC1D32",-0.0581510883427798,0.555710897487528
"10569","26469","PTPN18",0.0804796787320941,0.849757226547494
"10570","2766","GMPR",0.0485287776064212,0.0919412882784343
"10571","10059","DNM1L",0.0935137122937437,0.616296165647719
"10572","11276","SYNRG",0.0590318569991837,-0.434334608734943
"10573","10973","ASCC3",0.030221930096995,-0.37967830988234
"10574","440957","SMIM4",-0.101147534579156,-0.251529798291786
"10575","6299","SALL1",0.0238386510123201,-1.30732494740576
"10576","55052","MRPL20",-0.040663103155639,0.0888744410329831
"10577","200879","LIPH",-0.125949127252124,-0.243702064752207
"10578","222234","FAM185A",-0.16666572888408,-0.475725074246361
"10579","105369190",NA,0.125254319716599,-0.877931144135972
"10580","1183","CLCN4",0.0104451271347221,0.037656271652021
"10581","159090","PABIR2",0.0710291082192507,-0.395147996999013
"10582","171425","CLYBL",-0.107159292046792,0.204854595042149
"10583","23657","SLC7A11",-0.0869537675268139,-1.44502393749265
"10584","23038","WDTC1",-0.00422404504473839,0.301380123878904
"10585","5592","PRKG1",0.0268223034784358,0.533363114341446
"10586","7994","KAT6A",0.0768982121292794,-0.33689364054308
"10587","220042","DDIAS",-0.0151824376042116,1.17513812665929
"10588","55780","ERMARD",-0.0302642940280009,-0.233645395371052
"10589","64693","CTAGE1",0.0732035298663795,0.405310849317625
"10590","8910","SGCE",-0.0395129796589693,1.74981523997797
"10591","26249","KLHL3",0.0961231366525781,1.03251479783624
"10592","1455","CSNK1G2",-0.0686753404178315,-0.587698220736161
"10593","5427","POLE2",-0.0240647420261355,2.76939990449043
"10594","5878","RAB5C",0.0826058349067624,-0.364818107475645
"10595","81543","LRRC3",-0.0676478170673067,0.993637112849784
"10596","25926","NOL11",-0.0140884623610065,0.439424116672082
"10597","55224","ETNK2",-0.0829685731956311,-0.240284805640778
"10598","7320","UBE2B",-0.0408815825262403,0.050825509621907
"10599","51429","SNX9",0.0984697907456145,0.137459895383352
"10600","84869","CBR4",0.00281169505663037,-0.542537360667204
"10601","197370","NSMCE1",-0.104399173260152,0.145783073100986
"10602","23114","NFASC",-0.0880472990552938,-0.00866108452762182
"10603","5469","MED1",0.0430948927079005,0.0135398158754807
"10604","6876","TAGLN",0.0227293241837838,0.428508803435788
"10605","84837","ARHGAP5-AS1",-0.100187945349021,-1.77934626931705
"10606","595101","SMG1P5",0.013653679565798,0.212306252861762
"10607","11234","HPS5",0.00628967735281805,-0.0745877704197548
"10608","220992","ZNF485",0.167032724124046,-0.0436819501535349
"10609","123606","NIPA1",-0.0756315683841517,-0.243749676438235
"10610","79730","NSUN7",0.101748809758472,0.417825537687003
"10611","80349","WDR61",-0.0141463970675435,0.154078660723309
"10612","54058","C21orf58",-0.0239371380577102,1.26326885107242
"10613","23160","WDR43",0.0417193480747438,-0.636408183183657
"10614","1286","COL4A4",-0.206122580898784,-0.0660661433872756
"10615","389333","PROB1",0.107856007481258,0.0707068368154191
"10616","26507","CNNM1",0.0486868995267091,0.828919270569578
"10617","130026","ICA1L",0.047198233876339,0.681262227762568
"10618","8634","RTCA",-0.016612825920598,0.0497484932978125
"10619","652276","LOC652276",0.0771538413852313,-0.0653054881044404
"10620","89927","BMERB1",0.0228310820264168,-0.315827799478033
"10621","81552","VOPP1",-0.0674626798463382,-1.08484036337025
"10622","379013","RNF138P1",-0.199599120231795,0.0517654846548668
"10623","100126784","NAV2-AS6",0.192558535949184,-3.53586006027515
"10624","5925","RB1",-0.0609544573090002,-0.38406150530197
"10625","23511","NUP188",-0.0136163833433063,0.158310073637869
"10626","10124","ARL4A",-0.156655628603311,-0.527507759259032
"10627","10630","PDPN",-0.119226844120518,0.387155831054585
"10628","284443","ZNF493",0.234227839954531,0.150798058699378
"10629","5803","PTPRZ1",0.045981718829959,-1.83802082262109
"10630","11062","DUS4L",0.0577572167791844,0.624678724722145
"10631","683","BST1",-0.209692224594842,0.0788660138637538
"10632","11069","RAPGEF4",-0.0940230329549614,-0.162049179739848
"10633","11005","SPINK5",0.209667473400075,0.368648657543968
"10634","9427","ECEL1",-0.276006300112308,-1.31076979078072
"10635","122060","SLAIN1",-0.0176473604360341,0.583383769326594
"10636","9699","RIMS2",-0.108294955535406,-1.85565636825838
"10637","79074","C2orf49",0.0487876636269435,-0.134366202048404
"10638","1603","DAD1",-0.0333351726983233,0.318970964297703
"10639","1347","COX7A2",-0.0234755143597827,0.0777922044994659
"10640","1161","ERCC8",0.101638402164477,0.889869624018175
"10641","9657","IQCB1",0.0257899203036862,0.289482715143037
"10642","10324","KLHL41",-0.105706929952979,0.374572708332562
"10643","10588","MTHFS",-0.19677366979022,0.522705110446746
"10644","23307","FKBP15",0.0306728672923056,0.00860759377717013
"10645","127544","RNF19B",-0.293077288536034,-1.91684706567662
"10646","51166","AADAT",-0.0581090077564266,-0.0216258418881758
"10647","11033","ADAP1",0.0781903702264022,0.593787729030884
"10648","6578","SLCO2A1",-0.191764164245321,-1.53834538084896
"10649","80777","CYB5B",0.0554562808892207,0.0207338293805917
"10650","8439","NSMAF",0.108020012895191,0.243044355366255
"10651","80023","NRSN2",-0.03394139533677,0.0327965236024594
"10652","3691","ITGB4",-0.226498362633095,-0.860905001898515
"10653","3991","LIPE",-0.0418182024845821,1.91038571792334
"10654","101927628",NA,0.149366143360455,-0.327868925659983
"10655","29916","SNX11",-0.10129965389917,-0.170173812814993
"10656","487","ATP2A1",-0.0400514309931823,-0.482644194945682
"10657","25830","SULT4A1",0.0242234349759333,0.605838358722194
"10658","125061","AFMID",-0.0441104492253288,0.947827991679179
"10659","23102","TBC1D2B",0.104078193601408,-0.204248314617161
"10660","55604","CARMIL1",0.0704896092355844,-0.468344350689472
"10661","387119","CEP85L",-0.0328812539321062,-1.88622578042274
"10662","10396","ATP8A1",-0.0856046532261967,0.392738393562921
"10663","105374378","LOC105374378",-0.16716042505417,-0.930692892412089
"10664","79902","NUP85",-0.0563117541960017,0.306639632306092
"10665","152195","NUDT16L2P",-0.149550180978617,-0.912502458685715
"10666","84259","DCUN1D5",-0.0863913046442546,0.0945744839442009
"10667","27109","DMAC2L",-0.0543833921617281,0.174590647184336
"10668","25929","GEMIN5",0.0268269797340386,0.225593061269255
"10669","138050","HGSNAT",-0.0358871026217944,0.0463125435006537
"10670","1030","CDKN2B",-0.201527661127137,-1.32218477691686
"10671","3781","KCNN2",0.0265614830183658,0.706166811846171
"10672","10522","DEAF1",-0.0314275025151201,-0.434140516932962
"10673","64423","INF2",-0.0449387022920416,0.939278509374611
"10674","1009","CDH11",0.158744857488288,0.30448849388455
"10675","94274","PPP1R14A",-0.0278690136607169,-0.0910507777644671
"10676","4638","MYLK",0.160544232061151,0.581686627145328
"10677","9353","SLIT2",-0.0387195789148125,0.322389401225276
"10678","64582","GPR135",-0.0245015951927812,-0.796416199250129
"10679","1339","COX6A2",0.109223022187211,0.531488917552604
"10680","401074","LINC00960",0.1606363861078,0.10460040383342
"10681","7779","SLC30A1",-0.0861745914908258,-1.64067065276476
"10682","6147","RPL23A",0.0423166597623883,-0.517587594989684
"10683","6059","ABCE1",-0.0226193828954306,0.555303241135689
"10684","23039","XPO7",0.0414861754580844,0.587779759167144
"10685","374868","ATP9B",-0.055310122591826,0.300046488574675
"10686","139411","PTCHD1",-0.0314729189764424,-0.166429596270832
"10687","101929959","BMS1P14",0.000620430231363933,-0.549812297370055
"10688","388759","LINC02897",0.112909596207687,-0.420111730015885
"10689","28968","SLC6A16",-0.00265285343751714,0.266937620632416
"10690","81932","HDHD3",0.0337387277982737,0.145839192962955
"10691","84955","NUDCD1",0.0680941773430037,0.427672535604294
"10692","677805","SNORA18",-0.363328324463191,0.396573606649075
"10693","56938","ARNTL2",-0.0994269223598772,0.245206584060531
"10694","6638","SNRPN",-0.0308399260801533,0.712659907487667
"10695","746","TMEM258",-0.0634918525594248,-0.0546924423552122
"10696","102724428","LOC102724428",-0.229917278852444,-0.965831685906008
"10697","10865","ARID5A",-0.367865036155059,-1.40840978832636
"10698","85363","TRIM5",-0.106193874239935,-0.527972574008484
"10699","23315","SLC9A8",0.052530793653788,0.0468379445438121
"10700","115106","HAUS1",0.00653696160557082,0.545582344451191
"10701","2272","FHIT",0.0455333106293563,1.46343869570258
"10702","4927","NUP88",-0.0331166323052532,0.397129414080991
"10703","158219","TTC39B",-0.00498964127247392,-0.394786253560841
"10704","113251","LARP4",0.112844796321165,-0.0482975624169315
"10705","24144","TFIP11",0.0460036179943328,-0.675648102527084
"10706","4436","MSH2",0.0465519374066741,1.39304996285636
"10707","100188893","TOMM6",0.0390034556553447,-0.202310656452498
"10708","730091","LINC00886",-0.0371193927203097,-0.71306448967777
"10709","526","ATP6V1B2",-0.0725937335096658,-0.454383259809909
"10710","2635","GBP3",-0.0191214488838376,-0.0266936483493372
"10711","51643","TMBIM4",-0.0541134202642795,1.09473615746239
"10712","377007","KLHL30",0.0263865654733362,0.0990205487622102
"10713","643401","PURPL",-0.26248475871694,-2.05216191890675
"10714","29103","DNAJC15",0.125489869882632,-0.136254034788671
"10715","53340","SPA17",0.0359754029016091,0.385421027457852
"10716","699","BUB1",0.0759527160787492,2.55823261994051
"10717","9882","TBC1D4",-0.0171464326928996,0.818217939873541
"10718","23165","NUP205",0.0411554151627129,1.24136733382221
"10719","654","BMP6",-0.00580469958046481,-1.11110078933735
"10720","6597","SMARCA4",0.0447103778150773,0.337253832686264
"10721","50808","AK3",0.0192956111928453,-0.472145370240098
"10722","2840","GPR17",0.0443719816581469,0.749131280063402
"10723","84817","TXNDC17",-0.0621881142549521,0.0869574681027272
"10724","5901","RAN",-0.0605766240390277,0.373497321779489
"10725","1801","DPH1",-0.0549270917330764,0.490160040374644
"10726","55190","NUDT11",0.029032846693632,-0.0779207005267173
"10727","10873","ME3",-0.0939156889537385,-0.63463852154122
"10728","8644","AKR1C3",-0.000360873478825519,-0.470743874263982
"10729","116159","CYYR1",-0.122416631785589,-0.13630176108687
"10730","4725","NDUFS5",0.085175071058794,0.110927169296259
"10731","100128398","LOC100128398",-0.071424750066438,-0.844471898252616
"10732","64114","TMBIM1",-0.179648842501516,-1.58541678039186
"10733","55041","PLEKHB2",-0.0122291095815772,-0.318681196834159
"10734","280","AMY2B",0.323753647283756,0.0979301627900537
"10735","11329","STK38",-0.000258683924928782,-0.523113122212196
"10736","7534","YWHAZ",0.0421484876754299,-0.469241741176258
"10737","200316","APOBEC3F",-0.000637974548699738,-0.624273532223521
"10738","163227","ZNF100",0.170842079832383,1.00732442626806
"10739","55653","BCAS4",-0.0194347936117243,-0.0555810784180828
"10740","100616345","MIR4426",-0.0708640507112817,0.104850642449807
"10741","55738","ARFGAP1",-0.136648765447918,-0.849040825054483
"10742","6415","SELENOW",-0.105321991993508,-0.0218252090989655
"10743","7163","TPD52",0.0348822478509678,1.2973619052203
"10744","163087","ZNF383",0.0541640937398506,-0.561038670527673
"10745","100506100","ZDHHC12-DT",0.0928401225068341,0.32296672682523
"10746","4820","NKTR",-0.0213052240918081,0.101200106602268
"10747","150786","RAB6D",-0.0368139986080318,-0.308895789587493
"10748","142940","TRUB1",0.0788139481324306,-0.515258387395592
"10749","29796","UQCR10",0.0732634717189562,0.0642553534864776
"10750","79412","KREMEN2",-0.157063806553265,-1.3126181314943
"10751","6175","RPLP0",-0.00144148496959851,-0.0836005034856324
"10752","10544","PROCR",-0.154525699886646,-1.66477893059429
"10753","6487","ST3GAL3",0.00573030546024178,0.819796379879308
"10754","119559","SFXN4",0.00578960384036797,1.2984385373745
"10755","283234","CCDC88B",-0.081500963462262,0.93789363285247
"10756","283659","PRTG",0.104300266080081,0.0443282075280305
"10757","1315","COPB1",0.046630048141922,0.397725704308938
"10758","83666","PARP9",0.0883325870590901,-0.568050107323457
"10759","440434","NPEPPSP1",0.0295930399843467,-0.380364714742663
"10760","23293","SMG6",0.0416207776611355,-0.622867977770396
"10761","147372","CCBE1",-0.270282841393669,-0.518814847476917
"10762","151195","CCNYL1",-0.0563694999532354,-0.53894654244725
"10763","441502","RPS26P11",-0.0521113715674293,0.158280311556703
"10764","11108","PRDM4",0.045078140250288,-0.208620913234647
"10765","745","MYRF",0.064463395541658,1.81397043802726
"10766","9097","USP14",-0.021212104410953,0.251401669350949
"10767","7126","TNFAIP1",-0.00791507770689304,-1.31295252957693
"10768","102723665","LOC102723665",-0.116203992884952,-0.590695433144368
"10769","144245","ALG10B",-0.0501811214122609,0.438086437509315
"10770","10811","NOXA1",-0.169913800555295,-0.464310525103269
"10771","6821","SUOX",0.0632186330187814,1.13463622017132
"10772","162993","ZNF846",-0.0541128120668943,0.0252591803080846
"10773","164781","DAW1",0.278300103756691,-0.647407243673165
"10774","2050","EPHB4",-0.120664835139413,0.271139489173453
"10775","84552","PARD6G",-0.0888924421298602,-1.54409512096324
"10776","9522","SCAMP1",-0.0481489418189653,0.224644015002517
"10777","4257","MGST1",-0.024375205816292,0.73364227324821
"10778","22925","PLA2R1",-0.0455509948352935,-1.14387725629124
"10779","51308","REEP2",-0.0796642721554557,-0.939781551072658
"10780","389524","GTF2IRD2B",-0.0525183010897985,0.119516050181848
"10781","6616","SNAP25",-0.0976741957797591,-0.640711383752114
"10782","151056","PLB1",0.0527857320373072,-1.75279835561691
"10783","84269","CHCHD5",0.0496810239107468,0.236492308344912
"10784","84661","DPY30",0.00839107191212385,1.16444118642557
"10785","113763","ZBED10P",-0.295232110040929,-0.106312296438562
"10786","7301","TYRO3",-0.171692541817602,-0.102549582694065
"10787","80228","ORAI2",-0.0388093781390424,0.212567409442846
"10788","6857","SYT1",0.0182585247915332,-0.378181137999321
"10789","100506674","MRPS30-DT",-0.059993965071633,0.62142611888829
"10790","4302","MLLT6",-0.00459322394085504,0.712493336371498
"10791","105376066",NA,0.0675981553359737,-0.345873971438873
"10792","2918","GRM8",0.222744311507122,-2.40612654103234
"10793","23129","PLXND1",-0.15124785248199,-0.179082768289813
"10794","51776","MAP3K20",0.000380212682754788,0.508651103404671
"10795","58189","WFDC1",0.0552675295233137,0.0675576733420324
"10796","57502","NLGN4X",0.0917992880533394,0.220538310820382
"10797","645513","SEPTIN7P14",0.0824981713128754,0.449667548670899
"10798","689","BTF3",0.0393855212859018,-0.458956794666051
"10799","1595","CYP51A1",0.019678122010327,0.729856412985471
"10800","9448","MAP4K4",0.0091643345963881,-0.114505714441517
"10801","137964","GPAT4",-0.0502719659185766,0.425306108112644
"10802","79707","NOL9",0.0553986519307195,-0.0100664239625887
"10803","25771","TBC1D22A",-0.0513160063606319,0.509696569708999
"10804","100505783","OSER1-DT",-0.0605976826478629,-0.465165465464181
"10805","440498","HSBP1L1",-0.0264551282826241,0.5742548454975
"10806","7873","MANF",0.0719592693373752,0.203486016799716
"10807","445582","POTEE",0.172736484750359,0.691909977202447
"10808","90993","CREB3L1",-0.0396871004560895,-0.856935462171589
"10809","100506621",NA,-0.178437692898243,-0.624971439164553
"10810","401494","HACD4",0.104226167506652,0.666397841655054
"10811","4713","NDUFB7",-0.0667076117808598,0.33187278637957
"10812","1281","COL3A1",-0.228070763134227,0.35005561344359
"10813","54715","RBFOX1",-0.053863703538727,0.660017980369917
"10814","6094","ROM1",-0.142734933678792,-2.39094797331034
"10815","55634","KRBOX4",0.0198270298592065,-0.207571488045712
"10816","148156","ZNF558",-0.111889445005918,-0.219273721686911
"10817","64776","C11orf1",0.103977347046274,-0.102878821562149
"10818","79007","DBNDD1",-0.158373357715632,-1.87762400759665
"10819","22943","DKK1",-0.255883716735553,-0.861543863250952
"10820","23231","SEL1L3",0.0219479807095384,-1.24387573870648
"10821","55972","SLC25A40",0.0932699430300215,1.84984300761804
"10822","100499177","THAP9-AS1",0.0851557843208548,0.569367329731693
"10823","114781","BTBD9",0.0580360862933285,0.628259852111036
"10824","6949","TCOF1",0.00107434149115537,0.77038113184079
"10825","26112","CCDC69",0.082720730681757,0.722687080272407
"10826","100093631","GTF2IP4",0.031240478322621,0.141722201920064
"10827","9423","NTN1",-0.147521913656887,-3.07973323400152
"10828","9545","RAB3D",0.0578855920796397,0.987221739003926
"10829","7060","THBS4",-0.0757941056502753,-0.498720776624998
"10830","374987","NEXN-AS1",-0.093149451479084,-1.80992770567186
"10831","64403","CDH24",-0.130760891243086,-1.01067887725583
"10832","220074","LRTOMT",-0.0694135444314103,-0.755558068149038
"10833","118487","CHCHD1",-0.0627924372119057,0.222829301041675
"10834","10556","RPP30",-0.0422537082345862,0.483024004654114
"10835","79016","DDA1",-0.0460304355166459,-0.150680443281251
"10836","118788","PIK3AP1",0.0992217259219315,0.335687865714575
"10837","27085","MTBP",-0.101121590178956,1.61717359598889
"10838","84515","MCM8",-0.0697427200500127,1.30231805918494
"10839","28982","FLVCR1",0.0204226243269368,0.385098773890356
"10840","153768","PRELID2",0.0874650670300396,0.179966653312
"10841","23264","ZC3H7B",-0.0332095873498313,-0.0122266127288047
"10842","285463","CTBP1-AS",-0.102356083892087,0.165213659507438
"10843","23439","ATP1B4",0.203645313418484,0.53479864845974
"10844","2177","FANCD2",-0.082926289946966,2.08935451421447
"10845","1019","CDK4",-0.0867491974710584,1.13481288263738
"10846","27112","NALF2",0.142293437179034,1.18617423516404
"10847","284184","NDUFAF8",-0.0693812696925429,-0.550190437157624
"10848","8805","TRIM24",0.077919833799216,-0.124336432404286
"10849","112942","CFAP36",-0.0348795806150086,0.0884271863319661
"10850","4700","NDUFA6",-0.0157295381625246,0.377303500919899
"10851","7773","ZNF230",0.149624725870163,0.324348429221409
"10852","56944","OLFML3",-0.118504998353605,0.434540795645319
"10853","2956","MSH6",-0.050864411601637,0.879298984727086
"10854","56945","MRPS22",0.00608900763353937,0.248215966030481
"10855","39","ACAT2",0.0508601474063166,0.62291807376299
"10856","65123","INTS3",-0.0414554303527881,0.37920892828322
"10857","56853","CELF4",0.22203374758266,-1.35292748410147
"10858","100506730","LOC100506730",0.00732710377041412,0.0819360516332115
"10859","388588","SMIM1",0.085769862333005,1.6247711946358
"10860","146059","CDAN1",-0.00708854792641755,0.340172307009063
"10861","1266","CNN3",-0.0149970680024465,-0.574720999764859
"10862","55603","TENT5A",-0.275476809300767,-1.05216170219483
"10863","83544","DNAL1",0.0439960367871679,0.24243404319571
"10864","84518","CNFN",-0.0990847002047492,-1.41927213054494
"10865","2561","GABRB2",0.181279418595391,0.13258093625223
"10866","286495","TTC3P1",0.0937912745407683,0.578358140753812
"10867","26133","TRPC4AP",-0.0404576750413081,-0.0380727754812247
"10868","79698","ZMAT4",0.169932330111966,-0.146962218847406
"10869","7127","TNFAIP2",-0.447727879915855,-1.3191814988888
"10870","130074","FAM168B",-0.0689259799815023,-0.000102888895457731
"10871","131118","DNAJC19",0.0287214647754386,0.389985360044228
"10872","7594","ZNF43",0.0624094254901015,0.990953087936486
"10873","22902","RUFY3",0.0363035315440161,-0.456705002017402
"10874","728989","LOC728989",-0.0127406076809196,0.731112063511455
"10875","23593","HEBP2",0.00912706436500255,0.285198499226349
"10876","5368","PNOC",-0.127856033402874,-0.299429257745095
"10877","118491","CFAP70",-0.131096035060776,-0.172164037675697
"10878","9797","TATDN2",-0.00777355119990641,0.172619029854089
"10879","9542","NRG2",0.117108100136942,-1.59065438763722
"10880","116442","RAB39B",-0.109024453388953,-0.696445615917272
"10881","55668","GPATCH2L",-0.0341815635149159,-0.237404659167152
"10882","7402","UTRN",0.144221910778223,0.473393524257183
"10883","10454","TAB1",-0.0476651669036032,0.329541379817621
"10884","23517","MTREX",0.0388585637543848,0.322039983349799
"10885","54898","ELOVL2",-0.0458048892909528,0.653087032860116
"10886","220","ALDH1A3",0.0372592893703561,-5.18271294770454
"10887","10687","PNMA2",-0.249689943319834,1.12619714444378
"10888","6284","S100A13",0.0214423017493139,-1.44751532574974
"10889","84570","COL25A1",-0.0249756247141176,0.238747402621213
"10890","22927","HABP4",-0.045548475331735,-0.420685490642711
"10891","3643","INSR",-0.0105328566207783,1.01372250181663
"10892","112869","SGF29",0.0594873525212476,0.312859376802743
"10893","6217","RPS16",-0.0637753447061389,0.0622514188056194
"10894","197258","FCSK",-0.0381750487156856,0.299759478474169
"10895","3708","ITPR1",0.159819605007001,-1.84998388519673
"10896","7275","TUB",-0.0853086041345943,-0.580142360087573
"10897","5583","PRKCH",0.0876672630483961,-1.57605004275452
"10898","869","CBLN1",-0.175528594882521,0.557784944565017
"10899","9978","RBX1",-0.0741432130053425,0.215386038922248
"10900","11156","PTP4A3",-0.0860467721806124,0.154588929646385
"10901","10156","RASA4",-0.163628824966993,0.205414527104083
"10902","105375620",NA,-0.0306226122821869,-0.702209848679236
"10903","7754","ZNF204P",0.185869961752376,2.12041020181659
"10904","8706","B3GALNT1",-0.116404763845934,0.857765728187815
"10905","23178","PASK",-0.0535879793271756,1.28431089440317
"10906","3300","DNAJB2",-0.108618768970934,-0.37640833095029
"10907","728537","C2orf92",0.0257441957818842,-0.987513601869401
"10908","64236","PDLIM2",-0.181258611051984,0.551655557426537
"10909","6583","SLC22A4",-0.143326587271215,-1.07232111997202
"10910","10197","PSME3",-0.0341261918998752,-0.155170070522745
"10911","54930","HAUS4",0.0460478449961448,1.42088545461426
"10912","9421","HAND1",-0.0974054012530665,-0.935045128399143
"10913","6672","SP100",0.100327732842425,0.625511378175057
"10914","818","CAMK2G",-0.0874116674702927,0.162727061311086
"10915","10787","NCKAP1",6.87963390593183e-05,0.352305510641644
"10916","10243","GPHN",0.0651190543502356,-0.11095249310521
"10917","460","ASTN1",-0.120143725060638,-0.0664362217876073
"10918","4643","MYO1E",0.11223480257417,-0.787161812767297
"10919","84141","EVA1A",-0.0174992617357435,-1.24777847902278
"10920","5224","PGAM2",-0.116482212560186,1.24147350721878
"10921","1453","CSNK1D",0.0168366272896172,-0.369634676087414
"10922","9219","MTA2",-0.0706566425884141,-1.18713555591378
"10923","1429","CRYZ",-0.0746984348811157,0.0247281519528793
"10924","5982","RFC2",-0.0260108014907994,0.90973673278607
"10925","84300","UQCC2",-0.0577461297719228,0.552363104696921
"10926","83875","BCO2",-0.0880393168828455,0.816568983432286
"10927","11096","ADAMTS5",0.252539679979484,-2.51127559915037
"10928","29789","OLA1",0.00910823534637117,0.724182275900416
"10929","64946","CENPH",0.0780575678966269,1.38273980272459
"10930","2791","GNG11",0.139806096301246,-1.12127115249177
"10931","54896","SLC66A1",-0.0509677167308809,-0.243726810135435
"10932","10723","SLC12A7",-0.00726234335350284,0.368869015256333
"10933","257194","NEGR1",0.160075326293128,0.309717625773439
"10934","83903","HASPIN",0.0557044463239804,1.54533686465101
"10935","283849","EXOC3L1",-0.0601747121153889,-1.07006993931017
"10936","9897","WASHC5",0.0216012901237894,-0.213263645621848
"10937","5271","SERPINB8",-0.0905298748066365,-1.75569662480577
"10938","54503","ZDHHC13",-0.00159251604858479,0.503669075085682
"10939","51479","ANKFY1",0.0632105176886206,-0.174843071828808
"10940","2558","GABRA5",0.114304317828266,-1.7502205061713
"10941","6726","SRP9",0.0404867486487337,0.26696966407085
"10942","64940","STAG3L4",0.0884931852670396,0.242620317089474
"10943","5064","PALM",-0.112510837245001,0.606534459254933
"10944","10845","CLPX",-0.0299382283469214,0.00354499238849382
"10945","51102","MECR",-0.00120774402017076,-0.202057620753784
"10946","23761","PISD",-0.0503793883001311,-1.1529092530704
"10947","93","ACVR2B",0.0281492644182464,-0.0113531011596111
"10948","23148","NACAD",0.109465705994484,0.726806120071759
"10949","54968","TMEM70",0.0463371142237996,0.0174484060883806
"10950","55655","NLRP2",0.183709284039345,0.486005315881026
"10951","57159","TRIM54",-0.11788660223044,0.87588545988253
"10952","57222","ERGIC1",-0.0495773784276237,-0.0385879713307675
"10953","57149","LYRM1",0.0421912621533815,-1.08337104154578
"10954","25987","TSKU",-0.106730943295132,-1.63664812682728
"10955","7011","TEP1",-0.0108649283635502,-1.48754188980924
"10956","5143","PDE4C",0.109371513288063,-3.62819574898923
"10957","794","CALB2",-0.0363954308736996,-1.09866943544656
"10958","11031","RAB31",0.0548811537553595,-0.979358064287974
"10959","55170","PRMT6",-0.0362237321452525,0.38200825380838
"10960","9674","KIAA0040",0.104832045609483,-1.97909836376944
"10961","81610","FAM83D",0.182054496177562,1.0916124917504
"10962","23505","TMEM131",0.0763800205757619,-0.354045507102962
"10963","54850","FBXL12",0.0328244101820747,-0.57422855932717
"10964","6885","MAP3K7",-0.0823265836224572,-0.0744840492151448
"10965","3988","LIPA",-0.0889645530108982,-0.139924655664319
"10966","2745","GLRX",0.0571778539591907,-0.547749223044844
"10967","210","ALAD",-0.0796744682556598,0.312924178511015
"10968","7318","UBA7",-0.2214281322499,1.15672441768474
"10969","116969","ART5",-0.212977651411572,0.574771854888351
"10970","57560","IFT80",0.0218794702444907,0.415889064144594
"10971","57118","CAMK1D",-0.0804713015780036,-0.0784831032797255
"10972","9319","TRIP13",0.10381928690189,1.57052737875286
"10973","10597","TRAPPC2B",-0.0461224311740001,-0.131628542795704
"10974","138311","DIPK1B",-0.0799129455428504,1.73290150229931
"10975","100820829","MYZAP",-0.0123614033474375,1.30216939029901
"10976","54986","ULK4",0.0468900919208353,0.609634482682921
"10977","387841","RPL13AP20",-0.0775725368412727,-0.434136957665848
"10978","8303","SNN",-0.100480500435216,-1.83647478748107
"10979","8605","PLA2G4C",-0.11596887395407,-0.150069054644197
"10980","79037","PVRIG",-0.103204993090047,-0.527131368617109
"10981","27351","DESI1",0.0183036941988615,-0.178048947331154
"10982","51714","SELENOT",-0.0426146063099919,0.0503195342378344
"10983","23224","SYNE2",-0.030191032372608,0.400748272920456
"10984","3176","HNMT",-0.209898491192329,-0.311642276494593
"10985","9180","OSMR",-0.207007290946966,-0.930104272414128
"10986","10568","SLC34A2",0.521351263396666,0.0411297875173449
"10987","114884","OSBPL10",-0.145801132727787,-1.08628629965152
"10988","1396","CRIP1",-0.0311880404210427,0.321927368171785
"10989","56910","STARD7",0.0221604249320855,0.849673945477473
"10990","6574","SLC20A1",-0.0732877813911159,0.034557044845438
"10991","166793","ZBTB49",0.0760717517263791,0.113625979403691
"10992","58517","RBM25",-0.0369545027875837,0.127784929435788
"10993","5329","PLAUR",-0.10033922018726,0.185075312612579
"10994","503542","SPRN",-0.055547790731691,-0.257054454278566
"10995","6253","RTN2",-0.0812743296141267,0.85383315282969
"10996","57210","SLC45A4",0.0739933055614035,0.33819274837414
"10997","729468","PGM5P4",-0.0379809533354312,0.530567036973314
"10998","1911","PHC1",0.0371831912104348,-0.0505734521071979
"10999","57325","KAT14",0.0440279150560521,0.260959629260848
"11000","91683","SYT12",-0.00449336964608948,-3.5328681014789
"11001","231","AKR1B1",-0.111620565672776,-0.0917660435385983
"11002","553115","PEF1",-0.0218033739755787,-0.235075874191175
"11003","399694","SHC4",0.127091865518765,-1.73896163558637
"11004","84418","CYSTM1",-0.0302342062182568,-0.54290269844563
"11005","23479","ISCU",-0.0430007565000121,-1.11480680186034
"11006","10659","CELF2",0.0811335316203525,0.463078437195506
"11007","54796","BNC2",0.22708879504944,-1.1934251316276
"11008","93974","ATP5IF1",-0.0578694225247931,-0.328488045700388
"11009","6776","STAT5A",0.0559380968627261,0.520506364754185
"11010","79897","RPP21",-0.224462724689758,0.727498268947289
"11011","644096","SDHAF1",-0.0373225400726973,0.246544917024792
"11012","29063","ZCCHC4",0.0779896453972699,0.520311280945058
"11013","54881","TEX10",-0.0191999473998754,-0.938657577248501
"11014","5985","RFC5",-0.0581901049188809,1.26820325736288
"11015","2117","ETV3",0.0817674176281145,-1.2455788209832
"11016","10111","RAD50",0.0751546721888516,0.301330199309837
"11017","4908","NTF3",-0.0782877637438346,0.361114411659795
"11018","9129","PRPF3",0.106356846604813,0.0881462279439784
"11019","139596","UPRT",0.0471380756064339,0.268923159528951
"11020","64900","LPIN3",-0.0539814794684919,0.80848191060503
"11021","26002","MOXD1",-0.048467699177527,-0.013425343534303
"11022","81565","NDEL1",-0.0546211715983738,-0.40529663277
"11023","4615","MYD88",0.0819549595841198,-0.0860925649446802
"11024","2074","ERCC6",-0.000784000514279626,-0.120964998740174
"11025","4166","CHST6",-0.109577443943823,-0.280526701512017
"11026","5817","PVR",0.0715299494509072,-0.157295321673795
"11027","27345","KCNMB4",-0.0678619955997082,-0.0496243405198946
"11028","54842","MFSD6",-0.012463160782977,-0.711138704536686
"11029","54991","C1orf159",-0.132678064226871,1.17249153805922
"11030","80167","ABHD18",-0.0347884710566317,0.426246969188465
"11031","25943","DNAAF9",0.00694418308058786,0.670566691762641
"11032","64976","MRPL40",0.0488555331923548,0.628621757361764
"11033","5910","RAP1GDS1",0.0308385811380036,0.736940993598987
"11034","6493","SIM2",0.0817531325719363,0.320115018394761
"11035","65125","WNK1",0.115821450951705,0.151889100327185
"11036","10827","FAM114A2",-0.038827387673793,0.117165990323844
"11037","134429","STARD4",-0.0480631230371067,0.347687219072407
"11038","105379046",NA,-0.0720069959053256,-0.77732100444262
"11039","644246","KANSL1-AS1",0.240282681997479,-0.885888306729624
"11040","113157","RPLP0P2",-0.0302834934648473,-1.60809220403714
"11041","79703","C11orf80",-0.092043366231469,-0.0313560330191192
"11042","65975","STK33",-0.0064294423724478,1.19174485226294
"11043","79036","KXD1",-0.0351677567116662,-0.0592209283491076
"11044","157378","TMEM65",-0.0394881809821905,0.216277525949561
"11045","1434","CSE1L",0.0124907744627052,0.320689842414513
"11046","55954","ZMAT5",-0.0496525445517926,-1.06661436753748
"11047","345630","FBLL1",-0.358980379274129,-0.389200843720505
"11048","80185","TTI2",0.0342743096233336,0.258630830741167
"11049","342897","NCCRP1",0.0599197590066713,0.244641334602371
"11050","283755","HERC2P3",-0.0714899635768611,0.165352454504442
"11051","96626","LIMS3",-0.0219248030013923,-1.15669110958403
"11052","51642","MRPL48",-0.0463693045256917,-0.144307052842339
"11053","10380","BPNT1",-0.0567265992910677,0.808196249057785
"11054","388685","LINC01138",-0.0439336754188603,-0.369171165608336
"11055","5330","PLCB2",0.0276712945299717,1.78226541609266
"11056","130367","SGPP2",0.0521013509286461,1.59957357594288
"11057","9540","TP53I3",-0.0705003455122011,-1.32157609308142
"11058","79622","SNRNP25",-0.0163916609884431,0.622935987825097
"11059","3309","HSPA5",0.0350188319758917,0.111491955267413
"11060","54521","WDR44",0.0980952336318968,-0.0519100723088668
"11061","2048","EPHB2",-0.051443124614698,-0.998390099823586
"11062","84989","JMJD1C-AS1",-0.0956712747854831,-2.47139254833292
"11063","84816","RTN4IP1",-0.0248885542023274,1.13875674193633
"11064","9050","PSTPIP2",0.120080393455076,-1.6166872382411
"11065","7456","WIPF1",-0.145142181669291,0.0330084638280201
"11066","8557","TCAP",-0.189485139843938,1.88731822221585
"11067","824","CAPN2",-0.0505025072536078,-0.106071927253302
"11068","151887","CCDC80",-0.13386249175231,-0.682753458066264
"11069","11100","HNRNPUL1",0.0388286384115482,0.228583972802968
"11070","2995","GYPC",0.0638697838379603,0.0626960059368455
"11071","7170","TPM3",0.071681012280056,0.0926774185047865
"11072","80178","TEDC2",0.0558034222166341,1.59364998210962
"11073","10025","MED16",-0.0359211220719748,0.246684620495595
"11074","84675","TRIM55",0.0492301987778276,0.0395918967975142
"11075","1809","DPYSL3",-0.0572233091116878,0.617038261160657
"11076","3798","KIF5A",-0.248425806611708,0.969226340764231
"11077","285282","RABL3",0.0237890425095202,0.0256698673063553
"11078","23359","FAM189A1",-0.128898248058905,-1.45867237432005
"11079","79680","RTL10",-0.0637951578129403,-1.43108249518522
"11080","79740","ZBBX",-0.110351448335561,-0.849795279686372
"11081","100129662","FGF13-AS1",-0.0992415985813914,-0.49721164368179
"11082","1825","DSC3",-0.356954661463908,-3.61752747053176
"11083","10180","RBM6",0.0753898066259548,0.0285465885532457
"11084","54780","NSMCE4A",0.0550394666729055,1.28339634598848
"11085","90768","TENM3-AS1",0.0473128282387272,-1.8401325318252
"11086","10175","CNIH1",-0.0184130981129513,0.825062886367821
"11087","101060684","NBPF26",0.0972569160307355,0.258900448600761
"11088","51201","ZDHHC2",-0.0115972851562312,-0.264917353675671
"11089","8714","ABCC3",-0.239635777973751,-1.37791192223974
"11090","800","CALD1",0.101933966555627,-0.28332373548146
"11091","10138","YAF2",0.0517970660034432,0.0736777844721024
"11092","9557","CHD1L",-0.0134548679072983,0.441607055357838
"11093","22893","BAHD1",0.0583699292966307,-0.245638636946186
"11094","83891","SNX25",-0.0299686439465843,-0.529473173787975
"11095","196","AHR",-0.0617115904796677,-0.834486921150838
"11096","203427","SLC25A43",0.100541791016813,0.7526476978094
"11097","79929","MAP6D1",-0.0419685784939685,-0.874596872595135
"11098","51527","GSKIP",-0.0328854890544434,0.0412569237674179
"11099","7780","SLC30A2",0.0978739506995656,2.02178077581423
"11100","4861","NPAS1",-0.151860663960005,-0.547342486723821
"11101","146857","SLFN13",-0.032103933189346,0.636802762846897
"11102","7083","TK1",-0.101443009833791,0.878646421132521
"11103","23098","SARM1",-0.0515541248740718,-0.107881006680022
"11104","340719","NANOS1",-0.0877628278964036,-1.81957691034245
"11105","375133","PI4KAP2",0.00227318148092737,-0.886658239816563
"11106","643749","TRAF3IP2-AS1",0.0169995075910294,-0.443282222724613
"11107","57468","SLC12A5",-0.248783784967757,0.326322732389358
"11108","54529","ASNSD1",0.00223481738716025,-0.211425872869361
"11109","3925","STMN1",0.0349873316412204,0.383515093607028
"11110","7329","UBE2I",-0.0255275606519687,-0.249386790125524
"11111","56647","BCCIP",0.0362855559838797,0.144850376940067
"11112","8651","SOCS1",-0.172657900890842,-1.71665518859912
"11113","11337","GABARAP",0.0290781130269551,0.681829662312986
"11114","54674","LRRN3",-0.0957005872728953,-0.210727163191062
"11115","3306","HSPA2",-0.0951998351740384,-0.688956456286041
"11116","6815","STYX",0.0138364977937568,0.979322627232564
"11117","100129034","LOC100129034",0.107267967394407,0.529577437551141
"11118","5071","PRKN",0.0765950723535176,2.32333227549331
"11119","8833","GMPS",0.0666691602486136,0.389111097269502
"11120","79877","DCAKD",-0.0592833343320791,-0.379903805142101
"11121","81035","COLEC12",-0.127284215706748,-0.0129487300439939
"11122","7005","TEAD3",0.00600267405224297,-0.54181381946941
"11123","9830","TRIM14",0.0308214535828517,0.439407762028346
"11124","152579","SCFD2",-0.0166854594830363,1.15514015388544
"11125","6159","RPL29",0.0414408063427532,-0.0196122072262872
"11126","100130557","NFYC-AS1",0.107319442750446,-0.0197560994272428
"11127","126432","RINL",-0.0334800579796637,-0.671630511509391
"11128","55852","TEX2",0.0554538373534177,0.379484695987884
"11129","387882","C12orf75",-0.0889121717880128,-0.390435168929143
"11130","196951","FAM227B",0.0985840155749356,0.440267860841834
"11131","23616","SH3BP1",-0.237717093110909,-0.888786518730267
"11132","100505538","RBM26-AS1",-0.135688186445682,-0.398807820519711
"11133","208","AKT2",-0.0221006702197863,-0.189146472075064
"11134","4217","MAP3K5",0.140483647244314,1.2364163131984
"11135","140609","NEK7",0.071218779275398,0.0521881597224247
"11136","339044","PKD1P1",-0.0668102942524431,-0.225598202992196
"11137","388152","GOLGA2P7",-0.0743052743939554,0.129716877520583
"11138","9077","DIRAS3",0.0931064617976112,0.0434600450717653
"11139","51768","TM7SF3",-0.0899631284384581,-0.292931790635367
"11140","6464","SHC1",-0.00297010420067512,-0.482036597148019
"11141","9208","LRRFIP1",0.107275632588206,0.262647888819125
"11142","29079","MED4",-0.0747134244802634,-0.121795282119906
"11143","9823","ARMCX2",-0.0605570211975994,1.37665766954352
"11144","10412","NSA2",0.0312288103184564,0.335100593275116
"11145","392617","ELFN1",0.0558893743998032,-0.636106592899755
"11146","9529","BAG5",-0.036508834071447,-0.0967503917161823
"11147","1022","CDK7",-0.00293064010223887,-0.0264044520451474
"11148","10095","ARPC1B",-0.0823461320561814,-0.333444841995945
"11149","5711","PSMD5",0.0585340301220105,-0.00644673935409745
"11150","7701","ZNF142",0.0318015103667024,0.487443884226308
"11151","80774","LIMD2",-0.208145890054089,-1.27200244970567
"11152","374618","TEX9",0.0965593798606005,-1.77845109457002
"11153","9172","MYOM2",0.226021722371796,0.793147380240782
"11154","50507","NOX4",-0.157484334201632,0.773554050150081
"11155","56478","EIF4ENIF1",0.0126915517098558,-0.0314984488388648
"11156","83992","CTTNBP2",0.0947217990544145,-0.158921561950756
"11157","23658","LSM5",0.0371338819966627,1.06849953521727
"11158","79086","SMIM7",-0.0264309659660942,0.389376474485025
"11159","108","ADCY2",-0.00216839654507472,-0.0392746649384557
"11160","148113","CILP2",-0.0865464760813288,0.183457584488128
"11161","85439","STON2",-0.130805416895892,-3.37144610829065
"11162","147727","ILF3-DT",0.0332448480089229,-0.951296100448386
"11163","163126","EID2",-0.094251388313908,-0.112157197498926
"11164","284403","WDR62",0.0891676908283143,1.35394860415169
"11165","23357","ANGEL1",-0.038864164831514,0.736218187287855
"11166","25946","ZNF385A",-0.0865343373518632,-2.28838086324304
"11167","100505806","SNHG18",0.0511925135781617,0.433957198716439
"11168","7627","ZNF75A",0.0563758015920883,-0.25643710941401
"11169","22982","DIP2C",0.04445015138473,0.0430537742701693
"11170","26056","RAB11FIP5",-0.0491228159135479,-0.160877917388529
"11171","57336","ZNF287",0.0420719807075245,-0.0631994557631077
"11172","90843","TCEAL8",0.0540795215142831,0.0209307396740552
"11173","284297","SSC5D",-0.172662710782949,0.616648224245379
"11174","63895","PIEZO2",-0.41664772628327,-0.254598219726733
"11175","55681","SCYL2",0.0345878680968168,0.140600547441007
"11176","145173","B3GLCT",-0.0251208492934616,-0.679925278994841
"11177","735301","SNHG9",-0.0698262824961704,-0.5781179264427
"11178","646851","FAM227A",0.015261190975596,-0.155688080213272
"11179","100131755","ARMCX4",-0.0504030760943461,0.80346075741084
"11180","57099","AVEN",-0.0319458935353545,0.0841099310712794
"11181","9552","SPAG7",-0.0672685561208004,0.388547577853769
"11182","6414","SELENOP",0.0421926013557394,1.4606688649353
"11183","28978","TMEM14A",-0.0843414606191275,1.23459740890354
"11184","7051","TGM1",0.230302396404105,-0.0968499955108265
"11185","1020","CDK5",-0.0170623393226377,0.388986469389804
"11186","56898","BDH2",-0.0506987126320571,0.595469158856503
"11187","100462977","MTRNR2L1",0.296863975758483,-0.0372714630713027
"11188","360","AQP3",-0.174209131182105,-2.83235320074139
"11189","8309","ACOX2",-0.0578493233902901,1.57018625695346
"11190","84795","PYROXD2",-0.146793108909224,0.0147736391665028
"11191","7760","ZNF213",0.0796861403601934,-0.284265558507371
"11192","29128","UHRF1",0.104230726292882,2.57600194033699
"11193","8076","MFAP5",-0.226456755242433,-0.128796814760386
"11194","127700","OSCP1",-0.177419358737493,-0.803632585879123
"11195","10247","RIDA",-0.00773829720114394,0.331764963507426
"11196","116113","FOXP4",-0.0153380133187486,-0.523048104868311
"11197","25901","CCDC28A",-0.0135491717350265,-0.725440329625918
"11198","140691","TRIM69",0.118997404868647,-1.47137566353501
"11199","1066","CES1",0.673358544169283,0.286944436010657
"11200","6233","RPS27A",-0.0272812677246117,0.0216649115246375
"11201","58477","SRPRB",-0.00464619909320518,1.29407355240163
"11202","4221","MEN1",-0.00179229365727185,-0.0355836136554215
"11203","7556","ZNF10",-0.0676972573614858,0.412280347232059
"11204","51715","RAB23",0.0430961100028906,-0.0549202741034556
"11205","9420","CYP7B1",0.0409165450129063,-0.21752259669223
"11206","23587","ELP5",-0.0705076497229484,0.658944517182774
"11207","58476","TP53INP2",-0.0172818801046883,0.331352972303322
"11208","79005","SCNM1",-0.0414933709935614,-0.46052032281089
"11209","84678","KDM2B",-0.0400271980649141,-0.738006879880814
"11210","815","CAMK2A",0.0104257403519368,-0.251887118137987
"11211","6746","SSR2",-0.0358114409016785,0.0900347388832126
"11212","25999","CLIP3",0.0770541745417876,0.848006944786539
"11213","29896","TRA2A",0.0275250303712786,0.444174152394401
"11214","84162","KIAA1109",0.03778557809762,0.485839943793906
"11215","9997","SCO2",-0.240327601876844,-0.0471844267986354
"11216","8760","CDS2",-0.0525200593456585,0.599559092346101
"11217","101927352","PLS3-AS1",-0.014672231528314,-0.614436081052606
"11218","8395","PIP5K1B",0.0895648709097911,0.880506466830631
"11219","80003","PCNX2",-0.0969391548117366,-1.03943910210389
"11220","10371","SEMA3A",0.138071128320198,1.11512840998553
"11221","9543","IGDCC3",-0.201081549572702,0.0949162906582817
"11222","4706","NDUFAB1",-0.0412658462732072,0.116122576657896
"11223","5463","POU6F1",0.0116173971362983,-0.388013638973669
"11224","121551","BTBD11",0.0839828397174953,-1.51106656313512
"11225","23466","CBX6",0.00553726282811873,0.213522358635895
"11226","55193","PBRM1",0.0803532870233168,0.198285772267026
"11227","90594","ZNF439",-0.0847177526547929,0.364393440311885
"11228","29993","PACSIN1",0.0891815855508238,2.42165499381743
"11229","5594","MAPK1",0.0281253874953569,-0.105190457396086
"11230","55222","LRRC20",0.0560750726040862,2.18217447676688
"11231","10207","PATJ",-0.0244630059070357,0.0893841063372527
"11232","285381","DPH3",0.00631809807562256,-0.542650687988382
"11233","284161","GDPD1",0.0306473298587897,1.07321672081512
"11234","158293","FAM120AOS",-0.0367592860036901,-0.10700241468146
"11235","3672","ITGA1",0.0260653434163292,-0.604129560087427
"11236","55374","TMCO6",-0.0674332191553195,1.06997343456912
"11237","53826","FXYD6",-0.138547618204941,0.800407264180569
"11238","5069","PAPPA",0.101665523865266,0.534870869712008
"11239","100506190","LINC00963",-0.035892896677876,-0.966400806716758
"11240","64785","GINS3",-0.0191612541318058,0.880001096759584
"11241","177","AGER",-0.0679412000069588,0.0165154028438717
"11242","9879","DDX46",0.0323067456140258,0.0442201359731733
"11243","114327","EFHC1",-0.0364241256236255,-0.762109591726572
"11244","81847","RNF146",-0.0795275162777678,-0.221325637070457
"11245","904","CCNT1",-0.0368342631369254,-0.193903545604958
"11246","283335","TNS2-AS1",-0.0519889092415048,0.406336722078085
"11247","3241","HPCAL1",0.0624379187159323,-1.43662228494582
"11248","25828","TXN2",-0.0321060368954322,-0.206408935558852
"11249","4897","NRCAM",0.161483750258952,-1.79666865123352
"11250","10675","CSPG5",-0.179616222782533,1.71878997616078
"11251","8671","SLC4A4",0.0892884804684186,1.88529280929629
"11252","55659","ZNF416",0.0470538216474465,-0.0440008430539485
"11253","138716","RPP25L",-0.0772674271924627,-0.000856194500870266
"11254","3778","KCNMA1",-0.111318974043433,-0.165363890570878
"11255","26999","CYFIP2",0.0595682628197052,-1.02015377309855
"11256","23552","CDK20",-0.0584633783715072,-0.0923895181215255
"11257","89894","TMEM116",0.137739145525538,0.675874654943954
"11258","9600","PITPNM1",-0.0888531755459363,-0.255529669203644
"11259","114804","RNF157",0.0113002667284849,0.703360882709184
"11260","150223","YDJC",-0.122669111032887,0.429732905457131
"11261","784","CACNB3",-0.172488196302078,0.256512488867146
"11262","5888","RAD51",-0.117268727841293,2.44717137477824
"11263","2257","FGF12",0.176219181847727,2.91482065249948
"11264","1627","DBN1",0.000641207501503871,0.965279759967843
"11265","339122","RAB43",-0.145559887130844,-0.555291838001021
"11266","9727","RAB11FIP3",-0.0350066517159613,0.0501089599318094
"11267","494470","RNF165",0.19852946615122,0.596935157281662
"11268","94030","LRRC4B",-0.0767613439390331,2.69708412045821
"11269","100128893","GATA6-AS1",-0.0827086002405855,-0.0724214490104091
"11270","4744","NEFH",-0.0118206633288711,-1.88328244781128
"11271","283450","HECTD4",0.0679725184304223,-0.600157420888495
"11272","1622","DBI",0.131191438500988,-0.256950408350444
"11273","51003","MED31",0.0546949077507053,-0.0162089449617828
"11274","51513","ETV7",-0.454821896847973,-5.23449736586915
"11275","94107","TMEM203",0.031031548433635,0.302921690311877
"11276","55837","EAPP",-0.0296323041837567,-0.380801542191787
"11277","55315","SLC29A3",0.00961346941083518,-0.627355971305551
"11278","256364","EML3",-0.025111218204636,-0.0675721518763943
"11279","283871","PGP",-0.122446275229121,0.84452195681735
"11280","283463","MUC19",-0.330742781523889,-3.54377118026122
"11281","114826","SMYD4",0.097087418866828,-0.0763738878990505
"11282","6895","TARBP2",0.0239237650407729,-0.0958646804406822
"11283","3632","INPP5A",0.0650846361584634,0.0321604204066528
"11284","81853","TMEM14B",-0.0483921953067865,0.126005738419632
"11285","2773","GNAI3",-0.0297674977901403,-0.204286234461911
"11286","10277","UBE4B",0.0152445385560629,0.299837957516435
"11287","2300","FOXL1",-0.163273691299009,-2.11140261593271
"11288","9659","PDE4DIP",-0.0181105486744251,0.756689529444509
"11289","84266","ALKBH7",-0.113496624825342,1.00510320736616
"11290","283337","ZNF740",-0.0736987547505934,-0.381694053662488
"11291","100131187","TSTD1",-0.11861151359256,-0.0166298003522849
"11292","64981","MRPL34",-0.0836465013945142,0.403144824811492
"11293","5393","EXOSC9",-0.00890580330203061,1.36608004230964
"11294","11162","NUDT6",0.0994253951388442,0.439803944606088
"11295","6234","RPS28",-0.108986635059084,-0.27351448384803
"11296","8462","KLF11",-0.112489051157141,-0.311255802470392
"11297","5440","POLR2K",-0.010040433726088,-0.193174161328664
"11298","220323","OAF",0.0359000056868348,-0.162751055756259
"11299","253017","TECRL",-0.0444286872558113,1.13723944549503
"11300","84900","RNFT2",0.0952797449230618,0.926106788129937
"11301","79269","DCAF10",-0.0399912935805657,-0.103657334542326
"11302","1486","CTBS",-0.0547135916941386,-0.448342083716978
"11303","23190","UBXN4",-0.0226364442529343,0.28098179859693
"11304","11344","TWF2",-0.0961306464244256,-0.0978611261562508
"11305","23641","LDOC1",-0.0759015580893445,-0.0598026606800532
"11306","201229","LYRM9",-0.00794638455478047,-0.820582466475274
"11307","4851","NOTCH1",0.0809328798102866,-1.35194115476625
"11308","22853","LMTK2",0.0286533169910843,0.113069468776803
"11309","5229","PGGT1B",0.0253423093427871,0.00745676960350306
"11310","221336","BEND6",-0.0833575033757764,0.294910041876635
"11311","25793","FBXO7",0.0232982302521494,-0.0391201959807432
"11312","6923","ELOB",0.0349823956804576,-0.125629601308526
"11313","51095","TRNT1",-0.064186896574566,0.031927943280003
"11314","3163","HMOX2",0.0338939728438827,-0.347052906610332
"11315","93164","HTR7P1",0.0730745347958761,-1.72148241133443
"11316","5896","RAG1",0.218418607794242,-0.108554617066955
"11317","100996579","LINC01806",0.178440250292167,-0.405958217315886
"11318","50848","F11R",-0.0746809285268908,-0.447363411464971
"11319","7993","UBXN8",0.0395902247258317,-0.488484860893835
"11320","2034","EPAS1",0.0179878998888281,-1.51740465339215
"11321","23397","NCAPH",-0.0817195748739032,2.98478248283015
"11322","54802","TRIT1",-0.0333907885504803,0.648701172910551
"11323","90850","ZNF598",-0.0824695935517052,-0.014464444240228
"11324","5573","PRKAR1A",0.0359837442122242,-0.050080537670949
"11325","78986","DUSP26",-0.0400996637420237,1.13262061778958
"11326","90233","ZNF551",0.0464688106714286,0.461138796827054
"11327","9881","TRANK1",0.149553835464467,-0.502423054678249
"11328","22906","TRAK1",0.0954032480865941,-0.349151846372803
"11329","643837","LINC01128",0.0059518540362129,0.833203679237073
"11330","9717","SEC14L5",0.13209668746052,2.68212723403446
"11331","200728","TMEM17",-0.0622551920114685,0.479844475755035
"11332","11056","DDX52",0.0510265138390862,0.103763395601698
"11333","84939","PWWP3A",0.0300868839358905,0.700028364683742
"11334","29109","FHOD1",0.0141389223418615,0.216485922149642
"11335","10239","AP3S2",0.0645143714986132,0.178336202924832
"11336","57103","TIGAR",-0.163818641909589,-1.63857189609033
"11337","7782","SLC30A4",-0.0458628766103004,0.000443993858581404
"11338","55861","DBNDD2",-0.146318078892437,-0.495973354370857
"11339","5140","PDE3B",0.0545135233133669,0.972528388350534
"11340","4904","YBX1",0.000638575352841286,-0.4149796156424
"11341","5733","PTGER3",0.0077152705304111,-0.331684432786276
"11342","51567","TDP2",-0.00645382558449636,-0.0191308619801838
"11343","5429","POLH",-0.206585746856598,-1.37088547594868
"11344","51406","NOL7",-0.00127667964986866,0.149684836039295
"11345","79035","NABP2",0.0165979707507482,0.019890094251811
"11346","283383","ADGRD1",-0.0152917806326567,-0.241748523500279
"11347","80097","MZT2B",-0.0768626837173807,-0.00495196304798018
"11348","8451","CUL4A",-0.00915446979081658,0.271737054385163
"11349","83871","RAB34",0.0213070501982546,0.368354172459359
"11350","132228","LSMEM2",-0.0606660261373486,1.62139379050536
"11351","1951","CELSR3",0.0150650475847018,-0.217097636228055
"11352","9950","GOLGA5",0.0213033234131084,-0.346301772356666
"11353","100268168","RPL26L1-AS1",0.0440675992851295,-1.69333347636531
"11354","10785","WDR4",0.0544499049387985,-0.217822450012518
"11355","101929490",NA,-0.0662681177181721,-1.11433653112415
"11356","6391","SDHC",-0.030419211385925,-0.0968659126649758
"11357","7447","VSNL1",0.0620679191322904,0.132632828808119
"11358","2036","EPB41L1",0.01151453799985,-0.566918195889637
"11359","4175","MCM6",-0.0651806306541189,2.20339924178547
"11360","5191","PEX7",-0.0410323293838739,0.50002021624952
"11361","3431","SP110",-0.0950191687148551,0.227395040260695
"11362","10228","STX6",-0.126196542405662,-1.12493821391083
"11363","8315","BRAP",0.0469394770526632,-0.472683233977582
"11364","2782","GNB1",0.0415788859482671,0.174874087864827
"11365","222235","FBXL13",-0.469086375977653,-1.15815689427356
"11366","79989","TTC26",-0.011087409207867,1.68317884245076
"11367","404201","WDFY3-AS2",0.0481574905375954,-0.885012172040314
"11368","695","BTK",-0.116399759293536,-0.18169703446688
"11369","2199","FBLN2",-0.148774366289909,-0.827406176854811
"11370","54948","MRPL16",-0.04143754580703,0.855531618143527
"11371","3953","LEPR",-0.023541810751178,0.156950414371142
"11372","8568","RRP1",-0.0245132456556414,-0.0990573473607617
"11373","646127","TERF1P7",-0.0586634441698092,0.644764841503078
"11374","4008","LMO7",0.0999757655444782,0.218269187730678
"11375","100133331",NA,0.0583939922593384,0.438099881099468
"11376","221981","THSD7A",-0.185394387497339,1.10679833954911
"11377","653190","ABCC6P1",-0.000573690624255829,2.42469581879168
"11378","7164","TPD52L1",-0.0189301351590929,0.067307411121841
"11379","267020","ATP5MGL",-0.0139310874890489,0.0361084735853791
"11380","79750","ZNF385D",0.220613331830838,-0.221870715709809
"11381","9414","TJP2",0.0519922019751302,-0.926367781918823
"11382","22872","SEC31A",0.0574268200339079,-0.305120669056378
"11383","84946","LTV1",0.0403355244618098,0.251642046988962
"11384","4685","NCAM2",-0.387468760922959,-0.00646415936630995
"11385","57223","PPP4R3B",0.0419553512099675,-0.133418444124668
"11386","1789","DNMT3B",0.0532065816419331,-0.424031073778659
"11387","100132247","NPIPB5",0.130453013308926,-0.119840552451152
"11388","100131827","ZNF717",0.102563051852599,-0.282007670755822
"11389","6092","ROBO2",-0.0782331706223975,1.6495766902978
"11390","388567","ZNF749",-0.0202144235634556,0.170668082877238
"11391","261726","TIPRL",-0.0271511809325338,0.00764813190702363
"11392","4724","NDUFS4",-0.0343247255757397,0.70520300579549
"11393","23480","SEC61G",0.0463500383808526,0.0340504081555979
"11394","57407","NMRAL1",-0.0713079079274381,-0.0905570277315699
"11395","859","CAV3",-0.131272128294568,1.91631238460927
"11396","7045","TGFBI",-0.11657837779662,0.0263107981552855
"11397","54700","RRN3",-0.0232609115806035,0.252263652674953
"11398","85019","TMEM241",-0.115671430129761,0.18539769902235
"11399","10746","MAP3K2",-0.0361365083803671,-0.0723785647487114
"11400","10039","PARP3",-0.0665061303152203,0.53433007891961
"11401","26035","GLCE",0.047300299788783,0.766974210025632
"11402","126298","IRGQ",0.0228762486717793,-0.096876500212856
"11403","11064","CNTRL",-0.0319578339551168,0.797180105642699
"11404","10536","P3H3",-0.102030562335441,0.0901473543491011
"11405","55218","EXD2",-0.0205451597612489,1.11610679853401
"11406","51125","GOLGA7",0.0657996000918946,0.228962753297756
"11407","55437","STRADB",0.00184498776623077,0.283249208742529
"11408","8038","ADAM12",-0.172450958088746,-0.00111777731266116
"11409","55706","NDC1",0.00827407061151231,0.254985217869713
"11410","64147","KIF9",-0.00959688217296373,-0.580645641268678
"11411","84255","SLC37A3",-0.0409065443420698,0.0482241972693291
"11412","27143","PALD1",0.0893747066400254,-0.107261656514807
"11413","55968","NSFL1C",-0.0253705913813933,0.21890266700597
"11414","64327","LMBR1",-0.0322733344240875,0.300153616667415
"11415","57795","BRINP2",0.198766213301262,-3.80591622165823
"11416","8933","RTL8C",-0.0230771984664564,0.111688660846418
"11417","197342","EME2",-0.00444739195032318,-0.868824897197728
"11418","7871","SLMAP",0.0771454636039302,0.606501324957447
"11419","1628","DBP",-0.0451877611171847,0.989954205455924
"11420","85441","HELZ2",-0.0924482645135924,-0.200859444473033
"11421","338692","ANKRD13D",-0.0394158128757107,-0.764644622863258
"11422","57211","ADGRG6",0.0931902244901712,-0.622847719117864
"11423","55816","DOK5",0.202041198777859,-0.804931121261885
"11424","10539","GLRX3",-0.0176022545056105,0.0548451172488553
"11425","259217","HSPA12A",0.00785102326256037,-1.87661340300801
"11426","59343","SENP2",-0.00641993447563038,-0.270026285080737
"11427","8986","RPS6KA4",0.0401510287353446,0.192433607419207
"11428","57494","RIMKLB",0.0419077338353944,0.130836859535575
"11429","6168","RPL37A",0.0445136232157921,-0.0387045878241388
"11430","91012","CERS5",-0.0417540496829982,-0.210739621690237
"11431","1979","EIF4EBP2",-0.000175727540247195,-0.383517710101609
"11432","57761","TRIB3",-0.028242408943588,1.15247992917419
"11433","301","ANXA1",-0.0372700309146845,-0.0774703196380999
"11434","816","CAMK2B",-0.0652205459050172,-0.144028439113272
"11435","10024","TROAP",0.0796345679771999,2.76741766100073
"11436","57214","CEMIP",-0.191125454243377,-1.98615735098168
"11437","81488","POLR2M",-0.138083471636007,0.0741131392722718
"11438","100506046","GAS5-AS1",0.248003666293499,0.0822707776297412
"11439","400410","ST20",0.200099879727273,-0.752157750066457
"11440","5327","PLAT",0.160577437329534,-1.38095268360202
"11441","641638","SNHG6",-0.0695102192605477,0.118635431531327
"11442","51319","RSRC1",-0.015869558458887,1.22089690155095
"11443","8091","HMGA2",0.0936874694977243,0.417948218966139
"11444","51026","GOLT1B",-0.0475516262747249,0.103297626505027
"11445","647087","STMP1",0.0417194318177909,0.0466131439553097
"11446","103910","MYL12B",-0.0449686186578928,-0.573864500018006
"11447","9201","DCLK1",0.202051401655156,-1.38018190651171
"11448","6320","CLEC11A",-0.0545405036475421,-0.211527876163202
"11449","26175","TMEM251",0.0330538074363194,-0.316623114703356
"11450","4650","MYO9B",0.0250277548276721,-0.783974472558714
"11451","255104","TMCO4",0.00640327028516863,-0.266174108676409
"11452","5600","MAPK11",-0.150219625390834,-1.74594231674533
"11453","2539","G6PD",-0.0116847174439716,-0.687518325592283
"11454","79986","ZNF702P",0.0343971710785915,-1.38646284011125
"11455","26286","ARFGAP3",-0.0402339936717055,-0.635813290935078
"11456","64682","ANAPC1",0.0647830144921313,0.580806497715765
"11457","51473","DCDC2",0.195909413320529,-1.59536981645382
"11458","92346","C1orf105",0.107445741243171,-1.10452875164274
"11459","79047","KCTD15",-0.0576993043435836,1.00708803879202
"11460","10075","HUWE1",0.0575725689353934,-0.0639333869605263
"11461","3983","ABLIM1",0.115898303136797,0.0752236362023702
"11462","9217","VAPB",0.0550316674789428,-0.0547205530041763
"11463","79858","NEK11",-0.178635591457908,-1.5285502018191
"11464","57198","ATP8B2",-0.0483274455753335,-0.0846287166350743
"11465","100996724","PDE4DIPP2",-0.0433969334794417,0.81738832292667
"11466","80067","DCAF17",0.0469374778386848,-0.614031770583628
"11467","64115","VSIR",-0.0197840300094621,-0.996289666195334
"11468","6445","SGCG",-0.0950100715417652,0.971539312039273
"11469","53836","GPR87",-0.0986257345477842,-4.58001790799327
"11470","127707","KLHDC7A",-0.226852781618192,-2.59456814718594
"11471","57449","PLEKHG5",-0.0677918634922419,0.0706839790680123
"11472","259173","ALS2CL",-0.0638803523867053,-0.727425812986366
"11473","10049","DNAJB6",-0.0310393948366992,0.37299059708032
"11474","6449","SGTA",0.00989461742808029,0.0399569496293219
"11475","6711","SPTBN1",0.0622254542784066,-0.00483283522757638
"11476","2975","GTF3C1",0.0147844649141762,-0.074230041167179
"11477","26263","FBXO22",-0.0329807698676889,-1.4820694442375
"11478","27338","UBE2S",0.0422288016198165,1.1106636646246
"11479","64849","SLC13A3",-0.0554323901687733,-0.0384644162625118
"11480","25786","DGCR11",-0.0326874693749142,0.535271826688495
"11481","728888","NPIPB11",0.231950382539114,-0.125572739041611
"11482","540","ATP7B",0.0593307797818126,1.12437167877
"11483","378708","CENPS",0.0770228715548083,0.156586729992413
"11484","353116","RILPL1",0.0154148961371643,0.00599651107423327
"11485","79668","PARP8",0.0735339458852393,0.125203659200246
"11486","79656","BEND5",-0.149051628295435,2.78198092722928
"11487","6282","S100A11",0.117687007539951,-0.39720204838122
"11488","11117","EMILIN1",-0.0698286529680079,0.39733208471015
"11489","5378","PMS1",0.0627509436803768,0.677023636069118
"11490","10278","EFS",-0.120508317788308,-0.360308939219793
"11491","5420","PODXL",0.082573885390774,-0.705876564226529
"11492","7067","THRA",0.027033020522178,1.42609217341455
"11493","5157","PDGFRL",-0.0749426460281104,-0.270239700480217
"11494","8208","CHAF1B",0.0357069567616151,1.3812535145616
"11495","54512","EXOSC4",-0.00109333056708483,-0.345978425356837
"11496","990","CDC6",-0.0796290201459406,2.19731443817386
"11497","23272","TASOR",0.0287274508716324,-0.196274474388937
"11498","6921","ELOC",0.00264340794215912,-0.545093165495043
"11499","2263","FGFR2",0.101274694723563,-1.03020716881353
"11500","54806","AHI1",0.136348556953803,0.417674798719831
"11501","30833","NT5C",0.037919012583969,0.741976768868306
"11502","8676","STX11",0.0654855652706461,0.578467629368015
"11503","129446","XIRP2",0.21057906002168,1.66432419937093
"11504","2086","ERV3-1",0.126891009646835,-1.17899633031238
"11505","51639","SF3B6",0.0336315010007961,0.00127352650295975
"11506","727896","CHORDC1P4",0.0370885549731379,-0.144351422520452
"11507","26269","FBXO8",-0.0565658721509283,-0.0535756068419166
"11508","9360","PPIG",-0.00699605132570102,-0.0508078147212014
"11509","84824","FCRLA",-0.0559502752834981,-2.54026090450622
"11510","101928208",NA,0.226619716699948,0.512975385197835
"11511","79924","ADM2",0.119392420743034,0.61560083453565
"11512","63826","SRR",-0.061025745450149,0.0388342181249732
"11513","728024","LOC728024",-0.188695641089041,-0.120942349183823
"11514","284942","RPL23AP82",-0.0516460654580331,-0.468176012732429
"11515","10576","CCT2",0.00695968215870302,0.138795081835887
"11516","55026","TMEM255A",-0.0154898199670144,0.727580260857273
"11517","6223","RPS19",-0.0869426101397934,-0.74034945513341
"11518","283554","GPR137C",-0.137672446974687,-0.620093773035633
"11519","123803","NTAN1",-0.00858524503344915,-0.627979822915464
"11520","1057","CELP",-0.0714675909512215,-0.866904899637006
"11521","54793","KCTD9",0.13975659172925,0.179662456064193
"11522","3792","KEL",-0.170424113787515,-0.2186838203513
"11523","8330","H2AC15",0.0944217554257752,-1.8463304871068
"11524","3574","IL7",0.164533964244292,-0.427229659398621
"11525","994","CDC25B",0.0974433971741213,1.02175711378591
"11526","286","ANK1",-0.110214847971992,-3.09397470907949
"11527","51167","CYB5R4",0.0321877570078763,0.0678989414364404
"11528","83940","TATDN1",0.0410704172355274,0.21869455495819
"11529","634","CEACAM1",-0.237364271076383,-1.57441523174606
"11530","81556","INTS14",-0.00424176447412972,0.342469663106411
"11531","93611","FBXO44",-0.0478847826599198,-1.05460468156868
"11532","57007","ACKR3",-0.167899517167549,1.16372411205767
"11533","1184","CLCN5",0.026497118005044,-1.07766981541302
"11534","653857","ACTR3C",0.146840581918081,-0.00986268262575479
"11535","5055","SERPINB2",0.229134172064911,-1.4397246519548
"11536","81892","SLIRP",0.0512166203151416,0.165976047588006
"11537","64766","S100PBP",-0.029985442341018,0.246606981103198
"11538","388569","ZNF324B",0.090406129780102,-0.497659511811575
"11539","92689","FAM114A1",0.0585046574553356,1.04497182184349
"11540","51761","ATP8A2",-0.0792024060781122,-1.33501642262292
"11541","6668","SP2",0.0371836940346792,-0.326279956513568
"11542","10097","ACTR2",-0.0503145477138665,-0.185403693855957
"11543","5119","CHMP1A",-0.127074038336155,-0.300629712270745
"11544","151525","WDSUB1",0.0370720754534841,-0.361318111147201
"11545","58494","JAM2",-0.119476847124396,-0.177920524856077
"11546","5244","ABCB4",0.0896918597692067,0.480597923214871
"11547","28951","TRIB2",0.116406953748872,0.305777771544617
"11548","403","ARL3",-0.00844895269548562,0.226349568230801
"11549","8566","PDXK",-0.0116177441906595,-0.399538992603954
"11550","79589","RNF128",-0.157530920443691,-0.172061324652074
"11551","100462983","MTRNR2L3",0.212056766407541,-0.0521001999331492
"11552","2002","ELK1",-0.0627576176135394,-0.0981763487484217
"11553","23066","CAND2",-0.0218408452340082,1.63383972591243
"11554","6926","TBX3",0.0880957781703486,-1.07081818459787
"11555","6646","SOAT1",-0.0385568812990114,0.134736523085824
"11556","79595","SAP130",0.0114544110211119,-0.0558342781145802
"11557","205564","SENP5",0.00160863456947435,-0.532378247324839
"11558","285141","ERICH2",-0.0955418992689323,0.554246787196265
"11559","10148","EBI3",-0.0870485784781517,-1.38944359977778
"11560","320","APBA1",0.0753106943738289,-0.0163791950989247
"11561","2963","GTF2F2",0.0406816961861223,-0.108715470918829
"11562","130872","AHSA2P",-0.0121589599712646,-1.0867308280297
"11563","56616","DIABLO",-0.0674862105560132,-0.0480282172385165
"11564","409","ARRB2",0.000930312678329326,0.038570378588354
"11565","6801","STRN",0.0709449729142975,0.144137893269533
"11566","9466","IL27RA",-0.0976817529593985,0.730749536853972
"11567","125488","TTC39C",-0.0776885362036619,-1.32725782820999
"11568","1487","CTBP1",-0.0286152155637209,-0.135269806222848
"11569","83443","SF3B5",-0.0448810247070419,-0.262000048065889
"11570","10465","PPIH",-0.0573129496561582,0.716646842289431
"11571","23266","ADGRL2",0.0386785210284772,0.00348888017398252
"11572","23158","TBC1D9",-0.115265792486992,-0.526902986029105
"11573","9098","USP6",0.0330018447376783,-0.608044988854928
"11574","64756","ATPAF1",-0.0624424941591482,0.196178173422339
"11575","114880","OSBPL6",0.0415227926257788,-0.816296100889273
"11576","115265","DDIT4L",0.0330190514616633,-0.282055706415718
"11577","8493","PPM1D",-0.170563394883223,-1.88215613555262
"11578","29941","PKN3",-0.0538471743507158,0.890121910376991
"11579","6634","SNRPD3",-0.0246003632941392,0.138288157162902
"11580","22856","CHSY1",0.101402433953442,-0.484931059442428
"11581","1788","DNMT3A",-0.0199611668688178,0.016341150429132
"11582","304","ANXA2P2",0.029244410380695,-0.209955977204014
"11583","1059","CENPB",0.0206284898258469,0.249975668511564
"11584","9378","NRXN1",0.147706542975396,0.217636090702594
"11585","128344","PIFO",-0.0183814383873284,-0.0705263975342749
"11586","55859","BEX1",-0.125530402073776,0.172107775223219
"11587","55106","SLFN12",0.12405509896078,0.107519688971348
"11588","23580","CDC42EP4",-0.0479825571695311,-1.53003792710758
"11589","3162","HMOX1",0.207574943780027,-1.58998084251569
"11590","10398","MYL9",0.0497662564625276,0.287040580957742
"11591","79576","NKAP",-0.0547224166800859,-0.289275883492929
"11592","54823","SWT1",0.0776732847063593,-0.650449991240365
"11593","8766","RAB11A",0.0276931879946742,0.167830685657559
"11594","105376779",NA,-0.100741649453733,-1.97242220273992
"11595","80254","CEP63",-0.00725095956918764,-0.429473157042144
"11596","9452","ITM2A",-0.0269636858698048,-2.58935385375132
"11597","57576","KIF17",-0.109641944055853,-2.96042593714666
"11598","1267","CNP",-0.0916671462331911,0.675654446518895
"11599","1718","DHCR24",-0.0536205883764698,0.0611710150159332
"11600","5116","PCNT",0.0076558158578699,0.773198127055452
"11601","84303","CHCHD6",-0.0408254493040117,1.52699691992716
"11602","115701","ALPK2",0.103295893705791,1.19415367981967
"11603","55697","VAC14",-0.0223208335556278,-0.0415254944461489
"11604","220594","USP32P2",0.0584897424230885,-0.0707689346159042
"11605","51061","TXNDC11",0.0262267368313003,0.213148275425224
"11606","374655","ZNF710",-0.0455633278039391,0.0308663511418912
"11607","54540","FAM193B",-0.0336445434890136,-0.21381832180482
"11608","222223","ELAPOR2",0.0260944749996304,-0.007044745387768
"11609","8563","THOC5",0.0256848353874881,0.109100805932123
"11610","81689","ISCA1",0.0362521432448322,0.119381181019284
"11611","81579","PLA2G12A",-0.00717116055827738,0.254256124192613
"11612","5164","PDK2",-0.0486490714081169,0.785182055092223
"11613","4502","MT2A",0.0701533415302236,1.48691953292261
"11614","8464","SUPT3H",0.174476528575638,0.295511375366767
"11615","51550","CINP",-0.0290506385518539,0.529824171575027
"11616","10512","SEMA3C",-0.0173955881635601,0.327375528946052
"11617","2028","ENPEP",0.084668500071746,0.0777702941524578
"11618","114926","SMIM19",-0.0508953218530799,-0.236187258953787
"11619","339479","BRINP3",0.128554375107241,2.85834406002131
"11620","23216","TBC1D1",0.0274668280236687,0.254063648982968
"11621","56998","CTNNBIP1",-0.0634395526785765,-0.428576479567092
"11622","84190","METTL25",0.0123021132382681,0.341522087896363
"11623","79156","PLEKHF1",-0.181864207590347,-2.0463676361133
"11624","94122","SYTL5",0.0525246144656464,-0.08427278607315
"11625","63933","MCUR1",-0.0153199425179169,0.0777736589887601
"11626","221120","ALKBH3",0.0452688580319784,0.318555106309925
"11627","255512","TOLLIP-DT",-0.240956464662378,-1.76023510764147
"11628","6902","TBCA",0.041324788740118,0.0569459886387733
"11629","100506714","NUP50-DT",0.105987638642563,0.0820295450936852
"11630","1969","EPHA2",-0.307971292475666,-1.55186910496266
"11631","139065","SLITRK4",-0.0447099802635673,1.11994541961692
"11632","7172","TPMT",-0.00862393644728865,0.289439259268209
"11633","5376","PMP22",0.0427871437187113,1.54883461523135
"11634","6732","SRPK1",0.0600261034248568,-0.230856007135224
"11635","441459","ANKRD18B",0.0570571223217908,-0.55774773626286
"11636","9766","SUSD6",-0.0360196915044755,-1.42471440346725
"11637","22949","PTGR1",-0.0644633929543375,-0.263902594429711
"11638","22981","NINL",0.039834719973836,0.189102355951577
"11639","283417","DPY19L2",0.129390124371413,0.420983211072573
"11640","1382","CRABP2",-0.0682010261222166,-0.569413132454279
"11641","83636","C19orf12",-0.0932727605910051,0.0964673852876139
"11642","55075","UACA",0.0586177908378724,0.195552596465686
"11643","10160","FARP1",0.0391199877196362,0.459418828214603
"11644","79465","ULBP3",-0.167035873070396,0.100405209340355
"11645","6693","SPN",0.140676451809846,2.82336913559751
"11646","2318","FLNC",-0.0485674721666296,-0.0776462015844324
"11647","84665","MYPN",0.127181835953438,0.277312330615064
"11648","55658","RNF126",-0.0795811316645372,0.0828403026303741
"11649","144402","CPNE8",0.275869136158082,-1.85252716662817
"11650","2889","RAPGEF1",-0.0331289325671857,-0.00458700707608006
"11651","54903","MKS1",0.0328760114999374,1.46005938072069
"11652","51444","RNF138",-0.0420476376762027,0.522493742630871
"11653","6201","RPS7",-0.0020607666810184,0.0690921126747357
"11654","22832","CEP162",-0.0139121733588934,0.72947715113167
"11655","80144","FRAS1",0.0323759349333992,0.873861789996565
"11656","24140","FTSJ1",-0.042251704000809,-0.0604781204343938
"11657","84278","MFSD14C",0.0251746523836553,-0.0692764801659349
"11658","23252","OTUD3",0.0334114832759882,-0.797445975008674
"11659","79901","CYBRD1",-0.096928861508446,0.131449654927704
"11660","317","APAF1",-0.0840526485629134,-1.66626357785474
"11661","113130","CDCA5",-0.0390549786241472,1.66480388644629
"11662","2620","GAS2",-0.0116220747847026,1.16291376933133
"11663","33","ACADL",0.0801989416415394,-1.75498742770053
"11664","375704","ENHO",-0.094085101100771,-1.03942171661771
"11665","157680","VPS13B",0.0109621140898986,0.886651349456898
"11666","718","C3",-0.33570629292565,-0.666139792052373
"11667","79158","GNPTAB",-0.00463350963698517,-0.197640730860662
"11668","4199","ME1",0.0592684872827274,-0.0403613775328289
"11669","144406","CFAP251",-0.136127132248361,-0.901525459168181
"11670","11034","DSTN",0.00604385073109626,0.0866215298429207
"11671","25874","MPC2",-0.0378843107595221,0.143293327745631
"11672","23242","COBL",-0.125857799120264,-1.03348014976555
"11673","57484","RNF150",0.0121409096623051,0.768568581506922
"11674","6854","SYN2",-0.124075601876785,-3.61691571150382
"11675","11157","LSM6",0.047673316784826,0.440727686559518
"11676","9241","NOG",0.0796823185419688,-0.373064058221154
"11677","1188","CLCNKB",-0.0414956519276592,1.08088145370855
"11678","5690","PSMB2",0.0247839168035622,0.0692982671898985
"11679","100527978","TLCD4-RWDD3",0.00223343593502091,0.447660410600457
"11680","1810","DR1",0.0181798858708611,-0.649521890103355
"11681","8318","CDC45",-0.131274825255755,2.13349505018745
"11682","257415","FAM133B",-0.0327439514832415,-0.0300823166689597
"11683","22875","ENPP4",0.0562390687158834,1.48564339398242
"11684","55207","ARL8B",-0.00827194447755986,-0.503927309935984
"11685","27010","TPK1",-0.0410928151239895,-0.382235878038842
"11686","727758","ROCK1P1",0.040056911401853,0.218967227773647
"11687","5795","PTPRJ",0.0456190027142807,0.0214437100523934
"11688","10263","CDK2AP2",-0.0808901748215076,-0.829322222357593
"11689","128239","IQGAP3",0.0495463912288274,2.14743820703419
"11690","9895","TECPR2",0.0330805766737559,-0.526854684891886
"11691","7476","WNT7A",-0.121041353655329,0.832376300697509
"11692","79366","HMGN5",0.00948429448601251,0.852178208589823
"11693","79804","HAND2-AS1",-0.0896013816651524,0.607260146970964
"11694","4005","LMO2",0.123629680631381,0.0644974835234056
"11695","440173","LINC02893",-0.0871989331426337,-0.367828779271814
"11696","4709","NDUFB3",-0.0448343153024631,0.0377893221890782
"11697","84062","DTNBP1",-0.0291807989380497,-0.0660735813305982
"11698","317662","FAM149B1",-0.0185045855311281,-0.14139617123443
"11699","60682","SMAP1",0.104838895865733,0.157436024160853
"11700","10671","DCTN6",0.0140838407726269,0.0963182263987132
"11701","23299","BICD2",0.0506539594123074,-0.25762716420076
"11702","4437","MSH3",0.0461833224680364,0.899246022149173
"11703","5396","PRRX1",0.0987393644546337,0.838071167745808
"11704","65980","BRD9",-0.0331431324071145,-0.237317213991156
"11705","7867","MAPKAPK3",-0.0367309080569571,0.0947209923809345
"11706","50487","PLA2G3",0.0199175204291901,1.67119238984967
"11707","6997","TDGF1",-0.213530152705325,1.63398227337485
"11708","54795","TRPM4",-0.0476897099799904,1.1781512037585
"11709","100506710","EBLN3P",0.0291845604438752,-0.162514264962138
"11710","114904","C1QTNF6",-0.0248687195995854,0.516187116446415
"11711","55854","ZC3H15",-0.0238299719397528,-0.065756846593013
"11712","9296","ATP6V1F",-0.0244015215185929,-0.557318938098402
"11713","6853","SYN1",0.0933301486707578,-0.165664334000114
"11714","55217","TMLHE",-0.0118727911110614,0.67932600451967
"11715","4917","NTN3",-0.170020360104515,-0.0995078533901363
"11716","55848","PLGRKT",-0.0783306631714651,0.234150563250783
"11717","9525","VPS4B",0.0399617396646565,-0.59922664807771
"11718","30061","SLC40A1",-0.0606183562902176,-0.0930948067853485
"11719","23335","WDR7",0.0646788262216784,0.500862139100801
"11720","2875","GPT",0.00952156944805993,-0.0274428436566521
"11721","5010","CLDN11",0.128407889611233,-1.93093812986604
"11722","8099","CDK2AP1",-0.034653196136305,-0.110504499807034
"11723","140606","SELENOM",-0.023512758840833,0.334010176776881
"11724","6936","GCFC2",-0.026113013142937,-0.193209928546207
"11725","130617","ZFAND2B",-0.0197066550827478,-0.0666527324301946
"11726","51605","TRMT6",0.0437603774320792,-0.156818600037172
"11727","11044","TENT4A",-0.0310606520615897,-0.103703717627179
"11728","102723996","LOC102723996",-0.0653253596776051,-2.51729194166583
"11729","5939","RBMS2",-0.0155778350014479,0.180789223729018
"11730","55288","RHOT1",-0.0136569581618122,0.855700323535892
"11731","51534","VTA1",0.0208724427697646,-0.428714808053004
"11732","5706","PSMC6",-0.0377743297893245,0.0449986293196734
"11733","63967","CLSPN",0.0598225314738494,1.77708863258828
"11734","1653","DDX1",0.0343955729710528,0.872635837209915
"11735","1501","CTNND2",0.0867247292809585,0.547229967615909
"11736","2976","GTF3C2",-0.0166646257977758,0.0118248377736077
"11737","9724","UTP14C",0.0250214230001546,0.102381801485716
"11738","253039","CUTALP",0.0804121691799033,0.252749268222592
"11739","284695","ZNF326",0.0288547167736146,0.0831730472801064
"11740","55208","DCUN1D2",0.0606759375401777,0.186910837838592
"11741","23741","EID1",-0.0357236997946142,0.0148784423004891
"11742","902","CCNH",-0.0271118466547353,0.0359122268128136
"11743","2303","FOXC2",-0.22715712077045,-0.943698834149875
"11744","9516","LITAF",0.0318056396886837,-2.08121642370189
"11745","79712","GTDC1",0.0285018120320801,0.573121648735161
"11746","92703","TMEM183A",-0.0218837099061959,-0.160073425059577
"11747","51054","PLEKHA8P1",0.0359426386891415,-0.542870340685369
"11748","55771","PRR11",0.114614547713395,2.52707101835593
"11749","55640","FLVCR2",0.0878004347341794,0.377101624444533
"11750","644538","SMIM10",0.0127058341602517,1.24415540371619
"11751","1824","DSC2",0.0340627804129525,0.956783213041898
"11752","1390","CREM",0.0482034942532676,-1.09104814491415
"11753","6624","FSCN1",0.0132482422011968,-0.680177085755853
"11754","6224","RPS20",-0.0272157094159198,-0.539821664045001
"11755","23438","HARS2",0.0057661095107493,0.499446119114274
"11756","6387","CXCL12",-0.12013979733814,0.488711273754782
"11757","27087","B3GAT1",-0.0556713817411826,-1.45126624942304
"11758","10267","RAMP1",-0.108321959519921,0.0129742011898757
"11759","55140","ELP3",0.0407888811471855,-0.115527594114052
"11760","100505715","LOC100505715",-0.000329197272166321,0.480638738893233
"11761","2153","F5",0.234188511966793,-1.08862063702531
"11762","9295","SRSF11",-0.0265956775812324,0.0663228102947002
"11763","130827","TMEM182",0.153402229550535,1.71563547620599
"11764","26135","SERBP1",0.0228974942729305,0.27587478919531
"11765","84455","EFCAB7",-0.0425684585792974,1.13152740851627
"11766","100132352","FRG1HP",-0.0383169969166055,-0.352957214007578
"11767","55536","CDCA7L",-0.0388961132113401,1.36000959600222
"11768","10352","WARS2",-0.0426252699383172,0.0141567055446918
"11769","4627","MYH9",0.00174994590977029,0.15391137419644
"11770","80772","CPTP",-0.0232869533470925,0.479170114115616
"11771","101928000","ZNF232-AS1",-0.051073789122916,-0.777627907284465
"11772","51285","RASL12",-0.0195071307754007,1.12683577489215
"11773","102723360","LOC102723360",0.0810625812981369,0.569269829668599
"11774","4729","NDUFV2",-0.0107331731015243,0.629728551092124
"11775","132160","PPM1M",-0.0746271247844388,-0.14661350913249
"11776","57798","GATAD1",-0.0107419222123175,-0.276132703281545
"11777","7353","UFD1",0.0271326059601451,-0.298673592778923
"11778","10490","VTI1B",0.0277861820982022,0.26429754539413
"11779","6604","SMARCD3",-0.0333802853376381,0.851606934954781
"11780","90390","MED30",-0.051700664508797,0.761908947488735
"11781","3909","LAMA3",0.0610576521098749,-0.690757353880063
"11782","92737","DNER",-0.00876080080986785,0.0801441083621341
"11783","5379","PMS2P1",-0.0179849069802844,0.265866051952183
"11784","642846","LOC642846",0.0855318318073077,1.94006424831534
"11785","84698","CAPS2",0.0055558250690968,0.151039563077922
"11786","25963","TMEM87A",0.037150138203133,0.222527622725963
"11787","256691","MAMDC2",-0.0407781221957708,-0.814906693272836
"11788","55335","NIPSNAP3B",-0.0110756301490942,-0.0618393306293563
"11789","6790","AURKA",0.108031740451334,0.753034150208387
"11790","28973","MRPS18B",-0.0238911530034969,0.627171366291941
"11791","642946","FLVCR1-DT",0.0631816905325703,-0.170364674062716
"11792","10257","ABCC4",0.110409020893409,0.0577432101925535
"11793","56681","SAR1A",-0.0359594192577894,0.236321475861017
"11794","80148","SLC66A2",-0.10578371418632,0.0798543856585718
"11795","672","BRCA1",0.125608444759392,1.54142124993466
"11796","51160","VPS28",-0.000969059755360213,0.329930706261944
"11797","1460","CSNK2B",-0.0155673937489045,-0.678482415809186
"11798","647310","TEX22",0.117323515510059,-0.789414374622989
"11799","84233","TMEM126A",0.0254118645315309,0.779258936648568
"11800","5432","POLR2C",-0.010546673592029,0.200113769480153
"11801","55930","MYO5C",0.0795347601427694,0.839359347546237
"11802","10474","TADA3",-0.0982333835584654,0.207381704441657
"11803","23676","SMPX",0.0976535409709278,0.745795662939814
"11804","2674","GFRA1",-0.0336165195573461,-1.35979249195386
"11805","54858","PGPEP1",-0.0653880879860997,-0.555745221240906
"11806","283310","OTOGL",0.110827177730492,-0.819413576442382
"11807","25914","RTTN",0.0416993929769292,0.421876069032581
"11808","29070","CCDC113",-0.0546459004272628,2.39408117920425
"11809","205251","MTLN",-0.00535197517343455,0.371996232318397
"11810","23131","GPATCH8",0.0596951509895129,0.0491220296965285
"11811","8504","PEX3",0.0599403671813867,0.637203213832904
"11812","8382","NME5",-0.0508768552093462,1.15036568783772
"11813","154467","CCDC167",-0.0380447893552742,0.135413828849367
"11814","348262","MCRIP1",-0.0919983671437006,-0.144059244974037
"11815","2197","FAU",-0.0350211455556959,-0.445898014384165
"11816","84310","C7orf50",-0.0747050617242415,0.414162613248141
"11817","4633","MYL2",-0.0857142868720508,0.701496663790394
"11818","55832","CAND1",0.00357487717621918,0.117110497979256
"11819","389741","GLIDR",-0.0521166549595755,-0.51782562787393
"11820","85027","SMIM3",-0.0483538769944554,-0.734347772270209
"11821","51124","IER3IP1",0.0265041345070873,0.417747978716508
"11822","49855","SCAPER",0.145202178543482,0.777478735870948
"11823","56128","PCDHB8",0.0165060398095298,0.577965580846989
"11824","775","CACNA1C",0.0207664380081605,1.48250490540402
"11825","1054","CEBPG",0.0146428008881969,0.829691546622974
"11826","255758","DYNLT2B",0.0261135984803444,0.171271146524808
"11827","6789","STK4",0.0241266176118584,-0.696896312857123
"11828","161","AP2A2",-0.0153734946191753,0.0183561073196969
"11829","12","SERPINA3",-0.467554980974755,-3.97037347974573
"11830","57215","THAP11",-0.0666017741881753,0.759975538421985
"11831","54737","MPHOSPH8",0.101968346023448,0.258613355804648
"11832","2264","FGFR4",-0.147920036455631,0.101258464865172
"11833","2882","GPX7",-0.0452819754647344,0.420936010104408
"11834","5928","RBBP4",-0.0152552537078661,-0.0369719799396515
"11835","83593","RASSF5",0.0758624271395085,-0.143552313605273
"11836","6844","VAMP2",0.0291002689173512,-0.00565950710500562
"11837","7525","YES1",-0.0449337102742762,-1.00268435313454
"11838","81792","ADAMTS12",0.00312894375465955,0.64332029931415
"11839","8863","PER3",0.0328811660651374,1.44249194671334
"11840","347902","AMIGO2",-0.0279509620950353,-0.550819236064777
"11841","90355","MACIR",0.0625043231117788,0.874033087455884
"11842","113622","ADPRHL1",-0.0597252127599308,1.09119112603295
"11843","116151","FAM210B",-0.0453226462075982,-0.991761566167861
"11844","8776","MTMR1",0.000807810424603872,-0.331826242101741
"11845","9945","GFPT2",-0.0247154586427607,-0.196592989764627
"11846","81796","SLCO5A1",-0.0834872967641971,-0.685966849881055
"11847","847","CAT",-0.044114147143091,0.531165704210175
"11848","6242","RTKN",-0.0306889873389311,0.00801131454125859
"11849","124454","EARS2",0.0564436687855068,0.374516782126434
"11850","9093","DNAJA3",-0.0218045993978278,0.020769210961868
"11851","28988","DBNL",-0.0531544826382673,-0.249984875107899
"11852","151126","ZNF385B",-0.0309358466198368,1.54893152639706
"11853","93010","B3GNT7",0.0624788151344746,-1.97243259300086
"11854","645166","LSP1P5",-0.0403949402079958,0.28559190021047
"11855","400322","HERC2P2",0.0146198007732363,0.0679845662103489
"11856","9694","EMC2",0.0324540375632072,0.609572632109836
"11857","5868","RAB5A",-0.0258739865107565,-0.259653877686664
"11858","122786","FRMD6",-0.242214274266996,-0.983509928612581
"11859","10006","ABI1",-0.00237102463184691,-0.0162363755705925
"11860","116832","RPL39L",-0.113890709584383,0.600530569623281
"11861","3419","IDH3A",0.0960500815107128,0.786038837246058
"11862","10351","ABCA8",-0.175702396132155,1.92074902702963
"11863","55647","RAB20",-0.0726545831880889,-0.31254421280496
"11864","101928099","PCAT7",0.0323894418328762,-1.05643858261045
"11865","93622","LOC93622",0.0156943713631965,0.447307318596676
"11866","28227","PPP2R3B",-0.0449067229145816,0.65143654876306
"11867","440905","FAR2P1",0.307166005988975,-1.03048218001683
"11868","1731","SEPTIN1",-0.0109581925871709,0.422149042191012
"11869","102723475","LOC102723475",-0.0419456905639386,1.06138982873802
"11870","53346","TM6SF1",0.0534999993630887,0.0937139380400325
"11871","1345","COX6C",-0.0532688466798028,-0.00743757501381648
"11872","100289097","FRG1CP",-0.0653540081701163,0.309389565352533
"11873","22930","RAB3GAP1",0.0355228771601004,0.0176731929622624
"11874","9149","DYRK1B",-0.0595994172360026,-0.279808482268908
"11875","2998","GYS2",-0.0751795410034533,1.6061790964492
"11876","4694","NDUFA1",0.0507685658053205,0.000487395494104703
"11877","1203","CLN5",-0.0428349942490058,-0.0249341260511065
"11878","83468","GLT8D2",-0.0403433670189577,-1.89752161725771
"11879","998","CDC42",0.0184684852003612,-0.174273519477934
"11880","1857","DVL3",-0.0224343927811503,-0.0583765297103795
"11881","8642","DCHS1",-0.0104381759527268,1.65354078516897
"11882","4697","NDUFA4",0.0167953561709648,-0.0413477752810856
"11883","7348","UPK1B",-0.106537146395231,0.0945812146663365
"11884","83941","TM2D1",0.00075754507543202,-0.100629025842974
"11885","349565","NMNAT3",0.080998155064008,0.602769085092706
"11886","441518","RTL8B",0.066624875766653,0.258369842011573
"11887","6594","SMARCA1",-0.00121407150996156,0.498171394270711
"11888","100507501","LINC01569",0.336113384576488,0.445088083403225
"11889","10952","SEC61B",-0.0987458098474274,-0.0593638489495198
"11890","94239","H2AZ2",-0.0547283994562902,0.532354924540852
"11891","54902","TTC19",-0.0234564595586173,0.0590503034026879
"11892","23283","CSTF2T",-0.0106923448276666,0.245249562552794
"11893","5141","PDE4A",-0.305319345483615,-3.84323505229217
"11894","128486","FITM2",0.0519906955183593,0.969439925982299
"11895","10241","CALCOCO2",0.020935400276942,0.614527705537737
"11896","11182","SLC2A6",0.0121104097255644,0.228053192881445
"11897","26499","PLEK2",0.0833970104260633,-0.679477835171049
"11898","60488","MRPS35",-0.000295453835011728,0.66117931273691
"11899","253260","RICTOR",0.0439850114838842,0.735288267340222
"11900","83860","TAF3",0.0883535240367648,-1.4066584528857
"11901","5696","PSMB8",-0.188971075812123,-1.43773629982966
"11902","84814","PLPP7",-0.0893196573813793,1.92194901417565
"11903","153396","TMEM161B",0.0460999631726446,0.472582448946161
"11904","57463","AMIGO1",-0.0271825315821124,0.709412332872814
"11905","286480","UBE2E4P",0.011468560822177,0.0471837771994927
"11906","127281","PRXL2B",-0.0304730440688425,1.77311430495718
"11907","9968","MED12",0.0341932633648456,0.287031757989877
"11908","55556","ENOSF1",-0.0361484815796458,0.715547624819031
"11909","2260","FGFR1",-0.0300090104380164,0.216835932509782
"11910","222663","SCUBE3",-0.0339248684614546,0.576184354254083
"11911","204962","SLC44A5",0.10649418330381,-0.26181396810803
"11912","55031","USP47",0.0228861988174893,0.0774543083434098
"11913","400761","LRRC8C-DT",-0.0405566020819758,0.112666311419175
"11914","3371","TNC",-0.141318823748985,0.280707632772753
"11915","65095","KRI1",0.0379748169551535,0.0300564146144495
"11916","84912","SLC35B4",0.0585270671556382,0.344982289485396
"11917","285908","LINC00174",0.0141389135829239,-0.413819335689454
"11918","28511","NKIRAS2",-0.0471352620655558,-0.0159277861295939
"11919","81572","PDRG1",-0.0650766613167537,0.00504846776861356
"11920","9638","FEZ1",-0.0665431404338408,-1.54520915879794
"11921","55819","RNF130",0.0216078065834262,0.114469953854388
"11922","6274","S100A3",0.0918736227326367,-0.808971464994349
"11923","339366","ADAMTSL5",-0.0333093388506907,2.17180269987113
"11924","729096","BMS1P4",0.013891798624428,-0.107712025836108
"11925","5902","RANBP1",-0.0416069880811625,1.19838804572682
"11926","128977","C22orf39",-0.0480129481388554,0.831852213157357
"11927","23443","SLC35A3",-0.0533281235315064,0.192940153288637
"11928","91227","GGTLC2",-0.105342279612674,-0.590885353214008
"11929","160762","CCDC63",0.0871926551730593,-0.164842696660613
"11930","80301","PLEKHO2",-0.0506483016825356,-1.60556554051358
"11931","57545","CC2D2A",0.0392552986149455,1.19794945224646
"11932","5021","OXTR",-0.0772934940310064,-0.057647311417254
"11933","347733","TUBB2B",-0.0532265796039839,0.167628375645612
"11934","54520","CCDC93",0.138367450639118,-0.124015067362919
"11935","283537","SLC46A3",0.0449704468653964,1.86038176481894
"11936","55248","PACC1",-0.0747266569647786,0.537453258692308
"11937","729991","BORCS8",0.0690023317466815,-0.326071967060737
"11938","27089","UQCRQ",-0.0399978903132556,-0.069371231286679
"11939","23196","FAM120A",0.139931118577832,1.01202987271789
"11940","79575","ABHD8",-0.121181212992284,0.539094577118385
"11941","84865","CCDC142",-0.0480753544238604,-0.279038959044079
"11942","8649","LAMTOR3",-0.0201236829502625,-0.296903280505728
"11943","27077","B9D1",-0.036724578084808,-0.0545355965707488
"11944","101928736","MIR762HG",0.190733247604435,-1.38012907270299
"11945","51265","CDKL3",0.115850539757442,-0.991429602353453
"11946","100289373","UBAC2-AS1",0.0247989822498971,-1.15867557553488
"11947","253650","ANKRD18A",0.154154607124064,0.0623129196278036
"11948","192683","SCAMP5",-0.0687288960681149,0.567526331946721
"11949","57822","GRHL3",-0.930183326522673,-5.48890379627789
"11950","9328","GTF3C5",-0.0218918908991723,-0.191230987515378
"11951","58","ACTA1",-0.0418721322701483,1.43967810679836
"11952","6653","SORL1",0.111253260509277,0.608348046039769
"11953","57139","RGL3",0.0053564383937732,-1.09971101984119
"11954","439994","LINC00863",-0.0376384078474934,-0.75252874290228
"11955","10826","FAXDC2",-0.0417916337662625,-0.661152150034262
"11956","10559","SLC35A1",0.0411197742867344,0.311416109404258
"11957","26091","HERC4",0.0188845361937178,-0.552415942441355
"11958","57291","DANCR",0.00572560055602267,0.077489793223533
"11959","9364","RAB28",-0.0461234723349575,0.347356585015752
"11960","9261","MAPKAPK2",0.0308208651523785,-0.126800929707576
"11961","55062","WIPI1",0.119968120754598,0.687177107415936
"11962","8732","RNGTT",0.0148283115174275,0.264532607426711
"11963","2066","ERBB4",0.121406823963044,1.95718631913214
"11964","2054","STX2",0.028684428202336,-0.200206324697152
"11965","94081","SFXN1",0.0697703441475523,0.156455319752849
"11966","51227","PIGP",0.0579106936025138,-0.16639095319302
"11967","10399","RACK1",0.0271592777774714,0.215590970285264
"11968","90799","CEP95",0.0633787424272105,-0.484983688775273
"11969","4733","DRG1",-0.0217652843701588,0.433287140133896
"11970","80143","SIKE1",-0.0223124127524184,-0.379051027032881
"11971","10791","VAMP5",0.0693222620948761,-0.446703477371578
"11972","91584","PLXNA4",0.00104894593006222,1.22738597771976
"11973","3053","SERPIND1",-0.0827558759191773,-2.56683427754283
"11974","284252","KCTD1",-0.0281768572115553,-1.58025394780285
"11975","10520","ZNF211",-0.0412255090654128,-0.0899977927870941
"11976","221143","EEF1AKMT1",0.101729662564801,-0.617376162192292
"11977","7327","UBE2G2",0.0168443731599366,-0.082042400923485
"11978","80233","FAAP100",-0.0640835789040413,-0.162775033567618
"11979","340075","ARSI",-0.122396748130241,-0.227039550661877
"11980","9184","BUB3",0.02729653641354,0.0184407657676822
"11981","9943","OXSR1",-0.0157869193666107,-0.355941687001787
"11982","1949","EFNB3",-0.100423042208676,3.32564392763193
"11983","6730","SRP68",-0.0283140632526937,-0.637072095707353
"11984","54331","GNG2",-0.147117907503555,0.148655972618973
"11985","30837","SOCS7",-0.00969054484465293,-0.113682178954896
"11986","25796","PGLS",-0.0926433967970546,0.144978363947793
"11987","23214","XPO6",0.0253991391250272,-0.311639075485044
"11988","96459","FNIP1",-0.109507800849927,-0.0548115024067695
"11989","1478","CSTF2",-0.0146798812600499,0.612109292092406
"11990","51372","TMA7",-0.0299509043617583,-0.785923102664092
"11991","84811","BUD13",-0.0632561510976775,0.373942109529831
"11992","9459","ARHGEF6",0.187210487884247,0.408847658067172
"11993","10627","MYL12A",-0.0221590015016577,-0.0198973387665333
"11994","23030","KDM4B",0.0342137425118247,-0.518883984060582
"11995","341","APOC1",-0.0598322482655015,-0.47257492858501
"11996","213","ALB",-0.149577937726106,-0.652125438367919
"11997","51108","METTL9",-0.0339839593567497,-0.0883403484619354
"11998","285148","IAH1",-0.0169248566061833,0.597227816029901
"11999","375033","PEAR1",-0.131960420785446,-0.192219416002066
"12000","54910","SEMA4C",-0.0632277176445273,0.18576272421981
"12001","4494","MT1F",-0.0865552330418435,1.55196478293958
"12002","161176","SYNE3",0.0719111503998608,-0.156353466262838
"12003","140739","UBE2F",0.0236070855669972,-0.291157185853749
"12004","1295","COL8A1",-0.0817375576470907,0.971116950963977
"12005","51082","POLR1D",0.0264787869679362,-0.324331977893386
"12006","3980","LIG3",-0.019857311166426,0.275664692094384
"12007","326625","MMAB",-0.0402968144611338,0.480284700063168
"12008","56603","CYP26B1",0.0836935423153431,-1.05675461576654
"12009","140467","ZNF358",-0.0390117752705725,0.0156426871459496
"12010","9455","HOMER2",-0.0282026935409814,0.503964904455862
"12011","56952","PRTFDC1",0.00422985380716034,0.568825917269927
"12012","80173","IFT74",0.0416837870059004,0.31302903918769
"12013","5522","PPP2R2C",0.106423512188705,-2.95669942799812
"12014","9342","SNAP29",-0.0231582392694092,0.382959165478826
"12015","2647","BLOC1S1",0.0402812062050222,0.255651346048998
"12016","85014","TMEM141",-0.0459195598106978,0.795455397367605
"12017","147138","TMC8",0.0735844403057335,-1.87544718091775
"12018","5881","RAC3",-0.171790273470942,1.95997012413093
"12019","645644","FLJ42627",-0.0397950356546013,-0.196041825810456
"12020","79033","ERI3",-0.0251778621063368,0.305562813213639
"12021","2230","FDX1",-0.0572862850133564,-0.343172029851542
"12022","664709","HNRNPA1P10",0.0312714765698878,0.689460611746381
"12023","100887750","MRPS31P5",0.0726500193147324,0.570105386853452
"12024","25906","ANAPC15",0.0201652526765543,0.345638264415451
"12025","132671","SPATA18",-0.118066268800486,-1.82163735603959
"12026","84299","MIEN1",-0.034326936532322,-0.656851133098128
"12027","10529","NEBL",0.120769153111324,1.04002114898939
"12028","23122","CLASP2",0.0339270691735871,0.0563691929019843
"12029","254863","TMEM256",-0.0428258096845475,0.64317333571234
"12030","51014","TMED7",0.0338964249299689,0.170313740704945
"12031","51538","ZCCHC17",0.00973311951409706,-0.565447633701227
"12032","207063","DHRSX",0.0396398744354567,1.0491240959941
"12033","329","BIRC2",0.0174582663990854,0.0379456388734054
"12034","23288","IQCE",-0.00854584583292439,0.296384474719766
"12035","87","ACTN1",0.0497344317347519,-0.376976607439451
"12036","374986","MIGA1",-0.0370444855738858,-0.124718863402527
"12037","554203","JPX",-0.0299120106326731,0.370881263545507
"12038","143879","KBTBD3",0.0756949925369472,0.105107395799836
"12039","4232","MEST",-0.113488140549864,-0.884597610205186
"12040","93664","CADPS2",0.059156922533794,-0.116569632895072
"12041","5439","POLR2J",0.0479905647779297,-0.246959480181389
"12042","1006","CDH8",0.0370620982757384,-1.50522292446483
"12043","2775","GNAO1",0.0941665055813474,1.13699262874822
"12044","146050","ZSCAN29",-0.0126583485515104,-0.0813568517554701
"12045","5286","PIK3C2A",0.111445740419855,-0.391138896895351
"12046","4045","LSAMP",-0.0755502575185152,0.890126956804991
"12047","2202","EFEMP1",0.0278718401419802,-0.555901045257711
"12048","222643","UNC5CL",-0.0860246542277774,-1.09098786449875
"12049","54863","TOR4A",-0.010094722454161,0.0357037395249113
"12050","7259","TSPYL1",-0.0172303139241361,-0.220861312583509
"12051","2697","GJA1",-0.0434464500867353,0.98201926218966
"12052","125988","MICOS13",0.0156691802166558,0.448955944461383
"12053","56134","PCDHAC2",0.0642565476658912,0.356703043154859
"12054","57409","MIF4GD",-0.040686484583166,0.881002457704994
"12055","1915","EEF1A1",-0.0164032252804667,-0.222492014562174
"12056","4635","MYL4",0.0262293557648796,0.38120902767098
"12057","4752","NEK3",0.0626428899538563,1.34910117066798
"12058","139285","AMER1",-0.0459342675843546,-0.70675175154679
"12059","246721","POLR2J2",0.0130610574305714,-0.235213561428046
"12060","23710","GABARAPL1",-0.0701387759144101,-0.316779257477137
"12061","56062","KLHL4",0.0142644027534473,-0.638651273966738
"12062","2564","GABRE",-0.233895538050405,-0.836167412892404
"12063","51078","THAP4",-0.00304960703467838,0.35957262911111
"12064","5093","PCBP1",0.00598444219132865,0.03072080838486
"12065","134147","CMBL",-0.121554328449411,-1.85393015965611
"12066","1365","CLDN3",-0.0862923473675474,0.0828633499136712
"12067","10126","DNAL4",-0.0242139028403847,-0.0643800886657195
"12068","56893","UBQLN4",-0.0251951956164094,-0.119294474639243
"12069","389257","LRRC14B",-0.120512626332785,3.2139218050872
"12070","6745","SSR1",0.0373730563400763,0.211192613337817
"12071","342979","PALM3",-0.0639889511408755,1.67036961684973
"12072","23316","CUX2",-0.116433339881286,0.955346105549241
"12073","5338","PLD2",-0.210599628308203,-0.184871623479452
"12074","7381","UQCRB",0.0874551310105769,0.0834445537316135
"12075","101928378","PTOV1-AS2",-0.105475608533409,-0.144132915829949
"12076","10389","SCML2",0.0434229533730508,0.472769421147091
"12077","518","ATP5MC3",-0.044104800335889,0.455279230028822
"12078","1719","DHFR",-0.0507452215436386,-0.0646663890738921
"12079","124401","ANKS3",-0.0972517931283576,0.150004530850287
"12080","6144","RPL21",-0.0251061426596886,0.124233513836796
"12081","51246","SHISA5",-0.0373936150399548,0.033860979991311
"12082","11154","AP4S1",-0.0133212152586242,-0.724303314519493
"12083","644649","APOOP5",0.107401083083577,0.888826032729246
"12084","3141","HLCS",0.0255094078855818,0.346151177291265
"12085","55216","NKAPD1",-0.0241232599372614,-0.21360750306731
"12086","50805","IRX4",0.0822056254338452,1.38413838824897
"12087","730013","ABCC6P2",0.0584307816969385,1.81855136896804
"12088","10082","GPC6",-0.0531773731389409,1.76661851333178
"12089","83786","FRMD8",-0.141033474819626,-2.0982102000911
"12090","133746","JMY",0.00368288039558795,0.00714352426480502
"12091","8987","STBD1",-0.258605257032077,-0.535328376944348
"12092","5567","PRKACB",0.0225993861003531,0.0808697647307337
"12093","284106","CISD3",0.0189472244025,1.82933189178747
"12094","5296","PIK3R2",-0.000993399565848208,0.466872050909548
"12095","9536","PTGES",-0.127433420868348,-2.109352782161
"12096","100507495","SDCBP2-AS1",-0.00603712824317248,-0.510750148053174
"12097","285313","IGSF10",0.118833784441175,-1.26705853352388
"12098","255798","SMCO1",0.29124375178758,2.08438227675913
"12099","9260","PDLIM7",-0.0789930081585704,-0.026710173275764
"12100","5595","MAPK3",0.0288307695850278,0.781000458465177
"12101","10235","RASGRP2",-0.0764975749795291,1.22836359633284
"12102","29088","MRPL15",-0.00307942562389218,1.27898942443394
"12103","6208","RPS14",-0.0724319694395295,0.0888879494478605
"12104","284459","ZNF875",0.053776395101452,-0.106062130501973
"12105","79947","DHDDS",0.0237400802448962,0.221171648142272
"12106","401491","VLDLR-AS1",0.0798492663378295,-1.16641039966394
"12107","29906","ST8SIA5",0.0922913931517066,0.247416620883199
"12108","2068","ERCC2",-0.0255118495218234,1.1168468814471
"12109","255275","MYADML2",0.104488476387182,2.42086819536851
"12110","83394","PITPNM3",-0.0731448978345899,0.803081993227031
"12111","64771","ILRUN",-0.0219374601276598,-0.527345947778004
"12112","143","PARP4",0.0350592057131678,0.647960304373847
"12113","90853","SPOCD1",-0.126717047393797,-0.172206410978515
"12114","85455","DISP2",-0.148193220106907,-0.538562536493596
"12115","7857","SCG2",-0.101498382613743,0.526087861019509
"12116","3400","ID4",-0.117540138979974,-1.32952987104
"12117","4909","NTF4",-0.0621943456449721,1.37636745110892
"12118","84142","ABRAXAS1",-0.0340008145952075,0.234344824875369
"12119","9829","DNAJC6",0.0189689597802696,0.316599298180684
"12120","645332","FAM86C2P",0.0339469519183466,0.441600456053001
"12121","2273","FHL1",0.0073936672054522,0.819708116829087
"12122","80145","THOC7",0.0112193456074081,0.134729461155418
"12123","167838","TXLNB",-1.61226659223246e-05,1.58313822683553
"12124","7266","DNAJC7",0.00897156932196896,0.286009858421436
"12125","57595","PDZD4",-0.00233045960205747,-1.93714571741913
"12126","92270","ATP6AP1L",0.0866527909333006,-0.163171402098385
"12127","7135","TNNI1",-0.121197037482682,0.540971526906889
"12128","4645","MYO5B",-0.0676453770632151,-0.789573936439973
"12129","9878","TOX4",-0.0176580373679824,-0.355846478273142
"12130","100422885","MIR1244-2",0.0330963638301309,-0.0738441625995523
"12131","2098","ESD",-0.0370444211839942,0.520289070904147
"12132","55906","ZC4H2",-0.000297322563235447,0.649637296237434
"12133","10802","SEC24A",-0.0260034439490537,0.185260319407815
"12134","6641","SNTB1",0.130821792341011,-1.08852184451931
"12135","27340","UTP20",0.050990341975047,0.368018138647061
"12136","56953","NT5M",-0.0725032626607081,0.428193878212608
"12137","10154","PLXNC1",-0.0209045676934756,-0.0647056186644597
"12138","10767","HBS1L",0.0182655762535155,-0.162483337489178
"12139","54718","BTN2A3P",0.0978404358617589,0.488664516635093
"12140","100133941","CD24",0.016418624230031,0.151015622940325
"12141","50488","MINK1",0.0390454678556633,-0.221246152409392
"12142","4041","LRP5",-0.0258582042843321,0.609039440468553
"12143","644353","ZCCHC18",-0.0579332616384098,0.724789139466972
"12144","1717","DHCR7",0.0575664370900668,0.879292055467547
"12145","6103","RPGR",0.0700574555387341,-0.420549541118481
"12146","26869","RNU1-3",0.467332867928956,0.468394645125228
"12147","80219","COQ10B",-0.0136915268684072,0.00409285878986232
"12148","5894","RAF1",-0.0508339397276281,-0.0040323248675076
"12149","57698","SHTN1",0.054742505715017,-0.252115853417129
"12150","9168","TMSB10",-0.0460675904775947,-0.146289976050227
"12151","55841","WWC3",0.00895364412118127,-0.284229645449223
"12152","392","ARHGAP1",-0.0352383343190983,0.561001949926339
"12153","85495","RPPH1",0.326982469329293,0.435156564279616
"12154","26017","FAM32A",-0.0208604081809867,-0.316004855603356
"12155","340591","CA5BP1",0.0106963678015739,0.100444316761633
"12156","161247","FITM1",-0.045532121284463,2.59601184592923
"12157","10382","TUBB4A",0.0768010791294889,2.10209646793935
"12158","122769","LRR1",-0.0485627692559025,0.728561602007389
"12159","1155","TBCB",-0.0222237947888591,0.385300074338113
"12160","4150","MAZ",-0.00282626850840995,0.632405954521626
"12161","26154","ABCA12",-0.112766931613888,-4.20639551455761
"12162","54978","SLC35F6",0.0819010027793858,-0.0229017171985904
"12163","125050","RN7SK",0.0454267481966177,0.354544868988546
"12164","89848","FCHSD1",-0.092396803715953,-0.110836989209447
"12165","2134","EXTL1",0.0732516756153894,1.32668117931905
"12166","8898","MTMR2",0.0485913763346613,0.0393798047172655
"12167","440104","TMEM198B",-0.12705967182264,-0.314896704681448
"12168","26589","MRPL46",0.0202084524934625,0.227909667835803
"12169","84154","RPF2",-0.0210967569687455,0.176867089807404
"12170","8674","VAMP4",-0.015034317688372,-0.572284787598308
"12171","5108","PCM1",0.0181421124688779,-0.194189136536982
"12172","93035","PKHD1L1",-0.101025175395256,0.555744470640682
"12173","125058","TBC1D16",-0.0325225548025356,0.790890160063814
"12174","222553","SLC35F1",0.191610672280381,-0.88968257986574
"12175","706","TSPO",-0.0648725014807727,0.573799945255559
"12176","23136","EPB41L3",0.053145138259783,0.0713132272235599
"12177","115548","FCHO2",0.0297093081982469,-0.260752553528464
"12178","126789","PUSL1",-0.0502453704797454,1.15787949923052
"12179","5898","RALA",0.0216086307693848,-0.220019398599425
"12180","221178","SPATA13",0.0194152851023839,-0.0226191353755114
"12181","2634","GBP2",-0.092649442835103,-0.00468930398805334
"12182","84820","POLR2J4",0.00507610492578969,-0.299728025916105
"12183","118424","UBE2J2",-0.0238815962710621,-0.693638003718575
"12184","728622","SKP1P2",-0.0240795631285513,-0.329856752457744
"12185","102723316","FRG1DP",0.11064632331495,0.305335986987169
"12186","988","CDC5L",-0.00236885893580485,0.21546388950665
"12187","55616","ASAP3",-0.00222308326478071,-0.0765655591871264
"12188","389538","CCZ1P-OR7E38P",-0.0339466483108262,-0.124620703990914
"12189","80201","HKDC1",0.0911748335716078,0.157049260868622
"12190","11249","NXPH2",0.0775745430059906,1.55718555810593
"12191","9603","NFE2L3",-0.103509737161283,0.481049686285684
"12192","51138","COPS4",0.0280837084845471,0.0174471354293333
"12193","54625","PARP14",0.0335572095746675,-2.26046707923471
"12194","100507487","LINC02615",0.294040565793631,-1.83248773892217
"12195","5865","RAB3B",-0.185513590420944,-1.85813867570432
"12196","896","CCND3",0.0260575624810162,-0.326296498576035
"12197","4644","MYO5A",0.0598541384143338,-0.360746089651133
"12198","3673","ITGA2",0.0930125376953965,-0.396859443092695
"12199","10226","PLIN3",-0.0315273521609845,-0.349668757464368
"12200","57556","SEMA6A",-0.0670366306584249,-1.55568800977986
"12201","56925","LXN",-0.0940030626546569,0.0862761942170422
"12202","389856","USP27X",0.0380059817524896,-1.00495528073077
"12203","6300","MAPK12",0.00854126799104105,0.483014707123833
"12204","4926","NUMA1",0.0304695777973976,0.0496309953839953
"12205","2012","EMP1",0.125859127717335,1.07400775770754
"12206","23221","RHOBTB2",0.0540468524619167,-0.523287374213634
"12207","55630","SLC39A4",-0.0421715799743916,0.523332283050261
"12208","116987","AGAP1",-0.0292550074886,-0.422539102503457
"12209","5867","RAB4A",-0.0428745991842225,0.176596021789343
"12210","284996","RNF149",-0.0252055828623856,0.677025262775358
"12211","53339","BTBD1",0.0238094295166071,0.107773367984493
"12212","5523","PPP2R3A",0.0379691565999831,0.181611481032521
"12213","90523","MLIP",0.120239622923568,1.12056282223658
"12214","83982","IFI27L2",0.0234138818018925,0.368124789924348
"12215","83937","RASSF4",0.0450316551269658,0.917835349559166
"12216","25778","DSTYK",-0.035717750989007,-0.566748985121939
"12217","27286","SRPX2",-0.0853565734891291,0.20604993311582
"12218","23284","ADGRL3",0.0378669368529136,1.27757131901722
"12219","145553","MDP1",0.0538405394968995,0.533819551115259
"12220","2022","ENG",0.0518165543172953,2.31872666489018
"12221","22987","SV2C",0.0702914245067996,1.00426281492756
"12222","10436","EMG1",-0.0498468804144974,0.00138460737887502
"12223","5890","RAD51B",-0.0402635287239367,0.714406981851055
"12224","25936","NSL1",0.0205091193357942,0.247781496846109
"12225","5151","PDE8A",0.0804884914016331,-1.48490938840147
"12226","60674","GAS5",-0.0879438447126519,0.378562152914437
"12227","2653","GCSH",0.034552595639239,0.45533722746368
"12228","7626","ZNF75D",0.0126848646548772,0.404502363200202
"12229","199777","ZNF626",-0.0280946459102021,-0.163412021078079
"12230","9770","RASSF2",-0.161144677780686,-1.09258989992558
"12231","25934","NIPSNAP3A",-0.046426656016755,0.175272086232359
"12232","51460","SFMBT1",0.0136472741212188,-0.0182224408276079
"12233","56172","ANKH",0.0480985593808052,-0.476773544996944
"12234","3775","KCNK1",0.0525828964193003,-0.352928118826846
"12235","54879","ST7L",0.0754389358629344,-0.00906991184249062
"12236","23091","ZC3H13",0.11660515419353,-0.0522660110965498
"12237","10765","KDM5B",0.0737821166044936,-0.392734931192662
"12238","339416","ANKRD45",0.103110896166531,-2.18577389425554
"12239","3777","KCNK3",0.0773380926578477,1.81496266948808
"12240","55744","COA1",0.0255582589299461,0.485596206441253
"12241","6204","RPS10",0.023099954223333,-0.44173034999383
"12242","9648","GCC2",0.0240756220678566,-0.653640598784556
"12243","221468","TMEM217",0.0655205076664235,-0.900767161616807
"12244","60592","SCOC",-0.0377520650871315,-0.211787565147109
"12245","56849","TCEAL7",-0.172677135653807,-0.925781217506227
"12246","90134","KCNH7",0.144114822806421,0.56437888781486
"12247","6091","ROBO1",0.00174695578613182,0.605554843155667
"12248","9649","RALGPS1",-0.0222380446900168,0.596810636962726
"12249","7465","WEE1",-0.149255708580046,0.332765884756581
"12250","57482","CRACD",-0.00865222025597623,0.0729650586287622
"12251","23180","RFTN1",-0.0122650856744695,-0.639500140254941
"12252","64288","ZSCAN31",-0.0404942153560213,-0.174982415254302
"12253","3635","INPP5D",-0.110989668998519,-1.28915111670798
"12254","2665","GDI2",0.0165928683963106,0.18499431796571
"12255","55967","NDUFA12",0.00323087846552195,0.417429479362561
"12256","10418","SPON1",-0.0739531535630489,0.851379855438583
"12257","1795","DOCK3",0.0727558775677126,-1.90382080308197
"12258","8908","GYG2",-0.043471110474675,0.642737005141203
"12259","5793","PTPRG",0.0512544236203389,0.0519337620047287
"12260","220164","DOK6",0.047752732974331,1.14497632002395
"12261","57511","COG6",0.0187618569292427,0.35237956165311
"12262","23230","VPS13A",0.0390301076086397,0.227472355081537
"12263","29785","CYP2S1",-0.0370208055602881,-1.92512126584584
"12264","84466","MEGF10",0.0242116464712042,-1.35929294332045
"12265","54840","APTX",0.0239655825419725,-0.74676870675542
"12266","3604","TNFRSF9",-0.180086793134315,0.926825773888124
"12267","23557","SNAPIN",-0.0637016966213171,0.0781658930065463
"12268","6237","RRAS",-0.153932832382895,-0.00392393393020818
"12269","54825","CDHR2",0.251210329539743,-1.89220623151606
"12270","9898","UBAP2L",0.0325832801265404,-0.026009393742993
"12271","4603","MYBL1",0.055332500394206,0.540825808411254
"12272","8499","PPFIA2",0.0460766920184933,0.0277063280737923
"12273","55313","CPPED1",0.0694470434442325,0.2178647786203
"12274","29082","CHMP4A",0.0149367617205876,0.28176043776351
"12275","10488","CREB3",-0.038972264788284,1.05078518403871
"12276","10466","COG5",0.00548909793689223,0.879481538424101
"12277","90701","SEC11C",-0.00442175889833152,-0.32682939534629
"12278","127253","TYW3",-0.0231753824221403,0.0736413476652258
"12279","100128822","LINC01003",-0.0507733282175655,-0.807648183152081
"12280","7976","FZD3",-0.0247782036316027,0.28795726872606
"12281","92249","LINC01278",0.0666481340750424,0.10438449909701
"12282","389136","VGLL3",-0.244982247524977,-0.193432321207512
"12283","83538","ODAD4",-0.0539104335307165,-0.312925436586229
"12284","84059","ADGRV1",-0.0527407906353816,-0.972362293324692
"12285","652968","CASTOR1",-0.0850549972754431,0.465618715007102
"12286","56915","EXOSC5",-0.09301739530963,0.957742451668781
"12287","79659","DYNC2H1",0.0194018709045745,0.751371838670071
"12288","10244","RABEPK",-0.0454598404060871,0.389378862429634
"12289","1728","NQO1",-0.0132141040629978,-2.28652673336925
"12290","4675","NAP1L3",0.0346798346157744,1.1333577286468
"12291","55034","MOCOS",0.0821581931584565,-0.63257338004179
"12292","51690","LSM7",-0.0317937079205626,-0.0235913491547945
"12293","100996792","LOC100996792",-0.138744475772316,-1.5596571862464
"12294","3416","IDE",0.112436000837874,0.607993664653856
"12295","55323","LARP6",-0.158828202647796,0.335793205193283
"12296","27257","LSM1",-0.0450565356159283,0.0287214930676756
"12297","171220","DSTNP2",0.0455258538350966,0.218626200222404
"12298","143162","FRMPD2",-0.270525317578611,-1.61748550510874
"12299","90673","PPP1R3E",0.0496224935872465,0.371623982311085
"12300","81876","RAB1B",0.0166772773781707,0.0219379120122616
"12301","153572","IRX2",-0.122869120462048,-0.952866398220368
"12302","9551","ATP5MF",0.0461388605026656,-0.0389995157808594
"12303","284900","TTC28-AS1",-0.0727832374284554,-0.280488892949963
"12304","475","ATOX1",0.0997291288674296,-0.914318257258785
"12305","728407","PARGP1",0.0121511646185211,-0.0278469179836889
"12306","6191","RPS4X",-0.0226731098258259,-0.133864316774595
"12307","80309","SPHKAP",0.00235265011995089,3.16670886738615
"12308","79068","FTO",0.0114284421010513,0.807455235227328
"12309","7433","VIPR1",-0.0522345976700582,0.188430655536562
"12310","647121","EMBP1",-0.0516025050932032,0.496246568698331
"12311","149345","SHISA4",-0.0205827826313985,0.311513889749578
"12312","80306","MED28",-0.0905300919417895,-0.314252226972364
"12313","60685","ZFAND3",0.0216691783818757,0.187015635561383
"12314","140825","NEURL2",0.0242548063611761,-0.62557712749369
"12315","55120","FANCL",-0.0270363941118723,0.202602338930116
"12316","10982","MAPRE2",0.0957258689257152,-0.00970988192383349
"12317","780851","SNORD3A",-0.188151507546773,0.418994737470504
"12318","6727","SRP14",-0.00665278072038333,0.177978627405986
"12319","157697","ERICH1",0.0226317932292908,-0.137387542880972
"12320","56180","MOSPD1",-0.0479387013181274,-1.26482047049778
"12321","1793","DOCK1",-0.031320214517943,0.361599041543277
"12322","100499405","LINC00987",-0.110190677323722,-0.000822710496951817
"12323","57415","C3orf14",0.0965733106413083,0.784332557834943
"12324","9929","JOSD1",-0.0243516043276903,-0.264648888808989
"12325","23446","SLC44A1",-0.00331951255721741,0.703216849417754
"12326","91523","PCED1B",0.0698276460966867,-0.737048413578454
"12327","2004","ELK3",-0.027226541179596,-0.872172676756926
"12328","5796","PTPRK",0.022708294788087,0.499926094123476
"12329","386627","SAP30L-AS1",0.00321089013062743,-1.19126270077401
"12330","9580","SOX13",0.0685444424827923,-0.214090856725503
"12331","9429","ABCG2",-0.000810929790122206,-0.181241868217509
"12332","54853","WDR55",-0.0226852238911097,0.13339619076266
"12333","5977","DPF2",-0.0238679597069167,-0.410230539286196
"12334","178","AGL",0.0539633054227675,1.78642105955122
"12335","6444","SGCD",-0.0611415631247286,0.15048309017875
"12336","1645","AKR1C1",-0.064465951916115,-0.893197340783479
"12337","23670","CEMIP2",-0.026378839828662,-1.07597515939688
"12338","55175","KLHL11",-0.15188349221309,0.0589846635282503
"12339","93145","OLFM2",-0.137412311646973,-2.18685159317805
"12340","55166","CENPQ",0.027431193052982,1.45885974182341
"12341","5527","PPP2R5C",0.0218546712868637,0.564552507915939
"12342","57662","CAMSAP3",-0.140622156704501,0.259970872691796
"12343","7325","UBE2E2",0.0240321985646963,0.806883244909012
"12344","22989","MYH15",0.15604237067042,-1.09103329716141
"12345","390916","NUDT19",0.167935556844608,0.792187004412976
"12346","57532","NUFIP2",0.102429088148993,0.0552058312425814
"12347","128","ADH5",-0.027604982222921,0.41271016371854
"12348","79000","AUNIP",0.0322618943167177,0.830187890546158
"12349","55662","HIF1AN",-0.0129760901987472,-0.279985221611527
"12350","5926","ARID4A",0.153932303900936,-0.00192895877081956
"12351","3430","IFI35",0.106892041998978,0.229778663448462
"12352","2149","F2R",-0.0403891301033639,0.271624494855566
"12353","728498","GOLGA8H",0.0997285503504562,0.30416156762338
"12354","283209","PGM2L1",-0.0754526969535725,0.131558328533512
"12355","6164","RPL34",-0.0532947116017848,-0.0638635874736053
"12356","51434","ANAPC7",0.0238214229527873,0.101731487657497
"12357","23201","FAM168A",0.0118978940018541,0.0281100274221115
"12358","152098","ZCWPW2",0.236601160105669,-0.401237734890084
"12359","104310353","LINC01399",0.158543596283642,0.084030130727371
"12360","7408","VASP",-0.0493662219223916,0.517621736102998
"12361","57717","PCDHB16",-0.0424139109664092,0.506923719893916
"12362","6416","MAP2K4",0.0352759987349716,-0.415263859081965
"12363","152007","GLIPR2",-0.184369755154939,-0.515575873480408
"12364","81578","COL21A1",-0.0727981524463326,2.12121640350406
"12365","55809","TRERF1",0.110032407179395,0.85541835287861
"12366","1147","CHUK",0.0180533359965516,0.00759451084835394
"12367","6780","STAU1",-0.0256583287841075,-0.222901536033434
"12368","2118","ETV4",0.0836578767387599,-1.52441598259316
"12369","644150","WIPF3",0.0717858697719387,-0.291392761813601
"12370","28957","MRPS28",-0.0337378817871112,0.50247454404216
"12371","2079","ERH",0.00495731677361544,0.145036672327834
"12372","55614","KIF16B",0.0279713466272411,0.76816173990892
"12373","11060","WWP2",0.02332847497145,-0.619891154769092
"12374","256302","NATD1",-0.1427002367555,-1.61018227373753
"12375","81704","DOCK8",-0.112828742288445,-4.78145380493269
"12376","96764","TGS1",-0.054662845564728,-0.2307219398543
"12377","22979","EFR3B",0.0361013380313051,-0.828516168078783
"12378","10514","MYBBP1A",-0.00561713787119977,0.358296852008337
"12379","101929796","NOTCH2NLR",0.043742693188153,-0.0342245227278681
"12380","126003","TRAPPC5",-0.130996136204946,0.0262362581809015
"12381","1602","DACH1",0.00556022178748261,-0.614326688133616
"12382","23392","ECPAS",0.0362408995536834,0.0250774746508418
"12383","10085","EDIL3",-0.0262737358871066,0.286041636592756
"12384","85395","SLX9",-0.0381161074692651,0.439613097347948
"12385","23274","CLEC16A",0.0492488879648736,-0.458292743891828
"12386","1808","DPYSL2",0.0704554086053442,1.45006056717397
"12387","23262","PPIP5K2",-0.0190443322535128,0.461885236680353
"12388","199857","ALG14",-0.0302930377376565,0.0988967421722742
"12389","133015","PACRGL",0.0108270653248117,-0.149313916859226
"12390","808","CALM3",0.049516265175015,0.30423758299856
"12391","80007","C10orf88",-0.0243822746141644,-0.15589123395913
"12392","25879","DCAF13",0.0323362933550948,0.0755647878867265
"12393","440567","UQCRHL",0.0351547818400553,0.0585274186350269
"12394","7311","UBA52",-0.0124704993570344,-0.491826978050593
"12395","389541","LAMTOR4",-0.0333910150796246,-0.186142893142051
"12396","160857","CCDC122",0.0312319947929534,-1.60909703951819
"12397","94240","EPSTI1",0.0997230784879237,-0.938679701894741
"12398","1285","COL4A3",-0.1152899535249,-0.34623012822062
"12399","51073","MRPL4",0.0254140299695136,0.65139915635705
"12400","140680","C20orf96",0.0136020645192985,0.815224606601017
"12401","56943","ENY2",-0.0452503488352729,-0.0587822130301703
"12402","79763","ISOC2",-0.0410105099876459,0.925796061218252
"12403","101927599","ZNF529-AS1",-0.065483190783822,-0.702938286230189
"12404","1389","CREBL2",0.0250274301290405,-0.112659065964071
"12405","3434","IFIT1",0.0503179111418595,1.87891108403713
"12406","7200","TRH",-0.0319312701170631,0.47515310119419
"12407","26128","KIFBP",0.0202707651548755,0.856119493652627
"12408","100129075","KTN1-AS1",-0.218376977443062,-0.47255492361277
"12409","56950","SMYD2",-0.0477060998627907,0.841823106405608
"12410","4857","NOVA1",0.0170308439319138,-0.1074456187684
"12411","596","BCL2",0.230419363669052,0.290475697945535
"12412","139221","PWWP3B",-0.0244285218236584,1.24592779324659
"12413","8548","BLZF1",0.0245701568399248,-0.175285452408287
"12414","56105","PCDHGA11",0.225501044491877,-0.245556478666408
"12415","1350","COX7C",-0.0378366406506245,0.0655807410617957
"12416","396","ARHGDIA",0.0408469440288126,-0.109933751485511
"12417","54581","SCAND2P",-0.0337901048387574,-0.326426529315392
"12418","2950","GSTP1",-0.0391217136156286,-1.23716411691183
"12419","79695","GALNT12",0.128784014916422,0.413979036154168
"12420","139818","DOCK11",0.0579952452093924,-0.159857854585701
"12421","2992","GYG1",-0.0304419653131518,-0.0169816538591681
"12422","387","RHOA",0.00295485551480823,-0.0867363178442382
"12423","100506826","MYLK-AS1",-0.0544826511672729,0.222099983266033
"12424","1657","DMXL1",0.0416522544653546,0.0876963899671397
"12425","58484","NLRC4",0.0473819199540031,0.237225163210768
"12426","100130691","LOC100130691",-0.0268982321371795,0.0974052027696819
"12427","79726","WDR59",-0.0455287485099785,0.272291747524289
"12428","4312","MMP1",0.0224965310156957,-0.397798015379854
"12429","4060","LUM",-0.16633770492942,0.169055275448239
"12430","6187","RPS2",-0.0566422571099494,0.0171955639303913
"12431","6169","RPL38",0.0452976091777169,-0.302378618703949
"12432","8450","CUL4B",-0.0272469083160152,-0.259112989388425
"12433","10188","TNK2",0.0298820103272908,0.808719066005303
"12434","285195","SLC9A9",0.0307675688870552,0.523674604850178
"12435","8880","FUBP1",0.0267082716435221,0.740085050327361
"12436","5862","RAB2A",-0.0275588878616713,0.202737688008552
"12437","55040","EPN3",0.0994998379057206,1.00525501851163
"12438","3680","ITGA9",-0.0667363573217035,0.155304678311864
"12439","101927249","PDZRN3-AS1",0.11619695206043,1.38581540634876
"12440","26094","DCAF4",0.0455517237776055,-0.252879704293086
"12441","25782","RAB3GAP2",0.0158323164101937,-0.122204146682984
"12442","3178","HNRNPA1",0.0234912270733822,0.626678970971695
"12443","10290","SPEG",-0.0389461309562122,1.43597485610371
"12444","8543","LMO4",-0.107874255103029,-0.152902302215554
"12445","140885","SIRPA",0.0208396680840517,0.0722979978627727
"12446","51649","MRPS23",-0.0668688144282097,0.0109269790546058
"12447","254887","ZDHHC23",0.12308218210613,0.136336304452194
"12448","23396","PIP5K1C",0.0235189612072348,-0.264236709352697
"12449","25923","ATL3",-0.0504390954740987,0.0666117768518903
"12450","6251","RSU1",0.0264562644709692,0.591365855113033
"12451","6642","SNX1",-0.0534867567010497,-0.224333866537295
"12452","158471","PRUNE2",-0.0595193354715735,0.771248534855366
"12453","948","CD36",0.127126393113243,1.30865668084182
"12454","653598","PPIAL4C",-0.040715001545244,-0.811073381525349
"12455","51128","SAR1B",-0.0260344337325273,0.455997925721268
"12456","2631","NIPSNAP2",0.000450518860167115,0.523462153900715
"12457","57216","VANGL2",-0.107626467361238,-0.164534840527041
"12458","9112","MTA1",-0.018378933727905,0.356269424982942
"12459","302","ANXA2",0.0132569974592496,-0.189747287221939
"12460","388969","C2orf68",-0.0166787479510333,-0.289272172649254
"12461","10210","TOPORS",0.061757036722959,-0.124273873776612
"12462","3108","HLA-DMA",0.0966033455370525,0.0862856072226054
"12463","55689","YEATS2",0.0199716282574709,0.0872720920293872
"12464","23435","TARDBP",-0.0181269535937609,-0.145365916110811
"12465","253982","ASPHD1",-0.0583799643082266,1.28720879417356
"12466","203111","ERICH5",-0.217012236608414,1.46233884061557
"12467","642423",NA,-0.206246140091747,0.00216909625835848
"12468","29083","GTPBP8",-0.0214965223440426,0.0668333205687812
"12469","10063","COX17",0.0422723389583401,-0.0429871782122309
"12470","151242","PPP1R1C",-0.0943820800490546,-0.131361134096155
"12471","6206","RPS12",-0.0472815906453405,-0.379742627658967
"12472","2628","GATM",0.0516031194998137,0.762865248779828
"12473","102725022","LINC02352",-0.0608833796465589,-0.627606170921408
"12474","826","CAPNS1",0.0786971081758416,0.0571639724871797
"12475","404093","CUEDC1",-0.0536887834550068,-0.421318028938424
"12476","715","C1R",-0.13013521595352,0.827970536966211
"12477","3842","TNPO1",0.0573371108261789,-0.189297367703312
"12478","55028","C17orf80",-0.0152636884772051,-1.4928508954276
"12479","3161","HMMR",0.0680367177764385,2.07086584983758
"12480","2151","F2RL2",-0.140151173832534,-1.97001909000548
"12481","3149","HMGB3",0.0371535782903898,0.0179620053721221
"12482","348110","ARPIN",0.0215430016501488,0.433046935976579
"12483","56181","MTFR1L",-0.00243781396515086,0.0512453382741169
"12484","7043","TGFB3",-0.0450830927091124,-0.0983281184036011
"12485","51668","HSPB11",-0.0116551710134258,0.499281576034915
"12486","23514","SPIDR",-0.0439769889637187,0.0962352263544988
"12487","7388","UQCRH",-0.0295270251817064,0.1239001187963
"12488","255967","PAN3",0.0257224242406213,0.0391613335495462
"12489","114796","PSMG3-AS1",-0.0393531025819005,-0.298314432543709
"12490","10928","RALBP1",-0.000423198854832663,-0.0737511372146926
"12491","440275","EIF2AK4",0.00653874123363174,-0.287143077136249
"12492","9690","UBE3C",0.0275551989632481,-0.226883665116039
"12493","9735","KNTC1",0.0398610704325484,0.82895202168599
"12494","7296","TXNRD1",0.0042495008017811,-1.46047851135885
"12495","3320","HSP90AA1",-0.0219544950831541,0.0935025065961437
"12496","286128","ZFP41",0.0434001464889948,-0.146688781184722
"12497","220441","RNF152",-0.0750089648306744,-0.833179296835726
"12498","825","CAPN3",-0.0536119054682143,0.0128350585401633
"12499","139201","MAP2K4P1",0.0541416856121693,-0.292549027304344
"12500","11252","PACSIN2",0.0243420975055963,-0.481920254266588
"12501","342538","NACA2",0.0253056918524814,0.180888695494405
"12502","101927574","LINC01186",-0.0789113208891816,-0.0285713805838125
"12503","55231","CCDC87",0.266736683436459,-0.527949174951574
"12504","63894","VIPAS39",-0.0225073516456584,-0.00104749944028981
"12505","136227","COL26A1",-0.0302029954498519,-0.79388528122979
"12506","54665","RSBN1",0.118166770142183,0.210154586001833
"12507","1525","CXADR",0.0420516563927658,0.0655523795456139
"12508","23207","PLEKHM2",0.00486404038332822,-0.323536957471541
"12509","1410","CRYAB",-0.0657774500271957,-0.082751708642113
"12510","256355","RPS2P32",-0.068711068210394,-0.110091021906453
"12511","5337","PLD1",0.054465917742692,0.3617911813379
"12512","23096","IQSEC2",0.00160448104090305,0.197891351741143
"12513","54885","TBC1D8B",-0.0165598330110561,0.875514210396685
"12514","8872","CDC123",0.0267162318345191,-0.144902785158119
"12515","57519","STARD9",0.0157968110646065,-0.168470703452301
"12516","1676","DFFA",0.0158234095541934,-0.235015665276959
"12517","91851","CHRDL1",-0.0534478102950637,0.379222045438052
"12518","100506686","IQCH-AS1",0.0130836578688955,-0.0285853335488813
"12519","160335","TMTC2",-0.00389866623190294,0.543697793010847
"12520","100506639","LOC100506639",-0.00942874132466708,0.219557343970544
"12521","23528","ZNF281",0.019027930852884,-0.583368190854676
"12522","646719","NIPBL-DT",0.0466800733210704,-0.526699388869886
"12523","1846","DUSP4",-0.219952794294988,-2.4871873250788
"12524","55112","DYNC2I1",0.0917041390385265,1.18781584835745
"12525","81544","GDPD5",-0.0488517005955105,-0.588946717561637
"12526","55622","TTC27",0.0412529628112273,1.08832696395453
"12527","84910","TMEM87B",-0.120090326388095,-1.51290704088075
"12528","6550","SLC9A3",0.0297348606961849,-0.311167623183384
"12529","348654","GEN1",0.111048866925688,0.700224499371382
"12530","404281","YY2",0.05061304369579,0.236522069100327
"12531","25821","MTO1",0.0245566193675568,-0.32295920168342
"12532","53942","CNTN5",0.0469301843512984,0.502316063975185
"12533","8739","HRK",0.0747343200125316,2.22957996234027
"12534","221806","VWDE",-0.197350615698848,0.0724664630277618
"12535","192669","AGO3",-0.0136081690869672,0.024325348601252
"12536","84460","ZMAT1",0.0510628996674085,-0.405152172103226
"12537","2171","FABP5",-0.160366593673321,-1.05276171250409
"12538","84288","EFCAB2",0.0123208394818874,-0.15695842501639
"12539","11325","DDX42",0.0248864088931384,-0.103929566533174
"12540","3123","HLA-DRB1",0.249672405474966,-1.28573966566062
"12541","768211","RELL1",-0.0820683499158656,-0.640152697786077
"12542","90736","FAM104B",0.0828882885066333,0.345686614463243
"12543","23125","CAMTA2",0.0199241062091966,0.00556661102580946
"12544","3159","HMGA1",0.0354894485770867,-0.23579471964331
"12545","148170","CDC42EP5",-0.0938451526438673,1.02120356056798
"12546","203245","NAIF1",0.0528874651837481,-0.50101632994449
"12547","7010","TEK",-0.0288181400960157,2.17312926230762
"12548","5007","OSBP",0.0292842566745506,0.183458620726754
"12549","28974","C19orf53",-0.0201934485637905,0.0733443519027466
"12550","6182","MRPL12",-0.0361653782454399,1.14519098235829
"12551","10326","SIRPB1",-0.0325834692601656,0.088063960815159
"12552","64102","TNMD",-0.0426033367518306,0.482672289325185
"12553","9610","RIN1",0.107254139979412,-0.228214836883566
"12554","857","CAV1",-0.033357278888686,-0.719213587011839
"12555","389203","SMIM20",-0.0306192608653504,0.00177564722620005
"12556","100498859","LINC00881",-0.0724440029543079,0.651277397644156
"12557","255403","ZNF718",-0.0432832887927794,0.558903190630784
"12558","9324","HMGN3",0.0308714831628851,1.11611240726774
"12559","113419","TEX261",0.0167012143742706,0.0118994158403645
"12560","10438","C1D",-0.0182516578941865,-0.00422543559615995
"12561","100129434","LOC100129434",0.202385953152074,-1.45727589605128
"12562","92106","OXNAD1",0.0634100144182597,0.573120989555676
"12563","51232","CRIM1",0.102291156731262,-0.418189943647197
"12564","11236","RNF139",-0.0726781212599015,0.0833216308889799
"12565","79953","SYNDIG1",0.0758779045581823,-0.268895877458074
"12566","2182","ACSL4",-0.00798422579571589,0.00369895965711819
"12567","100128164","LOC100128164",0.0516938458938629,0.413622931798702
"12568","5781","PTPN11",-0.0229223649700767,-0.100864644306383
"12569","5900","RALGDS",-0.145123325460905,-1.33805172112977
"12570","84057","MND1",0.0938238423343591,2.16377869692098
"12571","441061","MARCHF11",0.0737851259058164,1.83134400198836
"12572","1736","DKC1",0.01834836386469,0.625742681460267
"12573","5608","MAP2K6",0.0208544861110473,0.975670119333936
"12574","148398","SAMD11",-0.167677883339132,-2.24328686649001
"12575","10151","HNRNPA3P1",-0.00788964572187378,-0.0490536364997198
"12576","57690","TNRC6C",0.124038069911636,-0.215635442385937
"12577","8239","USP9X",0.0697945346151805,-0.0471573992869168
"12578","727","C5",-0.209275764096121,0.70798577434409
"12579","9392","TGFBRAP1",-0.0183896086008541,-0.824378510552123
"12580","5515","PPP2CA",-0.0216439904568775,0.0609107568393092
"12581","8660","IRS2",-0.164629242372079,-1.24235987335219
"12582","51503","CWC15",0.0464643898695387,-0.151139084354454
"12583","284","ANGPT1",0.0197130640370911,2.45485939365256
"12584","160760","PPTC7",0.0225088455782618,0.0438384795829672
"12585","55020","TTC38",0.0130703726849024,0.974047987025293
"12586","6133","RPL9",-0.0319051615994086,-0.078593817316694
"12587","10456","HAX1",-0.00443129004970899,0.806061747014937
"12588","56852","RAD18",0.0375186237292193,0.537202018330305
"12589","23600","AMACR",-0.167355028675564,0.710248086765444
"12590","1174","AP1S1",-0.0820543044157462,-1.02935595676317
"12591","10930","APOBEC2",0.147791281603209,-0.319785984757417
"12592","10283","CWC27",-0.00173336149251213,0.596161504155607
"12593","9949","AMMECR1",0.0269174214655186,-0.660270568646075
"12594","9488","PIGB",-0.0301869883637735,1.1341503053258
"12595","9980","DOP1B",-0.0484044177984098,-0.803539148372145
"12596","8826","IQGAP1",0.032429987724405,-0.714737922700327
"12597","64123","ADGRL4",-0.135630492242554,1.61318319009509
"12598","54757","FAM20A",-0.0790702800694079,-0.264067441169137
"12599","4478","MSN",0.0379633775884418,0.393939801778345
"12600","50944","SHANK1",0.0530896571103758,1.9086362207221
"12601","11169","WDHD1",0.0359124466638767,0.969721757529488
"12602","7072","TIA1",0.0245681971249523,0.274349721762004
"12603","1601","DAB2",0.02002048584793,-0.852549114004066
"12604","100129250","SMIM27",0.0285501522520075,-0.22128799947268
"12605","6009","RHEB",-0.0203678798715954,-0.301246429441017
"12606","55311","ZNF444",-0.0588972265463354,0.507415355276574
"12607","2802","GOLGA3",0.0250313114603449,-0.422145645477441
"12608","201158","TVP23C",-0.0726467042655994,0.0342559515277805
"12609","55081","IFT57",-0.0203208862691229,0.248171059013687
"12610","6193","RPS5",-0.0280381380815165,0.0455970622268316
"12611","197322","ACSF3",-0.0528713985877891,0.95543794923484
"12612","100506144","TMEM35B",-0.0608604527695857,1.16775234888964
"12613","9899","SV2B",0.160294407888635,-1.0091095677963
"12614","2968","GTF2H4",-0.0557077746555166,-0.111090332864687
"12615","54662","TBC1D13",-0.0383821943778315,-0.756254030114456
"12616","9252","RPS6KA5",-0.136212244864981,-0.357604653641312
"12617","642361","LOC642361",0.0158359131579604,-0.568004556152617
"12618","196394","AMN1",-0.0446810360643926,-1.70029578966039
"12619","10051","SMC4",0.0691511564662735,1.7484293899017
"12620","148189","LINC00662",-0.121514686958521,0.251429221944529
"12621","100131211","NEMP2",-0.0127701528061221,-0.339662081748281
"12622","50484","RRM2B",-0.0341549316106793,-1.95205265664707
"12623","54517","PUS7",0.0421722908442193,0.424929003909285
"12624","55388","MCM10",-0.0873496327049819,2.71560057649313
"12625","55793","MINDY1",-0.0832566509759527,1.10563090994538
"12626","211","ALAS1",0.00869369744992365,0.383415109992644
"12627","91582","RPS19BP1",-0.0686149441209425,0.239940725714755
"12628","113612","CYP2U1",-0.0333520685360478,-0.0521882403431748
"12629","23548","TTC33",-0.00913635034839455,-0.179853989548597
"12630","100996746","SPDYE11",-0.0321359095534591,-0.840550636489129
"12631","7222","TRPC3",0.0249837354627442,0.420794467826003
"12632","84792","FAM220A",-0.0272123123493238,-0.377418427611397
"12633","27341","RRP7A",-0.0281598249641837,-0.00820278757014403
"12634","55652","SLC48A1",0.0249307199481548,-0.73283886468487
"12635","374969","SVBP",-0.0229111802040984,-0.479307240400728
"12636","55869","HDAC8",-0.0196904806493547,0.646931661099186
"12637","2170","FABP3",0.0408988967052757,0.920781761794601
"12638","728392","LOC728392",-0.179634610576734,-0.853586795456045
"12639","114984","FLYWCH2",-0.0346952592134793,0.396337101670643
"12640","4879","NPPB",0.0461337321391557,1.11928774401719
"12641","81609","SNX27",0.0143420946793062,-0.175190122445373
"12642","29890","RBM15B",-0.133144325122297,-0.642287915734321
"12643","84263","HSDL2",-0.0123792934918345,-0.521340936889882
"12644","7784","ZP3",-0.0906405546643385,-2.10612283035662
"12645","100132273","NDUFA6-DT",-0.272640879257355,-0.721254532312696
"12646","1635","DCTD",0.0083339693775315,0.203959191863409
"12647","11321","GPN1",-0.0137127860611717,0.0463228938408013
"12648","116966","WDR17",-0.0636213132767375,-1.34138650507716
"12649","51332","SPTBN5",-0.0557424634467441,0.507793274351885
"12650","114788","CSMD3",-0.126457083176099,-3.99210253999119
"12651","6710","SPTB",0.000863522603345324,0.307147665295371
"12652","4634","MYL3",-0.00948644455576719,0.64916763222862
"12653","4337","MOCS1",-0.0143730327536673,0.760967606339651
"12654","283174",NA,0.039598153649651,0.880568925493702
"12655","253832","ZDHHC20",-0.0303758507834706,0.0884568212550718
"12656","5147","PDE6D",0.0120970294342087,0.141272591263155
"12657","57109","REXO4",-0.00568479986707171,-0.156115778161835
"12658","5577","PRKAR2B",-0.0067860207366417,1.25298717010811
"12659","81614","NIPA2",-0.0131194188882677,0.0832688821317902
"12660","100652772","NNT-AS1",0.0459777813684457,0.455063751808938
"12661","3576","CXCL8",-0.111487614167445,0.54263333025649
"12662","10014","HDAC5",-0.0434627498039761,0.15071777400711
"12663","140465","MYL6B",-0.0195984697944356,0.197477933597451
"12664","51725","FBXO40",0.226949831763327,3.26390331932104
"12665","654483","BOLA2B",-0.0115395117618178,0.0940258162558347
"12666","8601","RGS20",0.000236045532956863,-3.63563296104463
"12667","3779","KCNMB1",-0.0809679081119068,1.39099180442026
"12668","102724164",NA,-0.246225149202144,-0.579257454580986
"12669","23550","PSD4",-0.00185884595878782,-1.4235494457874
"12670","339210","C17orf67",0.0284573453921888,-0.378026806279237
"12671","581","BAX",-0.153639880449901,-0.553777946822539
"12672","29960","MRM2",0.0139528519820411,-0.407663394793126
"12673","168448","CDC14C",-0.182259194641241,0.35240191729959
"12674","93100","NAPRT",0.124014273212001,0.496148946315678
"12675","58473","PLEKHB1",-0.0597429835937904,0.30411103990241
"12676","55327","LIN7C",-0.0618013321982938,-0.256985864138104
"12677","9110","MTMR4",0.11773847626555,0.502348623104622
"12678","140700","SAMD10",-0.0445611750666357,1.48719475938431
"12679","6281","S100A10",-0.0821898188285441,-0.255152768312471
"12680","27241","BBS9",-0.0318910972661368,-0.328619058068885
"12681","546","ATRX",0.0384370386613968,0.103721872044416
"12682","5616","PRKY",-0.223287550089616,-2.19996146736002
"12683","4701","NDUFA7",0.0578337186720663,-0.209297163207018
"12684","638","BIK",-0.332590798239476,-2.32471386941802
"12685","83658","DYNLRB1",0.0485527251236002,-0.131620941951707
"12686","2820","GPD2",0.0270627405328483,0.0926100540195165
"12687","115426","UHRF2",-0.0151723611567727,0.298831264741534
"12688","26022","TMEM98",-0.0653265647318859,0.54749854113373
"12689","150472","CBWD2",-0.0164701703217958,0.131746639880948
"12690","4998","ORC1",0.0619672898717014,1.39032799738615
"12691","55274","PHF10",-0.0207204140630335,-0.0673606965497964
"12692","100132062","LOC100132062",0.0914856549090208,0.279553321453504
"12693","92211","CDHR1",0.153470494125489,0.0325659107665417
"12694","4809","SNU13",0.0196115303510238,0.369698875229878
"12695","9213","XPR1",0.115860082565327,-0.956813718037454
"12696","4660","PPP1R12B",0.0778884692040069,1.74896954465657
"12697","29888","STRN4",-0.0363106933691784,0.254771817601667
"12698","3753","KCNE1",-0.0428281942242492,0.929764400665182
"12699","90139","TSPAN18",-0.0219590753518162,0.178386907711774
"12700","65055","REEP1",0.022071016652772,0.546385503844716
"12701","120526","DNAJC24",-0.0335103920468125,-0.0683495126998483
"12702","3092","HIP1",0.00997359054636071,0.874680068526017
"12703","539","ATP5PO",-0.0204737425302017,0.661899260333692
"12704","7332","UBE2L3",0.0362791465127161,0.00595542570413166
"12705","23250","ATP11A",0.0188168020418864,0.632898798466512
"12706","153339","TMEM167A",0.0121075368064734,-0.0682202551247144
"12707","91653","BOC",-0.0788905202807371,-0.136097785031309
"12708","6599","SMARCC1",0.0271715616298769,0.153938959065518
"12709","10668","CGRRF1",0.0179183621363803,-1.0618897370169
"12710","55612","FERMT1",0.0325751965612282,-0.159755460828929
"12711","10005","ACOT8",-0.0583152046113469,-0.187572120724076
"12712","9499","MYOT",0.206775758191175,-0.80327453143312
"12713","54957","TXNL4B",0.105489781536125,-0.386115776274623
"12714","29119","CTNNA3",0.103592186235166,1.4817417741597
"12715","257144","GCSAM",0.0426564158805218,-0.769623016264486
"12716","51027","BOLA1",-0.13130875978663,0.108227940430531
"12717","56252","YLPM1",0.0826084704076804,0.345996848254008
"12718","3755","KCNG1",0.0492997484529525,0.759129669851911
"12719","60526","LDAH",-0.0231624753864503,0.208883237145497
"12720","51072","MEMO1",-0.0197301625715101,-0.0584238379014579
"12721","643827","CNTNAP3P2",0.0343037827974918,-0.832325668459175
"12722","10893","MMP24",-0.259762910527763,0.290797728219635
"12723","7158","TP53BP1",0.04590908130064,0.675902298260392
"12724","6119","RPA3",0.0297559083109009,0.148110688878906
"12725","708","C1QBP",-0.0369646735513314,0.872393539962376
"12726","54892","NCAPG2",-0.0373504057351197,1.95259784577732
"12727","5328","PLAU",-0.127379032359016,-1.38158478227993
"12728","2045","EPHA7",0.0440947967929146,0.908982288686246
"12729","83746","L3MBTL2",-0.00527859538841202,0.220283807948179
"12730","1545","CYP1B1",0.0419781649445046,-1.21828423314808
"12731","91862","MARVELD3",0.0726571345698584,-1.64969994297047
"12732","3858","KRT10",-0.0996094942348043,0.408796649923779
"12733","89891","DYNC2I2",-0.0554333766286419,-0.152664466503668
"12734","91782","CHMP7",-0.0399761421043046,-0.305596090302433
"12735","1634","DCN",0.163491865198455,0.155930682439439
"12736","84899","TMTC4",-0.0276858013647905,1.264634840322
"12737","55752","SEPTIN11",0.0552485206486848,-0.402029779974956
"12738","219927","MRPL21",-0.0321182870159458,0.404885339736624
"12739","1503","CTPS1",0.0409972708381519,-0.968327638819196
"12740","23279","NUP160",0.0417004105016447,0.771026329121052
"12741","131034","CPNE4",0.265650747297252,0.0333452720060151
"12742","84171","LOXL4",-0.0624458507255623,-1.31913138625032
"12743","100463285","MTRNR2L4",0.0522597064102148,-0.151648344801136
"12744","84650","EBPL",-0.0407785976295592,1.08227464178127
"12745","9194","SLC16A7",0.0786054464790027,1.62635580506925
"12746","9948","WDR1",-0.0237273157193592,-0.337469216077503
"12747","3012","H2AC8",-0.0568408149524413,-3.64914259087383
"12748","55698","RADIL",-0.170567479971395,2.18577195928648
"12749","55735","DNAJC11",0.0951235822668641,0.161396472667506
"12750","1543","CYP1A1",0.0641768498279607,-0.0962812983460415
"12751","30818","KCNIP3",0.0642632973487324,-1.92398510129503
"12752","51337","THEM6",-0.0466816103029783,2.41637768185914
"12753","140578","CHODL",0.095254746512861,-2.11820524002257
"12754","9643","MORF4L2",-0.0231115071788466,0.65848387049283
"12755","7134","TNNC1",0.0413958982251899,0.395043385546352
"12756","55347","ABHD10",-0.0025877851034446,0.906656527581574
"12757","124402","UBALD1",-0.0511124633502513,-0.327045954948856
"12758","9986","RCE1",-0.121950984059732,-0.0511976562064351
"12759","768239","PSAPL1",-0.00624137917885781,-0.477123572992552
"12760","55835","CENPJ",0.0249029434858015,1.43074692166217
"12761","84448","ABLIM2",0.00597953602597157,-0.199144919793973
"12762","51727","CMPK1",-0.0298768768659476,-0.120989966904073
"12763","23176","SEPTIN8",-0.0222788945806141,0.414485783796069
"12764","170622","COMMD6",-0.0311660951605504,0.0179183855985929
"12765","100288798","SLC38A4-AS1",-0.0469657702173902,-0.669113289770971
"12766","51086","TNNI3K",0.0698354752511446,0.889171998834278
"12767","339263","LINC02693",-0.0483436989951698,0.936955193221905
"12768","163255","ZNF540",-0.0885262183307222,-1.28278293178649
"12769","51302","CYP39A1",0.276391327491598,0.291592006384481
"12770","115509","ZNF689",0.0195993369154532,-0.0268013840172876
"12771","23673","STX12",-0.0183388212080482,-1.1094275083324
"12772","23521","RPL13A",-0.0162653441237826,-0.2035821452567
"12773","4289","MKLN1",-0.0281579577554076,-0.243790257337917
"12774","51333","ZNF771",-0.0399881488508478,0.571096671275368
"12775","4124","MAN2A1",-0.0302921836330388,0.0661898316485532
"12776","212","ALAS2",0.115228923927331,0.238806569655819
"12777","5228","PGF",0.016306394513238,-3.47831402596612
"12778","8260","NAA10",-0.0121677963198437,0.0236277830213067
"12779","55857","KIZ",0.0222859223040062,0.185304491216987
"12780","64866","CDCP1",0.101117763765596,-0.177299846882112
"12781","51065","RPS27L",-0.0902529214043,-0.923730538853477
"12782","51497","NELFCD",-0.0257331936224174,0.265520325981082
"12783","90271","OLMALINC",0.0402765347966656,-0.929165096725795
"12784","171019","ADAMTS19",-0.0594902251982271,-0.226914292896696
"12785","303","ANXA2P1",-0.133728122029166,-0.167859386528874
"12786","63898","SH2D4A",0.118534128211766,-0.225854000440567
"12787","143903","LAYN",-0.103116267998986,-1.10446824349914
"12788","123016","TTC8",0.0128483216687325,1.00315288607485
"12789","64782","AEN",-0.299627781814993,-1.58098527385091
"12790","51070","NOSIP",-0.0356153086021402,-0.0698390132811273
"12791","147837","ZNF563",0.0299153393123809,-1.64205379755103
"12792","29093","MRPL22",-0.00171876545724636,0.432415471922199
"12793","11015","KDELR3",-0.0152598606601151,1.09059222027986
"12794","284232","ANKRD20A9P",-0.0731904588082536,0.428578327597265
"12795","11017","SNRNP27",0.0129574367794758,-0.465248247538483
"12796","11261","CHP1",0.0111825998023898,0.114703884419333
"12797","6258","RXRG",0.0705986752742338,1.34821567218949
"12798","55236","UBA6",0.0173784500428216,0.0453298301113652
"12799","51321","AMZ2",-0.0297857714487613,-0.27066572877062
"12800","222537","HS3ST5",-0.0407930404875839,-0.927081359810853
"12801","81","ACTN4",0.067287150361711,-0.396187069955928
"12802","4255","MGMT",0.131472775856199,0.78813318704399
"12803","63931","MRPS14",0.0322376512302416,0.0263209448579875
"12804","57572","DOCK6",-0.098774160284782,0.128507171516429
"12805","79621","RNASEH2B",-0.0163470472926459,1.33503087358387
"12806","25831","HECTD1",0.0310091901862224,0.480326701074033
"12807","92014","SLC25A51",0.0377320746867627,-0.0798470762611871
"12808","100505687","LINC00888",-0.010995151647804,0.511115778325111
"12809","11155","LDB3",0.0180018079866766,2.02361661922612
"12810","9183","ZW10",0.0454682608373806,0.571319057272807
"12811","1813","DRD2",-0.217000786106201,-1.00664103576472
"12812","9821","RB1CC1",0.0182802189316211,-0.286605600435499
"12813","6309","SC5D",0.0283383957097385,0.0919964892624705
"12814","84320","ACBD6",-0.0425678045553939,-0.0541364071797483
"12815","56971","CEACAM19",0.157666536761346,-0.518202019765821
"12816","4886","NPY1R",0.259789105651482,-1.71664363160065
"12817","157285","PRAG1",-0.0672533702987899,-2.05898703431623
"12818","7414","VCL",0.110499613202878,0.106861867617333
"12819","90784",NA,0.159688959084004,-0.085325052257315
"12820","100131089","SRP14-DT",0.00735829056170934,0.42544990909489
"12821","9884","LRRC37A",0.127050230570814,-0.274063074436514
"12822","55872","PBK",0.0395476636925309,3.12263149840035
"12823","22878","TRAPPC8",0.0231801753924481,-0.122437778639015
"12824","653","BMP5",-0.0185136814115783,1.27944666749896
"12825","22911","WDR47",0.0160260730265644,-0.602358876743019
"12826","100131193","CCDC183-AS1",0.029456137305264,-0.672011319621201
"12827","2596","GAP43",-0.18549105265459,-0.457528883463087
"12828","152330","CNTN4",0.210836818180222,0.801967490424343
"12829","84517","ACTRT3",0.00244532383110552,0.92707178582251
"12830","9479","MAPK8IP1",-0.0337633566254838,0.544505498465063
"12831","153364","MBLAC2",0.00579487154477754,0.156911251702672
"12832","5590","PRKCZ",0.0019624833028864,1.29507779437887
"12833","55289","ACOXL",-0.0752717329123338,-1.1894599936301
"12834","3351","HTR1B",0.00469473934666187,0.840084091268516
"12835","572","BAD",-0.0785249017877874,0.596984053499082
"12836","116412","ZNF837",-0.111721900149566,-0.802443595184434
"12837","51816","ADA2",0.106810366467314,-0.0132806842391855
"12838","5578","PRKCA",-0.0206891180148512,0.280790472013007
"12839","7295","TXN",0.0244728999022286,-0.165363458405878
"12840","8604","SLC25A12",0.0263049429377427,2.24703747077055
"12841","7345","UCHL1",-0.0565862140888855,-0.339954536624774
"12842","114112","TXNRD3",-0.0222637871627085,0.202208135180922
"12843","51780","KDM3B",0.0149157211597979,0.910066622756029
"12844","92369","SPSB4",-0.0294354141315027,0.357859861675272
"12845","9284","NPIPA1",0.0160663901983602,-0.208253602507062
"12846","83643","CCDC3",-0.0662589450081912,-2.0738787154788
"12847","51019","WASHC3",0.00880272527298676,0.376637146612435
"12848","4357","MPST",-0.0141875627422428,1.09540592228007
"12849","4291","MLF1",-0.00213542747741791,1.30655416798875
"12850","51304","ZDHHC3",0.0107781593371188,0.496035921071327
"12851","2067","ERCC1",-0.00377448954593973,0.391343942204373
"12852","4702","NDUFA8",-0.0259534894523581,0.932804985599007
"12853","84617","TUBB6",-0.0573579060452207,-0.599602531531918
"12854","5099","PCDH7",0.0782168062863118,0.74637365604681
"12855","2781","GNAZ",0.00507478254171351,-0.386088401009098
"12856","4916","NTRK3",-0.249083256557508,-1.30268315042337
"12857","10838","ZNF275",-0.173575552084488,-0.856047750005627
"12858","79980","DSN1",0.0264594017722786,1.80607744045135
"12859","100130331","LOC100130331",-0.0326800357172874,0.48815735186887
"12860","116362","RBP7",-0.04757287308379,-1.66274629327662
"12861","10125","RASGRP1",0.149347995746789,0.0780959465932538
"12862","774","CACNA1B",-0.0525948062704158,-0.053323510193418
"12863","26528","DAZAP1",-0.0060118749954805,0.60524572993504
"12864","7675","ZNF121",-0.100841698130894,-0.361014145609357
"12865","8242","KDM5C",-0.0266041805534751,-0.119496120515059
"12866","2150","F2RL1",-0.177698877316411,-1.40443179569471
"12867","5880","RAC2",0.158435830996639,-0.384657066744881
"12868","5936","RBM4",-0.087369840828317,-0.375622634443729
"12869","51021","MRPS16",0.00644879731734527,0.0323316694417022
"12870","10170","DHRS9",0.140916131436885,0.873673364853361
"12871","1832","DSP",0.134816767935382,-0.236697297487387
"12872","100132287","LOC100132287",0.0330716831227217,0.348835132727832
"12873","7629","ZNF76",-0.0195087307112827,-0.215431267704329
"12874","5935","RBM3",-0.0277014673816609,0.235801529910312
"12875","5794","PTPRH",-0.0883622461161604,0.217956382706038
"12876","6635","SNRPE",-0.0171975489063225,0.258369093495833
"12877","9439","MED23",-0.00336241705139084,-0.157352727548544
"12878","514","ATP5F1E",0.0240150477238004,-0.204863419452174
"12879","3757","KCNH2",0.0220019180245501,1.29847763016694
"12880","360023","ZBTB41",-0.0336314409333687,-0.0934894661062424
"12881","53827","FXYD5",0.0380009493866362,-0.157826141460968
"12882","30846","EHD2",0.0734757836431479,1.18380307959424
"12883","84166","NLRC5",-0.105032842521531,-0.178650779808203
"12884","91869","RFT1",-0.0212520514997867,0.381216111871643
"12885","284391","ZNF844",-0.0966416900339211,-0.562904945339799
"12886","5125","PCSK5",0.0432533996403666,-1.47594950275295
"12887","116372","LYPD1",-0.0441682587514123,-1.74571168091185
"12888","445577","C9orf129",0.127935502030578,0.891021732048464
"12889","11164","NUDT5",-0.0310687226858031,-0.202674736345075
"12890","653145","ANXA8",-0.0442919156730825,-1.07995530658448
"12891","1767","DNAH5",-0.0539404721619692,-1.84116274030885
"12892","23074","UHRF1BP1L",-0.0114466541829055,-0.468344441393132
"12893","114757","CYGB",-0.0757905550363853,-2.96304612098739
"12894","56941","HMCES",-0.0151947722306005,0.116934805061185
"12895","89874","SLC25A21",-0.00841270940607952,1.4846188141538
"12896","553103","MIR3936HG",-0.0123311816713985,-0.0874534847526892
"12897","51506","UFC1",-0.0315636910146893,0.488200267397655
"12898","57710","KIAA1614",0.0487121901739031,-0.759308227654081
"12899","2122","MECOM",-0.0446791474116064,-0.835325713370259
"12900","114801","TMEM200A",0.097869134512774,-1.3839263492374
"12901","57674","RNF213",0.0644167792493242,-0.854878724499414
"12902","26509","MYOF",0.0549922339775613,0.108521054945996
"12903","3654","IRAK1",-0.0772182926337068,-0.336580595816476
"12904","728658","RPL13AP5",-0.0476880763965752,-0.172935207648973
"12905","7137","TNNI3",-0.00873190657015854,1.94011820511462
"12906","1742","DLG4",-0.0626900868301501,1.34804698918356
"12907","26994","RNF11",-0.0356156043707934,-0.243321588586524
"12908","27152","INTU",-0.0384364770885428,0.0794990194148166
"12909","51025","PAM16",0.0292945591064464,0.893637583048617
"12910","140738","TMEM37",-0.0500423742799214,-0.0190988788650313
"12911","2244","FGB",-0.23491725843954,-0.558152805066025
"12912","9232","PTTG1",0.00759922458333495,-1.02913211869518
"12913","4804","NGFR",-0.158462000764698,0.131532799708739
"12914","172","AFG3L1P",0.112159318090781,-0.033721751295456
"12915","5873","RAB27A",0.133305755098765,0.317589468663395
"12916","3481","IGF2",0.00871427530565327,0.369445945517588
"12917","91319","DERL3",-0.0852648926992918,0.585919842429635
"12918","642799","NPIPA2",-0.0244033368045908,-0.266176472831272
"12919","55700","MAP7D1",0.0118242212124926,0.0196610688716294
"12920","25829","TMEM184B",0.0185554796864533,0.225324981780152
"12921","653689","GSTT2B",-0.122419314860529,-0.184025036030305
"12922","57380","MRS2",0.00594277472536398,0.310187497682579
"12923","7070","THY1",-0.375324242030158,0.700496665539125
"12924","55228","PNMA8A",-0.0224824649677746,0.751693904098353
"12925","23057","NMNAT2",0.0443946014997518,-0.522723695085619
"12926","90871","DMAC1",-0.0157178987020474,0.18611301482427
"12927","100422872","MIR1244-3",-0.0327129188201116,-0.172262257615123
"12928","51000","SLC35B3",0.00284611504133103,0.245339173170817
"12929","648","BMI1",-0.050794481485842,-0.167028590612828
"12930","196403","DTX3",0.00171038685952496,0.704155170013665
"12931","23197","FAF2",0.0104593772194725,-0.15979874563763
"12932","149041","RC3H1",0.0156510223190649,-0.0937284416411384
"12933","26039","SS18L1",0.00654202466707776,-0.270251378592154
"12934","283464","GXYLT1",0.0739982203019025,-0.64307203939606
"12935","50861","STMN3",-0.270025595948291,-0.244704461407079
"12936","23406","COTL1",-0.0414033741515665,-0.182807560604248
"12937","348093","RBPMS2",0.077791897818793,-0.322747378386757
"12938","149478","BTBD19",-0.296357073421635,-3.31535960957731
"12939","65005","MRPL9",-0.0303352865728233,0.139625846701268
"12940","1259","CNGA1",-0.0526697104469396,-1.35285645723113
"12941","79925","SPEF2",-0.02900212054388,1.80262679807428
"12942","58504","ARHGAP22",0.0100360002941781,-0.836490003350461
"12943","388650","DIPK1A",0.0128330774609431,0.845760012956982
"12944","120","ADD3",0.0590529812235392,0.632486496230313
"12945","6697","SPR",-0.019089062326243,0.206939215823653
"12946","9249","DHRS3",-0.0327060080886206,-2.23073618631027
"12947","646214","LOC646214",-0.0203731554436701,-0.47745506745768
"12948","4707","NDUFB1",0.0282314457454751,-0.0941161770851551
"12949","1349","COX7B",0.031593435460044,0.0462575012315174
"12950","55297","CCDC91",0.0192620371802406,0.181939376260113
"12951","25758","KIAA1549L",0.0629431642984091,0.103811793388409
"12952","317781","DDX51",0.01422214854174,0.406704570404651
"12953","644591","PPIAL4G",0.0136130701467465,-0.821342238058466
"12954","60678","EEFSEC",-0.0185254452697041,0.163738731257088
"12955","5159","PDGFRB",-0.129885479753374,0.141951456342178
"12956","55450","CAMK2N1",-0.0228766497463382,-0.151610372044432
"12957","84987","COX14",0.00898342731604274,0.0584759773243784
"12958","4133","MAP2",0.0277947749399527,-0.916290559150188
"12959","22932","POMZP3",0.0629024889775893,-2.18895835495036
"12960","26146","TRAF3IP1",0.0370422363893779,-0.150452552625294
"12961","1123","CHN1",0.0363804063713156,1.25522177844667
"12962","170690","ADAMTS16",-0.125186662448625,0.143343986444015
"12963","6146","RPL22",0.0136436462793394,0.0470236065164755
"12964","64838","FNDC4",-0.0897988792052713,-0.501120232183502
"12965","117178","SSX2IP",0.0107080657890943,0.00353666365929772
"12966","2624","GATA2",-0.0508614871023647,-1.40721751481154
"12967","114793","FMNL2",-0.0232796293198669,-1.04213608861071
"12968","3429","IFI27",0.0900588445689993,-0.29324402709758
"12969","79683","ZDHHC14",0.121235304102485,0.201952169764983
"12970","2800","GOLGA1",0.0432685208516332,0.133561136035793
"12971","161145","TMEM229B",-0.251499407931124,-3.52056537058569
"12972","25853","DCAF12",-0.0154097910191933,-0.123735415959734
"12973","79135","APOO",0.0335333750777647,0.867593574052885
"12974","90441","ZNF622",0.0195167804689991,0.289872582622304
"12975","79613","TANGO6",-0.0163681400430966,-0.0959802568788812
"12976","9235","IL32",-0.0952783587264108,-0.603578315943684
"12977","8317","CDC7",0.0701416665323,0.610689238991407
"12978","131405","TRIM71",0.136981395482594,-0.695414365403358
"12979","148756","OVAAL",0.21343860513384,-4.02212539776415
"12980","286343","LURAP1L",-0.230069628477613,-0.828065564564644
"12981","5134","PDCD2",-0.0230312407105693,0.0835987706149917
"12982","220869","CBWD5",-0.0127916339711414,0.293686561714741
"12983","23075","SWAP70",-0.0069430056868276,-0.726839912612817
"12984","3675","ITGA3",0.00906143342361609,-0.75482971866588
"12985","64417","TMEM267",-0.0170715793307488,0.41844642217442
"12986","343637","RSPO4",-0.0672452709760872,-0.741787168511447
"12987","1841","DTYMK",0.0185049057780828,1.04070362829953
"12988","26548","ITGB1BP2",-0.0483355613536283,1.92413196057574
"12989","51466","EVL",0.0161114837716534,0.267154968455854
"12990","10998","SLC27A5",-0.0210583493149017,0.134372153841332
"12991","200150","PLD5",0.0406580143513384,-0.367106530483094
"12992","6335","SCN9A",-0.0609100332405279,-0.58328442112913
"12993","22874","PLEKHA6",0.0248796572666876,0.353650615340638
"12994","55690","PACS1",0.0110112225519092,-0.11736103986888
"12995","4128","MAOA",-0.0691851686479451,-0.35835454317832
"12996","84128","WDR75",0.00178633504993009,0.0713767834302548
"12997","10209","EIF1",-0.0219470577958418,-0.318675141579019
"12998","3956","LGALS1",0.0382063499998897,0.201525503342799
"12999","59339","PLEKHA2",0.0266129627753102,0.649623221582985
"13000","54433","GAR1",0.015912718613555,0.183363650004661
"13001","105371932","LOC105371932",0.0506183497642489,-0.616382228173111
"13002","333929","SNAI3",-0.249803423907324,-1.60969524555626
"13003","4637","MYL6",-0.0954597786735079,-0.104576832869506
"13004","158381","ATP8B5P",0.0441448665513384,-0.343347170061961
"13005","9481","SLC25A27",0.0115947642799554,-0.314428267248262
"13006","153562","MARVELD2",0.0452900701123298,-2.27238286140565
"13007","112483","SAT2",0.0113253689073307,0.692518536745315
"13008","51371","POMP",-0.00716598619975173,-0.0781853710368177
"13009","2334","AFF2",0.0347492231085167,-0.426910837408359
"13010","5530","PPP3CA",0.0424424642065615,0.152123636606862
"13011","84334","COA8",-0.0348209233466781,-0.0190090804565113
"13012","7351","UCP2",0.067120578093947,-0.466578811942543
"13013","3696","ITGB8",-0.0386385162785303,-0.525651273882206
"13014","55008","HERC6",-0.0565318308035128,0.0370810869629459
"13015","102724123",NA,-0.0992015715533503,0.422753852211943
"13016","80210","ARMC9",0.0206746880769995,-0.806758749718716
"13017","10487","CAP1",0.0194786123446322,-0.329804203215901
"13018","80258","EFHC2",0.119502038142272,1.62689606942824
"13019","5662","PSD",-0.115840018847313,0.424297265265643
"13020","130507","UBR3",0.0256337073559507,0.351984763283797
"13021","9764","KIAA0513",0.00129329928848332,-0.0954812271273324
"13022","9124","PDLIM1",-0.0414156076099932,-0.408545597276856
"13023","1999","ELF3",-0.0709823392176412,-2.15556682018785
"13024","6257","RXRB",-0.0346238726804966,-0.14471650292243
"13025","224","ALDH3A2",-0.0177519554851076,0.571919439543081
"13026","124989","EFCAB13",0.167597571497902,0.364979869083625
"13027","79739","TTLL7",0.0103055649358783,-0.036543988073686
"13028","57699","CPNE5",-0.0311527937935132,0.0114111828105132
"13029","8031","NCOA4",0.0462242265575572,-0.388261197737959
"13030","7290","HIRA",-0.0118258142324752,0.2243303895917
"13031","51231","VRK3",0.0070657385971975,-0.0118786965739197
"13032","85440","DOCK7",0.0544907488020758,0.0900202966343535
"13033","55863","TMEM126B",0.000217661840485661,0.234269107688953
"13034","126382","NR2C2AP",-0.141456667994741,0.317126338610607
"13035","51663","ZFR",0.051988205554756,0.104935930015231
"13036","23471","TRAM1",0.0461644061707887,0.407098095535551
"13037","55095","SAMD4B",-0.0222479827884055,0.195129593339636
"13038","158158","RASEF",-0.126262195362189,0.209957076714686
"13039","55714","TENM3",0.0325348427603211,0.0281450736123139
"13040","25843","MOB4",0.00209624137882969,0.0255375791241843
"13041","29099","COMMD9",0.0252954139688795,0.184575912478948
"13042","259","AMBP",-0.232774352094829,-0.314687682637416
"13043","9653","HS2ST1",-0.03472120966891,0.00226609102513464
"13044","5073","PARN",-0.00465764916255829,0.663976644785392
"13045","4792","NFKBIA",-0.0146076694177495,-0.127237965245249
"13046","144501","KRT80",0.0386975233379299,-0.525543402590908
"13047","57695","USP37",0.0896709252571828,0.429925629410342
"13048","92259","MRPS36",0.0874501520544859,0.600250201461303
"13049","2200","FBN1",-0.0444925088098636,0.110535526144466
"13050","55568","GALNT10",-0.0297315539319118,-0.0976809454237841
"13051","8460","TPST1",-0.0406850203320026,0.247224743431112
"13052","644596","SMIM10L2B",-0.0936293787841853,0.0843930302188514
"13053","23261","CAMTA1",0.0294562367065936,-0.0390039396037132
"13054","10174","SORBS3",-0.0159505864027283,1.06679789295041
"13055","5631","PRPS1",-0.0510820389782767,0.401295823791408
"13056","131566","DCBLD2",0.021319866653764,0.131671030929663
"13057","4696","NDUFA3",-0.00375530673933167,-0.0275325990552169
"13058","219833","KCNJ5-AS1",-0.00333142925878738,-1.50435357549412
"13059","6988","TCTA",-0.0241907822850491,-0.807156204038215
"13060","7411","VBP1",-0.0174595111952138,0.105839634139039
"13061","114795","TMEM132B",-0.000998830281508933,-0.439236653200276
"13062","64400","AKTIP",0.010676642770771,-0.19181664812691
"13063","83464","APH1B",0.0256391325137684,-0.0668798287912531
"13064","55230","USP40",-0.027271924060162,-0.52678378370694
"13065","590","BCHE",-0.0354354863304964,0.948410120056273
"13066","92979","MARCHF9",-0.0862746994897208,1.05669857794648
"13067","6249","CLIP1",0.03519965240445,-0.272627878302756
"13068","57120","GOPC",0.0105263172545325,0.000876312039263638
"13069","56006","SMG9",0.0559102552202857,0.18982189522802
"13070","164091","PAQR7",-0.00842999736203875,-1.60557515966448
"13071","128434","VSTM2L",-0.0333539153199376,0.41650852772858
"13072","80709","AKNA",-0.0531997997608489,0.557504216308545
"13073","55345","ZGRF1",-0.0102848724723887,1.4553963468251
"13074","56929","FEM1C",0.0183068325509588,-0.421742271597867
"13075","100462981","MTRNR2L2",0.241058158991351,-0.288051648833489
"13076","5104","SERPINA5",-0.0738850640216207,0.199249497996776
"13077","1264","CNN1",-0.0412808307914609,0.754457073807234
"13078","5438","POLR2I",-0.0181979010503888,0.351445314155211
"13079","91807","MYLK3",-0.010567639833658,0.689675210562699
"13080","25817","TAFA5",-0.180564707694314,-1.15251553561896
"13081","79794","SPRING1",-0.0376996474678748,-0.316562891067029
"13082","388591","RNF207",0.0686354723590945,2.40970765013814
"13083","22801","ITGA11",-0.0463630080126798,-0.135368863213238
"13084","57232","ZNF630",-0.112007694254761,-0.423246928664305
"13085","2691","GHRH",-3.30237813100931e-05,-0.0560853891000194
"13086","51099","ABHD5",0.011151563480448,-1.11044469866806
"13087","23233","EXOC6B",0.0358035684007199,0.0747737774179162
"13088","79017","GGCT",0.0307574731826401,0.722417825403936
"13089","140733","MACROD2",0.0860610620199744,1.2810412771511
"13090","159963","SLC5A12",-0.216279709360538,0.011104527861715
"13091","80019","UBTD1",-0.0170667252020369,-1.62253321232267
"13092","55131","RBM28",0.0837215514752474,1.00463297689046
"13093","102659353","THRIL",0.115665872911147,0.794589437663778
"13094","4854","NOTCH3",-0.0439918808926114,0.0180343912028009
"13095","283130","SLC25A45",-0.0313518016463892,-1.58715860509332
"13096","10940","POP1",0.0183353516561211,0.0630500491460686
"13097","3065","HDAC1",-0.0126077315367255,0.801467234329023
"13098","112479","ERI2",0.0975806483762716,-0.52666119829025
"13099","122616","CLBA1",-0.042200221701076,-0.777216952847874
"13100","83857","TMTC1",0.0909076987069204,-0.0506499451583649
"13101","100506898","MAGOH2P",0.0165728364905262,-0.137998734335104
"13102","60560","NAA35",0.0230029852532487,0.0506503345256721
"13103","51291","GMIP",-0.0601510302096977,-0.174153087862281
"13104","7461","CLIP2",-0.0297680754081435,-0.777835203762897
"13105","55127","HEATR1",0.0273379948332764,0.298264430057508
"13106","112464","CAVIN3",-0.0305639392567674,0.551604665636096
"13107","124923","RSKR",0.213330256524412,0.339836730822555
"13108","10446","LRRN2",-0.0901347227418787,-0.193506968513594
"13109","8519","IFITM1",0.033860845487073,-0.683417914488837
"13110","2280","FKBP1A",0.0344732683230644,-0.417294509050562
"13111","1837","DTNA",0.0783232435474064,0.940159423417095
"13112","54875","CNTLN",-0.0122296565318303,0.750292700819202
"13113","54664","TMEM106B",0.0160510892053827,0.992334190069605
"13114","7267","TTC3",0.047974981877255,0.250621668118622
"13115","9747","TCAF1",-0.00201044675426676,0.48652345948383
"13116","3316","HSPB2",0.0724604553409507,0.837972959891721
"13117","404037","HAPLN4",0.269862629712944,0.978142785655804
"13118","6205","RPS11",0.0134386025465911,-0.0437036854020203
"13119","1836","SLC26A2",-0.030565590758358,-0.731372429721199
"13120","145389","SLC38A6",-0.0365546108924937,-0.226956722014706
"13121","10409","BASP1",0.0141708322032921,-1.06858268555763
"13122","79888","LPCAT1",0.0145925248914143,0.584907411738332
"13123","65108","MARCKSL1",-0.098374176598937,0.00395050217875781
"13124","158326","FREM1",-0.10655735873375,0.532847565839367
"13125","147495","APCDD1",-0.0343206702400574,0.574668997291155
"13126","10109","ARPC2",0.00134924849757034,-0.491413820319806
"13127","57583","TMEM181",0.035952199986319,0.51602787366711
"13128","65999","LRRC61",-0.0556892201554955,-0.77348774836454
"13129","6049","RNF6",0.0489299784299924,-0.51488413871989
"13130","11013","TMSB15A",-0.0283850289784097,0.199287447374506
"13131","56141","PCDHA7",-0.0546951149400228,0.685140521743071
"13132","6633","SNRPD2",0.0158578703185235,0.170683176311829
"13133","105376752","NPIPA9",-0.0310917404881699,-0.286599983666699
"13134","100506068","DACT3-AS1",0.0262642419983092,-0.0771717444681462
"13135","26521","TIMM8B",-0.0104580759058539,-0.1689561986188
"13136","84676","TRIM63",-0.0181073044369491,-0.102133517238323
"13137","5139","PDE3A",0.0312940531632462,0.129786164295781
"13138","2622","GAS8",-0.12295928674676,-0.161499487472414
"13139","728640","FAM133CP",-0.0206641408255819,-0.029961867226326
"13140","11213","IRAK3",0.0781334264485081,-0.664132691529384
"13141","253782","CERS6",0.0136191063298918,0.62017302412903
"13142","338596","ST8SIA6",0.0816838860381949,-0.662123524160041
"13143","55276","PGM2",-0.0495216170417612,-0.886787110077182
"13144","127262","TPRG1L",0.0021714051308841,0.0400388366688347
"13145","4036","LRP2",0.0460053937353626,-0.624951098211878
"13146","605","BCL7A",-0.0156468193728232,0.121487618137694
"13147","9446","GSTO1",-0.113594195542752,-0.402344976133755
"13148","2218","FKTN",0.0133386881819524,1.51965961790079
"13149","8520","HAT1",-0.0343795910215903,0.891912597425785
"13150","29114","TAGLN3",0.00163852959054747,-1.36249510136108
"13151","147798","TMC4",0.0277633436328288,0.258133747772631
"13152","10615","SPAG5",0.022435723464783,1.87058930681653
"13153","55787","TXLNG",0.0872817402432355,-0.150850400125502
"13154","51133","KCTD3",-0.0330097235081865,0.210619261196061
"13155","84928","TMEM209",0.0240585285226924,0.884274332108376
"13156","286077","FAM83H",-0.129285267082566,-1.20914726738302
"13157","9779","TBC1D5",0.0399972781926321,0.837900473942454
"13158","4892","NRAP",0.0618013056704263,1.38838182922853
"13159","3836","KPNA1",-0.012427654614017,-0.840559241355184
"13160","51084","CRYL1",-0.0139145847954758,0.298660377759258
"13161","128387","TATDN3",0.0766543621418823,0.998080224506998
"13162","5905","RANGAP1",0.0120095680960031,0.00666063643601866
"13163","100506990","FAM86B2-DT",0.0102665659895451,-0.41326021666908
"13164","2949","GSTM5",-0.0976821622214745,0.169292450500011
"13165","9053","MAP7",-0.00166176027720577,0.213190461966758
"13166","388962","BOLA3",0.0581761701697436,1.47444795373467
"13167","2967","GTF2H3",-0.03074496785863,0.0857315798683058
"13168","55146","ZDHHC4",-0.0263744948383886,0.273038235293432
"13169","100303728","SLC25A5-AS1",0.0352562056545758,-0.214853146962213
"13170","6573","SLC19A1",0.0251831143066203,2.44856766496483
"13171","143244","EIF5AL1",0.00700458870350218,0.215506809374198
"13172","873","CBR1",-0.0312633222553687,0.336957277629625
"13173","51186","TCEAL9",-0.00437294070105576,0.370627217946815
"13174","79591","ARMH3",0.014645508494354,0.266163025705769
"13175","23780","APOL2",0.0309851388668649,0.123598197617989
"13176","7480","WNT10B",-0.125476533161631,-0.352216076785313
"13177","79085","SLC25A23",-0.0298068756107703,0.382515470084941
"13178","9435","CHST2",-0.10787380290222,-0.93482386167679
"13179","84312","BRMS1L",0.0113078367500918,-0.788458073690937
"13180","8738","CRADD",-0.0585047842107742,-0.0886768384960326
"13181","2661","GDF9",0.0224994028226495,-0.646713600873478
"13182","6015","RING1",-0.00955936223667386,0.284221403300555
"13183","54552","GNL3L",-0.0125776810404643,0.110193061636423
"13184","2081","ERN1",0.0271737749055663,-0.217881678673051
"13185","1831","TSC22D3",-0.115587248884374,0.223163191766511
"13186","432369","ATP5F1EP2",0.0175538074129458,-0.338807939222847
"13187","57706","DENND1A",0.011610406414615,-0.0539201772113351
"13188","27289","RND1",-0.178407086657965,-0.928378553680078
"13189","10269","ZMPSTE24",0.0232457932415597,0.0941092058105548
"13190","25794","FSCN2",-0.0608909111584839,-0.549237596810263
"13191","8976","WASL",0.027783909831304,0.0685497330663249
"13192","9315","NREP",-0.0301559696647526,1.41007754669648
"13193","1008","CDH10",-0.0252317447999464,-0.193539671035886
"13194","81566","CSRNP2",0.011839991553563,-1.22288782892245
"13195","57122","NUP107",-0.0065719132186679,0.34960033211544
"13196","8541","PPFIA3",-0.0344072154832169,0.0279457500832181
"13197","100505894","TMEM161B-DT",0.00783876307114206,0.194659880247126
"13198","8029","CUBN",0.00751733743454297,0.000752633369000666
"13199","10788","IQGAP2",-0.0141260274197255,-0.417258641896712
"13200","167227","DCP2",0.0237420922838831,-0.20059950404907
"13201","8913","CACNA1G",-0.0608471202101217,0.359800033024961
"13202","26005","C2CD3",0.0849711167131035,-0.30118082413713
"13203","79630","C1orf54",-0.0388075430532353,0.855008012614671
"13204","10385","BTN2A2",-0.0586678461870545,0.591054547269124
"13205","80333","KCNIP4",-0.0325359626899036,1.07951499641349
"13206","27129","HSPB7",0.0359720950495159,1.372256138399
"13207","6345","SRL",-0.00142076378713529,1.97090378191108
"13208","1187","CLCNKA",0.0801468450774403,-1.26471763860394
"13209","55791","LRIF1",0.0220453615789058,-0.185258918008573
"13210","2970","GTF2IP1",0.0159353582492479,0.168136240869391
"13211","102724532","SP2-DT",-0.0135394273707936,-0.199393691121554
"13212","6227","RPS21",-0.0167204099176539,-0.0191404627597525
"13213","2258","FGF13",-0.0754140132159895,-0.203923458775559
"13214","150094","SIK1",-0.197973366033978,-0.948712584889162
"13215","56099","PCDHGB7",0.00962439070225418,0.0477653757050116
"13216","55711","FAR2",-0.00163687999292295,0.485140820065681
"13217","1031","CDKN2C",-0.139674107446677,1.72739981611411
"13218","127829","ARL8A",-0.0338661101087352,-0.847679535526431
"13219","653082","ZDHHC11B",0.260649255832391,0.577633235730338
"13220","727956","SDHAP2",0.0346285641594108,-0.0720776197142317
"13221","26033","ATRNL1",-0.094677286682034,0.667317736043483
"13222","6128","RPL6",0.00808418257776999,-0.166551944179837
"13223","8476","CDC42BPA",0.0161738208894127,-0.16990906836963
"13224","40","ASIC2",-0.0196753429708506,-0.398852603346115
"13225","641977","SEPTIN7P2",-0.0114897474556641,0.468531539061045
"13226","493869","GPX8",0.0180932830723393,2.66543521571743
"13227","10631","POSTN",0.00284631518125078,-0.121836214832205
"13228","84725","PLEKHA8",0.0930260536624079,-0.45526812394426
"13229","401466","RBIS",0.0296523457158298,0.0482380233807294
"13230","5864","RAB3A",0.121787480824443,0.615890537439667
"13231","81029","WNT5B",-0.12566691299054,0.507345151943203
"13232","667","DST",0.120213853189147,0.47566096038665
"13233","90411","MCFD2",-0.0145593556177301,-0.346526975646889
"13234","10234","LRRC17",-0.0990523464933837,0.554319776595723
"13235","2649","NR6A1",0.1646325865272,-0.0264948693207805
"13236","27242","TNFRSF21",-0.0199038279494799,-1.62207190278128
"13237","7913","DEK",-0.0172858929346233,0.683619726291568
"13238","102724474","LOC102724474",0.0210761943304869,-0.113370683674487
"13239","9910","RABGAP1L",0.143632407396202,1.43892370364145
"13240","266722","HS6ST3",0.151595544619716,-1.11452240548627
"13241","22983","MAST1",-0.0670739531969626,0.852371824890903
"13242","90459","ERI1",0.0735705997397655,0.0573903941089524
"13243","79685","SAP30L",-0.0273697945161988,0.0628548064424299
"13244","135154","SDHAF4",-0.128175178314502,-0.323174469865413
"13245","113235","SLC46A1",-0.0181314755049153,0.30122163184129
"13246","55794","DDX28",-0.0502403868506596,-0.448513489200991
"13247","5805","PTS",-0.0474580297132041,-0.223289345402721
"13248","375298","CERKL",-0.0394942532034479,0.924992292255068
"13249","7138","TNNT1",-0.100269275024482,0.629317212553385
"13250","3976","LIF",-0.702179210993656,-2.40654373418662
"13251","9317","PTER",0.0205991619027537,-1.36056416564459
"13252","102723780","FRG1FP",0.0199371672524615,-0.10259613575526
"13253","5889","RAD51C",-0.00878984273365546,-1.60562092236521
"13254","55687","TRMU",-0.0122285867115952,0.786931634989379
"13255","9187","SLC24A1",-0.032734671441246,1.00813659854331
"13256","92104","TTC30A",-0.0146788119724475,-0.269850150841147
"13257","8710","SERPINB7",-0.0740441462882573,-2.13422043708598
"13258","26471","NUPR1",0.0418325715424925,0.421143304489879
"13259","51009","DERL2",0.024864627008979,0.294662195277271
"13260","100507577",NA,0.0163878027084929,-0.362805895533346
"13261","8495","PPFIBP2",-0.020334921907744,-0.0867659535004783
"13262","6273","S100A2",-0.0538804120658386,-0.475017946812641
"13263","79631","EFL1",0.0772596583495107,0.154508218057765
"13264","101927597","NCK1-DT",-0.108522105649754,-0.542346347203134
"13265","5464","PPA1",-0.00817333084133054,0.394983686817455
"13266","113246","C12orf57",-0.0146560164810978,0.304295627595334
"13267","51076","CUTC",-0.00707196831066081,0.841917716447433
"13268","83872","HMCN1",0.0214759333427788,-0.0706806186296136
"13269","10325","RRAGB",0.019554281896383,0.395221250405652
"13270","140545","RNF32",0.022970012308505,0.0433408419457679
"13271","284565","NBPF15",0.0116870370317366,0.450725266465384
"13272","101060351","TBC1D3K",-0.0547993107935891,-0.645904075838761
"13273","101929407","PTPRD-AS1",0.0336990061717053,-0.590028084199919
"13274","27098","CLUL1",0.0419343405781243,-0.451917391086623
"13275","92162","TMEM88",0.0143094354977382,2.34378362859428
"13276","27237","ARHGEF16",-0.083642280360642,-0.116257092633974
"13277","22916","NCBP2",-0.0123624540918836,-0.259416795813868
"13278","57605","PITPNM2",0.0166751574769055,-0.323869762163952
"13279","1445","CSK",0.00844055306836289,0.3367971601667
"13280","57418","WDR18",-0.0142550167095834,0.754246053557606
"13281","54883","CWC25",0.0421593811931213,-0.280293021672855
"13282","23332","CLASP1",0.0712160897829062,0.33378511214929
"13283","84833","ATP5MK",0.0190008554477004,0.147761868019783
"13284","269","AMHR2",0.00149723216474262,1.88198724455895
"13285","5871","MAP4K2",0.0134167362763731,0.511101799627931
"13286","1783","DYNC1LI2",0.0288877052319476,-0.160845639178124
"13287","31","ACACA",0.0981542992985647,0.394935644196978
"13288","2774","GNAL",0.15984835591603,-1.02207290032257
"13289","58516","SINHCAF",-0.0358254065879375,-0.355104653928866
"13290","27254","CSDC2",0.00148177271070526,0.0516546186552036
"13291","339983","NAT8L",-0.041729532065756,-0.381261860240155
"13292","100885776","UGDH-AS1",-0.0366843602685153,-0.0123529890026602
"13293","101926996","RUNDC3A-AS1",-0.0519165365840489,0.239113987456093
"13294","8562","DENR",-0.0081503319501941,-0.0449571043304342
"13295","9616","RNF7",-0.0444580349361141,0.139538884931791
"13296","1400","CRMP1",-0.0354376236967049,-0.410874630741926
"13297","3707","ITPKB",0.104890687658846,-1.40023475351428
"13298","900","CCNG1",-0.0578878869900219,-0.241505176725086
"13299","1310","COL19A1",0.00700605771567808,-0.15716768271935
"13300","54502","RBM47",0.0170591847546797,-0.493333955037253
"13301","999","CDH1",0.0813351941197088,-1.91959682912124
"13302","4907","NT5E",-0.0543661360455596,0.32582774257977
"13303","288","ANK3",0.104220764818379,-0.0405183862296337
"13304","151011","SEPTIN10",0.0296975970637279,-0.0395459184994884
"13305","203286","ANKS6",-0.0327858117250215,-0.188182317909806
"13306","55670","PEX26",0.00763294424264238,-0.192259942438659
"13307","1002","CDH4",-0.00185331492200169,0.77674918556671
"13308","54103","GSAP",0.097014910381616,-0.581374432508622
"13309","59285","CACNG6",0.0398551965236975,1.40311646550362
"13310","6176","RPLP1",0.0106735891632912,-0.217872213625407
"13311","442213","PTCHD4",-0.00311221210876367,-0.646990327269629
"13312","124222","PAQR4",-0.0160052833846409,1.25191808241218
"13313","57124","CD248",0.0091522998562561,1.98262408800923
"13314","203447","NRK",0.125967897121897,0.489185863207071
"13315","442523","DPY19L2P4",0.359816180225146,0.568804154173149
"13316","11260","XPOT",0.027458620402534,0.508093765245922
"13317","2342","FNTB",0.031689920642145,0.625879865055483
"13318","729737","LOC729737",0.107531816216186,0.669920308429979
"13319","9246","UBE2L6",-0.0251546482890785,-0.221832607190431
"13320","27132","CPNE7",-0.13757920485513,0.742090679253327
"13321","2673","GFPT1",0.0347091272277202,0.409502390914716
"13322","5358","PLS3",-0.00452871978334812,-0.347012141675984
"13323","60676","PAPPA2",0.0147694045375664,0.0536613296743744
"13324","11130","ZWINT",-0.0216760088709185,1.90891966828673
"13325","26086","GPSM1",-0.0276015408350094,0.979103242137055
"13326","5684","PSMA3",0.00952596378274695,-0.0632754982034722
"13327","10381","TUBB3",-0.00149574515089412,-0.828306572411055
"13328","3815","KIT",0.0368510791217087,-2.18342484925948
"13329","148808","MFSD4A",0.1599687790649,-3.44079404195373
"13330","51375","SNX7",-0.00478901850872937,0.245090015197537
"13331","91351","DDX60L",-0.0204468545370453,-1.0198664822229
"13332","54361","WNT4",-0.0818274805455366,-2.67413375095983
"13333","10885","WDR3",0.0111367624245835,0.419433533668576
"13334","55272","IMP3",-0.0374012313868493,-0.00598786348171743
"13335","8153","RND2",-0.106273343063975,1.10469633448607
"13336","7265","TTC1",0.0180779449335988,-0.208113583337374
"13337","11245","GPR176",-0.113246268243301,0.0409086320420693
"13338","64320","RNF25",-0.0487155327981563,-0.582874280761356
"13339","22986","SORCS3",-0.0248073553671038,1.70320990391428
"13340","220979","ZNF22-AS1",0.0237792102180971,-0.458868126315773
"13341","10632","ATP5MG",-0.0154568808024145,0.00367477785949522
"13342","3069","HDLBP",0.0791315511182535,0.0460903689870253
"13343","79781","IQCA1",0.0306097443127666,0.413286965591034
"13344","23433","RHOQ",0.0565073170046553,0.32927653760637
"13345","65109","UPF3B",0.0658615928005082,0.379807877121387
"13346","114780","PKD1L2",0.0556046006508768,0.240855492473798
"13347","55565","ZNF821",-0.0665030266596025,-0.8261918996221
"13348","643707","GOLGA6L4",-0.0034542532326971,-0.144930999984721
"13349","53832","IL20RA",0.0417388995288011,0.410022776718384
"13350","493753","COA5",-0.0325167839869369,-0.142510932328047
"13351","6275","S100A4",0.0186207692317737,0.276220153498215
"13352","51637","RTRAF",0.00121998418700642,0.0252698547028611
"13353","6690","SPINK1",0.132495508399266,-0.0135932652541435
"13354","22909","FAN1",0.0394039044089896,0.203882437179023
"13355","100526833","SEPT5-GP1BB",-0.184772700216004,0.488022545220971
"13356","54960","GEMIN8",-0.0123374310259061,0.0750333134982561
"13357","79647","AKIRIN1",-0.0129341041448612,-0.652430609643792
"13358","728643","HNRNPA1P33",-0.134805387099619,0.023716927275189
"13359","203547","VMA21",0.00890255409229113,-0.149568196114175
"13360","348980","HCN1",0.0967986451568676,0.659038881611422
"13361","133418","EMB",0.0242079218631224,0.560755125229324
"13362","9274","BCL7C",-0.0508734077591191,0.195419783613697
"13363","100129460","DPY19L1P1",0.210720940627736,0.0107339637579105
"13364","90550","MCU",-0.0123075789593674,0.173390692260338
"13365","63027","SLC22A23",-0.0243031660674546,0.0873321128549911
"13366","6422","SFRP1",-0.101440371460983,1.79421387946857
"13367","6872","TAF1",0.0195237825680366,-0.32394144962602
"13368","6450","SH3BGR",0.0239698285454697,2.37679513271344
"13369","64395","GMCL1",0.0264869772484007,0.0649856957221777
"13370","158696",NA,0.141976061971875,0.930203123377713
"13371","528","ATP6V1C1",-0.0501358830881058,-0.182319294785446
"13372","8724","SNX3",0.0268550649542139,0.300245394852094
"13373","388753","COA6",-0.0130888280719468,0.0921646409719377
"13374","63951","DMRTA1",-0.0194711745932457,-0.31419955282273
"13375","56900","TMEM167B",0.00674959875788428,0.829579184316972
"13376","727800","RNF208",-0.0156981616292038,0.312951695169565
"13377","100507410","C1QTNF1-AS1",-0.0380010827474616,-2.43585500669887
"13378","11188","NISCH",-0.0187915009630943,-0.157953292338738
"13379","25988","HINFP",-0.0411293589314279,-0.277858345830261
"13380","4952","OCRL",0.00790996636108687,0.289948046382597
"13381","8483","CILP",0.14262074855939,-1.00339317040072
"13382","440300","LOC440300",0.0158282467870264,-0.159985211294293
"13383","3664","IRF6",-0.301552408450743,0.121394567929539
"13384","4837","NNMT",-0.124186821613632,-3.4583175707113
"13385","9790","BMS1",0.0324719929816322,0.199588460830306
"13386","4528","MTIF2",-0.00677349321919074,0.0764848733639081
"13387","101928153","ITGA9-AS1",-0.100027807209803,0.352834450350445
"13388","7103","TSPAN8",-0.0629492554801276,-0.76201970187322
"13389","100272147","CMC4",0.115959673888075,0.210496586537035
"13390","8470","SORBS2",0.111694357906515,0.968836511786046
"13391","4642","MYO1D",-0.00821527613646733,0.269033791947616
"13392","6840","SVIL",0.0797780406882911,0.284943851895758
"13393","23005","MAPKBP1",0.0332261693821634,-0.554286880901715
"13394","102724450","RNF207-AS1",0.122884263161081,0.397326242050887
"13395","51676","ASB2",0.0398143333037773,1.84826847471692
"13396","6532","SLC6A4",-0.364161407139525,-0.0047504440294297
"13397","94234","FOXQ1",-0.233795997985827,-2.56909298879041
"13398","1663","DDX11",0.0169629230869681,1.76032722329958
"13399","79723","SUV39H2",-0.0126915286114455,0.847879739196529
"13400","57604","TRMT9B",0.0164844168836327,0.799764232104237
"13401","55188","RIC8B",0.0093786573373702,-0.11090857449612
"13402","90557","CCDC74A",-0.0569655441716761,-0.771979181589722
"13403","114805","GALNT13",0.00492438175822008,0.387092161045848
"13404","9158","FIBP",0.0205363158843728,0.497678987839086
"13405","202243","CCDC125",0.0232426307058362,-0.345070233138506
"13406","6129","RPL7",-0.0947109763868692,-0.0942470339200439
"13407","65266","WNK4",-0.0218209089165082,-0.235924905778036
"13408","983","CDK1",-0.0246949655982585,1.19431896173892
"13409","55294","FBXW7",-0.10386191810275,-1.60691805661088
"13410","441818","WBP11P1",-0.0342883958138858,0.70402890958516
"13411","84645","C22orf23",-0.0738804618969575,-2.15016884881614
"13412","84930","MASTL",-0.017771920597021,0.360339077404308
"13413","8842","PROM1",-0.150269954870174,0.343822991031222
"13414","5150","PDE7A",0.126863967107054,0.320971447348737
"13415","56127","PCDHB9",0.0606806233462174,0.54170684767643
"13416","91942","NDUFAF2",-0.00548546567593844,0.284118146435834
"13417","59307","SIGIRR",0.00194780158141317,2.21764555684157
"13418","400960","PCBP1-AS1",-0.100458275768029,-1.04037651146046
"13419","285359","PDCL3P4",-0.0105690546833657,0.234924441873276
"13420","79758","DHRS12",-0.0279996715926325,-0.0384110701492295
"13421","6696","SPP1",-0.259363208949451,0.182826334737961
"13422","27295","PDLIM3",-0.0230281642632661,-0.820346231245738
"13423","27233","SULT1C4",-0.0797713939445703,-0.102189778804971
"13424","23759","PPIL2",0.0475782705668362,0.373665906179665
"13425","27330","RPS6KA6",-0.0178503594529373,-0.648520501779933
"13426","1933","EEF1B2",0.006647702330004,-0.107304755437851
"13427","23097","CDK19",0.0431002641123346,0.0703251185035407
"13428","11215","AKAP11",-0.00582443587379977,-0.273503231371472
"13429","8192","CLPP",-0.0335187045692384,0.48723153613621
"13430","5891","MOK",0.0857012452121533,0.376007628415402
"13431","221184","CPNE2",-0.00924056039947674,-0.546532068338283
"13432","284802","FRG1BP",-0.019029415876346,0.00631724373400822
"13433","7277","TUBA4A",-0.0270752437883095,-1.23095137196827
"13434","7107","GPR137B",0.00777397360154897,-0.72739212693114
"13435","146223","CMTM4",-0.0227193291041328,-0.492490091999052
"13436","1163","CKS1B",-0.00964217891823393,1.08411032313479
"13437","8773","SNAP23",-0.0150868341349097,0.50691950585877
"13438","650623","BEND3P3",0.0162017749011303,0.530046434615919
"13439","6549","SLC9A2",0.127642457185203,-0.551375443223137
"13440","10346","TRIM22",0.0438492315346743,-3.44592673342827
"13441","11161","ERG28",-0.00895205774219487,1.00132327219102
"13442","57531","HACE1",-0.00770004099530386,-0.3759630082151
"13443","51042","ZNF593",0.0115944628064089,-0.519852655315662
"13444","11335","CBX3",-0.0405195452777658,0.506513941415561
"13445","196385","DNAH10",-0.0148790734019186,-0.983965088448253
"13446","653781","POTEJ",-0.0312452894885635,0.729040976236472
"13447","9338","TCEAL1",0.010740950004358,-0.0730073926482433
"13448","145483","FAM161B",0.00705205410779142,0.309343297018372
"13449","348094","ANKDD1A",-0.0788126738191414,0.00739255321086862
"13450","9282","MED14",0.0791396395587105,-0.057267733816925
"13451","727936","GXYLT2",-0.0110466444831341,0.079085538148943
"13452","90480","GADD45GIP1",-0.0288999929295208,0.388249156405174
"13453","5426","POLE",-0.0152822474757661,0.984959540476944
"13454","201973","PRIMPOL",0.013543882670247,0.644162673780741
"13455","10133","OPTN",-0.0132819134728184,-0.835422895207571
"13456","124446","TMEM219",-0.0145627132657866,0.495443674278719
"13457","8997","KALRN",0.0148415317006547,0.0873735273340239
"13458","100131138","LINC01405",0.0167319661415846,0.429264307291013
"13459","157574","FBXO16",0.0484227245766897,1.27486486467837
"13460","957","ENTPD5",0.0676603151141526,0.337900715593404
"13461","3281","HSBP1",-0.0143670549586723,-0.170689489295293
"13462","57687","VAT1L",-0.0159767674111979,0.496646303648967
"13463","80705","TSGA10",0.171761720146544,-2.14499164203905
"13464","51088","KLHL5",-0.0326055202146831,-0.106905834935649
"13465","30815","ST6GALNAC6",-0.0706841431064413,0.531030504368979
"13466","151534","LBX2-AS1",0.163883076972808,-3.51088254611707
"13467","58472","SQOR",0.0529859420572354,0.139706629194161
"13468","4833","NME4",-0.0122331750916427,1.08271239620703
"13469","2739","GLO1",0.0205518369857911,0.323166590476857
"13470","138241","C9orf85",0.0137117167923311,-0.388059485695801
"13471","54539","NDUFB11",0.0104071255942317,0.157844902294575
"13472","6723","SRM",0.105439483791476,0.28865099090672
"13473","56776","FMN2",0.158487352965272,-0.994551084913791
"13474","2658","GDF2",0.117112494017308,0.594747603262484
"13475","9497","SLC4A7",0.0718428516972738,0.299459228044823
"13476","101929479","LOC101929479",-0.159378840675513,0.195310003142275
"13477","3187","HNRNPH1",-0.0566517189051723,0.279313702190246
"13478","51230","PHF20",-0.00805897755858176,-0.394231719133596
"13479","144699","FBXL14",-0.137081293933953,-0.482797435403981
"13480","83445","GSG1",-0.108706243528101,0.169535591270958
"13481","10233","LRRC23",0.0105684247533797,0.394260687328353
"13482","7485","GET1",0.00687407159755171,0.625044533158062
"13483","85371","KIAA1656",-0.0290538992622696,-0.103391814791454
"13484","7283","TUBG1",0.00505467180233232,0.340445346453416
"13485","1004","CDH6",-0.166109782736275,0.852720484540903
"13486","100505738","MIR4458HG",-0.0357867112820263,-0.636344414797916
"13487","152404","IGSF11",0.274577188794783,0.160347591437947
"13488","23213","SULF1",-0.0372750862249625,0.00441739485743042
"13489","55790","CSGALNACT1",-0.252449656049755,-3.1633131413065
"13490","440145","MZT1",0.0113946931385671,1.10284242526073
"13491","84501","SPIRE2",0.00948660788284328,1.13193284715595
"13492","57644","MYH7B",0.0339876025572012,0.917067147211215
"13493","25939","SAMHD1",-0.00227562828771521,0.751077482947596
"13494","128710","SLX4IP",-0.0975009131619252,0.0843320023647325
"13495","51256","TBC1D7",-0.0509147568660824,0.144201138228073
"13496","56267","KYAT3",-0.0519651546953552,0.201813298316876
"13497","65989","DLK2",0.0967429213757374,-2.99329325432734
"13498","5094","PCBP2",0.00650222271904255,0.0350079599112103
"13499","6165","RPL35A",-0.0103066863180956,0.0239436738630197
"13500","27236","ARFIP1",0.020609582409457,-0.251278585835305
"13501","8508","NIPSNAP1",0.0104917925568877,0.690103585295854
"13502","57451","TENM2",0.0495719062071744,1.07573535240596
"13503","9289","ADGRG1",0.00433914506623001,0.256984297961216
"13504","3958","LGALS3",-0.00932764669881658,-2.25893623550145
"13505","56884","FSTL5",0.0334962161765644,1.11250972957284
"13506","400569","MED11",0.00920745251575683,-0.174557540507212
"13507","3454","IFNAR1",-0.00874475772765493,0.0837438609626924
"13508","9677","PPIP5K1",-0.015839678967823,-0.105246932414521
"13509","81855","SFXN3",-0.0120994383198605,0.234803424048504
"13510","200014","CC2D1B",-0.0311628505087853,-0.262466703442741
"13511","100128731","OST4",0.00766759931782168,-0.539001975318009
"13512","55215","FANCI",0.0276026850002404,1.64682418274942
"13513","22873","DZIP1",0.0261269891477816,-0.942511230885246
"13514","4920","ROR2",-0.0185984164311153,1.03520498200252
"13515","55900","ZNF302",0.0490075116009372,0.0661074785245157
"13516","50809","HP1BP3",0.0383405004584763,-0.00973026877047189
"13517","6484","ST3GAL4",-0.0280774168271689,1.51481025437181
"13518","401190","RGS7BP",0.117255119183748,0.28282912020889
"13519","56125","PCDHB11",-0.0543090058870305,0.464383459787349
"13520","56894","AGPAT3",0.0120365340764659,1.21300768852764
"13521","146691","TOM1L2",0.00836555363031888,-0.0449998062605959
"13522","23167","EFR3A",0.029621783982396,0.268570415202239
"13523","2671","GFER",-0.0966485172591254,0.0856087929588023
"13524","5635","PRPSAP1",0.00550845660415433,-0.219505871565511
"13525","286053","NSMCE2",-0.0120183568566112,0.153048679105426
"13526","126075","CCDC159",0.0883131562962574,-0.0505362072163686
"13527","23081","KDM4C",0.0525676356666391,0.537065339024524
"13528","201456","FBXO15",0.010130516565746,-0.183336446751974
"13529","5411","PNN",-0.0269004577543468,0.205680105112268
"13530","92949","ADAMTSL1",0.110269922932639,1.32255716546211
"13531","92370","PXYLP1",-0.0599340405424731,0.096467266962327
"13532","141","ADPRH",0.111165974055689,-0.796752323751909
"13533","55812","SPATA7",-0.0162588493695188,-1.09028112333857
"13534","126755","LRRC38",-0.0465627905931928,-1.69705120018857
"13535","9757","KMT2B",0.00860736557390762,-0.40977016287144
"13536","85407","NKD1",0.0400306888611729,-2.32684510251791
"13537","64062","RBM26",0.0760597715882287,0.116851965614724
"13538","51501","HIKESHI",-0.0293189941873857,0.222744471012836
"13539","10975","UQCR11",0.0111738563673773,0.0275465744169816
"13540","27350","APOBEC3C",-0.107513568107075,-1.6838550092241
"13541","831","CAST",0.0475761779274828,-0.0450774349482606
"13542","283120","H19",-0.0972928222412772,0.254456415893861
"13543","9900","SV2A",-0.00697521489583419,1.18135502836427
"13544","29978","UBQLN2",0.0358194237883973,0.385599724825584
"13545","10094","ARPC3",0.0185986375334179,-0.243661779221062
"13546","160418","TMTC3",-0.00929282916936014,-0.162978078502202
"13547","6456","SH3GL2",-0.0222462777286159,-1.18033995957928
"13548","5801","PTPRR",0.227480789213429,-0.960641513348653
"13549","79970","ZNF767P",-0.0154529471062617,-1.29786816252364
"13550","29985","SLC39A3",-0.0256243758405263,0.904693576286885
"13551","55858","TMEM165",-0.00236026198111272,0.112287323648879
"13552","79089","TMUB2",-0.0466669369322883,-0.289804775961247
"13553","729873","TBC1D3",0.0501166260987506,-0.709332438257173
"13554","137735","ABRA",-0.0279639597669261,-0.939307146247281
"13555","51409","HEMK1",-0.0147905088947429,-0.0260131536488744
"13556","25865","PRKD2",-0.0785923374731103,-0.305053679701425
"13557","9209","LRRFIP2",0.0358253499106311,-0.198270919150901
"13558","5777","PTPN6",-0.0132274387225948,0.74001317952764
"13559","6542","SLC7A2",-0.114317568374886,-0.477564167387484
"13560","23484","LEPROTL1",0.0499123228807896,0.914642135540389
"13561","1500","CTNND1",-0.0750281249711398,0.403526956125764
"13562","1464","CSPG4",-0.0048452923400637,-1.73211760831898
"13563","54543","TOMM7",-0.041462152988049,0.128202211777008
"13564","100996255","LINC02256",0.0008412725223374,0.266305169387784
"13565","3192","HNRNPU",0.0297547186858154,-0.0488378523825013
"13566","57128","LYRM4",0.0128242904977816,0.396242244889287
"13567","5789","PTPRD",0.0322729031325331,1.02289455337463
"13568","7726","TRIM26",-0.00599631108594689,-0.438095161938377
"13569","10907","TXNL4A",-0.0603668251130873,0.0655708984047756
"13570","6605","SMARCE1",-0.0019045001061988,0.339668922964443
"13571","23236","PLCB1",-0.0209278794315408,0.131712822683075
"13572","8048","CSRP3",0.0162986191756467,0.0307863663198784
"13573","6342","SCP2",-0.0113669805976064,0.207214787571413
"13574","2941","GSTA4",0.0430636089199412,0.863653181183542
"13575","126393","HSPB6",0.0151465721430559,0.251930708615024
"13576","7058","THBS2",-0.205738486128162,-0.865013248828894
"13577","5265","SERPINA1",-0.154084051127608,-0.266678626229352
"13578","80852","GRIP2",0.250332445924488,-3.6986640653991
"13579","23523","CABIN1",0.00306483471803976,0.232673081895092
"13580","26011","TENM4",-0.0365983998572119,1.0719153752453
"13581","65991","FUNDC2",-0.00759239612156115,0.0606475662754553
"13582","509","ATP5F1C",0.0173426074557668,0.955748118758299
"13583","51024","FIS1",-0.024737145859909,0.215966996376064
"13584","22849","CPEB3",0.313484821322603,1.07316956259282
"13585","84898","PLXDC2",-0.0118933878318819,0.65314100822608
"13586","79071","ELOVL6",0.180724656680416,1.16798261404646
"13587","201191","SAMD14",-0.260544522746387,0.712824300312764
"13588","157567","ANKRD46",-0.0952533967604055,-0.159611707988675
"13589","57038","RARS2",-0.00599481325102946,-0.00714522229704073
"13590","23137","SMC5",0.0411552536313344,0.292559636006947
"13591","692063","SNORA32",-0.153693831339227,-0.131200679411342
"13592","219988","PATL1",-0.00596891831534485,0.145770133334428
"13593","201176","ARHGAP27",0.046244701113058,-0.350241785540337
"13594","84274","COQ5",0.0529938113962798,0.240582915874268
"13595","2115","ETV1",0.09408607412451,0.489823054433804
"13596","441631","TSPAN11",-0.115307854880862,-3.35190267638783
"13597","54808","DYM",0.0116814584711111,0.334243929781215
"13598","6183","MRPS12",-0.00789805352115369,0.137143464505895
"13599","23145","SSPOP",-0.110091935964597,-0.300385567910883
"13600","2316","FLNA",-0.0200513404919782,-0.850651085247888
"13601","64172","OSGEPL1",0.113104217735386,1.06082867561409
"13602","54931","TRMT10C",-0.00641667054420925,-0.0477163730397683
"13603","56919","DHX33",-0.00697054904622174,-0.232153825249988
"13604","84628","NTNG2",0.122523442195836,-3.35993267035697
"13605","5332","PLCB4",0.0659911734573031,0.207867724809017
"13606","7957","EPM2A",0.0665542711061109,0.726725277271
"13607","57523","NYNRIN",-0.078189699708175,-0.201418249215946
"13608","55113","XKR8",-0.0411713986096967,-0.0357985434265746
"13609","1674","DES",-0.0294082093923222,1.37864689449769
"13610","10586","MAB21L2",0.0671477643927694,-2.46197731280922
"13611","23192","ATG4B",-0.0101216631186913,-0.137798135293829
"13612","11174","ADAMTS6",-0.0899072541182844,2.3416539740596
"13613","30819","KCNIP2",-0.0221114418218775,-1.67530897269751
"13614","5348","FXYD1",-0.0558317329505762,0.0216543592437759
"13615","51530","ZC3HC1",0.069148565877545,0.0909823364040623
"13616","170685","NUDT10",0.0144025905630527,-0.883179256203743
"13617","10809","STARD10",-0.0705994743193958,-1.05655160846764
"13618","9052","GPRC5A",0.0787020932490332,-1.34610269689824
"13619","84976","DISP1",-0.0087160833218709,0.354208424654704
"13620","11158","RABL2B",-0.0557707212219198,-1.4018754525406
"13621","1176","AP3S1",0.0125741961359758,-0.533886243801297
"13622","65977","PLEKHA3",-0.00471402533643506,0.00508638500369329
"13623","1955","MEGF9",0.136984134483577,0.0488851163211352
"13624","5500","PPP1CB",-0.0325905357213419,0.245585645631868
"13625","170691","ADAMTS17",-0.0278819590400223,-3.17914031314914
"13626","151246","SGO2",0.0347484613030247,1.55672363892529
"13627","55013","MCUB",-0.0105450856252061,0.697962773187155
"13628","3801","KIFC3",0.00728463161554682,0.280982256822603
"13629","9958","USP15",0.00575287527725266,-0.457588461636321
"13630","84328","LZIC",-0.0104865687023485,0.520219089635386
"13631","9325","TRIP4",-0.00269559460119595,0.495518147645699
"13632","126070","ZNF440",0.0338096486093211,-1.21666375058296
"13633","100131434","EOLA1-DT",-0.096900073254746,-0.432304630719535
"13634","114907","FBXO32",0.00927265286869705,-0.545040636639845
"13635","55571","CNOT11",0.00564882642371956,0.642019035236312
"13636","4082","MARCKS",-0.0403134112161938,-0.367875274272965
"13637","7168","TPM1",-0.0217226978142211,0.880663783541042
"13638","131544","CRYBG3",0.0159441252131334,0.675317374748677
"13639","3301","DNAJA1",-0.069059252180435,-0.312804567662119
"13640","54463","RETREG1",-0.00996155773512442,0.692670705545159
"13641","23116","TOGARAM1",0.038211184729116,0.243838250833548
"13642","11248","NXPH3",-1.69733382620052e-05,0.605372279948653
"13643","9453","GGPS1",0.0549006195918968,-0.116368564813038
"13644","642273","FAM110C",0.0106602086529808,0.781723207199299
"13645","81849","ST6GALNAC5",-0.0265641547040321,1.1669091611016
"13646","149013","NBPF12",0.114869465969849,0.196680575675118
"13647","222166","MTURN",-0.0368345924760147,-0.541140344045252
"13648","55504","TNFRSF19",0.0114126519143296,0.727222132630882
"13649","25912","C1orf43",-0.00427086515899244,0.0748557819696911
"13650","10460","TACC3",-0.00648227536764079,0.904684359259856
"13651","8228","PNPLA4",0.00845506682321329,-0.101874443328402
"13652","203069","R3HCC1",-0.00620969470471611,0.585973049756193
"13653","6385","SDC4",-0.0923660366739139,-0.949040041487571
"13654","9043","SPAG9",0.0716261030107992,-0.148982158290048
"13655","80021","TMEM62",-0.0166356484803982,0.806469588796007
"13656","1978","EIF4EBP1",-0.00904020494355784,1.2386190831193
"13657","9652","TTC37",0.00326764172353045,0.552555433219672
"13658","79751","SLC25A22",0.0107466061093335,0.087247179571031
"13659","440730","TRIM67",0.419324388142957,-3.21226545233336
"13660","8900","CCNA1",0.161451881018279,-3.70459403205761
"13661","19","ABCA1",0.0107745745437349,-0.536451329501415
"13662","92675","DTD1",-0.0418253581290617,0.447471046625147
"13663","79019","CENPM",-0.0474723955161584,2.30610094320267
"13664","3145","HMBS",-0.0228698426989409,1.0991666978786
"13665","51244","CCDC174",-0.00445802965282649,-0.205500552594171
"13666","55329","MNS1",-0.00815135445734788,0.418625698139504
"13667","116541","MRPL54",-0.0074076737530806,0.297147744831803
"13668","25834","MGAT4C",-0.11004441793717,2.97466151388596
"13669","28991","COMMD5",-0.140920934906762,0.0723772508963609
"13670","55187","VPS13D",0.123457928538151,0.0374749222071236
"13671","348801","LNP1",0.0796881183775189,0.0700216440219545
"13672","55732","C1orf112",0.033391313249207,1.00418021997378
"13673","79572","ATP13A3",0.0704877834840509,0.388774994216195
"13674","5824","PEX19",-0.0119243174788535,0.557190677016276
"13675","57205","ATP10D",0.0121110586678572,-0.0243718724548287
"13676","7035","TFPI",-0.0947744044893515,0.496574236049159
"13677","10523","CHERP",0.0304532981419046,0.00840765588846626
"13678","101929130","LOC101929130",-0.0131310542204481,-0.923010494699851
"13679","84852","ATP1A1-AS1",-0.071807132336842,-0.669081965802585
"13680","9128","PRPF4",-0.0178707218618506,-0.0268065881523283
"13681","100507421","TMEM178B",-0.0237986332569224,-2.10318549960953
"13682","118813","ZFYVE27",-0.0260140472187373,-0.908461897718045
"13683","64399","HHIP",-0.152447257413436,-1.64256572116026
"13684","174","AFP",-0.521906200645565,-0.0243706070716487
"13685","26519","TIMM10",0.00437317026185724,0.241834425977745
"13686","10335","IRAG1",-0.0826587707328528,-1.10771261199849
"13687","5502","PPP1R1A",-0.0111245970106539,0.938812064338418
"13688","57107","PDSS2",-0.00600391046414739,0.451608045857857
"13689","84626","KRBA1",-0.0922082765389733,-1.03679824945098
"13690","150572","SMYD1",0.0684018674074345,1.65908954400261
"13691","196740","VSTM4",-0.152781383016023,1.89334387238692
"13692","91","ACVR1B",0.00560065720193137,-0.0647521733419323
"13693","126669","SHE",0.16930310256449,-4.47459358873767
"13694","56947","MFF",0.0454241990301449,0.254266115087694
"13695","55142","HAUS2",-0.00384074946685597,0.302363895638742
"13696","23287","AGTPBP1",0.0420916956170139,0.0829809229719789
"13697","9537","TP53I11",-0.046935975771432,-1.15883232802579
"13698","57559","STAMBPL1",0.0912431564031944,0.325608934662463
"13699","23424","TDRD7",-0.0528414698521531,-0.13161531595083
"13700","2824","GPM6B",0.0111064380611574,0.837456300160412
"13701","5569","PKIA",0.00920075096096173,0.210123814640837
"13702","2335","FN1",-0.0127995513296781,0.327079170168426
"13703","23037","PDZD2",0.234639637734084,1.44803204967562
"13704","9920","KBTBD11",-0.0100752697212982,0.251473484933086
"13705","22868","FASTKD2",0.00588879760122918,0.904935652463632
"13706","6125","RPL5",-0.0135063429094355,0.0702193977575174
"13707","1773","DNASE1",0.0244478371949115,-0.727366107966076
"13708","131616","TMEM42",0.0073339248172708,-0.2953193205707
"13709","57554","LRRC7",0.00973527741329725,0.104578468860145
"13710","23635","SSBP2",-0.025655960789944,-0.264836384065651
"13711","57758","SCUBE2",-0.0504858456332811,-0.610134093014891
"13712","93643","TJAP1",-0.00394560280185274,-0.708759237461522
"13713","4162","MCAM",-0.0284415893283096,1.72260093502969
"13714","100463487","MTRNR2L9",0.124854304840846,-0.205351517552386
"13715","22847","ZNF507",0.0191813387255477,0.100201555716333
"13716","7280","TUBB2A",-0.0882648880607713,0.0616101128339919
"13717","223117","SEMA3D",0.0150070013144754,0.106560361473855
"13718","4802","NFYC",-0.00414617617327284,-0.238929321784954
"13719","23379","ICE1",-0.0166514068890589,-0.312166810280225
"13720","9706","ULK2",0.00410235942976023,0.333413726043085
"13721","1404","HAPLN1",0.0128362645862383,0.755088919116255
"13722","595135","PGM5P2",-0.0069020326025484,0.687966425267295
"13723","6232","RPS27",-0.00644159670612243,-0.479815135827715
"13724","1756","DMD",0.0757951846318061,0.868602094295425
"13725","7169","TPM2",-0.00550725272916353,-0.00335479519345228
"13726","257397","TAB3",-0.00719803017994103,-1.12333015394329
"13727","10458","BAIAP2",0.0673877136744512,-1.61149542116377
"13728","126820","DNAI3",0.0905889644478322,-2.66881388833175
"13729","283102","KRT8P41",-0.00902898922673509,-0.55684797256571
"13730","163050","ZNF564",-0.00514590893537203,-0.258555607064412
"13731","8544","PIR",0.0109664989811598,0.418299416247197
"13732","129138","ANKRD54",-0.0452531533177458,-0.274299906930741
"13733","3855","KRT7",0.0290851010161299,-1.08019374565161
"13734","400","ARL1",0.0286809595381001,0.126247174845728
"13735","59353","TMEM35A",0.0186847983423659,-1.18025063041133
"13736","60496","AASDHPPT",0.00288905395837258,0.385580963141761
"13737","89792","GAL3ST3",-0.0409111873790917,0.943454455812763
"13738","27255","CNTN6",-0.0976373401368675,0.318178344576457
"13739","79363","CPLANE2",-0.124296498652227,0.212258138434944
"13740","25927","CNRIP1",-0.0487967917098757,0.87207112396309
"13741","6390","SDHB",-0.00562776948356625,0.297967262622329
"13742","4157","MC1R",0.00606869177683111,-0.967987966367242
"13743","58498","MYL7",-0.0078083769466577,0.533621255767761
"13744","101059953","NPIPA8",0.0823694412448583,-0.231237604039858
"13745","401052",NA,0.0252940097268314,-0.0671467934419682
"13746","102464835",NA,0.019956312058611,0.314118381157297
"13747","23347","SMCHD1",0.0925509356294532,0.426282030314363
"13748","285331","CCDC66",0.00541682577798719,0.163852179228255
"13749","90141","EFCAB11",0.00942840699821446,1.57946015275672
"13750","684959","SNORA25",0.00821139702761409,-0.290833164753309
"13751","5216","PFN1",0.00341202022830167,0.0660672414302717
"13752","23191","CYFIP1",-0.00827979650596866,-0.157972229623512
"13753","9467","SH3BP5",0.0181856529953901,-0.0133040387458321
"13754","55582","KIF27",-0.00546841107342599,-0.383460335335957
"13755","5422","POLA1",-0.00659733884921909,1.38326296236649
"13756","728118","NUTM2A",0.0595569646611236,-0.359772877207877
"13757","55275","VPS53",0.0283915170749758,-0.25364380098175
"13758","9962","SLC23A2",0.0059586516750274,0.0378655994487449
"13759","79693","YRDC",-0.0181038352321732,-0.0812922958101669
"13760","283","ANG",0.0296736241795051,0.216659301594983
"13761","84896","ATAD1",0.00463456511431737,0.299694843001173
"13762","91734","IDI2",0.047553823190768,-0.000344602141686856
"13763","161357","MDGA2",0.0175089616630228,1.09789992006789
"13764","4325","MMP16",0.116334550775637,0.495550385945867
"13765","5058","PAK1",0.00697019409817479,-0.133361173437976
"13766","10266","RAMP2",0.184652073805204,0.294041628283145
"13767","387066","SNHG5",-0.030809067527751,0.0903081978355438
"13768","7555","CNBP",-0.0568398724506514,0.271775832140048
"13769","116447","TOP1MT",0.0792080140980866,-0.405639121029673
"13770","115201","ATG4A",0.0167865989211942,-0.671237585635319
"13771","5947","RBP1",-0.00580964633425829,-0.809090431506624
"13772","54510","PCDH18",-0.224272900597878,0.22403405811956
"13773","9104","RGN",-0.127002014474553,0.713627277966599
"13774","138649","ANKRD19P",-0.0174298055320738,-0.331382795910365
"13775","6277","S100A6",0.0100288789023422,-0.502474647019853
"13776","7443","VRK1",-0.0411914594641387,0.732561782536351
"13777","64167","ERAP2",0.00492052019689104,-1.15354487925711
"13778","5525","PPP2R5A",-0.00621942837748879,0.506701357028245
"13779","6189","RPS3A",-0.0816560531992367,-0.092458527229236
"13780","257000","TINCR",0.0216144929560238,-3.43053662717389
"13781","642852","LINC00205",-0.0364188534594874,-0.295112694162371
"13782","98","ACYP2",0.00406793546704165,-2.01859549041617
"13783","55871","CBWD1",0.00538912881155973,0.141953915767774
"13784","9892","SNAP91",-0.00684870278321359,-0.0851919159238612
"13785","101867536","PRNCR1",0.0656191071834167,0.182242504477199
"13786","5029","P2RY2",0.0335810433674588,-1.76584221970392
"13787","9501","RPH3AL",-0.0776360429620844,0.771372503876749
"13788","79625","NDNF",-0.0694935246681752,0.796577027285306
"13789","7334","UBE2N",0.0324427988586624,0.0208283922884878
"13790","55825","PECR",0.0264213976511298,1.16140605716841
"13791","10410","IFITM3",0.0306260949531687,-0.411990867387456
"13792","4921","DDR2",0.103889819599229,1.44585059426867
"13793","28998","MRPL13",0.00805540064835775,0.0929973513938727
"13794","80055","PGAP1",0.0564660995276274,-0.241625838719532
"13795","445571","CBWD3",-0.0824266088192567,0.358910177590554
"13796","155382","VPS37D",-0.00820822299584556,-1.32795748270217
"13797","220108","FAM124A",0.0586895573845465,1.61163762039352
"13798","8416","ANXA9",0.00483805337283738,0.821664833983056
"13799","55119","PRPF38B",-0.00310315873358391,0.0963859904720596
"13800","168667","BMPER",0.0118204042338677,-1.69543607473822
"13801","100288332","NPIPA5",0.144641644667527,-0.523940096021941
"13802","145783","LOC145783",0.00631700668001733,-0.878731975622645
"13803","55758","RCOR3",0.0735335981462839,0.25243317582349
"13804","64834","ELOVL1",-0.0536049963731475,-0.186412583096404
"13805","118812","MORN4",0.0383810011316013,0.345165271353836
"13806","90624","LYRM7",0.115358204142223,1.3670153794755
"13807","9636","ISG15",0.00249205542729669,-1.36994047265163
"13808","258010","SVIP",-0.0167203263982456,0.642640509649972
"13809","91316","GUSBP11",0.00522886866778993,-0.192668907624231
"13810","64219","PJA1",0.0153466983148682,-0.00323270878275039
"13811","2710","GK",0.11383690521292,0.319434529890684
"13812","4641","MYO1C",0.0296375527911117,0.436107038404034
"13813","143884","CWF19L2",0.0198444974137915,0.577368556679641
"13814","757","TMEM50B",-0.00403325215449168,0.0743911306409233
"13815","6399","TRAPPC2",-0.128500906340757,0.027681959429056
"13816","8786","RGS11",0.012273470754715,0.49007796218998
"13817","3094","HINT1",-0.0682701949091626,-0.00763116161256772
"13818","51704","GPRC5B",0.00906949018704051,0.528707345548021
"13819","256471","MFSD8",0.0874029513771921,0.417457480263758
"13820","51203","NUSAP1",0.00837299394515867,2.01915379583868
"13821","27347","STK39",0.0740221181602276,1.28463976877888
"13822","203522","INTS6L",0.0551401682858019,-0.153983270717025
"13823","196294","IMMP1L",0.0324115782603052,1.19123304208693
"13824","55850","USE1",0.00348424555219262,0.272643724645577
"13825","29953","TRHDE",0.236735893946875,-2.17691212567873
"13826","6908","TBP",0.0422878632489248,-0.0493057859684769
"13827","5686","PSMA5",-0.037006856629004,-0.0726978158321874
"13828","1308","COL17A1",-0.0889696339718526,-3.07776375832051
"13829","8516","ITGA8",0.0199210100163156,0.0334559619549193
"13830","10480","EIF3M",0.000712929257370654,0.438026934029144
"13831","9148","NEURL1",-0.0549032534776155,-2.256424245264
"13832","57580","PREX1",0.0795510667263404,0.525157297420371
"13833","136647","MPLKIP",-0.081304440942831,-0.787903644559205
"13834","6905","TBCE",0.0570194447120542,0.735704978546326
"13835","4338","MOCS2",-0.00300979111296229,0.611365453862159
"13836","2245","FGD1",-0.00314837481327679,0.215877222948456
"13837","8522","GAS7",0.010504850744935,-0.157330360148285
"13838","7903","ST8SIA4",-0.08552557321648,0.506283425651218
"13839","8139","GAN",0.105890120906516,-0.532230744946017
"13840","8624","PSMG1",0.0408216822292449,0.238782694170899
"13841","54464","XRN1",-0.0024723237243105,0.45314992452512
"13842","7319","UBE2A",-0.00450731720284292,-0.485827466355818
"13843","7728","ZNF175",0.0616702429766423,-0.136369100158729
"13844","147","ADRA1B",-0.0272803625009943,0.375048230102506
"13845","25941","TPGS2",0.00528275001782941,-0.310230753585645
"13846","56942","CMC2",-0.00520431653953679,0.482696550763591
"13847","4236","MFAP1",0.000723811987409562,-0.113025406312604
"13848","100874362","HOXB-AS1",0.0117040267392541,-0.115057574817304
"13849","728113","ANXA8L1",-0.223592776433634,-1.2052800204693
"13850","79784","MYH14",-0.0356639788611104,-0.0392472552312695
"13851","6023","RMRP",0.30483843513244,1.75890416940389
"13852","9886","RHOBTB1",0.00752762364095805,-0.910728565622263
"13853","26013","L3MBTL1",-0.00423802940622076,-0.030768360097774
"13854","604","BCL6",-0.0264258161646982,-1.16491329341502
"13855","117145","THEM4",0.0275094303296601,0.653861126162238
"13856","5303","PIN4",-0.0122569442230329,-0.184959961260636
"13857","9489","PGS1",-0.0751910502421405,-0.516375808162716
"13858","171391","GATD1-DT",0.0566716379415134,-0.443418336145321
"13859","79741","CCDC7",-0.0132118386705899,0.174109592955498
"13860","5395","PMS2",-0.00264098071548569,0.276778402519442
"13861","5713","PSMD7",-0.00776083146543183,-0.0126233128373157
"13862","54927","CHCHD3",0.153083219091592,0.924781190469329
"13863","1454","CSNK1E",-0.0804180801927679,-0.238599127911418
"13864","109","ADCY3",-0.0103685689178898,-0.861158369595279
"13865","4978","OPCML",0.0586853745835312,-0.868841017925734
"13866","8573","CASK",0.0347338364176846,-0.576496573968767
"13867","5563","PRKAA2",-0.00503441497097956,0.388576541438837
"13868","6138","RPL15",-0.00600548903818954,-0.109819696581505
"13869","728039","SSR4P1",-0.16019767805402,-0.312598065273222
"13870","9681","DEPDC5",0.0200983803288284,-0.1403190607051
"13871","401399","PRRT4",-0.00827655400264149,0.822697411640628
"13872","101927181",NA,0.0044699502614467,0.496281449313502
"13873","51241","COX16",-0.0394218235309696,0.312827723421721
"13874","6523","SLC5A1",-0.00863333683534684,2.64439778190065
"13875","9406","ZRANB2",-0.00204158149339317,-0.0456755949751955
"13876","284131","ENDOV",-0.00310153973627969,0.294444458610551
"13877","55506","MACROH2A2",0.0176821379211143,0.464490528848894
"13878","159013","CXorf38",-0.0112116639286732,0.113599786774404
"13879","6207","RPS13",0.00288833931183419,-0.210997283837488
"13880","51239","ANKRD39",0.00387720050054563,0.58177501734508
"13881","253943","YTHDF3",-0.00217426090212491,-0.421912178524154
"13882","57538","ALPK3",0.00417944679180238,-0.0192366895127769
"13883","57685","CACHD1",0.134023080017687,0.732424340196983
"13884","861","RUNX1",0.0268672605602847,-2.5998283501797
"13885","285761","DCBLD1",-0.0692131671542295,-0.247051207482815
"13886","85359","DGCR6L",-0.0175504512219451,-0.0762963601716304
"13887","70","ACTC1",0.0909134558268168,1.63759071021244
"13888","1121","CHM",0.0041925997243526,0.0770767850926353
"13889","5289","PIK3C3",0.0371198129713877,0.825302569124627
"13890","79669","C3orf52",-0.167714168903029,-0.611728387381432
"13891","4335","MNT",-0.215671517620678,-0.0767325328642281
"13892","55677","IWS1",0.0476851885026859,-0.130096878221731
"13893","115708","TRMT61A",-0.0180992202880734,-0.247660696542209
"13894","7052","TGM2",-0.10462898158125,0.431424324309786
"13895","22843","PPM1E",-0.0511411859735639,-1.54612047202378
"13896","84823","LMNB2",-0.0438530765125122,1.3287218793768
"13897","196051","PLPP4",0.012234257076589,-1.0091139314146
"13898","642","BLMH",-0.0194149588744228,0.195794651784017
"13899","7086","TKT",-0.00697879513245248,-1.27984981182498
"13900","149111","CNIH3",-0.0156902864743774,-1.8759574232929
"13901","151742","PPM1L",0.0876010190557635,0.585148621123475
"13902","8578","SCARF1",0.12911111771617,-0.388744244609392
"13903","54829","ASPN",0.00753504517226802,0.104467087103751
"13904","84705","GTPBP3",-0.117789980471921,0.800769501775103
"13905","158234","TRMT10B",0.0605250504179797,0.247941436352966
"13906","10693","CCT6B",0.00447302265601457,-0.0774211935196698
"13907","347730","LRRTM1",0.121193536087054,-1.06955692102541
"13908","5336","PLCG2",0.0378343793879163,0.725857298799436
"13909","3786","KCNQ3",0.0736485208480868,-0.700624851293003
"13910","8821","INPP4B",0.0842973698453351,0.751658217092521
"13911","9633","TESMIN",-0.0803342332091683,1.95069596959501
"13912","5137","PDE1C",0.0243341555327456,2.47727773746231
"13913","2898","GRIK2",0.0074567244795638,1.22230891621647
"13914","4846","NOS3",-0.0656044964407321,1.72608524391055
"13915","10915","TCERG1",-0.0014470094001533,0.770069162843631
"13916","404636","DENND10",0.012300065162119,-0.436439850275346
"13917","6137","RPL13",-0.069851074534423,-0.0149403300389555
"13918","199953","TMEM201",-0.00205044503499341,0.139768130865882
"13919","10231","RCAN2",0.0091044911586371,1.33637511954927
"13920","90416","CCDC32",0.00176616000523566,-0.16333755623619
"13921","2104","ESRRG",0.00443975551676346,0.153390866285738
"13922","53981","CPSF2",0.0952716037941954,0.105656780266267
"13923","23229","ARHGEF9",0.00254107191062403,1.09714996375102
"13924","4710","NDUFB4",0.0247750264848161,0.635112408074199
"13925","2274","FHL2",0.0711309360849093,1.37756375840948
"13926","79022","TMEM106C",-0.00611362643233093,0.0897805093735577
"13927","54944","LINC01521",0.000895595316931619,-0.407921002774031
"13928","352909","DNAAF3",-0.102687629663002,-1.10200189161268
"13929","54777","CFAP46",0.00369947704807949,1.25748596084864
"13930","79675","FASTKD1",0.0186851750175734,1.32237357409709
"13931","2944","GSTM1",-0.00287698983901175,0.191508290188875
"13932","2035","EPB41",0.00256764055221748,-0.0938168117269598
"13933","10914","PAPOLA",0.00827386463417579,-0.0530468682483578
"13934","126823","KLHDC9",-0.115369184377189,1.16052671453137
"13935","54843","SYTL2",-0.0950063424735128,-0.583163170544984
"13936","79899","PRR5L",-0.00731502347807533,-1.32580347117741
"13937","8999","CDKL2",0.209609527571201,0.975393790763984
"13938","7148","TNXB",-0.00573868730281757,0.312969199266438
"13939","389","RHOC",-0.0680774395528712,-0.96162160844958
"13940","64770","CCDC14",0.119249849664549,0.736090747006706
"13941","1298","COL9A2",-0.0186220458205784,-1.72731449474872
"13942","30850","CDR2L",0.00499201163804486,-0.808566407678538
"13943","25970","SH2B1",-0.102206709569587,0.171658871140336
"13944","56123","PCDHB13",-0.00298225666731833,0.811447408716481
"13945","10666","CD226",-0.00563244598526036,1.59056098246184
"13946","1607","DGKB",-0.00879073229842353,1.91567298874698
"13947","85352","SHISAL1",-0.00558212712305295,-0.660951779308881
"13948","9671","WSCD2",-0.150921516004424,-0.873623829728567
"13949","9650","MTFR1",0.00217499152719558,0.0291977347049261
"13950","140823","ROMO1",-0.00284260356690158,-0.190831261248109
"13951","10062","NR1H3",-0.0520215331160743,-0.121501393443474
"13952","84433","CARD11",0.00896628104708408,0.84515929150969
"13953","100288911","CRIM1-DT",-0.230646461224133,-0.742332597289884
"13954","23077","MYCBP2",0.122713015565837,0.039113072147047
"13955","140766","ADAMTS14",-0.173981016552965,0.764191332237497
"13956","4698","NDUFA5",0.000345750002033185,0.337563638048208
"13957","283635","FAM177A1",-0.00730880138864354,-0.173922288094272
"13958","8869","ST3GAL5",0.00598627211128377,-0.407670083680956
"13959","6170","RPL39",-0.0447238820315006,-0.0211698023086875
"13960","4736","RPL10A",-0.0242809530993746,0.035492437947239
"13961","51313","GASK1B",0.0569534801819929,-0.956086151986378
"13962","57188","ADAMTSL3",0.00588159537767385,-0.594042902059113
"13963","1462","VCAN",0.128550939234634,0.256629669541326
"13964","5580","PRKCD",-0.00392505445260749,-1.95744157872531
"13965","64131","XYLT1",0.106981397811034,-0.563383122245384
"13966","521","ATP5ME",-0.0389831040090325,-0.0328427292206914
"13967","7517","XRCC3",-0.105285751955228,0.395858158875828
"13968","137075","CLDN23",-0.184322203570241,-0.793591412375495
"13969","5756","TWF1",-0.0417284528220394,0.156140429503687
"13970","10440","TIMM17A",-0.0381921742412876,-0.0258683171928356
"13971","3743","KCNA7",0.307125557609835,-0.00962154518650782
"13972","64422","ATG3",0.060996064517183,-0.00711555863449664
"13973","266727","MDGA1",-0.15340493964682,-1.95131677655594
"13974","51435","SCARA3",-0.00589450669591773,0.542571217807831
"13975","5879","RAC1",0.00132690125961599,-0.0781783238527778
"13976","90933","TRIM41",-0.0644469547513618,0.125643191368512
"13977","285368","PRRT3",0.00312262405983255,0.743098285404208
"13978","267002","PGBD2",-0.0677256410425926,-0.286137143225483
"13979","57688","ZSWIM6",0.129267522875405,-1.19094686731759
"13980","54830","NUP62CL",0.0228360502172733,-1.0263671318152
"13981","23173","METAP1",-0.00144260311858435,0.546582190494364
"13982","128439","SNHG11",-0.0293202636008441,0.74714590127518
"13983","728215","NALF1",-0.0980590565020389,-1.09827484994383
"13984","196500","PIANP",-0.139850543766799,-0.0979867744976349
"13985","23762","OSBP2",0.0335559827574325,0.811416610188846
"13986","100128782","ERCC6L2-AS1",0.00231332365522885,0.0374294858713222
"13987","376940","ZC3H6",0.110882050062696,-0.689101068376115
"13988","4205","MEF2A",0.0771716626478209,-0.0106554327103581
"13989","10391","CORO2B",-0.0035639636212097,-1.20250660523403
"13990","378108","TRIM74",0.00337450060579772,-0.571117702488096
"13991","58513","EPS15L1",0.0583550127610053,0.0193433697853385
"13992","9919","SEC16A",0.0986085135536934,-0.0568974537025166
"13993","51029","DESI2",0.00452358455551138,0.116900694108532
"13994","79058","ASPSCR1",-0.00322314912306432,-0.105546647565593
"13995","26585","GREM1",-0.229791100185368,-0.881991978844076
"13996","100507419","MMP25-AS1",-0.023985684519383,-0.543791869423233
"13997","4629","MYH11",-0.00380866357965814,1.02385341223725
"13998","3382","ICA1",-0.00183729552245371,1.1083045785714
"13999","100507032","TMCC1-DT",0.0816476131044218,1.41186220924702
"14000","26235","FBXL4",0.0314368096223299,0.0250087726126664
"14001","129285","PPP1R21",0.00137830630279812,-0.428374548485022
"14002","522","ATP5PF",0.0454381126653622,0.202555229744422
"14003","273","AMPH",-0.00182370522067066,0.455133176404546
"14004","100506286","TBC1D8-AS1",-0.0217564885346012,-0.279281537899728
"14005","199745","THAP8",0.00171877783133612,0.427538145215484
"14006","4839","NOP2",0.0138758191195762,0.00931344093081687
"14007","23753","SDF2L1",0.00203041741821508,0.435326935203852
"14008","6788","STK3",0.0356131011500613,0.0587615429721122
"14009","283848","CES4A",0.0368950853270253,-0.659528583146028
"14010","146434","ZNF597",0.00131944394286165,-0.0391883492983469
"14011","8227","AKAP17A",-0.00105188883710827,-0.6772271621246
"14012","2487","FRZB",-0.0368232425328587,0.21297204607175
"14013","5467","PPARD",0.00821018025504117,-0.390509577366319
"14014","53358","SHC3",0.0603660785750439,-0.177354101369353
"14015","23245","ASTN2",0.00212310592821163,-1.47406982761017
"14016","84313","VPS25",-0.0326942749341601,-0.424802185578554
"14017","51290","ERGIC2",0.00183101392510654,0.541673221997489
"14018","80323","CCDC68",-0.0236319440892889,-0.757501693540392
"14019","55269","PSPC1",0.02404753867323,-0.159577145861959
"14020","22997","IGSF9B",0.0219147583027515,-0.122895146122177
"14021","64761","PARP12",0.116400072618286,-0.166265220424814
"14022","54859","ELP6",-0.0905721334183021,0.467518399113914
"14023","3676","ITGA4",-0.00411038257631802,0.925182223017483
"14024","51491","NOP16",-0.000770586959900399,0.198898617437742
"14025","51176","LEF1",0.287861230913756,-1.33235129307448
"14026","55258","THNSL2",0.00855113587846335,-0.369104389939477
"14027","644511","RPL13AP6",-0.0523366319912014,-0.305759080603429
"14028","54148","MRPL39",-0.0373558966962033,-0.663689833663583
"14029","57037","ANKMY2",0.00414255220660209,0.0116656697655415
"14030","91137","SLC25A46",-0.0492509943344084,0.205492685444266
"14031","401232","LINC01011",0.0274377234241658,-0.744622863008963
"14032","6326","SCN2A",-0.219829222746112,-1.36111601626603
"14033","5357","PLS1",-0.0959782479898594,0.198867408782207
"14034","25842","ASF1A",-0.0678098769944038,-0.200230522666544
"14035","136895","C7orf31",0.0157474177352022,-0.148834787439287
"14036","6160","RPL31",-0.0274632709362379,-0.0598351305749194
"14037","1139","CHRNA7",0.152339676476163,-1.61099741923578
"14038","414062","CCL3L3",0.141589793913117,-0.800269756682653
"14039","132","ADK",0.0131431640600965,-1.5022724789488
"14040","79682","CENPU",-0.00445498491795204,1.16466034470961
"14041","441951","ZFAS1",0.00447147702157835,-0.169273569270461
"14042","169044","COL22A1",-0.332144922896031,0.329975976237749
"14043","201562","HACD2",0.050949237687095,0.861951441866598
"14044","55827","DCAF6",0.0153331190949517,-0.0328339893224072
"14045","252995","FNDC5",-0.170587596103999,1.64184464965161
"14046","79884","MAP9",0.000426722798555268,0.923134528577624
"14047","57827","C6orf47",-0.0396114145896904,0.537174702618539
"14048","1896","EDA",-0.0581063911823341,1.39599342173358
"14049","84159","ARID5B",-0.492433309737034,-0.991140564541851
"14050","6799","SULT1A2",-0.00272769200741774,0.623656519010636
"14051","440138","ALG11",0.000675343126935068,0.104435350014708
"14052","29984","RHOD",-0.0359560661453822,-1.12744564083221
"14053","23564","DDAH2",-0.132912670323297,1.55644523111359
"14054","5606","MAP2K3",-0.092211847941714,-1.5317869906902
"14055","10240","MRPS31",0.0339715578756401,0.390175451220958
"14056","10849","POLR1G",-0.13308360468421,-0.212489636373404
"14057","51673","TPPP3",-0.00114177625415346,-0.691398668899969
"14058","7374","UNG",-0.0455532829371661,0.995283018821256
"14059","23383","MAU2",-0.0275923059132381,-0.0934427372706201
"14060","84924","ZNF566",-0.00400822019256886,0.150540144514637
"14061","8045","RASSF7",-0.0444596806317872,0.17087832770873
"14062","7347","UCHL3",-0.0261052013784191,-0.392426065380246
"14063","149951","COMMD7",0.000272608463372848,0.000903863612693456
"14064","121601","ANO4",-0.0201274077130491,1.22115657014906
"14065","7786","MAP3K12",-0.0249549038462984,-0.815873049369662
"14066","5787","PTPRB",0.0154486318908797,-2.54453981737068
"14067","126626","GABPB2",-0.0606122153371991,-0.809017838999884
"14068","7155","TOP2B",0.0440304185196299,0.792868552530995
"14069","5832","ALDH18A1",0.0393425687641678,1.37159470376647
"14070","151636","DTX3L",-0.0831177711504467,-0.957544573588038
"14071","91947","ARRDC4",-0.000797997725668687,-0.743924342362479
"14072","168455","CCDC71L",-0.0960496969499243,-1.65327315024756
"14073","4798","NFRKB",0.0325218351741583,-0.138204753148763
"14074","558","AXL",-0.0102760040084569,-0.672014070084114
"14075","5062","PAK2",0.0457837830763452,-0.420770742830447
"14076","72","ACTG2",-0.242550372809613,1.52847627433117
"14077","153571","C5orf38",0.326842057924816,-0.142055725215923
"14078","55847","CISD1",0.0197271815072817,0.373367712773334
"14079","517","ATP5MC2",-0.000164254848860956,0.564353196127373
"14080","2562","GABRB3",0.000364820689021439,-1.78956005319495
"14081","161424","NOP9",0.000105533028712301,0.0966880678612512
"14082","283481","FGF14-AS2",0.0389402674099785,0.361999170783293
"14083","89958","SAPCD2",0.000939533785391244,1.98125375835796
"14084","548644","POLR2J3",0.0540877772869379,-0.220754292158406
