"","entrezgene_id","ensembl_gene_id","hgnc_symbol","ensembl_transcript_id"
"1",23542,"ENSG00000008735","MAPK8IP2","ENST00000008876"
"2",11215,"ENSG00000023516","AKAP11","ENST00000025301"
"3",140876,"ENSG00000042062","RIPOR3","ENST00000045083"
"4",55173,"ENSG00000048544","MRPS10","ENST00000053468"
"5",27238,"ENSG00000068394","GPKOW","ENST00000156109"
"6",440,"ENSG00000070669","ASNS","ENST00000175506"
"7",9697,"ENSG00000065308","TRAM2","ENST00000182527"
"8",54887,"ENSG00000065060","BLTP3A","ENST00000192788"
"9",56131,"ENSG00000081818","PCDHB4","ENST00000194152"
"10",54437,"ENSG00000082684","SEMA5B","ENST00000195173"
"11",55659,"ENSG00000083817","ZNF416","ENST00000196489"
"12",81572,"ENSG00000088356","PDRG1","ENST00000202017"
"13",1947,"ENSG00000090776","EFNB1","ENST00000204961"
"14",10683,"ENSG00000090932","DLL3","ENST00000205143"
"15",28978,"ENSG00000096092","TMEM14A","ENST00000211314"
"16",7049,"ENSG00000069702","TGFBR3","ENST00000212355"
"17",9274,"ENSG00000099385","BCL7C","ENST00000215115"
"18",1943,"ENSG00000099617","EFNA2","ENST00000215368"
"19",255057,"ENSG00000099625","CBARP","ENST00000215376"
"20",4713,"ENSG00000099795","NDUFB7","ENST00000215565"
"21",50487,"ENSG00000100078","PLA2G3","ENST00000215885"
"22",57168,"ENSG00000128203","ASPHD2","ENST00000215906"
"23",23598,"ENSG00000100105","PATZ1","ENST00000215919"
"24",638,"ENSG00000100290","BIK","ENST00000216115"
"25",23551,"ENSG00000100302","RASD2","ENST00000216127"
"26",9889,"ENSG00000100426","ZBED4","ENST00000216268"
"27",6617,"ENSG00000023608","SNAPC1","ENST00000216294"
"28",283578,"ENSG00000100580","TMED8","ENST00000216468"
"29",161394,"ENSG00000100583","SAMD15","ENST00000216471"
"30",4605,"ENSG00000101057","MYBL2","ENST00000217026"
"31",81027,"ENSG00000101162","TUBB1","ENST00000217133"
"32",10732,"ENSG00000101190","TCFL5","ENST00000217162"
"33",6640,"ENSG00000101400","SNTA1","ENST00000217381"
"34",11264,"ENSG00000101417","PXMP4","ENST00000217398"
"35",128866,"ENSG00000101421","CHMP4B","ENST00000217402"
"36",57136,"ENSG00000101474","APMAP","ENST00000217456"
"37",25878,"ENSG00000101825","MXRA5","ENST00000217939"
"38",412,"ENSG00000101846","STS","ENST00000217961"
"39",10857,"ENSG00000101856","PGRMC1","ENST00000217971"
"40",6102,"ENSG00000102218","RP2","ENST00000218340"
"41",6445,"ENSG00000102683","SGCG","ENST00000218867"
"42",4350,"ENSG00000103152","MPG","ENST00000219431"
"43",9028,"ENSG00000103269","RHBDL1","ENST00000219551"
"44",51105,"ENSG00000129292","PHF20L1","ENST00000220847"
"45",3743,"ENSG00000104848","KCNA7","ENST00000221444"
"46",1158,"ENSG00000104879","CKM","ENST00000221476"
"47",79165,"ENSG00000105617","LENG1","ENST00000222224"
"48",8976,"ENSG00000106299","WASL","ENST00000223023"
"49",5054,"ENSG00000106366","SERPINE1","ENST00000223095"
"50",54662,"ENSG00000107021","TBC1D13","ENST00000223865"
"51",23729,"ENSG00000197417","SHPK","ENST00000225519"
"52",3292,"ENSG00000108786","HSD17B1","ENST00000225929"
"53",1949,"ENSG00000108947","EFNB3","ENST00000226091"
"54",6404,"ENSG00000110876","SELPLG","ENST00000228463"
"55",1389,"ENSG00000111269","CREBL2","ENST00000228865"
"56",283459,"ENSG00000257218","GATC","ENST00000229384"
"57",135114,"ENSG00000111911","HINT3","ENST00000229633"
"58",80329,"ENSG00000111981","ULBP1","ENST00000229708"
"59",11329,"ENSG00000112079","STK38","ENST00000229812"
"60",81491,"ENSG00000112218","GPR63","ENST00000229955"
"61",26235,"ENSG00000112234","FBXL4","ENST00000229971"
"62",2979,"ENSG00000112599","GUCA1B","ENST00000230361"
"63",5961,"ENSG00000112619","PRPH2","ENST00000230381"
"64",10884,"ENSG00000112996","MRPS30","ENST00000230914"
"65",9421,"ENSG00000113196","HAND1","ENST00000231121"
"66",56129,"ENSG00000113212","PCDHB7","ENST00000231137"
"67",56121,"ENSG00000113248","PCDHB15","ENST00000231173"
"68",5515,"ENSG00000113575","PPP2CA","ENST00000231504"
"69",9136,"ENSG00000114767","RRP9","ENST00000232888"
"70",9168,"ENSG00000034510","TMSB10","ENST00000233143"
"71",84141,"ENSG00000115363","EVA1A","ENST00000233712"
"72",9687,"ENSG00000196208","GREB1","ENST00000234142"
"73",9167,"ENSG00000115944","COX7A2L","ENST00000234301"
"74",84144,"ENSG00000097096","SYDE2","ENST00000234668"
"75",127544,"ENSG00000116514","RNF19B","ENST00000235150"
"76",23169,"ENSG00000116704","SLC35D1","ENST00000235345"
"77",335,"ENSG00000118137","APOA1","ENST00000236850"
"78",84085,"ENSG00000118496","FBXO30","ENST00000237281"
"79",2691,"ENSG00000118702","GHRH","ENST00000237527"
"80",8987,"ENSG00000118804","STBD1","ENST00000237642"
"81",7763,"ENSG00000107372","ZFAND5","ENST00000237937"
"82",80235,"ENSG00000119227","PIGZ","ENST00000238138"
"83",10297,"ENSG00000115266","APC2","ENST00000238483"
"84",64207,"ENSG00000119669","IRF2BPL","ENST00000238647"
"85",9419,"ENSG00000119878","CRIPT","ENST00000238892"
"86",5507,"ENSG00000119938","PPP1R3C","ENST00000238994"
"87",3215,"ENSG00000120075","HOXB5","ENST00000239151"
"88",1843,"ENSG00000120129","DUSP1","ENST00000239223"
"89",56126,"ENSG00000120324","PCDHB10","ENST00000239446"
"90",56124,"ENSG00000120328","PCDHB12","ENST00000239450"
"91",1958,"ENSG00000120738","EGR1","ENST00000239938"
"92",27230,"ENSG00000120742","SERP1","ENST00000239944"
"93",1846,"ENSG00000120875","DUSP4","ENST00000240101"
"94",2700,"ENSG00000121743","GJA3","ENST00000241125"
"95",644150,"ENSG00000122574","WIPF3","ENST00000242140"
"96",7291,"ENSG00000122691","TWIST1","ENST00000242261"
"97",92014,"ENSG00000122696","SLC25A51","ENST00000242275"
"98",138474,"ENSG00000122728","TAF1L","ENST00000242310"
"99",64105,"ENSG00000123219","CENPK","ENST00000242872"
"100",51209,"ENSG00000123570","RAB9B","ENST00000243298"
"101",3759,"ENSG00000123700","KCNJ2","ENST00000243457"
"102",3623,"ENSG00000123999","INHA","ENST00000243786"
"103",79913,"ENSG00000101442","ACTR5","ENST00000243903"
"104",27304,"ENSG00000124217","MOCS3","ENST00000244051"
"105",400961,"ENSG00000124374","PAIP2B","ENST00000244221"
"106",5190,"ENSG00000124587","PEX6","ENST00000244546"
"107",222643,"ENSG00000124602","UNC5CL","ENST00000244565"
"108",10930,"ENSG00000124701","APOBEC2","ENST00000244669"
"109",6659,"ENSG00000124766","SOX4","ENST00000244745"
"110",6662,"ENSG00000125398","SOX9","ENST00000245479"
"111",8744,"ENSG00000125657","TNFSF9","ENST00000245817"
"112",6238,"ENSG00000125844","RRBP1","ENST00000246043"
"113",24141,"ENSG00000125869","LAMP5","ENST00000246070"
"114",10893,"ENSG00000125966","MMP24","ENST00000246186"
"115",5326,"ENSG00000126003","PLAGL2","ENST00000246229"
"116",79414,"ENSG00000126243","LRFN3","ENST00000246529"
"117",9572,"ENSG00000126368","NR1D1","ENST00000246672"
"118",3306,"ENSG00000126803","HSPA2","ENST00000247207"
"119",81537,"ENSG00000126821","SGPP1","ENST00000247225"
"120",27153,"ENSG00000196453","ZNF777","ENST00000247930"
"121",64718,"ENSG00000059145","UNKL","ENST00000248104"
"122",148022,"ENSG00000127666","TICAM1","ENST00000248244"
"123",2791,"ENSG00000127920","GNG11","ENST00000248564"
"124",57622,"ENSG00000128011","LRFN1","ENST00000248668"
"125",9459,"ENSG00000129675","ARHGEF6","ENST00000250617"
"126",79023,"ENSG00000075188","NUP37","ENST00000251074"
"127",283638,"ENSG00000099814","CEP170B","ENST00000251181"
"128",56986,"ENSG00000104047","DTWD1","ENST00000251250"
"129",610,"ENSG00000099822","HCN2","ENST00000251287"
"130",57221,"ENSG00000112379","ARFGEF3","ENST00000251691"
"131",6674,"ENSG00000104450","SPAG1","ENST00000251809"
"132",3741,"ENSG00000130037","KCNA5","ENST00000252321"
"133",84262,"ENSG00000157778","PSMG3","ENST00000252329"
"134",9754,"ENSG00000130052","STARD8","ENST00000252336"
"135",27112,"ENSG00000130054","NALF2","ENST00000252338"
"136",64981,"ENSG00000130312","MRPL34","ENST00000252602"
"137",57688,"ENSG00000130449","ZSWIM6","ENST00000252744"
"138",140628,"ENSG00000130700","GATA5","ENST00000252997"
"139",54958,"ENSG00000130748","TMEM160","ENST00000253047"
"140",83667,"ENSG00000130766","SESN2","ENST00000253063"
"141",54754,"ENSG00000130950","NUTM2F","ENST00000253262"
"142",10882,"ENSG00000131094","C1QL1","ENST00000253407"
"143",56135,"ENSG00000248383","PCDHAC1","ENST00000253807"
"144",6737,"ENSG00000132109","TRIM21","ENST00000254436"
"145",57050,"ENSG00000132467","UTP3","ENST00000254803"
"146",4147,"ENSG00000132561","MATN2","ENST00000254898"
"147",29107,"ENSG00000132661","NXT1","ENST00000254998"
"148",140831,"ENSG00000132801","ZSWIM3","ENST00000255152"
"149",79589,"ENSG00000133135","RNF128","ENST00000255499"
"150",79879,"ENSG00000100147","CCDC134","ENST00000255784"
"151",79845,"ENSG00000133874","RNF122","ENST00000256257"
"152",11161,"ENSG00000133935","ERG28","ENST00000256319"
"153",23508,"ENSG00000133985","TTC9","ENST00000256367"
"154",3656,"ENSG00000134070","IRAK2","ENST00000256458"
"155",9363,"ENSG00000134594","RAB33A","ENST00000257017"
"156",85025,"ENSG00000135211","TMEM60","ENST00000257663"
"157",112609,"ENSG00000135324","MRAP2","ENST00000257776"
"158",65080,"ENSG00000135900","MRPL44","ENST00000258383"
"159",79074,"ENSG00000135974","C2orf49","ENST00000258457"
"160",55270,"ENSG00000136159","NUDT15","ENST00000258662"
"161",84811,"ENSG00000137656","BUD13","ENST00000260210"
"162",2230,"ENSG00000137714","FDX1","ENST00000260270"
"163",84171,"ENSG00000138131","LOXL4","ENST00000260702"
"164",3832,"ENSG00000138160","KIF11","ENST00000260731"
"165",403,"ENSG00000138175","ARL3","ENST00000260746"
"166",53836,"ENSG00000138271","GPR87","ENST00000260843"
"167",441631,"ENSG00000110900","TSPAN11","ENST00000261177"
"168",2998,"ENSG00000111713","GYS2","ENST00000261195"
"169",4659,"ENSG00000058272","PPP1R12A","ENST00000261207"
"170",6532,"ENSG00000108576","SLC6A4","ENST00000261707"
"171",23184,"ENSG00000117899","MESD","ENST00000261758"
"172",8483,"ENSG00000138615","CILP","ENST00000261883"
"173",4756,"ENSG00000067141","NEO1","ENST00000261908"
"174",10021,"ENSG00000138622","HCN4","ENST00000261917"
"175",23361,"ENSG00000102870","ZNF629","ENST00000262525"
"176",5774,"ENSG00000070159","PTPN3","ENST00000262539"
"177",10326,"ENSG00000101307","SIRPB1","ENST00000262929"
"178",1801,"ENSG00000108963","DPH1","ENST00000263084"
"179",80114,"ENSG00000122870","BICC1","ENST00000263103"
"180",54926,"ENSG00000107341","UBE2R2","ENST00000263228"
"181",2906,"ENSG00000105464","GRIN2D","ENST00000263269"
"182",9466,"ENSG00000104998","IL27RA","ENST00000263379"
"183",9829,"ENSG00000116675","DNAJC6","ENST00000263441"
"184",51631,"ENSG00000146963","LUC7L2","ENST00000263545"
"185",9917,"ENSG00000116199","FAM20B","ENST00000263733"
"186",51101,"ENSG00000104427","ZC2HC1A","ENST00000263849"
"187",4811,"ENSG00000116962","NID1","ENST00000264187"
"188",79594,"ENSG00000090432","MUL1","ENST00000264198"
"189",10606,"ENSG00000128050","PAICS","ENST00000264221"
"190",84273,"ENSG00000084092","NOA1","ENST00000264230"
"191",56925,"ENSG00000079257","LXN","ENST00000264265"
"192",83478,"ENSG00000138639","ARHGAP24","ENST00000264343"
"193",8916,"ENSG00000138641","HERC3","ENST00000264345"
"194",22979,"ENSG00000084710","EFR3B","ENST00000264719"
"195",53834,"ENSG00000127418","FGFRL1","ENST00000264748"
"196",55300,"ENSG00000038210","PI4K2B","ENST00000264864"
"197",2651,"ENSG00000111846","GCNT2","ENST00000265012"
"198",27146,"ENSG00000047662","FAM184B","ENST00000265018"
"199",10427,"ENSG00000138802","SEC24B","ENST00000265175"
"200",84515,"ENSG00000125885","MCM8","ENST00000265187"
"201",6722,"ENSG00000112658","SRF","ENST00000265354"
"202",11059,"ENSG00000123124","WWP1","ENST00000265428"
"203",311,"ENSG00000122359","ANXA11","ENST00000265447"
"204",4547,"ENSG00000138823","MTTP","ENST00000265517"
"205",387,"ENSG00000067560","RHOA","ENST00000265538"
"206",56937,"ENSG00000124225","PMEPA1","ENST00000265626"
"207",51083,"ENSG00000069482","GAL","ENST00000265643"
"208",114049,"ENSG00000071462","BUD23","ENST00000265758"
"209",11070,"ENSG00000126062","TMEM115","ENST00000266025"
"210",2771,"ENSG00000114353","GNAI2","ENST00000266027"
"211",1795,"ENSG00000088538","DOCK3","ENST00000266037"
"212",6425,"ENSG00000120057","SFRP5","ENST00000266066"
"213",55251,"ENSG00000203880","PCMTD2","ENST00000266078"
"214",24148,"ENSG00000101161","PRPF6","ENST00000266079"
"215",7078,"ENSG00000100234","TIMP3","ENST00000266085"
"216",23761,"ENSG00000241878","PISD","ENST00000266095"
"217",91445,"ENSG00000138942","RNF185","ENST00000266252"
"218",2120,"ENSG00000139083","ETV6","ENST00000266427"
"219",22822,"ENSG00000139289","PHLDA1","ENST00000266671"
"220",55647,"ENSG00000139832","RAB20","ENST00000267328"
"221",59274,"ENSG00000140406","TLNRD1","ENST00000267984"
"222",91947,"ENSG00000140450","ARRDC4","ENST00000268042"
"223",9960,"ENSG00000140455","USP3","ENST00000268049"
"224",23174,"ENSG00000140948","ZCCHC14","ENST00000268616"
"225",84733,"ENSG00000173894","CBX2","ENST00000269399"
"226",3487,"ENSG00000141753","IGFBP4","ENST00000269593"
"227",55527,"ENSG00000141965","FEM1A","ENST00000269856"
"228",115399,"ENSG00000161328","LRRC56","ENST00000270115"
"229",59283,"ENSG00000142408","CACNG8","ENST00000270458"
"230",51042,"ENSG00000142684","ZNF593","ENST00000270812"
"231",55194,"ENSG00000142694","EVA1B","ENST00000270824"
"232",163859,"ENSG00000143751","SDE2","ENST00000272091"
"233",149111,"ENSG00000143786","CNIH3","ENST00000272133"
"234",7483,"ENSG00000143816","WNT9A","ENST00000272164"
"235",388,"ENSG00000143878","RHOB","ENST00000272233"
"236",11249,"ENSG00000144227","NXPH2","ENST00000272641"
"237",57007,"ENSG00000144476","ACKR3","ENST00000272928"
"238",57574,"ENSG00000144583","MARCHF4","ENST00000273067"
"239",1295,"ENSG00000144810","COL8A1","ENST00000273342"
"240",79966,"ENSG00000145284","SCD5","ENST00000273908"
"241",890,"ENSG00000145386","CCNA2","ENST00000274026"
"242",55016,"ENSG00000145416","MARCHF1","ENST00000274056"
"243",6423,"ENSG00000145423","SFRP2","ENST00000274063"
"244",4651,"ENSG00000145555","MYO10","ENST00000274203"
"245",56929,"ENSG00000145780","FEM1C","ENST00000274457"
"246",91975,"ENSG00000145908","ZNF300","ENST00000274599"
"247",23138,"ENSG00000145911","N4BP3","ENST00000274605"
"248",9509,"ENSG00000087116","ADAMTS2","ENST00000274609"
"249",8817,"ENSG00000156427","FGF18","ENST00000274625"
"250",192286,"ENSG00000146066","HIGD2A","ENST00000274787"
"251",4594,"ENSG00000146085","MMUT","ENST00000274813"
"252",29777,"ENSG00000146109","ABT1","ENST00000274849"
"253",222663,"ENSG00000146197","SCUBE3","ENST00000274938"
"254",135293,"ENSG00000146281","PM20D2","ENST00000275072"
"255",154091,"ENSG00000146411","SLC2A12","ENST00000275230"
"256",6581,"ENSG00000146477","SLC22A3","ENST00000275300"
"257",136853,"ENSG00000146700","SSC4D","ENST00000275560"
"258",83604,"ENSG00000147027","TMEM47","ENST00000275954"
"259",56548,"ENSG00000147119","CHST7","ENST00000276055"
"260",29934,"ENSG00000147164","SNX12","ENST00000276105"
"261",2796,"ENSG00000147437","GNRH1","ENST00000276414"
"262",728577,"ENSG00000154529","CNTNAP3B","ENST00000276974"
"263",91734,"ENSG00000148377","IDI2","ENST00000277517"
"264",9712,"ENSG00000148429","USP6NL","ENST00000277575"
"265",85450,"ENSG00000148841","ITPRIP","ENST00000278071"
"266",23052,"ENSG00000149218","ENDOD1","ENST00000278505"
"267",10398,"ENSG00000101335","MYL9","ENST00000279022"
"268",53942,"ENSG00000149972","CNTN5","ENST00000279463"
"269",130576,"ENSG00000150556","LYPD6B","ENST00000280115"
"270",196383,"ENSG00000150977","RILPL2","ENST00000280571"
"271",3742,"ENSG00000151079","KCNA6","ENST00000280684"
"272",9679,"ENSG00000189319","FAM53B","ENST00000280780"
"273",283464,"ENSG00000151233","GXYLT1","ENST00000280876"
"274",145508,"ENSG00000100629","CEP128","ENST00000281129"
"275",5042,"ENSG00000151846","PABPC3","ENST00000281589"
"276",4249,"ENSG00000152127","MGAT5","ENST00000281923"
"277",79596,"ENSG00000152193","OBI1","ENST00000282003"
"278",56659,"ENSG00000152315","KCNK13","ENST00000282146"
"279",127933,"ENSG00000152332","UHMK1","ENST00000282169"
"280",7518,"ENSG00000152422","XRCC4","ENST00000282268"
"281",92935,"ENSG00000247626","MARS2","ENST00000282276"
"282",678,"ENSG00000152518","ZFP36L2","ENST00000282388"
"283",4154,"ENSG00000152601","MBNL1","ENST00000282488"
"284",654,"ENSG00000153162","BMP6","ENST00000283147"
"285",221393,"ENSG00000153294","ADGRF4","ENST00000283303"
"286",22934,"ENSG00000153574","RPIA","ENST00000283646"
"287",55740,"ENSG00000154380","ENAH","ENST00000284563"
"288",5506,"ENSG00000154415","PPP1R3A","ENST00000284602"
"289",4685,"ENSG00000154654","NCAM2","ENST00000284894"
"290",729288,"ENSG00000290687","ZNF286B","ENST00000285274"
"291",8324,"ENSG00000155760","FZD7","ENST00000286201"
"292",134353,"ENSG00000155858","LSM11","ENST00000286307"
"293",10592,"ENSG00000136824","SMC2","ENST00000286398"
"294",2334,"ENSG00000155966","AFF2","ENST00000286437"
"295",157657,"ENSG00000156172","CFAP418","ENST00000286688"
"296",9154,"ENSG00000156222","SLC28A1","ENST00000286749"
"297",392255,"ENSG00000156466","GDF6","ENST00000287020"
"298",163786,"ENSG00000156876","SASS6","ENST00000287482"
"299",7079,"ENSG00000157150","TIMP4","ENST00000287814"
"300",8321,"ENSG00000157240","FZD1","ENST00000287934"
"301",64146,"ENSG00000258429","PDF","ENST00000288022"
"302",114991,"ENSG00000157657","ZNF618","ENST00000288466"
"303",169611,"ENSG00000185585","OLFML2A","ENST00000288815"
"304",115572,"ENSG00000158246","TENT5B","ENST00000289166"
"305",3017,"ENSG00000158373","H2BC5","ENST00000289316"
"306",11013,"ENSG00000158164","TMSB15A","ENST00000289373"
"307",57685,"ENSG00000158966","CACHD1","ENST00000290039"
"308",57369,"ENSG00000159248","GJD2","ENST00000290374"
"309",201176,"ENSG00000159314","ARHGAP27","ENST00000290470"
"310",7832,"ENSG00000159388","BTG2","ENST00000290551"
"311",1476,"ENSG00000160213","CSTB","ENST00000291568"
"312",81543,"ENSG00000160233","LRRC3","ENST00000291592"
"313",199777,"ENSG00000188171","ZNF626","ENST00000291750"
"314",26086,"ENSG00000160360","GPSM1","ENST00000291775"
"315",147746,"ENSG00000160396","HIPK4","ENST00000291823"
"316",51043,"ENSG00000160685","ZBTB7B","ENST00000292176"
"317",5439,"ENSG00000005075","POLR2J","ENST00000292614"
"318",113251,"ENSG00000161813","LARP4","ENST00000293618"
"319",57585,"ENSG00000007545","CRAMP1","ENST00000293925"
"320",4917,"ENSG00000162068","NTN3","ENST00000293973"
"321",116362,"ENSG00000162444","RBP7","ENST00000294435"
"322",148870,"ENSG00000162592","CCDC27","ENST00000294600"
"323",148304,"ENSG00000162757","C1orf74","ENST00000294811"
"324",79762,"ENSG00000162817","C1orf115","ENST00000294889"
"325",84661,"ENSG00000162961","DPY30","ENST00000295066"
"326",3754,"ENSG00000162975","KCNF1","ENST00000295082"
"327",2487,"ENSG00000162998","FRZB","ENST00000295113"
"328",150726,"ENSG00000163013","FBXO41","ENST00000295133"
"329",494143,"ENSG00000143942","CHAC2","ENST00000295304"
"330",27302,"ENSG00000163217","BMP10","ENST00000295379"
"331",7855,"ENSG00000163251","FZD5","ENST00000295417"
"332",116064,"ENSG00000163428","LRRC58","ENST00000295628"
"333",57018,"ENSG00000163660","CCNL1","ENST00000295925"
"334",5806,"ENSG00000163661","PTX3","ENST00000295927"
"335",7349,"ENSG00000163794","UCN","ENST00000296099"
"336",57456,"ENSG00000163807","KIAA1143","ENST00000296121"
"337",7802,"ENSG00000163879","DNALI1","ENST00000296218"
"338",114885,"ENSG00000144909","OSBPL11","ENST00000296220"
"339",8819,"ENSG00000164105","SAP30","ENST00000296504"
"340",2150,"ENSG00000164251","F2RL1","ENST00000296677"
"341",94234,"ENSG00000164379","FOXQ1","ENST00000296839"
"342",27242,"ENSG00000146072","TNFRSF21","ENST00000296861"
"343",92421,"ENSG00000164695","CHMP4C","ENST00000297265"
"344",5224,"ENSG00000164708","PGAM2","ENST00000297283"
"345",286046,"ENSG00000171044","XKR6","ENST00000297303"
"346",157773,"ENSG00000164743","C8orf48","ENST00000297324"
"347",27012,"ENSG00000164794","KCNV1","ENST00000297404"
"348",157753,"ENSG00000164841","TMEM74","ENST00000297459"
"349",154791,"ENSG00000164898","FMC1","ENST00000297534"
"350",25788,"ENSG00000197275","RAD54B","ENST00000297592"
"351",4783,"ENSG00000165030","NFIL3","ENST00000297689"
"352",171546,"ENSG00000165389","SPTSSA","ENST00000298130"
"353",6166,"ENSG00000165502","RPL36AL","ENST00000298289"
"354",55172,"ENSG00000165506","DNAAF2","ENST00000298292"
"355",7570,"ENSG00000165512","ZNF22","ENST00000298299"
"356",122830,"ENSG00000139977","NAA30","ENST00000298406"
"357",196740,"ENSG00000165633","VSTM4","ENST00000298454"
"358",23172,"ENSG00000165660","ABRAXAS2","ENST00000298492"
"359",1757,"ENSG00000123453","SARDH","ENST00000298628"
"360",2619,"ENSG00000180447","GAS1","ENST00000298743"
"361",54537,"ENSG00000122376","SHLD2","ENST00000298786"
"362",80017,"ENSG00000133943","DGLUCY","ENST00000298858"
"363",389941,"ENSG00000165985","C1QL3","ENST00000298943"
"364",121457,"ENSG00000166130","IKBIP","ENST00000299157"
"365",170689,"ENSG00000166106","ADAMTS15","ENST00000299164"
"366",115708,"ENSG00000166166","TRMT61A","ENST00000299202"
"367",79803,"ENSG00000166189","HPS6","ENST00000299238"
"368",196446,"ENSG00000166268","MYRFL","ENST00000299350"
"369",5896,"ENSG00000166349","RAG1","ENST00000299440"
"370",7275,"ENSG00000166402","TUB","ENST00000299506"
"371",139231,"ENSG00000123575","FAM199X","ENST00000299906"
"372",348093,"ENSG00000166831","RBPMS2","ENST00000300069"
"373",9880,"ENSG00000166860","ZBTB39","ENST00000300101"
"374",4130,"ENSG00000166963","MAP1A","ENST00000300231"
"375",22974,"ENSG00000088325","TPX2","ENST00000300403"
"376",92162,"ENSG00000167874","TMEM88","ENST00000301599"
"377",146434,"ENSG00000167981","ZNF597","ENST00000301744"
"378",8772,"ENSG00000168040","FADD","ENST00000301838"
"379",51435,"ENSG00000168077","SCARA3","ENST00000301904"
"380",23112,"ENSG00000100354","TNRC6B","ENST00000301923"
"381",8988,"ENSG00000169271","HSPB3","ENST00000302005"
"382",79192,"ENSG00000170549","IRX1","ENST00000302006"
"383",168544,"ENSG00000181444","ZNF467","ENST00000302017"
"384",153572,"ENSG00000170561","IRX2","ENST00000302057"
"385",26145,"ENSG00000170604","IRF2BP1","ENST00000302165"
"386",131616,"ENSG00000169964","TMEM42","ENST00000302392"
"387",51499,"ENSG00000170855","TRIAP1","ENST00000302432"
"388",7200,"ENSG00000170893","TRH","ENST00000302649"
"389",84275,"ENSG00000171612","SLC25A33","ENST00000302692"
"390",10978,"ENSG00000172409","CLP1","ENST00000302731"
"391",3726,"ENSG00000171223","JUNB","ENST00000302754"
"392",10251,"ENSG00000168939","SPRY3","ENST00000302805"
"393",3777,"ENSG00000171303","KCNK3","ENST00000302909"
"394",1051,"ENSG00000172216","CEBPB","ENST00000303004"
"395",143872,"ENSG00000165895","ARHGAP42","ENST00000303130"
"396",4902,"ENSG00000171119","NRTN","ENST00000303212"
"397",54993,"ENSG00000176371","ZSCAN2","ENST00000303310"
"398",5093,"ENSG00000169564","PCBP1","ENST00000303577"
"399",3761,"ENSG00000168135","KCNJ4","ENST00000303592"
"400",57215,"ENSG00000168286","THAP11","ENST00000303596"
"401",3012,"ENSG00000277075","H2AC8","ENST00000303910"
"402",2861,"ENSG00000170775","GPR37","ENST00000303921"
"403",3037,"ENSG00000170961","HAS2","ENST00000303924"
"404",114787,"ENSG00000169258","GPRIN1","ENST00000303991"
"405",79697,"ENSG00000170468","RIOX1","ENST00000304061"
"406",84630,"ENSG00000146216","TTBK1","ENST00000304139"
"407",8436,"ENSG00000168497","CAVIN2","ENST00000304141"
"408",83640,"ENSG00000169612","RAMAC","ENST00000304191"
"409",3316,"ENSG00000170276","HSPB2","ENST00000304298"
"410",2850,"ENSG00000170837","GPR27","ENST00000304411"
"411",653464,"ENSG00000171943","SRGAP2C","ENST00000304465"
"412",653489,"ENSG00000153165","RGPD3","ENST00000304514"
"413",165215,"ENSG00000144369","FAM171B","ENST00000304698"
"414",114990,"ENSG00000168140","VASN","ENST00000304735"
"415",126669,"ENSG00000169291","SHE","ENST00000304760"
"416",140838,"ENSG00000170191","NANP","ENST00000304788"
"417",7386,"ENSG00000169021","UQCRFS1","ENST00000304863"
"418",5028,"ENSG00000169860","P2RY1","ENST00000305097"
"419",170394,"ENSG00000171813","PWWP2B","ENST00000305233"
"420",654483,"ENSG00000169627","BOLA2B","ENST00000305321"
"421",4247,"ENSG00000168282","MGAT2","ENST00000305386"
"422",83452,"ENSG00000172007","RAB33B","ENST00000305626"
"423",9637,"ENSG00000171055","FEZ2","ENST00000305852"
"424",154,"ENSG00000169252","ADRB2","ENST00000305988"
"425",4255,"ENSG00000170430","MGMT","ENST00000306010"
"426",27258,"ENSG00000170860","LSM3","ENST00000306024"
"427",79188,"ENSG00000170876","TMEM43","ENST00000306077"
"428",3038,"ENSG00000103044","HAS3","ENST00000306560"
"429",147,"ENSG00000170214","ADRA1B","ENST00000306675"
"430",100271927,"ENSG00000170667","RASA4B","ENST00000306682"
"431",9054,"ENSG00000244005","NFS1","ENST00000306750"
"432",10231,"ENSG00000172348","RCAN2","ENST00000306764"
"433",222584,"ENSG00000168143","FAM83B","ENST00000306858"
"434",136647,"ENSG00000168303","MPLKIP","ENST00000306984"
"435",51778,"ENSG00000172399","MYOZ2","ENST00000307128"
"436",203062,"ENSG00000171045","TSNARE1","ENST00000307180"
"437",116236,"ENSG00000168792","ABHD15","ENST00000307201"
"438",54541,"ENSG00000168209","DDIT4","ENST00000307365"
"439",79064,"ENSG00000168569","TMEM223","ENST00000307366"
"440",3576,"ENSG00000169429","CXCL8","ENST00000307407"
"441",25849,"ENSG00000169116","PARM1","ENST00000307428"
"442",84140,"ENSG00000170264","FAM161A","ENST00000307507"
"443",83987,"ENSG00000169515","CCDC8","ENST00000307522"
"444",152189,"ENSG00000170293","CMTM8","ENST00000307526"
"445",347273,"ENSG00000170681","CAVIN4","ENST00000307584"
"446",7532,"ENSG00000170027","YWHAG","ENST00000307630"
"447",51362,"ENSG00000168438","CDC40","ENST00000307731"
"448",9925,"ENSG00000168795","ZBTB5","ENST00000307750"
"449",4170,"ENSG00000143384","MCL1","ENST00000307940"
"450",92359,"ENSG00000130545","CRB3","ENST00000308243"
"451",22843,"ENSG00000175175","PPM1E","ENST00000308249"
"452",1464,"ENSG00000173546","CSPG4","ENST00000308508"
"453",23024,"ENSG00000121440","PDZRN3","ENST00000308537"
"454",90441,"ENSG00000173545","ZNF622","ENST00000308683"
"455",22992,"ENSG00000173120","KDM2A","ENST00000308783"
"456",3077,"ENSG00000010704","HFE","ENST00000309234"
"457",84159,"ENSG00000150347","ARID5B","ENST00000309334"
"458",344558,"ENSG00000172985","SH3RF3","ENST00000309415"
"459",79781,"ENSG00000132321","IQCA1","ENST00000309507"
"460",8704,"ENSG00000117411","B4GALT2","ENST00000309519"
"461",9435,"ENSG00000175040","CHST2","ENST00000309575"
"462",78988,"ENSG00000173141","MRPL57","ENST00000309594"
"463",132720,"ENSG00000174749","FAM241A","ENST00000309733"
"464",3310,"ENSG00000173110","HSPA6","ENST00000309758"
"465",220359,"ENSG00000173825","TIGD3","ENST00000309880"
"466",489,"ENSG00000074370","ATP2A3","ENST00000309890"
"467",55628,"ENSG00000215421","ZNF407","ENST00000309902"
"468",26984,"ENSG00000121542","SEC22A","ENST00000309934"
"469",48,"ENSG00000122729","ACO1","ENST00000309951"
"470",7172,"ENSG00000137364","TPMT","ENST00000309983"
"471",92126,"ENSG00000171451","DSEL","ENST00000310045"
"472",257236,"ENSG00000173013","CCDC96","ENST00000310085"
"473",170261,"ENSG00000174460","ZCCHC12","ENST00000310164"
"474",9420,"ENSG00000172817","CYP7B1","ENST00000310193"
"475",80124,"ENSG00000175073","VCPIP1","ENST00000310421"
"476",4744,"ENSG00000100285","NEFH","ENST00000310624"
"477",133022,"ENSG00000174599","TRAM1L1","ENST00000310754"
"478",84826,"ENSG00000173349","SFT2D3","ENST00000310981"
"479",83988,"ENSG00000104490","NCALD","ENST00000311028"
"480",79591,"ENSG00000120029","ARMH3","ENST00000311122"
"481",11041,"ENSG00000174684","B4GAT1","ENST00000311181"
"482",57124,"ENSG00000174807","CD248","ENST00000311330"
"483",91614,"ENSG00000121690","DEPDC7","ENST00000311388"
"484",79102,"ENSG00000173456","RNF26","ENST00000311413"
"485",81876,"ENSG00000174903","RAB1B","ENST00000311481"
"486",5467,"ENSG00000112033","PPARD","ENST00000311565"
"487",143282,"ENSG00000174721","FGFBP3","ENST00000311575"
"488",285590,"ENSG00000174705","SH3PXD2B","ENST00000311601"
"489",200933,"ENSG00000174013","FBXO45","ENST00000311630"
"490",51530,"ENSG00000091732","ZC3HC1","ENST00000311873"
"491",137735,"ENSG00000174429","ABRA","ENST00000311955"
"492",80709,"ENSG00000106948","AKNA","ENST00000312033"
"493",126074,"ENSG00000173928","SWSAP1","ENST00000312423"
"494",11007,"ENSG00000175602","CCDC85B","ENST00000312579"
"495",8793,"ENSG00000173530","TNFRSF10D","ENST00000312584"
"496",140886,"ENSG00000174740","PABPC5","ENST00000312600"
"497",58494,"ENSG00000154721","JAM2","ENST00000312957"
"498",93664,"ENSG00000081803","CADPS2","ENST00000313070"
"499",55501,"ENSG00000136213","CHST12","ENST00000313156"
"500",282679,"ENSG00000178301","AQP11","ENST00000313578"
"501",79857,"ENSG00000177340","","ENST00000313737"
"502",1351,"ENSG00000176340","COX8A","ENST00000314133"
"503",55343,"ENSG00000181830","SLC35C1","ENST00000314134"
"504",7262,"ENSG00000181649","PHLDA2","ENST00000314222"
"505",51642,"ENSG00000175581","MRPL48","ENST00000314282"
"506",79822,"ENSG00000088756","ARHGAP28","ENST00000314319"
"507",1164,"ENSG00000123975","CKS2","ENST00000314355"
"508",80034,"ENSG00000178662","CSRNP3","ENST00000314499"
"509",627,"ENSG00000176697","BDNF","ENST00000314915"
"510",10949,"ENSG00000177733","HNRNPA0","ENST00000314940"
"511",400120,"ENSG00000180440","SERTM1","ENST00000315190"
"512",25960,"ENSG00000020181","ADGRA2","ENST00000315215"
"513",26153,"ENSG00000066735","KIF26A","ENST00000315264"
"514",8853,"ENSG00000151693","ASAP2","ENST00000315273"
"515",4312,"ENSG00000196611","MMP1","ENST00000315274"
"516",2535,"ENSG00000180340","FZD2","ENST00000315323"
"517",30832,"ENSG00000177932","ZNF354C","ENST00000315475"
"518",284029,"ENSG00000178977","LINC00324","ENST00000315707"
"519",80829,"ENSG00000186660","ZFP91","ENST00000316059"
"520",136051,"ENSG00000197362","ZNF786","ENST00000316286"
"521",132228,"ENSG00000179564","LSMEM2","ENST00000316436"
"522",653121,"ENSG00000160062","ZBTB8A","ENST00000316459"
"523",3188,"ENSG00000126945","HNRNPH2","ENST00000316594"
"524",9240,"ENSG00000176903","PNMA1","ENST00000316836"
"525",9399,"ENSG00000067221","STOML1","ENST00000316900"
"526",90480,"ENSG00000179271","GADD45GIP1","ENST00000316939"
"527",199699,"ENSG00000179284","DAND5","ENST00000317060"
"528",729614,"ENSG00000179743","SPEN-AS1","ENST00000317122"
"529",83852,"ENSG00000136169","SETDB2","ENST00000317257"
"530",85406,"ENSG00000135392","DNAJC14","ENST00000317287"
"531",10586,"ENSG00000181541","MAB21L2","ENST00000317605"
"532",51006,"ENSG00000080189","SLC35C2","ENST00000317734"
"533",343069,"ENSG00000179172","HNRNPCL1","ENST00000317869"
"534",64110,"ENSG00000177383","MAGEF1","ENST00000317897"
"535",284252,"ENSG00000134504","KCTD1","ENST00000317932"
"536",91057,"ENSG00000109881","CCDC34","ENST00000317945"
"537",64388,"ENSG00000180875","GREM2","ENST00000318160"
"538",57496,"ENSG00000186260","MRTFB","ENST00000318282"
"539",666,"ENSG00000176720","BOK","ENST00000318407"
"540",25,"ENSG00000097007","ABL1","ENST00000318560"
"541",387758,"ENSG00000176971","FIBIN","ENST00000318627"
"542",153129,"ENSG00000177058","SLC38A9","ENST00000318672"
"543",124961,"ENSG00000180787","ZFP3","ENST00000318833"
"544",404217,"ENSG00000178531","CTXN1","ENST00000318978"
"545",85365,"ENSG00000119523","ALG2","ENST00000319033"
"546",83442,"ENSG00000142669","SH3BGRL3","ENST00000319041"
"547",117166,"ENSG00000127578","WFIKKN1","ENST00000319070"
"548",768239,"ENSG00000178597","PSAPL1","ENST00000319098"
"549",55175,"ENSG00000178502","KLHL11","ENST00000319121"
"550",5052,"ENSG00000117450","PRDX1","ENST00000319248"
"551",166012,"ENSG00000180767","CHST13","ENST00000319340"
"552",387914,"ENSG00000180730","SHISA2","ENST00000319420"
"553",374819,"ENSG00000176809","LRRC37A3","ENST00000319651"
"554",220972,"ENSG00000165406","MARCHF8","ENST00000319836"
"555",379,"ENSG00000175906","ARL4D","ENST00000320033"
"556",2300,"ENSG00000176678","FOXL1","ENST00000320241"
"557",9920,"ENSG00000176595","KBTBD11","ENST00000320248"
"558",151516,"ENSG00000244617","ASPRV1","ENST00000320256"
"559",23212,"ENSG00000179041","RRS1","ENST00000320270"
"560",79447,"ENSG00000280789","PAGR1","ENST00000320330"
"561",386724,"ENSG00000176020","AMIGO3","ENST00000320431"
"562",9495,"ENSG00000179841","AKAP5","ENST00000320636"
"563",3636,"ENSG00000165458","INPPL1","ENST00000320683"
"564",55330,"ENSG00000186222","BLOC1S4","ENST00000320776"
"565",114932,"ENSG00000178988","MRFAP1L1","ENST00000320848"
"566",342184,"ENSG00000248905","FMN1","ENST00000320930"
"567",22997,"ENSG00000080854","IGSF9B","ENST00000321016"
"568",22875,"ENSG00000001561","ENPP4","ENST00000321037"
"569",130367,"ENSG00000163082","SGPP2","ENST00000321276"
"570",253461,"ENSG00000177311","ZBTB38","ENST00000321464"
"571",25758,"ENSG00000110427","KIAA1549L","ENST00000321505"
"572",125919,"ENSG00000178229","ZNF543","ENST00000321545"
"573",5414,"ENSG00000108387","SEPTIN4","ENST00000321691"
"574",377677,"ENSG00000185015","CA13","ENST00000321764"
"575",64925,"ENSG00000177352","CCDC71","ENST00000321895"
"576",6664,"ENSG00000176887","SOX11","ENST00000322002"
"577",5441,"ENSG00000177700","POLR2L","ENST00000322028"
"578",30845,"ENSG00000013016","EHD3","ENST00000322054"
"579",85453,"ENSG00000180543","TSPYL5","ENST00000322128"
"580",54913,"ENSG00000178718","RPP25","ENST00000322177"
"581",440672,"ENSG00000177144","NUDT4B","ENST00000322209"
"582",339344,"ENSG00000176182","MYPOP","ENST00000322217"
"583",7511,"ENSG00000108039","XPNPEP1","ENST00000322238"
"584",220108,"ENSG00000150510","FAM124A","ENST00000322475"
"585",285349,"ENSG00000144792","ZNF660","ENST00000322734"
"586",3090,"ENSG00000177374","HIC1","ENST00000322941"
"587",266812,"ENSG00000177432","NAP1L5","ENST00000323061"
"588",5912,"ENSG00000181467","RAP2B","ENST00000323534"
"589",80301,"ENSG00000241839","PLEKHO2","ENST00000323544"
"590",284349,"ENSG00000167637","ZNF283","ENST00000324461"
"591",222166,"ENSG00000180354","MTURN","ENST00000324489"
"592",154141,"ENSG00000172197","MBOAT1","ENST00000324607"
"593",1730,"ENSG00000147202","DIAPH2","ENST00000324765"
"594",49855,"ENSG00000140386","SCAPER","ENST00000324767"
"595",137814,"ENSG00000180053","NKX2-6","ENST00000325017"
"596",57621,"ENSG00000181472","ZBTB2","ENST00000325144"
"597",79786,"ENSG00000135686","KLHL36","ENST00000325279"
"598",83903,"ENSG00000177602","HASPIN","ENST00000325418"
"599",144811,"ENSG00000179630","LACC1","ENST00000325686"
"600",63951,"ENSG00000176399","DMRTA1","ENST00000325870"
"601",81689,"ENSG00000135070","ISCA1","ENST00000326094"
"602",8225,"ENSG00000178605","GTPBP6","ENST00000326153"
"603",5790,"ENSG00000213402","PTPRCAP","ENST00000326294"
"604",221806,"ENSG00000146530","VWDE","ENST00000326715"
"605",25915,"ENSG00000178057","NDUFAF3","ENST00000326925"
"606",4883,"ENSG00000113389","NPR3","ENST00000326958"
"607",9200,"ENSG00000165996","HACD1","ENST00000326961"
"608",116138,"ENSG00000124702","KLHDC3","ENST00000326974"
"609",29928,"ENSG00000177370","TIMM22","ENST00000327158"
"610",256472,"ENSG00000179292","TMEM151A","ENST00000327259"
"611",9780,"ENSG00000103335","PIEZO1","ENST00000327397"
"612",2188,"ENSG00000183161","FANCF","ENST00000327470"
"613",201965,"ENSG00000182552","RWDD4","ENST00000327570"
"614",131149,"ENSG00000182447","OTOL1","ENST00000327928"
"615",57419,"ENSG00000185052","SLC24A3","ENST00000328041"
"616",2747,"ENSG00000182890","GLUD2","ENST00000328078"
"617",114625,"ENSG00000164010","ERMAP","ENST00000328249"
"618",389257,"ENSG00000185028","LRRC14B","ENST00000328278"
"619",28958,"ENSG00000183978","COA3","ENST00000328434"
"620",11099,"ENSG00000070778","PTPN21","ENST00000328736"
"621",8811,"ENSG00000182687","GALR2","ENST00000329003"
"622",149175,"ENSG00000185090","MANEAL","ENST00000329006"
"623",359845,"ENSG00000183688","RFLNB","ENST00000329099"
"624",285600,"ENSG00000185261","KIAA0825","ENST00000329378"
"625",65108,"ENSG00000175130","MARCKSL1","ENST00000329421"
"626",100128569,"ENSG00000183397","TEKTIP1","ENST00000329493"
"627",8303,"ENSG00000184602","SNN","ENST00000329565"
"628",342945,"ENSG00000182318","ZSCAN22","ENST00000329665"
"629",23194,"ENSG00000183580","FBXL7","ENST00000329673"
"630",131583,"ENSG00000185112","FAM43A","ENST00000329759"
"631",65003,"ENSG00000174547","MRPL11","ENST00000329819"
"632",152,"ENSG00000184160","ADRA2C","ENST00000330055"
"633",644538,"ENSG00000184785","SMIM10","ENST00000330288"
"634",84517,"ENSG00000184378","ACTRT3","ENST00000330368"
"635",203547,"ENSG00000160131","VMA21","ENST00000330374"
"636",80789,"ENSG00000185085","INTS5","ENST00000330574"
"637",727910,"ENSG00000185561","TLCD2","ENST00000330676"
"638",54554,"ENSG00000196981","WDR5B","ENST00000330689"
"639",8013,"ENSG00000119508","NR4A3","ENST00000330847"
"640",23507,"ENSG00000197147","LRRC8B","ENST00000330947"
"641",552900,"ENSG00000183336","BOLA2","ENST00000330978"
"642",26958,"ENSG00000158623","COPG2","ENST00000330992"
"643",25809,"ENSG00000100271","TTLL1","ENST00000331018"
"644",11078,"ENSG00000100106","TRIOBP","ENST00000331103"
"645",9746,"ENSG00000139182","CLSTN3","ENST00000331148"
"646",23283,"ENSG00000177613","CSTF2T","ENST00000331173"
"647",146760,"ENSG00000185924","RTN4RL1","ENST00000331238"
"648",388323,"ENSG00000182327","GLTPD2","ENST00000331264"
"649",5813,"ENSG00000185129","PURA","ENST00000331327"
"650",91689,"ENSG00000183172","SMDT1","ENST00000331479"
"651",80139,"ENSG00000183779","ZNF703","ENST00000331569"
"652",353500,"ENSG00000183682","BMP8A","ENST00000331593"
"653",3768,"ENSG00000184185","KCNJ12","ENST00000331718"
"654",2512,"ENSG00000087086","FTL","ENST00000331825"
"655",340146,"ENSG00000182747","SLC35D3","ENST00000331858"
"656",126567,"ENSG00000183186","C2CD4C","ENST00000332235"
"657",333929,"ENSG00000185669","SNAI3","ENST00000332281"
"658",387263,"ENSG00000185127","C6orf120","ENST00000332290"
"659",125893,"ENSG00000180257","ZNF816","ENST00000332302"
"660",56160,"ENSG00000185115","NSMCE3","ENST00000332303"
"661",8690,"ENSG00000183340","JRKL","ENST00000332349"
"662",55794,"ENSG00000182810","DDX28","ENST00000332395"
"663",56849,"ENSG00000182916","TCEAL7","ENST00000332431"
"664",10614,"ENSG00000186834","HEXIM1","ENST00000332499"
"665",3214,"ENSG00000182742","HOXB4","ENST00000332503"
"666",54101,"ENSG00000183421","RIPK4","ENST00000332512"
"667",83744,"ENSG00000127081","ZNF484","ENST00000332591"
"668",375484,"ENSG00000170085","SIMC1","ENST00000332772"
"669",9241,"ENSG00000183691","NOG","ENST00000332822"
"670",163933,"ENSG00000183114","FAM43B","ENST00000332947"
"671",25895,"ENSG00000123427","EEF1AKMT3","ENST00000333012"
"672",8897,"ENSG00000100330","MTMR3","ENST00000333027"
"673",23467,"ENSG00000221890","NPTXR","ENST00000333039"
"674",25880,"ENSG00000184857","TMEM186","ENST00000333050"
"675",285513,"ENSG00000185477","GPRIN3","ENST00000333209"
"676",492311,"ENSG00000182700","IGIP","ENST00000333305"
"677",256933,"ENSG00000183979","NPB","ENST00000333383"
"678",51104,"ENSG00000107362","ABHD17B","ENST00000333421"
"679",246721,"ENSG00000228049","POLR2J2","ENST00000333432"
"680",8499,"ENSG00000139220","PPFIA2","ENST00000333447"
"681",389692,"ENSG00000182759","MAFA","ENST00000333480"
"682",6182,"ENSG00000262814","MRPL12","ENST00000333676"
"683",147040,"ENSG00000213859","KCTD11","ENST00000333751"
"684",55231,"ENSG00000182791","CCDC87","ENST00000333861"
"685",474343,"ENSG00000186787","SPIN2B","ENST00000333933"
"686",148254,"ENSG00000186300","ZNF555","ENST00000334241"
"687",9991,"ENSG00000119314","PTBP3","ENST00000334318"
"688",81786,"ENSG00000146054","TRIM7","ENST00000334421"
"689",5693,"ENSG00000100804","PSMB5","ENST00000334454"
"690",54821,"ENSG00000186871","ERCC6L","ENST00000334463"
"691",84842,"ENSG00000186603","HPDL","ENST00000334815"
"692",285382,"ENSG00000187068","C3orf70","ENST00000335012"
"693",147657,"ENSG00000198464","ZNF480","ENST00000335090"
"694",6487,"ENSG00000126091","ST3GAL3","ENST00000335430"
"695",147645,"ENSG00000186806","VSIG10L","ENST00000335624"
"696",9582,"ENSG00000179750","APOBEC3B","ENST00000335760"
"697",1032,"ENSG00000129355","CDKN2D","ENST00000335766"
"698",55166,"ENSG00000031691","CENPQ","ENST00000335783"
"699",3363,"ENSG00000148680","HTR7","ENST00000336152"
"700",23336,"ENSG00000182253","SYNM","ENST00000336292"
"701",79364,"ENSG00000070476","ZXDC","ENST00000336332"
"702",27346,"ENSG00000109084","TMEM97","ENST00000336687"
"703",140823,"ENSG00000125995","ROMO1","ENST00000336695"
"704",440894,"ENSG00000204588","LINC01123","ENST00000336905"
"705",58526,"ENSG00000165175","MID1IP1","ENST00000336949"
"706",23287,"ENSG00000135049","AGTPBP1","ENST00000337006"
"707",9547,"ENSG00000145824","CXCL14","ENST00000337225"
"708",30850,"ENSG00000109089","CDR2L","ENST00000337231"
"709",9529,"ENSG00000166170","BAG5","ENST00000337322"
"710",84146,"ENSG00000122482","ZNF644","ENST00000337393"
"711",9762,"ENSG00000088899","LZTS3","ENST00000337576"
"712",139221,"ENSG00000157502","PWWP3B","ENST00000337685"
"713",6444,"ENSG00000170624","SGCD","ENST00000337851"
"714",11252,"ENSG00000100266","PACSIN2","ENST00000337959"
"715",51725,"ENSG00000163833","FBXO40","ENST00000338040"
"716",283377,"ENSG00000176422","SPRYD4","ENST00000338146"
"717",29978,"ENSG00000188021","UBQLN2","ENST00000338222"
"718",140578,"ENSG00000154645","CHODL","ENST00000338326"
"719",345630,"ENSG00000188573","FBLL1","ENST00000338333"
"720",1368,"ENSG00000135678","CPM","ENST00000338356"
"721",57695,"ENSG00000135913","USP37","ENST00000338465"
"722",5716,"ENSG00000101843","PSMD10","ENST00000338548"
"723",64236,"ENSG00000120913","PDLIM2","ENST00000339162"
"724",203523,"ENSG00000173275","ZNF449","ENST00000339249"
"725",122809,"ENSG00000180008","SOCS4","ENST00000339298"
"726",83756,"ENSG00000169962","TAS1R3","ENST00000339381"
"727",400673,"ENSG00000187650","VMAC","ENST00000339485"
"728",219771,"ENSG00000108100","CCNY","ENST00000339497"
"729",57515,"ENSG00000111897","SERINC1","ENST00000339697"
"730",8970,"ENSG00000124635","H2BC11","ENST00000339812"
"731",342897,"ENSG00000188505","NCCRP1","ENST00000339852"
"732",340719,"ENSG00000188613","NANOS1","ENST00000340087"
"733",90139,"ENSG00000157570","TSPAN18","ENST00000340160"
"734",7620,"ENSG00000198429","ZNF69","ENST00000340180"
"735",105369154,"ENSG00000270580","","ENST00000340301"
"736",440093,"ENSG00000188375","H3-5","ENST00000340398"
"737",23708,"ENSG00000189369","GSPT2","ENST00000340438"
"738",80345,"ENSG00000196812","ZSCAN16","ENST00000340487"
"739",3344,"ENSG00000170802","FOXN2","ENST00000340553"
"740",9536,"ENSG00000148344","PTGES","ENST00000340607"
"741",256643,"ENSG00000173681","BCLAF3","ENST00000340625"
"742",344838,"ENSG00000188582","PAQR9","ENST00000340634"
"743",79974,"ENSG00000106034","CPED1","ENST00000340646"
"744",378884,"ENSG00000187566","NHLRC1","ENST00000340650"
"745",375567,"ENSG00000188730","VWC2","ENST00000340652"
"746",158158,"ENSG00000165105","RASEF","ENST00000340717"
"747",3005,"ENSG00000189060","H1-0","ENST00000340857"
"748",85313,"ENSG00000131013","PPIL4","ENST00000340881"
"749",123228,"ENSG00000166192","SENP8","ENST00000340912"
"750",1364,"ENSG00000189143","CLDN4","ENST00000340958"
"751",340485,"ENSG00000177076","ACER2","ENST00000340967"
"752",984,"ENSG00000248333","CDK11B","ENST00000341028"
"753",9001,"ENSG00000173805","HAP1","ENST00000341193"
"754",84247,"ENSG00000188636","RTL6","ENST00000341255"
"755",54344,"ENSG00000179085","DPM3","ENST00000341298"
"756",79035,"ENSG00000139579","NABP2","ENST00000341463"
"757",388228,"ENSG00000188322","SBK1","ENST00000341901"
"758",56123,"ENSG00000187372","PCDHB13","ENST00000341948"
"759",7621,"ENSG00000187792","ZNF70","ENST00000341976"
"760",2013,"ENSG00000213853","EMP2","ENST00000342147"
"761",80320,"ENSG00000189120","SP6","ENST00000342234"
"762",57158,"ENSG00000149596","JPH2","ENST00000342272"
"763",643853,"ENSG00000188167","TMPPE","ENST00000342462"
"764",50512,"ENSG00000114631","PODXL2","ENST00000342480"
"765",7633,"ENSG00000196152","ZNF79","ENST00000342483"
"766",100128927,"ENSG00000179627","ZBTB42","ENST00000342537"
"767",55680,"ENSG00000204130","RUFY2","ENST00000342616"
"768",28996,"ENSG00000064393","HIPK2","ENST00000342645"
"769",6666,"ENSG00000177732","SOX12","ENST00000342665"
"770",83636,"ENSG00000131943","C19orf12","ENST00000342680"
"771",94241,"ENSG00000164938","TP53INP1","ENST00000342697"
"772",23136,"ENSG00000082397","EPB41L3","ENST00000342933"
"773",55061,"ENSG00000143502","SUSD4","ENST00000342943"
"774",28986,"ENSG00000187601","MAGEH1","ENST00000342972"
"775",112574,"ENSG00000178996","SNX18","ENST00000343017"
"776",25920,"ENSG00000188986","NELFB","ENST00000343053"
"777",1462,"ENSG00000038427","VCAN","ENST00000343200"
"778",9320,"ENSG00000153827","TRIP12","ENST00000343290"
"779",1869,"ENSG00000101412","E2F1","ENST00000343380"
"780",339977,"ENSG00000188993","LRRC66","ENST00000343457"
"781",94107,"ENSG00000187713","TMEM203","ENST00000343666"
"782",3006,"ENSG00000187837","H1-2","ENST00000343677"
"783",9628,"ENSG00000182732","RGS6","ENST00000343854"
"784",101059938,"ENSG00000214967","NPIPA7","ENST00000344087"
"785",7561,"ENSG00000105708","ZNF14","ENST00000344099"
"786",2054,"ENSG00000111450","STX2","ENST00000344271"
"787",643338,"ENSG00000188277","C15orf62","ENST00000344320"
"788",8326,"ENSG00000188763","FZD9","ENST00000344575"
"789",127262,"ENSG00000158109","TPRG1L","ENST00000344579"
"790",3638,"ENSG00000186480","INSIG1","ENST00000344756"
"791",8452,"ENSG00000036257","CUL3","ENST00000344951"
"792",6248,"ENSG00000215695","RSC1A1","ENST00000345034"
"793",389421,"ENSG00000187772","LIN28B","ENST00000345080"
"794",394,"ENSG00000100852","ARHGAP5","ENST00000345122"
"795",646,"ENSG00000169594","BNC1","ENST00000345382"
"796",26578,"ENSG00000134996","OSTF1","ENST00000346234"
"797",7173,"ENSG00000115705","TPO","ENST00000346956"
"798",59285,"ENSG00000130433","CACNG6","ENST00000346968"
"799",2977,"ENSG00000152402","GUCY1A2","ENST00000347596"
"800",9604,"ENSG00000013561","RNF14","ENST00000347642"
"801",81617,"ENSG00000102547","CAB39L","ENST00000347776"
"802",25824,"ENSG00000126432","PRDX5","ENST00000347941"
"803",8648,"ENSG00000084676","NCOA1","ENST00000348332"
"804",1154,"ENSG00000114737","CISH","ENST00000348721"
"805",51132,"ENSG00000131263","RLIM","ENST00000349225"
"806",8724,"ENSG00000112335","SNX3","ENST00000349379"
"807",4987,"ENSG00000125510","OPRL1","ENST00000349451"
"808",29116,"ENSG00000007944","MYLIP","ENST00000349606"
"809",8242,"ENSG00000126012","KDM5C","ENST00000349663"
"810",27094,"ENSG00000171121","KCNMB3","ENST00000349697"
"811",11142,"ENSG00000168734","PKIG","ENST00000349959"
"812",4712,"ENSG00000165264","NDUFB6","ENST00000350021"
"813",11092,"ENSG00000165698","SPACA9","ENST00000350499"
"814",11066,"ENSG00000184209","SNRNP35","ENST00000350887"
"815",10278,"ENSG00000100842","EFS","ENST00000351354"
"816",23480,"ENSG00000132432","SEC61G","ENST00000352861"
"817",4800,"ENSG00000001167","NFYA","ENST00000353205"
"818",27236,"ENSG00000164144","ARFIP1","ENST00000353617"
"819",10488,"ENSG00000107175","CREB3","ENST00000353704"
"820",4899,"ENSG00000106459","NRF1","ENST00000353868"
"821",390980,"ENSG00000204524","ZNF805","ENST00000354309"
"822",55809,"ENSG00000124496","TRERF1","ENST00000354325"
"823",163782,"ENSG00000132854","KANK4","ENST00000354381"
"824",5935,"ENSG00000102317","RBM3","ENST00000354480"
"825",10313,"ENSG00000133318","RTN3","ENST00000354497"
"826",55885,"ENSG00000048540","LMO3","ENST00000354662"
"827",54898,"ENSG00000197977","ELOVL2","ENST00000354666"
"828",152404,"ENSG00000144847","IGSF11","ENST00000354673"
"829",91860,"ENSG00000129007","CALML4","ENST00000354678"
"830",56125,"ENSG00000197479","PCDHB11","ENST00000354757"
"831",10149,"ENSG00000173698","ADGRG2","ENST00000354791"
"832",6138,"ENSG00000174748","RPL15","ENST00000354811"
"833",100131755,"ENSG00000196440","ARMCX4","ENST00000354842"
"834",10659,"ENSG00000048740","CELF2","ENST00000354897"
"835",10957,"ENSG00000146278","PNRC1","ENST00000354922"
"836",8913,"ENSG00000006283","CACNA1G","ENST00000354983"
"837",586,"ENSG00000060982","BCAT1","ENST00000355164"
"838",27443,"ENSG00000099954","CECR2","ENST00000355219"
"839",4625,"ENSG00000092054","MYH7","ENST00000355349"
"840",10963,"ENSG00000168439","STIP1","ENST00000355603"
"841",129787,"ENSG00000151353","TMEM18","ENST00000355654"
"842",92104,"ENSG00000197557","IFT70A","ENST00000355689"
"843",64210,"ENSG00000155229","MMS19","ENST00000355839"
"844",84062,"ENSG00000047579","DTNBP1","ENST00000355917"
"845",80031,"ENSG00000137872","SEMA6D","ENST00000355997"
"846",51528,"ENSG00000050130","JKAMP","ENST00000356057"
"847",5786,"ENSG00000132670","PTPRA","ENST00000356147"
"848",84433,"ENSG00000198286","CARD11","ENST00000356408"
"849",3476,"ENSG00000089289","IGBP1","ENST00000356413"
"850",170685,"ENSG00000122824","NUDT10","ENST00000356450"
"851",65124,"ENSG00000198142","SOWAHC","ENST00000356454"
"852",8351,"ENSG00000197409","H3C4","ENST00000356476"
"853",80332,"ENSG00000149451","ADAM33","ENST00000356518"
"854",647024,"ENSG00000188112","C6orf132","ENST00000356542"
"855",55812,"ENSG00000042317","SPATA7","ENST00000356583"
"856",81575,"ENSG00000178878","APOLD1","ENST00000356591"
"857",441478,"ENSG00000198435","NRARP","ENST00000356628"
"858",6604,"ENSG00000082014","SMARCD3","ENST00000356800"
"859",4087,"ENSG00000175387","SMAD2","ENST00000356825"
"860",23299,"ENSG00000185963","BICD2","ENST00000356884"
"861",2995,"ENSG00000136732","GYPC","ENST00000356887"
"862",79858,"ENSG00000114670","NEK11","ENST00000356918"
"863",85236,"ENSG00000197903","H2BC12","ENST00000356950"
"864",22858,"ENSG00000112144","CILK1","ENST00000356971"
"865",284119,"ENSG00000177469","CAVIN1","ENST00000357037"
"866",10475,"ENSG00000112343","TRIM38","ENST00000357085"
"867",60684,"ENSG00000168538","TRAPPC11","ENST00000357207"
"868",84439,"ENSG00000182218","HHIPL1","ENST00000357223"
"869",151176,"ENSG00000178752","ERFE","ENST00000357303"
"870",57209,"ENSG00000198105","ZNF248","ENST00000357328"
"871",439,"ENSG00000198356","GET3","ENST00000357332"
"872",65989,"ENSG00000171462","DLK2","ENST00000357338"
"873",8270,"ENSG00000196976","LAGE3","ENST00000357360"
"874",64282,"ENSG00000121274","TENT4B","ENST00000357464"
"875",9098,"ENSG00000129204","USP6","ENST00000357482"
"876",7594,"ENSG00000198521","ZNF43","ENST00000357491"
"877",144983,"ENSG00000139675","HNRNPA1L2","ENST00000357495"
"878",54863,"ENSG00000198113","TOR4A","ENST00000357503"
"879",168374,"ENSG00000146757","ZNF92","ENST00000357512"
"880",5350,"ENSG00000198523","PLN","ENST00000357525"
"881",50807,"ENSG00000153317","ASAP1","ENST00000357668"
"882",100507607,"ENSG00000196993","NPIPB9","ENST00000357796"
"883",126068,"ENSG00000197044","ZNF441","ENST00000357901"
"884",898,"ENSG00000105173","CCNE1","ENST00000357943"
"885",29950,"ENSG00000197019","SERTAD1","ENST00000357949"
"886",286319,"ENSG00000198680","TUSC1","ENST00000358022"
"887",2274,"ENSG00000115641","FHL2","ENST00000358129"
"888",55222,"ENSG00000172731","LRRC20","ENST00000358141"
"889",622,"ENSG00000161267","BDH1","ENST00000358186"
"890",79723,"ENSG00000152455","SUV39H2","ENST00000358298"
"891",84986,"ENSG00000213390","ARHGAP19","ENST00000358308"
"892",79175,"ENSG00000088876","ZNF343","ENST00000358413"
"893",3782,"ENSG00000143603","KCNN3","ENST00000358505"
"894",1909,"ENSG00000151617","EDNRA","ENST00000358556"
"895",84832,"ENSG00000293109","ANKRD36BP1","ENST00000358576"
"896",11091,"ENSG00000196363","WDR5","ENST00000358625"
"897",23245,"ENSG00000148219","ASTN2","ENST00000358637"
"898",9498,"ENSG00000050438","SLC4A8","ENST00000358657"
"899",122060,"ENSG00000139737","SLAIN1","ENST00000358679"
"900",7789,"ENSG00000198205","ZXDA","ENST00000358697"
"901",2526,"ENSG00000196371","FUT4","ENST00000358752"
"902",84915,"ENSG00000139438","FAM222A","ENST00000358906"
"903",344148,"ENSG00000176771","NCKAP5","ENST00000358991"
"904",2553,"ENSG00000104064","GABPB1","ENST00000359031"
"905",55958,"ENSG00000198642","KLHL9","ENST00000359039"
"906",64763,"ENSG00000105732","ZNF574","ENST00000359044"
"907",29101,"ENSG00000160075","SSU72","ENST00000359060"
"908",23253,"ENSG00000101745","ANKRD12","ENST00000359158"
"909",8969,"ENSG00000196787","H2AC11","ENST00000359193"
"910",91966,"ENSG00000197620","EOLA1","ENST00000359293"
"911",58529,"ENSG00000177791","MYOZ1","ENST00000359322"
"912",286826,"ENSG00000183814","LIN9","ENST00000359525"
"913",51271,"ENSG00000165006","UBAP1","ENST00000359544"
"914",65999,"ENSG00000127399","LRRC61","ENST00000359623"
"915",114880,"ENSG00000079156","OSBPL6","ENST00000359685"
"916",9590,"ENSG00000131016","AKAP12","ENST00000359755"
"917",253725,"ENSG00000172661","WASHC2C","ENST00000359860"
"918",9689,"ENSG00000082153","BZW1","ENST00000359893"
"919",22844,"ENSG00000070601","FRMPD1","ENST00000359927"
"920",64426,"ENSG00000111707","SUDS3","ENST00000360286"
"921",54815,"ENSG00000167491","GATAD2A","ENST00000360315"
"922",4122,"ENSG00000196547","MAN2A2","ENST00000360468"
"923",4828,"ENSG00000197696","NMB","ENST00000360476"
"924",11076,"ENSG00000171368","TPPP","ENST00000360578"
"925",55082,"ENSG00000134884","ARGLU1","ENST00000360629"
"926",7552,"ENSG00000147180","ZNF711","ENST00000360700"
"927",85315,"ENSG00000170915","PAQR8","ENST00000360726"
"928",23179,"ENSG00000143344","RGL1","ENST00000360851"
"929",10810,"ENSG00000132970","WASF3","ENST00000361042"
"930",81706,"ENSG00000198729","PPP1R14C","ENST00000361131"
"931",4976,"ENSG00000198836","OPA1","ENST00000361150"
"932",728378,"ENSG00000196604","POTEF","ENST00000361163"
"933",9182,"ENSG00000198774","RASSF9","ENST00000361228"
"934",23439,"ENSG00000101892","ATP1B4","ENST00000361319"
"935",9760,"ENSG00000198846","TOX","ENST00000361421"
"936",24149,"ENSG00000171467","ZNF318","ENST00000361428"
"937",57692,"ENSG00000198934","MAGEE1","ENST00000361470"
"938",376132,"ENSG00000198812","LRRC10","ENST00000361484"
"939",5715,"ENSG00000110801","PSMD9","ENST00000361485"
"940",9867,"ENSG00000198961","PJA2","ENST00000361557"
"941",65243,"ENSG00000187801","ZFP69B","ENST00000361584"
"942",204851,"ENSG00000163349","HIPK1","ENST00000361587"
"943",22977,"ENSG00000162482","AKR7A3","ENST00000361640"
"944",149986,"ENSG00000149657","LSM14B","ENST00000361670"
"945",9755,"ENSG00000198933","TBKBP1","ENST00000361722"
"946",22887,"ENSG00000198815","FOXJ3","ENST00000361776"
"947",220992,"ENSG00000198298","ZNF485","ENST00000361807"
"948",282991,"ENSG00000196072","BLOC1S2","ENST00000361832"
"949",2537,"ENSG00000126709","IFI6","ENST00000362020"
"950",2029,"ENSG00000143420","ENSA","ENST00000362052"
"951",26815,"ENSG00000199744","SNORD36A","ENST00000362874"
"952",6023,"ENSG00000277027","RMRP","ENST00000363046"
"953",101954278,"ENSG00000202337","RNU6-8","ENST00000365467"
"954",26834,"ENSG00000202538","RNU4-2","ENST00000365668"
"955",51360,"ENSG00000012174","MBTPS2","ENST00000365779"
"956",57337,"ENSG00000138468","SENP7","ENST00000366089"
"957",401236,"ENSG00000230873","STMND1","ENST00000366215"
"958",654434,"ENSG00000234912","SNHG20","ENST00000366365"
"959",6464,"ENSG00000160691","SHC1","ENST00000366442"
"960",25893,"ENSG00000162722","TRIM58","ENST00000366481"
"961",93474,"ENSG00000277462","ZNF670","ENST00000366503"
"962",51097,"ENSG00000143653","SCCPDH","ENST00000366510"
"963",163882,"ENSG00000162852","CNST","ENST00000366511"
"964",64216,"ENSG00000162851","TFB2M","ENST00000366514"
"965",55127,"ENSG00000119285","HEATR1","ENST00000366579"
"966",84451,"ENSG00000143674","MAP3K21","ENST00000366622"
"967",149371,"ENSG00000116903","EXOC8","ENST00000366645"
"968",440730,"ENSG00000119283","TRIM67","ENST00000366653"
"969",27097,"ENSG00000135801","TAF5L","ENST00000366674"
"970",55746,"ENSG00000069248","NUP133","ENST00000366678"
"971",58,"ENSG00000143632","ACTA1","ENST00000366683"
"972",58480,"ENSG00000116574","RHOU","ENST00000366691"
"973",3707,"ENSG00000143772","ITPKB","ENST00000366784"
"974",142,"ENSG00000143799","PARP1","ENST00000366790"
"975",3020,"ENSG00000163041","H3-3A","ENST00000366813"
"976",6726,"ENSG00000143742","SRP9","ENST00000366838"
"977",56895,"ENSG00000026652","AGPAT4","ENST00000366905"
"978",55105,"ENSG00000092978","GPATCH2","ENST00000366934"
"979",7779,"ENSG00000170385","SLC30A1","ENST00000367001"
"980",50486,"ENSG00000123689","G0S2","ENST00000367029"
"981",55432,"ENSG00000180667","YOD1","ENST00000367084"
"982",6993,"ENSG00000146425","DYNLT1","ENST00000367085"
"983",8444,"ENSG00000143479","DYRK3","ENST00000367106"
"984",8871,"ENSG00000078269","SYNJ2","ENST00000367112"
"985",115019,"ENSG00000174502","SLC26A9","ENST00000367134"
"986",729515,"ENSG00000215712","TMEM242","ENST00000367144"
"987",85414,"ENSG00000158715","SLC45A3","ENST00000367145"
"988",81788,"ENSG00000163545","NUAK2","ENST00000367157"
"989",25778,"ENSG00000133059","DSTYK","ENST00000367162"
"990",388730,"ENSG00000174529","TMEM81","ENST00000367167"
"991",3814,"ENSG00000170498","KISS1","ENST00000367194"
"992",6635,"ENSG00000182004","SNRPE","ENST00000367208"
"993",26271,"ENSG00000112029","FBXO5","ENST00000367241"
"994",59349,"ENSG00000117153","KLHL12","ENST00000367258"
"995",5877,"ENSG00000183155","RABIF","ENST00000367262"
"996",127833,"ENSG00000143858","SYT2","ENST00000367268"
"997",25802,"ENSG00000163431","LMOD1","ENST00000367288"
"998",23612,"ENSG00000174307","PHLDA3","ENST00000367309"
"999",80328,"ENSG00000131015","ULBP2","ENST00000367351"
"1000",23528,"ENSG00000162702","ZNF281","ENST00000367352"
"1001",84918,"ENSG00000120256","LRP11","ENST00000367368"
"1002",11104,"ENSG00000186625","KATNA1","ENST00000367411"
"1003",8707,"ENSG00000162630","B3GALT2","ENST00000367434"
"1004",10981,"ENSG00000118508","RAB32","ENST00000367495"
"1005",10625,"ENSG00000116679","IVNS1ABP","ENST00000367497"
"1006",23127,"ENSG00000198756","COLGALT2","ENST00000367520"
"1007",6004,"ENSG00000143333","RGS16","ENST00000367558"
"1008",83443,"ENSG00000169976","SF3B5","ENST00000367569"
"1009",84946,"ENSG00000135521","LTV1","ENST00000367576"
"1010",51278,"ENSG00000162783","IER5","ENST00000367577"
"1011",2519,"ENSG00000001036","FUCA2","ENST00000367585"
"1012",134637,"ENSG00000189007","ADAT2","ENST00000367593"
"1013",100527964,"ENSG00000230124","ACBD6","ENST00000367595"
"1014",167838,"ENSG00000164440","TXLNB","ENST00000367652"
"1015",51696,"ENSG00000112406","HECA","ENST00000367658"
"1016",63931,"ENSG00000120333","MRPS14","ENST00000367677"
"1017",92346,"ENSG00000180999","C1orf105","ENST00000367725"
"1018",149281,"ENSG00000203740","NTMT2","ENST00000367764"
"1019",57147,"ENSG00000000457","SCYL3","ENST00000367772"
"1020",2153,"ENSG00000198734","F5","ENST00000367796"
"1021",261726,"ENSG00000143155","TIPRL","ENST00000367830"
"1022",117143,"ENSG00000152382","TADA1","ENST00000367874"
"1023",57645,"ENSG00000143157","POGK","ENST00000367875"
"1024",257177,"ENSG00000188931","CFAP126","ENST00000367974"
"1025",1490,"ENSG00000118523","CCN2","ENST00000367976"
"1026",5202,"ENSG00000143256","PFDN2","ENST00000368010"
"1027",93183,"ENSG00000143315","PIGM","ENST00000368090"
"1028",57549,"ENSG00000085552","IGSF9","ENST00000368094"
"1029",54935,"ENSG00000158716","DUSP23","ENST00000368107"
"1030",55243,"ENSG00000183853","KIRREL1","ENST00000368172"
"1031",5796,"ENSG00000152894","PTPRK","ENST00000368202"
"1032",1382,"ENSG00000143320","CRABP2","ENST00000368220"
"1033",10763,"ENSG00000132688","NES","ENST00000368223"
"1034",55862,"ENSG00000093144","ECHDC1","ENST00000368287"
"1035",23208,"ENSG00000132718","SYT11","ENST00000368324"
"1036",387103,"ENSG00000203760","CENPW","ENST00000368328"
"1037",23493,"ENSG00000135547","HEY2","ENST00000368364"
"1038",154214,"ENSG00000146373","RNF217","ENST00000368415"
"1039",5570,"ENSG00000135549","PKIB","ENST00000368446"
"1040",10654,"ENSG00000163344","PMVK","ENST00000368467"
"1041",4121,"ENSG00000111885","MAN1A1","ENST00000368468"
"1042",387119,"ENSG00000111860","CEP85L","ENST00000368488"
"1043",116150,"ENSG00000153989","NUS1","ENST00000368494"
"1044",25912,"ENSG00000143612","C1orf43","ENST00000368516"
"1045",1892,"ENSG00000127884","ECHS1","ENST00000368547"
"1046",345895,"ENSG00000111834","RSPH4A","ENST00000368580"
"1047",254228,"ENSG00000178033","CALHM5","ENST00000368599"
"1048",7259,"ENSG00000189241","TSPYL1","ENST00000368608"
"1049",11000,"ENSG00000143554","SLC27A3","ENST00000368659"
"1050",26097,"ENSG00000160679","CHTOP","ENST00000368686"
"1051",6273,"ENSG00000196754","S100A2","ENST00000368707"
"1052",6274,"ENSG00000188015","S100A3","ENST00000368712"
"1053",6275,"ENSG00000196154","S100A4","ENST00000368714"
"1054",7390,"ENSG00000188690","UROS","ENST00000368774"
"1055",117247,"ENSG00000112394","SLC16A10","ENST00000368850"
"1056",10962,"ENSG00000213190","MLLT11","ENST00000368921"
"1057",58497,"ENSG00000143363","PRUNE1","ENST00000368934"
"1058",8416,"ENSG00000143412","ANXA9","ENST00000368947"
"1059",84071,"ENSG00000118690","ARMC2","ENST00000368972"
"1060",57107,"ENSG00000164494","PDSS2","ENST00000369031"
"1061",55278,"ENSG00000130348","QRSL1","ENST00000369044"
"1062",23248,"ENSG00000163125","RPRD2","ENST00000369068"
"1063",639,"ENSG00000057657","PRDM1","ENST00000369089"
"1064",79630,"ENSG00000118292","C1orf54","ENST00000369099"
"1065",2869,"ENSG00000198873","GRK5","ENST00000369108"
"1066",10973,"ENSG00000112249","ASCC3","ENST00000369143"
"1067",9900,"ENSG00000159164","SV2A","ENST00000369145"
"1068",51027,"ENSG00000178096","BOLA1","ENST00000369150"
"1069",8349,"ENSG00000184678","H2BC21","ENST00000369155"
"1070",8337,"ENSG00000288825","H2AC18","ENST00000369159"
"1071",8357,"ENSG00000278828","H3C10","ENST00000369163"
"1072",440689,"ENSG00000203814","H2BC18","ENST00000369167"
"1073",554282,"ENSG00000263513","FAM72C","ENST00000369175"
"1074",101060226,"ENSG00000271383","NBPF19","ENST00000369227"
"1075",23376,"ENSG00000014123","UFL1","ENST00000369278"
"1076",55088,"ENSG00000165813","CCDC186","ENST00000369286"
"1077",153,"ENSG00000043591","ADRB1","ENST00000369295"
"1078",2045,"ENSG00000135333","EPHA7","ENST00000369297"
"1079",4892,"ENSG00000197893","NRAP","ENST00000369358"
"1080",10885,"ENSG00000065183","WDR3","ENST00000369441"
"1081",54855,"ENSG00000183508","TENT5C","ENST00000369448"
"1082",116442,"ENSG00000155961","RAB39B","ENST00000369454"
"1083",100272147,"ENSG00000182712","CMC4","ENST00000369479"
"1084",3321,"ENSG00000143061","IGSF3","ENST00000369483"
"1085",965,"ENSG00000116815","CD58","ENST00000369487"
"1086",474383,"ENSG00000288709","F8A2","ENST00000369505"
"1087",4893,"ENSG00000213281","NRAS","ENST00000369535"
"1088",10559,"ENSG00000164414","SLC35A1","ENST00000369552"
"1089",57150,"ENSG00000111850","SMIM8","ENST00000369570"
"1090",54665,"ENSG00000081019","RSBN1","ENST00000369581"
"1091",167681,"ENSG00000146250","PRSS35","ENST00000369700"
"1092",159686,"ENSG00000120051","CFAP58","ENST00000369703"
"1093",4199,"ENSG00000065833","ME1","ENST00000369705"
"1094",9446,"ENSG00000148834","GSTO1","ENST00000369710"
"1095",112611,"ENSG00000013392","RWDD2A","ENST00000369724"
"1096",119392,"ENSG00000156384","SFR1","ENST00000369727"
"1097",54492,"ENSG00000214357","NEURL1B","ENST00000369800"
"1098",84833,"ENSG00000173915","ATP5MK","ENST00000369815"
"1099",6785,"ENSG00000118402","ELOVL4","ENST00000369816"
"1100",2944,"ENSG00000134184","GSTM1","ENST00000369819"
"1101",83699,"ENSG00000198478","SH3BGRL2","ENST00000369838"
"1102",9118,"ENSG00000148798","INA","ENST00000369849"
"1103",2773,"ENSG00000065135","GNAI3","ENST00000369851"
"1104",57463,"ENSG00000181754","AMIGO1","ENST00000369862"
"1105",127002,"ENSG00000162650","ATXN7L2","ENST00000369869"
"1106",54838,"ENSG00000166272","WBP1L","ENST00000369884"
"1107",57473,"ENSG00000196700","ZNF512B","ENST00000369888"
"1108",140701,"ENSG00000183260","ABHD16B","ENST00000369916"
"1109",3351,"ENSG00000135312","HTR1B","ENST00000369947"
"1110",27145,"ENSG00000118407","FILIP1","ENST00000370020"
"1111",26205,"ENSG00000101216","GMEB2","ENST00000370077"
"1112",85441,"ENSG00000130589","HELZ2","ENST00000370082"
"1113",148867,"ENSG00000162695","SLC30A7","ENST00000370111"
"1114",8634,"ENSG00000137996","RTCA","ENST00000370126"
"1115",1629,"ENSG00000137992","DBT","ENST00000370131"
"1116",127495,"ENSG00000122477","LRRC39","ENST00000370138"
"1117",178,"ENSG00000162688","AGL","ENST00000370161"
"1118",391059,"ENSG00000156869","FRRS1","ENST00000370176"
"1119",55559,"ENSG00000213397","HAUS7","ENST00000370210"
"1120",9411,"ENSG00000137962","ARHGAP29","ENST00000370217"
"1121",10838,"ENSG00000063587","ZNF275","ENST00000370251"
"1122",50814,"ENSG00000147383","NSDHL","ENST00000370274"
"1123",50999,"ENSG00000117500","TMED5","ENST00000370280"
"1124",388650,"ENSG00000154511","DIPK1A","ENST00000370310"
"1125",54915,"ENSG00000149658","YTHDF1","ENST00000370334"
"1126",6319,"ENSG00000099194","SCD","ENST00000370355"
"1127",11083,"ENSG00000101191","DIDO1","ENST00000370366"
"1128",8776,"ENSG00000063601","MTMR1","ENST00000370387"
"1129",10613,"ENSG00000107566","ERLIN1","ENST00000370408"
"1130",100506164,"ENSG00000171116","HSFX1","ENST00000370416"
"1131",284695,"ENSG00000162664","ZNF326","ENST00000370447"
"1132",51076,"ENSG00000119929","CUTC","ENST00000370472"
"1133",135154,"ENSG00000154079","SDHAF4","ENST00000370474"
"1134",57579,"ENSG00000082269","FAM135A","ENST00000370479"
"1135",56267,"ENSG00000137944","KYAT3","ENST00000370486"
"1136",55257,"ENSG00000101189","MRGBP","ENST00000370487"
"1137",1297,"ENSG00000112280","COL9A1","ENST00000370496"
"1138",8804,"ENSG00000143162","CREG1","ENST00000370509"
"1139",5586,"ENSG00000065243","PKN2","ENST00000370513"
"1140",23566,"ENSG00000171517","LPAR3","ENST00000370611"
"1141",1486,"ENSG00000117151","CTBS","ENST00000370625"
"1142",60370,"ENSG00000119986","AVPI1","ENST00000370626"
"1143",55361,"ENSG00000155252","PI4K2A","ENST00000370631"
"1144",118812,"ENSG00000171160","MORN4","ENST00000370635"
"1145",112817,"ENSG00000241935","HOGA1","ENST00000370642"
"1146",80135,"ENSG00000117133","RPF1","ENST00000370654"
"1147",79649,"ENSG00000129680","MAP7D3","ENST00000370663"
"1148",80019,"ENSG00000165886","UBTD1","ENST00000370664"
"1149",9532,"ENSG00000112208","BAG2","ENST00000370693"
"1150",54810,"ENSG00000137960","GIPC2","ENST00000370759"
"1151",11080,"ENSG00000162616","DNAJB4","ENST00000370763"
"1152",84295,"ENSG00000156531","PHF6","ENST00000370800"
"1153",81578,"ENSG00000124749","COL21A1","ENST00000370817"
"1154",2239,"ENSG00000076716","GPC4","ENST00000370828"
"1155",653,"ENSG00000112175","BMP5","ENST00000370830"
"1156",26039,"ENSG00000184402","SS18L1","ENST00000370848"
"1157",5688,"ENSG00000101182","PSMA7","ENST00000370858"
"1158",5733,"ENSG00000050628","PTGER3","ENST00000370924"
"1159",55631,"ENSG00000066557","LRRC40","ENST00000370952"
"1160",79971,"ENSG00000116729","WLS","ENST00000370971"
"1161",5509,"ENSG00000132825","PPP1R3D","ENST00000370996"
"1162",57708,"ENSG00000198160","MIER1","ENST00000371018"
"1163",23401,"ENSG00000181274","FRAT2","ENST00000371019"
"1164",7398,"ENSG00000162607","USP1","ENST00000371146"
"1165",83941,"ENSG00000162604","TM2D1","ENST00000371177"
"1166",55544,"ENSG00000132819","RBM38","ENST00000371219"
"1167",5563,"ENSG00000162409","PRKAA2","ENST00000371244"
"1168",25973,"ENSG00000162396","PARS2","ENST00000371279"
"1169",338094,"ENSG00000162391","FAM151A","ENST00000371304"
"1170",29071,"ENSG00000171155","C1GALT1C1","ENST00000371313"
"1171",3920,"ENSG00000005893","LAMP2","ENST00000371335"
"1172",9528,"ENSG00000116209","TMEM59","ENST00000371337"
"1173",4694,"ENSG00000125356","NDUFA1","ENST00000371437"
"1174",7737,"ENSG00000125352","RNF113A","ENST00000371442"
"1175",64975,"ENSG00000182154","MRPL41","ENST00000371443"
"1176",26012,"ENSG00000165802","NSMF","ENST00000371468"
"1177",988,"ENSG00000096401","CDC5L","ENST00000371477"
"1178",57167,"ENSG00000101115","SALL4","ENST00000371539"
"1179",3326,"ENSG00000096384","HSP90AB1","ENST00000371554"
"1180",4998,"ENSG00000085840","ORC1","ENST00000371566"
"1181",5770,"ENSG00000196396","PTPN1","ENST00000371621"
"1182",8721,"ENSG00000107223","EDF1","ENST00000371648"
"1183",5865,"ENSG00000169213","RAB3B","ENST00000371655"
"1184",387521,"ENSG00000240849","PEDS1","ENST00000371658"
"1185",138311,"ENSG00000165716","DIPK1B","ENST00000371691"
"1186",27063,"ENSG00000148677","ANKRD1","ENST00000371697"
"1187",51162,"ENSG00000172889","EGFL7","ENST00000371698"
"1188",9334,"ENSG00000158470","B4GALT5","ENST00000371711"
"1189",728489,"ENSG00000213221","DNLZ","ENST00000371738"
"1190",1031,"ENSG00000123080","CDKN2C","ENST00000371761"
"1191",3434,"ENSG00000185745","IFIT1","ENST00000371804"
"1192",54521,"ENSG00000131725","WDR44","ENST00000371822"
"1193",51727,"ENSG00000162368","CMPK1","ENST00000371870"
"1194",11093,"ENSG00000160323","ADAMTS13","ENST00000371910"
"1195",57559,"ENSG00000138134","STAMBPL1","ENST00000371922"
"1196",148932,"ENSG00000142961","MOB3C","ENST00000371940"
"1197",541468,"ENSG00000171357","LURAP1","ENST00000371980"
"1198",6836,"ENSG00000148248","SURF4","ENST00000371982"
"1199",64928,"ENSG00000180992","MRPL14","ENST00000372014"
"1200",23613,"ENSG00000101040","ZMYND8","ENST00000372023"
"1201",1056,"ENSG00000170835","CEL","ENST00000372080"
"1202",112858,"ENSG00000172315","TP53RK","ENST00000372102"
"1203",55916,"ENSG00000101888","NXT2","ENST00000372103"
"1204",9329,"ENSG00000125484","GTF3C4","ENST00000372146"
"1205",84293,"ENSG00000122378","PRXL2A","ENST00000372187"
"1206",8643,"ENSG00000117425","PTCH2","ENST00000372192"
"1207",84814,"ENSG00000160539","PLPP7","ENST00000372261"
"1208",57727,"ENSG00000124160","NCOA5","ENST00000372291"
"1209",83543,"ENSG00000126878","AIF1L","ENST00000372301"
"1210",729262,"ENSG00000188199","NUTM2B","ENST00000372321"
"1211",219654,"ENSG00000165424","ZCCHC24","ENST00000372333"
"1212",445,"ENSG00000130707","ASS1","ENST00000372386"
"1213",221424,"ENSG00000204052","LRRC73","ENST00000372441"
"1214",389792,"ENSG00000188483","IER5L","ENST00000372491"
"1215",140825,"ENSG00000124257","NEURL2","ENST00000372518"
"1216",128497,"ENSG00000149634","SPATA25","ENST00000372519"
"1217",90204,"ENSG00000168612","ZSWIM1","ENST00000372523"
"1218",84858,"ENSG00000165655","ZNF503","ENST00000372524"
"1219",55086,"ENSG00000147231","RADX","ENST00000372544"
"1220",22845,"ENSG00000175283","DOLK","ENST00000372586"
"1221",9338,"ENSG00000172465","TCEAL1","ENST00000372624"
"1222",27018,"ENSG00000166681","BEX3","ENST00000372634"
"1223",163732,"ENSG00000179862","CITED4","ENST00000372638"
"1224",2021,"ENSG00000167136","ENDOG","ENST00000372642"
"1225",9783,"ENSG00000117016","RIMS3","ENST00000372683"
"1226",142891,"ENSG00000156671","SAMD8","ENST00000372687"
"1227",56271,"ENSG00000102409","BEX4","ENST00000372691"
"1228",55859,"ENSG00000133169","BEX1","ENST00000372728"
"1229",6385,"ENSG00000124145","SDC4","ENST00000372733"
"1230",80823,"ENSG00000198908","GPRASP3","ENST00000372735"
"1231",64860,"ENSG00000125962","ARMCX5","ENST00000372742"
"1232",6018,"ENSG00000117000","RLF","ENST00000372771"
"1233",158931,"ENSG00000204071","TCEAL6","ENST00000372773"
"1234",27232,"ENSG00000124713","GNMT","ENST00000372808"
"1235",10953,"ENSG00000025772","TOMM34","ENST00000372813"
"1236",656,"ENSG00000116985","BMP8B","ENST00000372827"
"1237",51309,"ENSG00000126947","ARMCX1","ENST00000372829"
"1238",118487,"ENSG00000172586","CHCHD1","ENST00000372833"
"1239",10695,"ENSG00000137161","CNPY3","ENST00000372836"
"1240",26508,"ENSG00000163909","HEYL","ENST00000372852"
"1241",10999,"ENSG00000167114","SLC27A4","ENST00000372870"
"1242",6903,"ENSG00000124659","TBCC","ENST00000372876"
"1243",23304,"ENSG00000024048","UBR2","ENST00000372903"
"1244",118490,"ENSG00000166343","MSS51","ENST00000372912"
"1245",2491,"ENSG00000102384","CENPI","ENST00000372927"
"1246",23234,"ENSG00000213551","DNAJC9","ENST00000372950"
"1247",4725,"ENSG00000168653","NDUFS5","ENST00000372969"
"1248",51526,"ENSG00000132823","OSER1","ENST00000372970"
"1249",94121,"ENSG00000102362","SYTL4","ENST00000372981"
"1250",705,"ENSG00000112578","BYSL","ENST00000372996"
"1251",25961,"ENSG00000166321","NUDT13","ENST00000372997"
"1252",5453,"ENSG00000185668","POU3F1","ENST00000373012"
"1253",127687,"ENSG00000197982","C1orf122","ENST00000373042"
"1254",79693,"ENSG00000196449","YRDC","ENST00000373044"
"1255",55143,"ENSG00000134690","CDCA8","ENST00000373055"
"1256",8818,"ENSG00000136908","DPM2","ENST00000373110"
"1257",56062,"ENSG00000102271","KLHL4","ENST00000373114"
"1258",9469,"ENSG00000122863","CHST3","ENST00000373115"
"1259",139322,"ENSG00000155008","APOOL","ENST00000373173"
"1260",54936,"ENSG00000116863","ADPRS","ENST00000373178"
"1261",219699,"ENSG00000107731","UNC5B","ENST00000373192"
"1262",140766,"ENSG00000138316","ADAMTS14","ENST00000373208"
"1263",1979,"ENSG00000148730","EIF4EBP2","ENST00000373218"
"1264",56681,"ENSG00000079332","SAR1A","ENST00000373239"
"1265",55776,"ENSG00000112167","SAYSD1","ENST00000373249"
"1266",6865,"ENSG00000075073","TACR2","ENST00000373306"
"1267",9935,"ENSG00000204103","MAFB","ENST00000373313"
"1268",84061,"ENSG00000102158","MAGT1","ENST00000373336"
"1269",100506144,"ENSG00000243749","TMEM35B","ENST00000373337"
"1270",51260,"ENSG00000102390","PBDC1","ENST00000373357"
"1271",55355,"ENSG00000123485","HJURP","ENST00000373395"
"1272",154467,"ENSG00000198937","CCDC167","ENST00000373408"
"1273",57648,"ENSG00000162522","KIAA1522","ENST00000373480"
"1274",55633,"ENSG00000065491","TBC1D22B","ENST00000373491"
"1275",4674,"ENSG00000186462","NAP1L2","ENST00000373517"
"1276",81629,"ENSG00000162526","TSSK3","ENST00000373534"
"1277",200081,"ENSG00000084652","TXLNA","ENST00000373609"
"1278",6191,"ENSG00000198034","RPS4X","ENST00000373626"
"1279",80312,"ENSG00000138336","TET1","ENST00000373644"
"1280",57684,"ENSG00000171448","ZBTB26","ENST00000373654"
"1281",10773,"ENSG00000186130","ZBTB6","ENST00000373659"
"1282",5742,"ENSG00000095303","PTGS1","ENST00000373698"
"1283",51645,"ENSG00000137168","PPIL1","ENST00000373699"
"1284",4702,"ENSG00000119421","NDUFA8","ENST00000373768"
"1285",57446,"ENSG00000101079","NDRG3","ENST00000373773"
"1286",158135,"ENSG00000175764","TTLL11","ENST00000373776"
"1287",79586,"ENSG00000123989","CHPF","ENST00000373891"
"1288",1955,"ENSG00000106780","MEGF9","ENST00000373930"
"1289",25980,"ENSG00000131043","AAR2","ENST00000373932"
"1290",253430,"ENSG00000151151","IPMK","ENST00000373935"
"1291",1620,"ENSG00000078725","BRINP1","ENST00000373964"
"1292",9203,"ENSG00000147130","ZMYM3","ENST00000373978"
"1293",64771,"ENSG00000196821","ILRUN","ENST00000374021"
"1294",2827,"ENSG00000181773","GPR3","ENST00000374024"
"1295",6548,"ENSG00000090020","SLC9A1","ENST00000374084"
"1296",246184,"ENSG00000176386","CDC26","ENST00000374206"
"1297",84300,"ENSG00000137288","UQCC2","ENST00000374214"
"1298",1318,"ENSG00000136867","SLC31A2","ENST00000374220"
"1299",64420,"ENSG00000106868","SUSD1","ENST00000374263"
"1300",79927,"ENSG00000197245","FAM110D","ENST00000374268"
"1301",149420,"ENSG00000175087","PDIK1L","ENST00000374271"
"1302",2790,"ENSG00000242616","GNG10","ENST00000374293"
"1303",79000,"ENSG00000127423","AUNIP","ENST00000374298"
"1304",5540,"ENSG00000204174","NPY4R","ENST00000374312"
"1305",9721,"ENSG00000204175","GPRIN2","ENST00000374314"
"1306",93550,"ENSG00000172671","ZFAND4","ENST00000374366"
"1307",158399,"ENSG00000173258","ZNF483","ENST00000374374"
"1308",25932,"ENSG00000169504","CLIC4","ENST00000374379"
"1309",163702,"ENSG00000185436","IFNLR1","ENST00000374418"
"1310",79987,"ENSG00000165124","SVEP1","ENST00000374461"
"1311",55454,"ENSG00000169826","CSGALNACT2","ENST00000374466"
"1312",578,"ENSG00000030110","BAK1","ENST00000374467"
"1313",2517,"ENSG00000179163","FUCA1","ENST00000374479"
"1314",55741,"ENSG00000088298","EDEM2","ENST00000374492"
"1315",9790,"ENSG00000165733","BMS1","ENST00000374518"
"1316",57095,"ENSG00000057757","PITHD1","ENST00000374524"
"1317",54566,"ENSG00000095203","EPB41L4B","ENST00000374557"
"1318",8727,"ENSG00000119326","CTNNAL1","ENST00000374593"
"1319",7581,"ENSG00000189180","ZNF33A","ENST00000374618"
"1320",22869,"ENSG00000081386","ZNF510","ENST00000374641"
"1321",9923,"ENSG00000184677","ZBTB40","ENST00000374651"
"1322",8325,"ENSG00000177283","FZD8","ENST00000374694"
"1323",83856,"ENSG00000106701","FSD1L","ENST00000374707"
"1324",19,"ENSG00000165029","ABCA1","ENST00000374733"
"1325",8829,"ENSG00000099250","NRP1","ENST00000374816"
"1326",249,"ENSG00000162551","ALPL","ENST00000374829"
"1327",83658,"ENSG00000125971","DYNLRB1","ENST00000374846"
"1328",54534,"ENSG00000136897","MRPL50","ENST00000374865"
"1329",139285,"ENSG00000184675","AMER1","ENST00000374869"
"1330",8577,"ENSG00000241697","TMEFF1","ENST00000374879"
"1331",139886,"ENSG00000186767","SPIN4","ENST00000374884"
"1332",158586,"ENSG00000198455","ZXDB","ENST00000374888"
"1333",54466,"ENSG00000147059","SPIN2A","ENST00000374906"
"1334",8894,"ENSG00000125977","EIF2S2","ENST00000374980"
"1335",79741,"ENSG00000216937","CCDC7","ENST00000375028"
"1336",7464,"ENSG00000106789","CORO2A","ENST00000375077"
"1337",127733,"ENSG00000162543","UBXN10","ENST00000375099"
"1338",2245,"ENSG00000102302","FGD1","ENST00000375135"
"1339",90121,"ENSG00000158526","TSR2","ENST00000375151"
"1340",63943,"ENSG00000204315","FKBPL","ENST00000375156"
"1341",3014,"ENSG00000188486","H2AX","ENST00000375167"
"1342",195828,"ENSG00000165244","ZNF367","ENST00000375256"
"1343",11046,"ENSG00000130958","SLC35D2","ENST00000375257"
"1344",220929,"ENSG00000183621","ZNF438","ENST00000375311"
"1345",6840,"ENSG00000197321","SVIL","ENST00000375398"
"1346",55920,"ENSG00000179051","RCC2","ENST00000375433"
"1347",54328,"ENSG00000184194","GPR173","ENST00000375466"
"1348",11240,"ENSG00000117115","PADI2","ENST00000375481"
"1349",64768,"ENSG00000127080","IPPK","ENST00000375522"
"1350",221527,"ENSG00000204366","ZBTB12","ENST00000375527"
"1351",25805,"ENSG00000095739","BAMBI","ENST00000375533"
"1352",22919,"ENSG00000101367","MAPRE1","ENST00000375571"
"1353",401541,"ENSG00000188312","CENPP","ENST00000375576"
"1354",3304,"ENSG00000204388","HSPA1B","ENST00000375650"
"1355",3305,"ENSG00000204390","HSPA1L","ENST00000375654"
"1356",9371,"ENSG00000101350","KIF3B","ENST00000375712"
"1357",1192,"ENSG00000213719","CLIC1","ENST00000375784"
"1358",53358,"ENSG00000148082","SHC3","ENST00000375831"
"1359",1903,"ENSG00000213694","S1PR3","ENST00000375846"
"1360",8660,"ENSG00000185950","IRS2","ENST00000375856"
"1361",1460,"ENSG00000204435","CSNK2B","ENST00000375866"
"1362",1514,"ENSG00000135047","CTSL","ENST00000375894"
"1363",84945,"ENSG00000139826","ABHD13","ENST00000375898"
"1364",57827,"ENSG00000204439","C6orf47","ENST00000375911"
"1365",728215,"ENSG00000204442","NALF1","ENST00000375915"
"1366",55937,"ENSG00000204444","APOM","ENST00000375916"
"1367",79670,"ENSG00000083223","TUT7","ENST00000375947"
"1368",55190,"ENSG00000196368","NUDT11","ENST00000375992"
"1369",60560,"ENSG00000135040","NAA35","ENST00000376040"
"1370",126755,"ENSG00000162494","LRRC38","ENST00000376085"
"1371",3397,"ENSG00000125968","ID1","ENST00000376112"
"1372",89801,"ENSG00000049769","PPP1R3F","ENST00000376188"
"1373",5095,"ENSG00000175198","PCCA","ENST00000376279"
"1374",5355,"ENSG00000102007","PLP2","ENST00000376322"
"1375",56952,"ENSG00000099256","PRTFDC1","ENST00000376376"
"1376",8870,"ENSG00000137331","IER3","ENST00000376377"
"1377",54799,"ENSG00000011258","MBTD1","ENST00000376381"
"1378",11230,"ENSG00000243279","PRAF2","ENST00000376386"
"1379",1880,"ENSG00000169508","GPR183","ENST00000376414"
"1380",11270,"ENSG00000137404","NRM","ENST00000376421"
"1381",4879,"ENSG00000120937","NPPB","ENST00000376468"
"1382",4878,"ENSG00000175206","NPPA","ENST00000376476"
"1383",220213,"ENSG00000165312","OTUD1","ENST00000376495"
"1384",90231,"ENSG00000116685","KIAA2013","ENST00000376576"
"1385",29968,"ENSG00000135069","PSAT1","ENST00000376588"
"1386",10459,"ENSG00000116670","MAD2L2","ENST00000376655"
"1387",266722,"ENSG00000185352","HS6ST3","ENST00000376705"
"1388",55757,"ENSG00000102595","UGGT2","ENST00000376712"
"1389",6992,"ENSG00000204619","PPP1R11","ENST00000376758"
"1390",5611,"ENSG00000102580","DNAJC3","ENST00000376795"
"1391",138199,"ENSG00000156017","CARNMT1","ENST00000376830"
"1392",55071,"ENSG00000135045","C9orf40","ENST00000376854"
"1393",221710,"ENSG00000224531","SMIM13","ENST00000376935"
"1394",64215,"ENSG00000136770","DNAJC1","ENST00000376946"
"1395",160897,"ENSG00000152749","GPR180","ENST00000376958"
"1396",8409,"ENSG00000126756","UXT","ENST00000376964"
"1397",138241,"ENSG00000155621","C9orf85","ENST00000377027"
"1398",1676,"ENSG00000160049","DFFA","ENST00000377036"
"1399",10082,"ENSG00000183098","GPC6","ENST00000377047"
"1400",8028,"ENSG00000078403","MLLT10","ENST00000377059"
"1401",7056,"ENSG00000178726","THBD","ENST00000377103"
"1402",10253,"ENSG00000136158","SPRY2","ENST00000377104"
"1403",687,"ENSG00000119138","KLF9","ENST00000377126"
"1404",22803,"ENSG00000088930","XRN2","ENST00000377191"
"1405",84898,"ENSG00000120594","PLXDC2","ENST00000377238"
"1406",55258,"ENSG00000144115","THNSL2","ENST00000377254"
"1407",80317,"ENSG00000189298","ZKSCAN3","ENST00000377255"
"1408",56998,"ENSG00000178585","CTNNBIP1","ENST00000377256"
"1409",7317,"ENSG00000130985","UBA1","ENST00000377269"
"1410",221079,"ENSG00000165997","ARL5B","ENST00000377275"
"1411",387032,"ENSG00000187626","ZKSCAN4","ENST00000377294"
"1412",80176,"ENSG00000171621","SPSB1","ENST00000377399"
"1413",7738,"ENSG00000096654","ZNF184","ENST00000377419"
"1414",115207,"ENSG00000178695","KCTD12","ENST00000377474"
"1415",347252,"ENSG00000137142","IGFBPL1","ENST00000377694"
"1416",6461,"ENSG00000107338","SHB","ENST00000377707"
"1417",8365,"ENSG00000158406","H4C8","ENST00000377727"
"1418",2843,"ENSG00000204882","GPR20","ENST00000377741"
"1419",64425,"ENSG00000137054","POLR1E","ENST00000377792"
"1420",345557,"ENSG00000182836","PLCXD3","ENST00000377801"
"1421",440145,"ENSG00000204899","MZT1","ENST00000377818"
"1422",8029,"ENSG00000107611","CUBN","ENST00000377823"
"1423",5101,"ENSG00000184226","PCDH9","ENST00000377861"
"1424",387509,"ENSG00000158292","GPR153","ENST00000377893"
"1425",6251,"ENSG00000148484","RSU1","ENST00000377911"
"1426",790955,"ENSG00000204922","UQCC3","ENST00000377953"
"1427",79081,"ENSG00000162194","LBHD1","ENST00000377954"
"1428",554251,"ENSG00000204923","FBXO48","ENST00000377957"
"1429",10097,"ENSG00000138071","ACTR2","ENST00000377982"
"1430",51053,"ENSG00000112312","GMNN","ENST00000378059"
"1431",27010,"ENSG00000196511","TPK1","ENST00000378099"
"1432",81688,"ENSG00000112308","C6orf62","ENST00000378102"
"1433",7094,"ENSG00000137076","TLN1","ENST00000378192"
"1434",9856,"ENSG00000137261","KIAA0319","ENST00000378214"
"1435",84650,"ENSG00000123179","EBPL","ENST00000378268"
"1436",2676,"ENSG00000146013","GFRA3","ENST00000378362"
"1437",159013,"ENSG00000185753","CXorf38","ENST00000378421"
"1438",127281,"ENSG00000157870","PRXL2B","ENST00000378425"
"1439",11079,"ENSG00000157916","RER1","ENST00000378513"
"1440",91584,"ENSG00000221866","PLXNA4","ENST00000378539"
"1441",7504,"ENSG00000047597","XK","ENST00000378616"
"1442",3400,"ENSG00000172201","ID4","ENST00000378700"
"1443",5801,"ENSG00000153233","PTPRR","ENST00000378778"
"1444",90313,"ENSG00000167543","TP53I13","ENST00000378818"
"1445",650,"ENSG00000125845","BMP2","ENST00000378827"
"1446",83643,"ENSG00000151468","CCDC3","ENST00000378839"
"1447",55612,"ENSG00000101311","FERMT1","ENST00000378844"
"1448",57118,"ENSG00000183049","CAMK1D","ENST00000378845"
"1449",644096,"ENSG00000205138","SDHAF1","ENST00000378887"
"1450",57122,"ENSG00000111581","NUP107","ENST00000378905"
"1451",11258,"ENSG00000137100","DCTN3","ENST00000378911"
"1452",92906,"ENSG00000143889","HNRNPLL","ENST00000378915"
"1453",257397,"ENSG00000157625","TAB3","ENST00000378928"
"1454",2710,"ENSG00000198814","GK","ENST00000378938"
"1455",138716,"ENSG00000164967","RPP25L","ENST00000378959"
"1456",190,"ENSG00000169297","NR0B1","ENST00000378963"
"1457",8760,"ENSG00000101290","CDS2","ENST00000379070"
"1458",203259,"ENSG00000164970","FAM219A","ENST00000379078"
"1459",6339,"ENSG00000162572","SCNN1D","ENST00000379099"
"1460",57462,"ENSG00000164976","MYORG","ENST00000379142"
"1461",318,"ENSG00000164978","NUDT2","ENST00000379158"
"1462",5111,"ENSG00000132646","PCNA","ENST00000379160"
"1463",26747,"ENSG00000083635","NUFIP1","ENST00000379161"
"1464",126792,"ENSG00000176022","B3GALT6","ENST00000379198"
"1465",254427,"ENSG00000148426","PROSER2","ENST00000379200"
"1466",29103,"ENSG00000120675","DNAJC15","ENST00000379221"
"1467",160851,"ENSG00000102780","DGKH","ENST00000379274"
"1468",29058,"ENSG00000089063","TMEM230","ENST00000379276"
"1469",23078,"ENSG00000102763","VWA8","ENST00000379302"
"1470",1906,"ENSG00000078401","EDN1","ENST00000379375"
"1471",9770,"ENSG00000101265","RASSF2","ENST00000379376"
"1472",100113407,"ENSG00000205269","TMEM170B","ENST00000379426"
"1473",84078,"ENSG00000120696","KBTBD7","ENST00000379483"
"1474",89890,"ENSG00000165572","KBTBD6","ENST00000379485"
"1475",11193,"ENSG00000120688","WBP4","ENST00000379487"
"1476",55003,"ENSG00000111845","PAK1IP1","ENST00000379568"
"1477",1964,"ENSG00000173674","EIF1AX","ENST00000379593"
"1478",55521,"ENSG00000152503","TRIM36","ENST00000379617"
"1479",2683,"ENSG00000086062","B4GALT1","ENST00000379731"
"1480",1059,"ENSG00000125817","CENPB","ENST00000379751"
"1481",122011,"ENSG00000180138","CSNK1A1L","ENST00000379800"
"1482",54840,"ENSG00000137074","APTX","ENST00000379813"
"1483",6422,"ENSG00000104332","SFRP1","ENST00000379845"
"1484",10210,"ENSG00000197579","TOPORS","ENST00000379858"
"1485",9201,"ENSG00000133083","DCLK1","ENST00000379892"
"1486",203228,"ENSG00000147894","C9orf72","ENST00000379995"
"1487",65992,"ENSG00000198171","DDRGK1","ENST00000380201"
"1488",26240,"ENSG00000145945","FAM50B","ENST00000380274"
"1489",63027,"ENSG00000137266","SLC22A23","ENST00000380298"
"1490",64949,"ENSG00000125901","MRPS26","ENST00000380325"
"1491",340591,"ENSG00000290746","","ENST00000380331"
"1492",10184,"ENSG00000145685","LHFPL2","ENST00000380345"
"1493",6194,"ENSG00000137154","RPS6","ENST00000380381"
"1494",55667,"ENSG00000137145","DENND4C","ENST00000380424"
"1495",10670,"ENSG00000155876","RRAGA","ENST00000380527"
"1496",57659,"ENSG00000174282","ZBTB4","ENST00000380599"
"1497",56265,"ENSG00000088882","CPXM1","ENST00000380605"
"1498",6456,"ENSG00000107295","SH3GL2","ENST00000380607"
"1499",7114,"ENSG00000205542","TMSB4X","ENST00000380633"
"1500",5412,"ENSG00000122042","UBL3","ENST00000380680"
"1501",5272,"ENSG00000170542","SERPINB9","ENST00000380698"
"1502",3052,"ENSG00000004961","HCCS","ENST00000380762"
"1503",56897,"ENSG00000124535","WRNIP1","ENST00000380764"
"1504",441272,"ENSG00000214300","SPDYE3","ENST00000380765"
"1505",283537,"ENSG00000139508","SLC46A3","ENST00000380814"
"1506",435,"ENSG00000126522","ASL","ENST00000380839"
"1507",114134,"ENSG00000151229","SLC2A13","ENST00000380858"
"1508",8624,"ENSG00000183527","PSMG1","ENST00000380900"
"1509",25771,"ENSG00000054611","TBC1D22A","ENST00000380995"
"1510",57502,"ENSG00000146938","NLGN4X","ENST00000381093"
"1511",6526,"ENSG00000198743","SLC5A3","ENST00000381151"
"1512",8908,"ENSG00000056998","GYG2","ENST00000381157"
"1513",79003,"ENSG00000167842","MIS12","ENST00000381165"
"1514",85352,"ENSG00000138944","SHISAL1","ENST00000381176"
"1515",4267,"ENSG00000002586","CD99","ENST00000381177"
"1516",348654,"ENSG00000178295","GEN1","ENST00000381254"
"1517",8227,"ENSG00000197976","AKAP17A","ENST00000381261"
"1518",162073,"ENSG00000205730","ITPRIPL2","ENST00000381440"
"1519",3563,"ENSG00000185291","IL3RA","ENST00000381469"
"1520",9145,"ENSG00000100321","SYNGR1","ENST00000381535"
"1521",728118,"ENSG00000184923","NUTM2A","ENST00000381689"
"1522",503693,"ENSG00000205791","LOH12CR2","ENST00000381800"
"1523",344967,"ENSG00000293349","","ENST00000381811"
"1524",403313,"ENSG00000205808","PLPP6","ENST00000381883"
"1525",140809,"ENSG00000271303","SRXN1","ENST00000381962"
"1526",5991,"ENSG00000080298","RFX3","ENST00000381984"
"1527",5345,"ENSG00000167711","SERPINF2","ENST00000382061"
"1528",6649,"ENSG00000109610","SOD3","ENST00000382120"
"1529",55504,"ENSG00000127863","TNFRSF19","ENST00000382263"
"1530",55871,"ENSG00000172785","ZNG1A","ENST00000382393"
"1531",8532,"ENSG00000109625","CPZ","ENST00000382480"
"1532",8867,"ENSG00000159082","SYNJ1","ENST00000382491"
"1533",94031,"ENSG00000170801","HTRA3","ENST00000382512"
"1534",81889,"ENSG00000180185","FAHD1","ENST00000382668"
"1535",85013,"ENSG00000132406","TMEM128","ENST00000382753"
"1536",2706,"ENSG00000165474","GJB2","ENST00000382848"
"1537",321,"ENSG00000034053","APBA2","ENST00000382938"
"1538",27031,"ENSG00000113971","NPHP3","ENST00000383282"
"1539",151636,"ENSG00000163840","DTX3L","ENST00000383661"
"1540",11259,"ENSG00000168386","FILIP1L","ENST00000383694"
"1541",131405,"ENSG00000206557","TRIM71","ENST00000383763"
"1542",692063,"ENSG00000206799","SNORA32","ENST00000384072"
"1543",26870,"ENSG00000207005","RNU1-2","ENST00000384278"
"1544",684959,"ENSG00000207112","SNORA25","ENST00000384384"
"1545",677805,"ENSG00000207145","SNORA18","ENST00000384416"
"1546",26781,"ENSG00000277985","SNORA67","ENST00000384423"
"1547",26778,"ENSG00000207165","SNORA70","ENST00000384436"
"1548",654320,"ENSG00000207304","SNORA8","ENST00000384574"
"1549",103625684,"ENSG00000207357","RNU6-2","ENST00000384627"
"1550",9304,"ENSG00000277194","SNORD22","ENST00000384756"
"1551",26869,"ENSG00000207513","RNU1-3","ENST00000384782"
"1552",2318,"ENSG00000128591","FLNC","ENST00000388853"
"1553",260294,"ENSG00000290831","NSUN5P2","ENST00000388955"
"1554",54785,"ENSG00000196544","BORCS6","ENST00000389017"
"1555",317649,"ENSG00000163412","EIF4E3","ENST00000389826"
"1556",130074,"ENSG00000152102","FAM168B","ENST00000389915"
"1557",10123,"ENSG00000188042","ARL4C","ENST00000390645"
"1558",163126,"ENSG00000176396","EID2","ENST00000390658"
"1559",4166,"ENSG00000183196","CHST6","ENST00000390664"
"1560",127428,"ENSG00000116205","TCEANC2","ENST00000391366"
"1561",441518,"ENSG00000212747","RTL8B","ENST00000391440"
"1562",727800,"ENSG00000212864","RNF208","ENST00000391553"
"1563",55663,"ENSG00000083838","ZNF446","ENST00000391694"
"1564",388566,"ENSG00000197016","ZNF470","ENST00000391709"
"1565",29844,"ENSG00000105619","TFPT","ENST00000391757"
"1566",5518,"ENSG00000105568","PPP2R1A","ENST00000391791"
"1567",3914,"ENSG00000196878","LAMB3","ENST00000391911"
"1568",79760,"ENSG00000142252","GEMIN7","ENST00000391951"
"1569",7673,"ENSG00000159885","ZNF222","ENST00000391960"
"1570",10430,"ENSG00000105677","TMEM147","ENST00000392205"
"1571",53827,"ENSG00000089327","FXYD5","ENST00000392217"
"1572",147991,"ENSG00000178904","DPY19L3","ENST00000392250"
"1573",26002,"ENSG00000079931","MOXD1","ENST00000392401"
"1574",10477,"ENSG00000170035","UBE2E3","ENST00000392415"
"1575",151963,"ENSG00000180611","MB21D2","ENST00000392452"
"1576",135112,"ENSG00000111912","NCOA7","ENST00000392477"
"1577",90135,"ENSG00000184887","BTBD6","ENST00000392553"
"1578",8520,"ENSG00000128708","HAT1","ENST00000392584"
"1579",8936,"ENSG00000112290","WASF1","ENST00000392588"
"1580",55038,"ENSG00000170779","CDCA4","ENST00000392590"
"1581",57129,"ENSG00000136522","MRPL47","ENST00000392659"
"1582",253782,"ENSG00000172292","CERS6","ENST00000392687"
"1583",155435,"ENSG00000184863","RBM33","ENST00000392755"
"1584",22925,"ENSG00000153246","PLA2R1","ENST00000392771"
"1585",130574,"ENSG00000187123","LYPD6","ENST00000392854"
"1586",6001,"ENSG00000148908","RGS10","ENST00000392865"
"1587",57698,"ENSG00000187164","SHTN1","ENST00000392903"
"1588",2840,"ENSG00000144230","GPR17","ENST00000393018"
"1589",10755,"ENSG00000123159","GIPC1","ENST00000393028"
"1590",9719,"ENSG00000197859","ADAMTSL2","ENST00000393060"
"1591",80723,"ENSG00000168917","SLC35G2","ENST00000393079"
"1592",55240,"ENSG00000115107","STEAP3","ENST00000393107"
"1593",22986,"ENSG00000156395","SORCS3","ENST00000393176"
"1594",56944,"ENSG00000116774","OLFML3","ENST00000393300"
"1595",25913,"ENSG00000128513","POT1","ENST00000393329"
"1596",4245,"ENSG00000131446","MGAT1","ENST00000393340"
"1597",4094,"ENSG00000178573","MAF","ENST00000393350"
"1598",57472,"ENSG00000113300","CNOT6","ENST00000393356"
"1599",10745,"ENSG00000116793","PHTF1","ENST00000393357"
"1600",9392,"ENSG00000135966","TGFBRAP1","ENST00000393359"
"1601",23469,"ENSG00000118482","PHF3","ENST00000393387"
"1602",4193,"ENSG00000135679","MDM2","ENST00000393412"
"1603",8945,"ENSG00000166167","BTRC","ENST00000393441"
"1604",857,"ENSG00000105974","CAV1","ENST00000393467"
"1605",51239,"ENSG00000213337","ANKRD39","ENST00000393537"
"1606",3912,"ENSG00000091136","LAMB1","ENST00000393559"
"1607",5029,"ENSG00000175591","P2RY2","ENST00000393596"
"1608",2348,"ENSG00000110195","FOLR1","ENST00000393676"
"1609",10068,"ENSG00000137496","IL18BP","ENST00000393707"
"1610",3386,"ENSG00000105371","ICAM4","ENST00000393717"
"1611",1812,"ENSG00000184845","DRD1","ENST00000393752"
"1612",84287,"ENSG00000171307","ZDHHC16","ENST00000393760"
"1613",2596,"ENSG00000172020","GAP43","ENST00000393780"
"1614",92181,"ENSG00000168246","UBTD2","ENST00000393792"
"1615",28511,"ENSG00000168256","NKIRAS2","ENST00000393879"
"1616",78999,"ENSG00000173621","LRFN4","ENST00000393952"
"1617",79109,"ENSG00000119487","MAPKAP1","ENST00000394063"
"1618",22794,"ENSG00000108349","CASC3","ENST00000394114"
"1619",2273,"ENSG00000022267","FHL1","ENST00000394153"
"1620",23506,"ENSG00000112624","BICRAL","ENST00000394168"
"1621",7026,"ENSG00000185551","NR2F2","ENST00000394171"
"1622",1266,"ENSG00000117519","CNN3","ENST00000394202"
"1623",116224,"ENSG00000187866","PABIR1","ENST00000394264"
"1624",5082,"ENSG00000136940","PDCL","ENST00000394285"
"1625",92399,"ENSG00000148187","MRRF","ENST00000394315"
"1626",5916,"ENSG00000172819","RARG","ENST00000394426"
"1627",11214,"ENSG00000170776","AKAP13","ENST00000394510"
"1628",7368,"ENSG00000174607","UGT8","ENST00000394511"
"1629",100101490,"ENSG00000101898","MCTS2","ENST00000394552"
"1630",5151,"ENSG00000073417","PDE8A","ENST00000394553"
"1631",25873,"ENSG00000130255","RPL36","ENST00000394580"
"1632",7597,"ENSG00000089775","ZBTB25","ENST00000394715"
"1633",310,"ENSG00000138279","ANXA7","ENST00000394847"
"1634",1288,"ENSG00000197565","COL4A6","ENST00000394872"
"1635",389524,"ENSG00000174428","GTF2IRD2B","ENST00000394939"
"1636",9726,"ENSG00000167395","ZNF646","ENST00000394979"
"1637",91368,"ENSG00000237190","CDKN2AIPNL","ENST00000395009"
"1638",1489,"ENSG00000150281","CTF1","ENST00000395019"
"1639",1543,"ENSG00000140465","CYP1A1","ENST00000395048"
"1640",6919,"ENSG00000171703","TCEA2","ENST00000395053"
"1641",286077,"ENSG00000180921","FAM83H","ENST00000395103"
"1642",140685,"ENSG00000130584","ZBTB46","ENST00000395104"
"1643",64582,"ENSG00000181619","GPR135","ENST00000395116"
"1644",1365,"ENSG00000165215","CLDN3","ENST00000395145"
"1645",84277,"ENSG00000176410","DNAJC30","ENST00000395176"
"1646",1302,"ENSG00000204248","COL11A2","ENST00000395194"
"1647",7111,"ENSG00000136842","TMOD1","ENST00000395211"
"1648",7965,"ENSG00000106305","AIMP2","ENST00000395236"
"1649",9807,"ENSG00000176095","IP6K1","ENST00000395238"
"1650",56990,"ENSG00000158985","CDC42SE2","ENST00000395246"
"1651",219790,"ENSG00000182010","RTKN2","ENST00000395260"
"1652",3895,"ENSG00000126777","KTN1","ENST00000395309"
"1653",205,"ENSG00000162433","AK4","ENST00000395334"
"1654",7019,"ENSG00000108064","TFAM","ENST00000395377"
"1655",11130,"ENSG00000122952","ZWINT","ENST00000395405"
"1656",92840,"ENSG00000115255","REEP6","ENST00000395484"
"1657",4753,"ENSG00000184613","NELL2","ENST00000395487"
"1658",2643,"ENSG00000131979","GCH1","ENST00000395521"
"1659",1033,"ENSG00000100526","CDKN3","ENST00000395577"
"1660",26471,"ENSG00000176046","NUPR1","ENST00000395641"
"1661",514,"ENSG00000124172","ATP5F1E","ENST00000395659"
"1662",6470,"ENSG00000176974","SHMT1","ENST00000395682"
"1663",5814,"ENSG00000146676","PURB","ENST00000395699"
"1664",125170,"ENSG00000177427","MIEF2","ENST00000395706"
"1665",79924,"ENSG00000128165","ADM2","ENST00000395738"
"1666",6300,"ENSG00000188130","MAPK12","ENST00000395778"
"1667",50854,"ENSG00000204387","SNHG32","ENST00000395788"
"1668",79172,"ENSG00000138092","CENPO","ENST00000395845"
"1669",79609,"ENSG00000100483","VCPKMT","ENST00000395859"
"1670",7071,"ENSG00000155090","KLF10","ENST00000395884"
"1671",120526,"ENSG00000170946","DNAJC24","ENST00000395949"
"1672",84612,"ENSG00000124171","PARD6B","ENST00000396039"
"1673",367,"ENSG00000169083","AR","ENST00000396044"
"1674",57149,"ENSG00000102897","LYRM1","ENST00000396052"
"1675",10168,"ENSG00000186448","ZNF197","ENST00000396058"
"1676",23175,"ENSG00000134324","LPIN1","ENST00000396097"
"1677",94134,"ENSG00000165322","ARHGAP12","ENST00000396144"
"1678",54807,"ENSG00000083828","ZNF586","ENST00000396150"
"1679",4253,"ENSG00000150527","MIA2","ENST00000396158"
"1680",54704,"ENSG00000164951","PDP1","ENST00000396200"
"1681",4257,"ENSG00000008394","MGST1","ENST00000396209"
"1682",706,"ENSG00000100300","TSPO","ENST00000396265"
"1683",64089,"ENSG00000104497","SNX16","ENST00000396330"
"1684",203068,"ENSG00000196230","TUBB","ENST00000396384"
"1685",79042,"ENSG00000170892","TSEN34","ENST00000396388"
"1686",63916,"ENSG00000062598","ELMO2","ENST00000396391"
"1687",3652,"ENSG00000197429","IPP","ENST00000396478"
"1688",284114,"ENSG00000181284","TMEM102","ENST00000396568"
"1689",10124,"ENSG00000122644","ARL4A","ENST00000396663"
"1690",5862,"ENSG00000104388","RAB2A","ENST00000396696"
"1691",1241,"ENSG00000213903","LTB4R","ENST00000396782"
"1692",6591,"ENSG00000019549","SNAI2","ENST00000396822"
"1693",128486,"ENSG00000197296","FITM2","ENST00000396825"
"1694",25900,"ENSG00000010295","IFFO1","ENST00000396830"
"1695",7569,"ENSG00000147118","ZNF182","ENST00000396965"
"1696",8347,"ENSG00000180596","H2BC4","ENST00000396984"
"1697",5562,"ENSG00000132356","PRKAA1","ENST00000397006"
"1698",3269,"ENSG00000196639","HRH1","ENST00000397056"
"1699",390916,"ENSG00000213965","NUDT19","ENST00000397061"
"1700",5601,"ENSG00000050748","MAPK9","ENST00000397072"
"1701",2852,"ENSG00000164850","GPER1","ENST00000397092"
"1702",339500,"ENSG00000181450","ZNF678","ENST00000397097"
"1703",84310,"ENSG00000146540","C7orf50","ENST00000397100"
"1704",83460,"ENSG00000127774","EMC6","ENST00000397133"
"1705",80760,"ENSG00000123243","ITIH5","ENST00000397145"
"1706",55234,"ENSG00000122692","SMU1","ENST00000397149"
"1707",63905,"ENSG00000101363","MANBAL","ENST00000397151"
"1708",57713,"ENSG00000198879","SFMBT2","ENST00000397167"
"1709",23543,"ENSG00000100320","RBFOX2","ENST00000397305"
"1710",3720,"ENSG00000008083","JARID2","ENST00000397311"
"1711",8407,"ENSG00000158710","TAGLN2","ENST00000397334"
"1712",859,"ENSG00000182533","CAV3","ENST00000397368"
"1713",157570,"ENSG00000171320","ESCO2","ENST00000397418"
"1714",8428,"ENSG00000102572","STK24","ENST00000397517"
"1715",11168,"ENSG00000164985","PSIP1","ENST00000397519"
"1716",56478,"ENSG00000184708","EIF4ENIF1","ENST00000397520"
"1717",80162,"ENSG00000142102","PGGHG","ENST00000397660"
"1718",54059,"ENSG00000182362","YBEY","ENST00000397691"
"1719",161779,"ENSG00000182405","PGBD4","ENST00000397766"
"1720",4771,"ENSG00000186575","NF2","ENST00000397789"
"1721",5025,"ENSG00000135124","P2RX4","ENST00000397924"
"1722",6035,"ENSG00000129538","RNASE1","ENST00000397970"
"1723",283,"ENSG00000214274","ANG","ENST00000397990"
"1724",10818,"ENSG00000166225","FRS2","ENST00000397997"
"1725",11200,"ENSG00000183765","CHEK2","ENST00000398017"
"1726",10389,"ENSG00000102098","SCML2","ENST00000398048"
"1727",8602,"ENSG00000087269","NOP14","ENST00000398071"
"1728",255374,"ENSG00000214309","MBLAC1","ENST00000398075"
"1729",102724560,"ENSG00000274276","","ENST00000398168"
"1730",51253,"ENSG00000116221","MRPL37","ENST00000398219"
"1731",100101267,"ENSG00000272391","POM121C","ENST00000398379"
"1732",1471,"ENSG00000101439","CST3","ENST00000398409"
"1733",49854,"ENSG00000173276","ZBTB21","ENST00000398497"
"1734",220136,"ENSG00000172361","CFAP53","ENST00000398545"
"1735",441155,"ENSG00000214558","ZC3H11C","ENST00000398578"
"1736",56099,"ENSG00000254122","PCDHGB7","ENST00000398594"
"1737",56106,"ENSG00000253846","PCDHGA10","ENST00000398610"
"1738",150962,"ENSG00000162927","PUS10","ENST00000398658"
"1739",8509,"ENSG00000166507","NDST2","ENST00000398701"
"1740",121536,"ENSG00000139154","AEBP2","ENST00000398731"
"1741",57510,"ENSG00000124571","XPO5","ENST00000398799"
"1742",2887,"ENSG00000106070","GRB10","ENST00000398810"
"1743",105371730,"ENSG00000214708","","ENST00000398832"
"1744",150223,"ENSG00000161179","YDJC","ENST00000398873"
"1745",100188893,"ENSG00000214736","TOMM6","ENST00000398881"
"1746",65985,"ENSG00000081760","AACS","ENST00000398953"
"1747",84709,"ENSG00000137463","MGARP","ENST00000398955"
"1748",79184,"ENSG00000185515","BRCC3","ENST00000399026"
"1749",8195,"ENSG00000125863","MKKS","ENST00000399054"
"1750",401152,"ENSG00000164096","C4orf3","ENST00000399075"
"1751",873,"ENSG00000159228","CBR1","ENST00000399191"
"1752",1607,"ENSG00000136267","DGKB","ENST00000399322"
"1753",55508,"ENSG00000175782","SLC35E3","ENST00000399333"
"1754",6453,"ENSG00000205726","ITSN1","ENST00000399338"
"1755",9946,"ENSG00000205758","CRYZL1","ENST00000399442"
"1756",128977,"ENSG00000242259","C22orf39","ENST00000399562"
"1757",54976,"ENSG00000101220","ADISSP","ENST00000399672"
"1758",375704,"ENSG00000168913","ENHO","ENST00000399775"
"1759",134111,"ENSG00000215218","UBE2QL1","ENST00000399816"
"1760",27439,"ENSG00000183307","TMEM121B","ENST00000399875"
"1761",84984,"ENSG00000174007","CEP19","ENST00000399942"
"1762",116159,"ENSG00000166265","CYYR1","ENST00000400043"
"1763",5797,"ENSG00000173482","PTPRM","ENST00000400060"
"1764",140885,"ENSG00000198053","SIRPA","ENST00000400068"
"1765",1525,"ENSG00000154639","CXADR","ENST00000400169"
"1766",29761,"ENSG00000155313","USP25","ENST00000400183"
"1767",140680,"ENSG00000196476","C20orf96","ENST00000400269"
"1768",65018,"ENSG00000158828","PINK1","ENST00000400490"
"1769",343637,"ENSG00000101282","RSPO4","ENST00000400634"
"1770",127707,"ENSG00000179023","KLHDC7A","ENST00000400664"
"1771",100288778,"ENSG00000226210","WASH8P","ENST00000400706"
"1772",23254,"ENSG00000189337","KAZN","ENST00000400798"
"1773",55210,"ENSG00000197785","ATAD3A","ENST00000400830"
"1774",728833,"ENSG00000215784","FAM72D","ENST00000400889"
"1775",10747,"ENSG00000009724","MASP2","ENST00000400898"
"1776",728642,"ENSG00000008128","CDK11A","ENST00000401096"
"1777",29796,"ENSG00000184076","UQCR10","ENST00000401406"
"1778",406,"ENSG00000133794","BMAL1","ENST00000401424"
"1779",5880,"ENSG00000128340","RAC2","ENST00000401529"
"1780",27124,"ENSG00000185133","INPP5J","ENST00000401755"
"1781",1129,"ENSG00000181072","CHRM2","ENST00000401861"
"1782",6183,"ENSG00000128626","MRPS12","ENST00000402029"
"1783",22924,"ENSG00000084764","MAPRE3","ENST00000402218"
"1784",25814,"ENSG00000130638","ATXN10","ENST00000402380"
"1785",56913,"ENSG00000106392","C1GALT1","ENST00000402468"
"1786",56666,"ENSG00000073150","PANX2","ENST00000402472"
"1787",85377,"ENSG00000100139","MICALL1","ENST00000402631"
"1788",6634,"ENSG00000100028","SNRPD3","ENST00000402849"
"1789",4668,"ENSG00000198951","NAGA","ENST00000402937"
"1790",150678,"ENSG00000172428","COPS9","ENST00000403160"
"1791",57026,"ENSG00000241360","PDXP","ENST00000403251"
"1792",100125288,"ENSG00000220201","ZGLP1","ENST00000403352"
"1793",55272,"ENSG00000177971","IMP3","ENST00000403490"
"1794",29799,"ENSG00000100027","YPEL1","ENST00000403503"
"1795",23411,"ENSG00000096717","SIRT1","ENST00000403579"
"1796",63892,"ENSG00000115970","THADA","ENST00000403856"
"1797",10267,"ENSG00000132329","RAMP1","ENST00000403885"
"1798",440854,"ENSG00000214711","CAPN14","ENST00000403897"
"1799",3976,"ENSG00000128342","LIF","ENST00000403987"
"1800",58484,"ENSG00000091106","NLRC4","ENST00000404025"
"1801",57703,"ENSG00000163510","CWC22","ENST00000404136"
"1802",28951,"ENSG00000071575","TRIB2","ENST00000405331"
"1803",285362,"ENSG00000144455","SUMF1","ENST00000405420"
"1804",10411,"ENSG00000079337","RAPGEF3","ENST00000405493"
"1805",219402,"ENSG00000122033","MTIF3","ENST00000405591"
"1806",648791,"ENSG00000219607","PPP1R3G","ENST00000405617"
"1807",1997,"ENSG00000120690","ELF1","ENST00000405737"
"1808",10678,"ENSG00000170340","B3GNT2","ENST00000405767"
"1809",23500,"ENSG00000146122","DAAM2","ENST00000405961"
"1810",7975,"ENSG00000198517","MAFK","ENST00000406174"
"1811",239,"ENSG00000108839","ALOX12","ENST00000406228"
"1812",84133,"ENSG00000183579","ZNRF3","ENST00000406323"
"1813",27129,"ENSG00000173641","HSPB7","ENST00000406363"
"1814",7447,"ENSG00000163032","VSNL1","ENST00000406397"
"1815",140775,"ENSG00000176994","SMCR8","ENST00000406438"
"1816",3382,"ENSG00000003147","ICA1","ENST00000406470"
"1817",1788,"ENSG00000119772","DNMT3A","ENST00000406659"
"1818",23265,"ENSG00000182473","EXOC7","ENST00000406660"
"1819",3053,"ENSG00000099937","SERPIND1","ENST00000406799"
"1820",25817,"ENSG00000219438","TAFA5","ENST00000406880"
"1821",84885,"ENSG00000160446","ZDHHC12","ENST00000406904"
"1822",29960,"ENSG00000122687","MRM2","ENST00000407040"
"1823",140733,"ENSG00000172264","MACROD2","ENST00000407045"
"1824",4192,"ENSG00000110492","MDK","ENST00000407067"
"1825",401265,"ENSG00000124743","KLHL31","ENST00000407079"
"1826",51537,"ENSG00000242114","MTFP1","ENST00000407550"
"1827",114800,"ENSG00000055813","CCDC85A","ENST00000407595"
"1828",50618,"ENSG00000198399","ITSN2","ENST00000407704"
"1829",23764,"ENSG00000185022","MAFF","ENST00000407965"
"1830",23151,"ENSG00000075240","GRAMD4","ENST00000408031"
"1831",441150,"ENSG00000221821","C6orf226","ENST00000408925"
"1832",221786,"ENSG00000221909","FAM200A","ENST00000408938"
"1833",150737,"ENSG00000196659","IFT70B","ENST00000408939"
"1834",200765,"ENSG00000221944","TIGD1","ENST00000408957"
"1835",1052,"ENSG00000221869","CEBPD","ENST00000408965"
"1836",55339,"ENSG00000136709","WDR33","ENST00000408998"
"1837",285190,"ENSG00000196862","RGPD4","ENST00000408999"
"1838",80219,"ENSG00000115520","COQ10B","ENST00000409010"
"1839",151525,"ENSG00000196151","WDSUB1","ENST00000409124"
"1840",84317,"ENSG00000136710","CCDC115","ENST00000409127"
"1841",729967,"ENSG00000188010","MORN2","ENST00000409131"
"1842",51318,"ENSG00000132313","MRPL35","ENST00000409180"
"1843",7247,"ENSG00000211460","TSN","ENST00000409193"
"1844",64881,"ENSG00000280165","PCDH20","ENST00000409204"
"1845",377007,"ENSG00000168427","KLHL30","ENST00000409223"
"1846",55041,"ENSG00000115762","PLEKHB2","ENST00000409279"
"1847",27233,"ENSG00000198075","SULT1C4","ENST00000409309"
"1848",25843,"ENSG00000115540","MOB4","ENST00000409360"
"1849",5534,"ENSG00000221823","PPP3R1","ENST00000409377"
"1850",4796,"ENSG00000160949","TONSL","ENST00000409379"
"1851",79017,"ENSG00000006625","GGCT","ENST00000409436"
"1852",29094,"ENSG00000119862","LGALSL","ENST00000409537"
"1853",79833,"ENSG00000152147","GEMIN6","ENST00000409566"
"1854",653781,"ENSG00000222038","POTEJ","ENST00000409602"
"1855",10169,"ENSG00000140264","SERF2","ENST00000409614"
"1856",72,"ENSG00000163017","ACTG2","ENST00000409624"
"1857",164832,"ENSG00000170500","LONRF2","ENST00000409647"
"1858",80830,"ENSG00000221963","APOL6","ENST00000409652"
"1859",89958,"ENSG00000186193","SAPCD2","ENST00000409687"
"1860",5433,"ENSG00000144231","POLR2D","ENST00000409698"
"1861",8576,"ENSG00000115661","STK16","ENST00000409743"
"1862",255275,"ENSG00000185105","MYADML2","ENST00000409745"
"1863",5861,"ENSG00000138069","RAB1A","ENST00000409751"
"1864",8673,"ENSG00000118640","VAMP8","ENST00000409760"
"1865",51263,"ENSG00000185414","MRPL30","ENST00000409841"
"1866",401115,"ENSG00000243449","C4orf48","ENST00000409860"
"1867",25927,"ENSG00000119865","CNRIP1","ENST00000409862"
"1868",285141,"ENSG00000204334","ERICH2","ENST00000409885"
"1869",9427,"ENSG00000171551","ECEL1","ENST00000409941"
"1870",130888,"ENSG00000153832","FBXO36","ENST00000409992"
"1871",493753,"ENSG00000183513","COA5","ENST00000409997"
"1872",400258,"ENSG00000184601","C14orf180","ENST00000410013"
"1873",388389,"ENSG00000167131","CCDC103","ENST00000410027"
"1874",64978,"ENSG00000204316","MRPL38","ENST00000410030"
"1875",84084,"ENSG00000222014","RAB6C","ENST00000410061"
"1876",284716,"ENSG00000177181","RIMKLA","ENST00000410070"
"1877",80303,"ENSG00000115468","EFHD1","ENST00000410095"
"1878",147906,"ENSG00000197380","DACT3","ENST00000410105"
"1879",22954,"ENSG00000119401","TRIM32","ENST00000411410"
"1880",57700,"ENSG00000151553","FHIP2A","ENST00000411414"
"1881",91392,"ENSG00000196653","ZNF502","ENST00000411443"
"1882",203069,"ENSG00000104679","R3HCC1","ENST00000411463"
"1883",493812,"ENSG00000228223","HCG11","ENST00000411553"
"1884",35,"ENSG00000122971","ACADS","ENST00000411593"
"1885",10902,"ENSG00000112983","BRD8","ENST00000411594"
"1886",6612,"ENSG00000184900","SUMO3","ENST00000411651"
"1887",2776,"ENSG00000156052","GNAQ","ENST00000411677"
"1888",1593,"ENSG00000135929","CYP27A1","ENST00000411688"
"1889",1399,"ENSG00000099942","CRKL","ENST00000411769"
"1890",5984,"ENSG00000163918","RFC4","ENST00000411792"
"1891",3680,"ENSG00000144668","ITGA9","ENST00000411817"
"1892",163059,"ENSG00000197647","ZNF433","ENST00000411841"
"1893",51335,"ENSG00000182768","NGRN","ENST00000411845"
"1894",5683,"ENSG00000106588","PSMA2","ENST00000411875"
"1895",25828,"ENSG00000100348","TXN2","ENST00000411915"
"1896",51691,"ENSG00000128534","LSM8","ENST00000411938"
"1897",8536,"ENSG00000134072","CAMK1","ENST00000411972"
"1898",285368,"ENSG00000163704","PRRT3","ENST00000411976"
"1899",133746,"ENSG00000152409","JMY","ENST00000412001"
"1900",3556,"ENSG00000196083","IL1RAP","ENST00000412080"
"1901",26154,"ENSG00000144452","ABCA12","ENST00000412081"
"1902",7444,"ENSG00000028116","VRK2","ENST00000412104"
"1903",3622,"ENSG00000168556","ING2","ENST00000412117"
"1904",283755,"ENSG00000290376","","ENST00000412154"
"1905",2918,"ENSG00000179603","GRM8","ENST00000412160"
"1906",7273,"ENSG00000155657","TTN","ENST00000412264"
"1907",10170,"ENSG00000073737","DHRS9","ENST00000412271"
"1908",9855,"ENSG00000006607","FARP2","ENST00000412332"
"1909",29072,"ENSG00000181555","SETD2","ENST00000412450"
"1910",54842,"ENSG00000151690","MFSD6","ENST00000412482"
"1911",27000,"ENSG00000105821","DNAJC2","ENST00000412522"
"1912",4528,"ENSG00000085760","MTIF2","ENST00000412530"
"1913",26032,"ENSG00000173705","SUSD5","ENST00000412539"
"1914",51661,"ENSG00000079150","FKBP7","ENST00000412612"
"1915",253143,"ENSG00000183530","PRR14L","ENST00000412743"
"1916",83992,"ENSG00000077063","CTTNBP2","ENST00000412853"
"1917",54880,"ENSG00000183337","BCOR","ENST00000412952"
"1918",113622,"ENSG00000153531","ADPRHL1","ENST00000413169"
"1919",7182,"ENSG00000177463","NR2C2","ENST00000413194"
"1920",774,"ENSG00000148408","CACNA1B","ENST00000413253"
"1921",1478,"ENSG00000101811","CSTF2","ENST00000413437"
"1922",54205,"ENSG00000172115","CYCS","ENST00000413447"
"1923",11158,"ENSG00000079974","RABL2B","ENST00000413505"
"1924",10301,"ENSG00000176124","DLEU1","ENST00000413510"
"1925",6491,"ENSG00000123473","STIL","ENST00000413565"
"1926",23097,"ENSG00000155111","CDK19","ENST00000413605"
"1927",1803,"ENSG00000197635","DPP4","ENST00000413651"
"1928",4524,"ENSG00000177000","MTHFR","ENST00000413656"
"1929",90,"ENSG00000115170","ACVR1","ENST00000413751"
"1930",1292,"ENSG00000142173","COL6A2","ENST00000413758"
"1931",4897,"ENSG00000091129","NRCAM","ENST00000413765"
"1932",494115,"ENSG00000213516","RBMXL1","ENST00000413769"
"1933",55732,"ENSG00000000460","FIRRM","ENST00000413811"
"1934",7008,"ENSG00000167074","TEF","ENST00000413942"
"1935",51232,"ENSG00000150938","CRIM1","ENST00000413985"
"1936",54978,"ENSG00000213699","SLC35F6","ENST00000414029"
"1937",9686,"ENSG00000144560","VGLL4","ENST00000414047"
"1938",58476,"ENSG00000078804","TP53INP2","ENST00000414082"
"1939",64393,"ENSG00000172667","ZMAT3","ENST00000414084"
"1940",56479,"ENSG00000185760","KCNQ5","ENST00000414165"
"1941",11182,"ENSG00000160326","SLC2A6","ENST00000414172"
"1942",23451,"ENSG00000115524","SF3B1","ENST00000414174"
"1943",64427,"ENSG00000115282","TTC31","ENST00000414247"
"1944",126070,"ENSG00000171295","ZNF440","ENST00000414255"
"1945",83872,"ENSG00000143341","HMCN1","ENST00000414277"
"1946",54891,"ENSG00000114933","INO80D","ENST00000414320"
"1947",51130,"ENSG00000115239","ASB3","ENST00000414369"
"1948",91663,"ENSG00000179820","MYADM","ENST00000414489"
"1949",401577,"ENSG00000291040","CD99P1","ENST00000414513"
"1950",11320,"ENSG00000071073","MGAT4A","ENST00000414521"
"1951",84938,"ENSG00000125703","ATG4C","ENST00000414558"
"1952",252839,"ENSG00000116857","TMEM9","ENST00000414605"
"1953",85444,"ENSG00000133739","LRRCC1","ENST00000414626"
"1954",100131193,"ENSG00000228544","CCDC183-AS1","ENST00000414656"
"1955",79230,"ENSG00000130544","ZNF557","ENST00000414706"
"1956",5194,"ENSG00000162928","PEX13","ENST00000414712"
"1957",25801,"ENSG00000115271","GCA","ENST00000414723"
"1958",9487,"ENSG00000108474","PIGL","ENST00000414755"
"1959",64951,"ENSG00000062582","MRPS24","ENST00000414932"
"1960",221078,"ENSG00000241058","NSUN6","ENST00000414939"
"1961",2023,"ENSG00000074800","ENO1","ENST00000414948"
"1962",23223,"ENSG00000052749","RRP12","ENST00000414986"
"1963",8692,"ENSG00000068001","HYAL2","ENST00000415028"
"1964",26175,"ENSG00000153485","LYSET","ENST00000415050"
"1965",347730,"ENSG00000162951","LRRTM1","ENST00000415098"
"1966",64098,"ENSG00000138964","PARVG","ENST00000415224"
"1967",57720,"ENSG00000148358","GPR107","ENST00000415344"
"1968",114794,"ENSG00000166897","ELFN2","ENST00000415408"
"1969",23295,"ENSG00000102858","MGRN1","ENST00000415496"
"1970",50640,"ENSG00000135241","PNPLA8","ENST00000415498"
"1971",54801,"ENSG00000147874","HAUS6","ENST00000415524"
"1972",100128071,"ENSG00000225828","FAM229A","ENST00000415596"
"1973",8449,"ENSG00000204560","DHX16","ENST00000415603"
"1974",101928596,"ENSG00000237707","","ENST00000415637"
"1975",5480,"ENSG00000168938","PPIC","ENST00000415659"
"1976",55760,"ENSG00000089876","DHX32","ENST00000415732"
"1977",56978,"ENSG00000152784","PRDM8","ENST00000415738"
"1978",5510,"ENSG00000115685","PPP1R7","ENST00000415769"
"1979",25816,"ENSG00000145779","TNFAIP8","ENST00000415806"
"1980",80006,"ENSG00000113597","TRAPPC13","ENST00000415825"
"1981",5395,"ENSG00000122512","PMS2","ENST00000415839"
"1982",64343,"ENSG00000163512","AZI2","ENST00000415852"
"1983",401024,"ENSG00000188738","FSIP2","ENST00000415915"
"1984",26031,"ENSG00000070882","OSBPL3","ENST00000415952"
"1985",1984,"ENSG00000132507","EIF5A","ENST00000416016"
"1986",28512,"ENSG00000197885","NKIRAS1","ENST00000416026"
"1987",79947,"ENSG00000117682","DHDDS","ENST00000416052"
"1988",10244,"ENSG00000136933","RABEPK","ENST00000416065"
"1989",126917,"ENSG00000169991","IFFO2","ENST00000416166"
"1990",100506881,"ENSG00000236753","MKLN1-AS","ENST00000416220"
"1991",64225,"ENSG00000119787","ATL2","ENST00000416222"
"1992",56904,"ENSG00000148341","SH3GLB2","ENST00000416230"
"1993",10165,"ENSG00000004864","SLC25A13","ENST00000416240"
"1994",339456,"ENSG00000178821","TMEM52","ENST00000416272"
"1995",7869,"ENSG00000012171","SEMA3B","ENST00000416295"
"1996",79680,"ENSG00000215012","RTL10","ENST00000416337"
"1997",54825,"ENSG00000074276","CDHR2","ENST00000416365"
"1998",5887,"ENSG00000119318","RAD23B","ENST00000416373"
"1999",51542,"ENSG00000143952","VPS54","ENST00000416400"
"2000",56950,"ENSG00000143499","SMYD2","ENST00000416415"
"2001",10795,"ENSG00000090612","ZNF268","ENST00000416488"
"2002",150472,"ENSG00000136682","ZNG1B","ENST00000416503"
"2003",10113,"ENSG00000138073","PREB","ENST00000416802"
"2004",84230,"ENSG00000171488","LRRC8C","ENST00000416805"
"2005",3455,"ENSG00000159110","IFNAR2","ENST00000417007"
"2006",84314,"ENSG00000179029","TMEM107","ENST00000417073"
"2007",6234,"ENSG00000233927","RPS28","ENST00000417088"
"2008",10991,"ENSG00000188338","SLC38A3","ENST00000417121"
"2009",64849,"ENSG00000158296","SLC13A3","ENST00000417157"
"2010",29079,"ENSG00000136146","MED4","ENST00000417167"
"2011",113444,"ENSG00000163866","SMIM12","ENST00000417239"
"2012",100506696,"ENSG00000228288","PCAT6","ENST00000417262"
"2013",22828,"ENSG00000213079","SCAF8","ENST00000417268"
"2014",2564,"ENSG00000102287","GABRE","ENST00000417300"
"2015",1271,"ENSG00000122756","CNTFR","ENST00000417345"
"2016",27352,"ENSG00000100359","SGSM3","ENST00000417424"
"2017",399668,"ENSG00000178947","SMIM10L2A","ENST00000417443"
"2018",10135,"ENSG00000105835","NAMPT","ENST00000417537"
"2019",652,"ENSG00000125378","BMP4","ENST00000417573"
"2020",2752,"ENSG00000135821","GLUL","ENST00000417584"
"2021",5244,"ENSG00000005471","ABCB4","ENST00000417608"
"2022",51377,"ENSG00000116750","UCHL5","ENST00000417752"
"2023",129563,"ENSG00000144535","DIS3L2","ENST00000417808"
"2024",11334,"ENSG00000114383","TUSC2","ENST00000417867"
"2025",23315,"ENSG00000197818","SLC9A8","ENST00000417961"
"2026",8563,"ENSG00000100296","THOC5","ENST00000418021"
"2027",55225,"ENSG00000162437","RAVER2","ENST00000418058"
"2028",10129,"ENSG00000073910","FRY","ENST00000418076"
"2029",51029,"ENSG00000121644","DESI2","ENST00000418162"
"2030",55835,"ENSG00000151849","CENPJ","ENST00000418179"
"2031",103091866,"ENSG00000290867","","ENST00000418192"
"2032",169200,"ENSG00000180694","TMEM64","ENST00000418210"
"2033",9491,"ENSG00000125818","PSMF1","ENST00000418246"
"2034",4248,"ENSG00000128268","MGAT3","ENST00000418314"
"2035",1977,"ENSG00000151247","EIF4E","ENST00000418385"
"2036",54627,"ENSG00000212916","MAP10","ENST00000418460"
"2037",1000,"ENSG00000170558","CDH2","ENST00000418492"
"2038",55876,"ENSG00000073605","GSDMB","ENST00000418519"
"2039",4052,"ENSG00000049323","LTBP1","ENST00000418533"
"2040",4943,"ENSG00000068354","TBC1D25","ENST00000418627"
"2041",6875,"ENSG00000141384","TAF4B","ENST00000418698"
"2042",9125,"ENSG00000144580","CNOT9","ENST00000418808"
"2043",357,"ENSG00000146950","SHROOM2","ENST00000418909"
"2044",2138,"ENSG00000104313","EYA1","ENST00000419131"
"2045",55888,"ENSG00000196345","ZKSCAN7","ENST00000419137"
"2046",84620,"ENSG00000144057","ST6GAL2","ENST00000419159"
"2047",79027,"ENSG00000197343","ZNF655","ENST00000419215"
"2048",5576,"ENSG00000114302","PRKAR2A","ENST00000419216"
"2049",54148,"ENSG00000154719","MRPL39","ENST00000419219"
"2050",4151,"ENSG00000198125","MB","ENST00000419229"
"2051",644591,"ENSG00000236334","PPIAL4G","ENST00000419275"
"2052",57730,"ENSG00000196912","ANKRD36B","ENST00000419390"
"2053",163154,"ENSG00000212123","PRR22","ENST00000419421"
"2054",22976,"ENSG00000157212","PAXIP1","ENST00000419436"
"2055",7102,"ENSG00000156298","TSPAN7","ENST00000419600"
"2056",10392,"ENSG00000106100","NOD1","ENST00000419601"
"2057",50717,"ENSG00000132716","DCAF8","ENST00000419626"
"2058",8131,"ENSG00000103148","NPRL3","ENST00000419636"
"2059",9871,"ENSG00000150961","SEC24D","ENST00000419654"
"2060",101926888,"ENSG00000285230","RALY-AS1","ENST00000419662"
"2061",29886,"ENSG00000106266","SNX8","ENST00000419693"
"2062",138162,"ENSG00000160345","PIERCE1","ENST00000419770"
"2063",79608,"ENSG00000166405","RIC3","ENST00000419822"
"2064",23228,"ENSG00000154822","PLCL2","ENST00000419842"
"2065",10235,"ENSG00000068831","RASGRP2","ENST00000419843"
"2066",85363,"ENSG00000132256","TRIM5","ENST00000419850"
"2067",256364,"ENSG00000149499","EML3","ENST00000419857"
"2068",51268,"ENSG00000179761","PIPOX","ENST00000419875"
"2069",201158,"ENSG00000175106","TVP23C","ENST00000419890"
"2070",5914,"ENSG00000131759","RARA","ENST00000420042"
"2071",114044,"ENSG00000215424","MCM3AP-AS1","ENST00000420074"
"2072",131474,"ENSG00000163528","CHCHD4","ENST00000420103"
"2073",55571,"ENSG00000158435","CNOT11","ENST00000420107"
"2074",79137,"ENSG00000144567","RETREG2","ENST00000420189"
"2075",2185,"ENSG00000120899","PTK2B","ENST00000420218"
"2076",54529,"ENSG00000138381","ASNSD1","ENST00000420250"
"2077",23270,"ENSG00000187189","TSPYL4","ENST00000420283"
"2078",4067,"ENSG00000254087","LYN","ENST00000420292"
"2079",64114,"ENSG00000135926","TMBIM1","ENST00000420341"
"2080",55686,"ENSG00000118242","MREG","ENST00000420348"
"2081",7480,"ENSG00000169884","WNT10B","ENST00000420388"
"2082",56853,"ENSG00000101489","CELF4","ENST00000420428"
"2083",7533,"ENSG00000128245","YWHAH","ENST00000420430"
"2084",55122,"ENSG00000135334","AKIRIN2","ENST00000420494"
"2085",399474,"ENSG00000253304","TMEM200B","ENST00000420504"
"2086",9175,"ENSG00000073803","MAP3K13","ENST00000420577"
"2087",8654,"ENSG00000138735","PDE5A","ENST00000420633"
"2088",91768,"ENSG00000134508","CABLES1","ENST00000420687"
"2089",79639,"ENSG00000126106","TMEM53","ENST00000420706"
"2090",56658,"ENSG00000204599","TRIM39","ENST00000420746"
"2091",7035,"ENSG00000003436","TFPI","ENST00000420747"
"2092",79872,"ENSG00000105879","CBLL1","ENST00000420796"
"2093",4620,"ENSG00000125414","MYH2","ENST00000420805"
"2094",5360,"ENSG00000100979","PLTP","ENST00000420868"
"2095",5654,"ENSG00000166033","HTRA1","ENST00000420892"
"2096",9609,"ENSG00000100228","RAB36","ENST00000420895"
"2097",55778,"ENSG00000022976","ZNF839","ENST00000420933"
"2098",79590,"ENSG00000143314","MRPL24","ENST00000420938"
"2099",1600,"ENSG00000173406","DAB1","ENST00000420954"
"2100",199990,"ENSG00000162585","FAAP20","ENST00000420964"
"2101",10507,"ENSG00000187764","SEMA4D","ENST00000420987"
"2102",80258,"ENSG00000183690","EFHC2","ENST00000420999"
"2103",728769,"ENSG00000245556","SCAMP1-AS1","ENST00000421004"
"2104",100131211,"ENSG00000189362","NEMP2","ENST00000421038"
"2105",10644,"ENSG00000073792","IGF2BP2","ENST00000421047"
"2106",63939,"ENSG00000196227","FAM217B","ENST00000421092"
"2107",342909,"ENSG00000186026","ZNF284","ENST00000421176"
"2108",65977,"ENSG00000116095","PLEKHA3","ENST00000421187"
"2109",114823,"ENSG00000167615","LENG8","ENST00000421200"
"2110",3097,"ENSG00000010818","HIVEP2","ENST00000421237"
"2111",4148,"ENSG00000132031","MATN3","ENST00000421259"
"2112",374987,"ENSG00000235927","NEXN-AS1","ENST00000421331"
"2113",130026,"ENSG00000163596","ICA1L","ENST00000421334"
"2114",100507436,"ENSG00000204520","MICA","ENST00000421350"
"2115",64065,"ENSG00000112378","PERP","ENST00000421351"
"2116",64135,"ENSG00000115267","IFIH1","ENST00000421365"
"2117",2199,"ENSG00000163520","FBLN2","ENST00000421373"
"2118",3930,"ENSG00000143815","LBR","ENST00000421383"
"2119",728643,"ENSG00000213412","HNRNPA1P33","ENST00000421426"
"2120",2258,"ENSG00000129682","FGF13","ENST00000421460"
"2121",132430,"ENSG00000254535","PABPC4L","ENST00000421491"
"2122",203260,"ENSG00000159884","CCDC107","ENST00000421582"
"2123",83742,"ENSG00000155254","MARVELD1","ENST00000421644"
"2124",165904,"ENSG00000168334","XIRP1","ENST00000421646"
"2125",64645,"ENSG00000156875","MFSD14A","ENST00000421661"
"2126",57696,"ENSG00000111364","DDX55","ENST00000421670"
"2127",10180,"ENSG00000004534","RBM6","ENST00000421682"
"2128",79940,"ENSG00000233237","LINC00472","ENST00000421704"
"2129",54882,"ENSG00000131503","ANKHD1","ENST00000421706"
"2130",4929,"ENSG00000153234","NR4A2","ENST00000421709"
"2131",221927,"ENSG00000106009","BRAT1","ENST00000421712"
"2132",219738,"ENSG00000171224","FAM241B","ENST00000421716"
"2133",54830,"ENSG00000198088","NUP62CL","ENST00000421752"
"2134",7434,"ENSG00000106018","VIPR2","ENST00000421760"
"2135",27125,"ENSG00000072364","AFF4","ENST00000421773"
"2136",285521,"ENSG00000163626","COX18","ENST00000421792"
"2137",84968,"ENSG00000235961","PNMA6A","ENST00000421798"
"2138",90874,"ENSG00000143067","ZNF697","ENST00000421812"
"2139",148738,"ENSG00000168509","HJV","ENST00000421822"
"2140",91544,"ENSG00000158062","UBXN11","ENST00000421827"
"2141",90353,"ENSG00000142544","CTU1","ENST00000421832"
"2142",2281,"ENSG00000119782","FKBP1B","ENST00000421839"
"2143",55592,"ENSG00000290571","GOLGA2P5","ENST00000421840"
"2144",11179,"ENSG00000198839","ZNF277","ENST00000421864"
"2145",94081,"ENSG00000164466","SFXN1","ENST00000421887"
"2146",57232,"ENSG00000221994","ZNF630","ENST00000421903"
"2147",23109,"ENSG00000181418","DDN","ENST00000421952"
"2148",2615,"ENSG00000137507","LRRC32","ENST00000421973"
"2149",22982,"ENSG00000151240","DIP2C","ENST00000421992"
"2150",117178,"ENSG00000117155","SSX2IP","ENST00000422026"
"2151",57761,"ENSG00000101255","TRIB3","ENST00000422053"
"2152",5745,"ENSG00000160801","PTH1R","ENST00000422115"
"2153",3241,"ENSG00000115756","HPCAL1","ENST00000422133"
"2154",953,"ENSG00000138185","ENTPD1","ENST00000422161"
"2155",84645,"ENSG00000128346","C22orf23","ENST00000422191"
"2156",56992,"ENSG00000163808","KIF15","ENST00000422209"
"2157",9656,"ENSG00000137337","MDC1","ENST00000422266"
"2158",84820,"ENSG00000214783","POLR2J4","ENST00000422304"
"2159",10905,"ENSG00000198162","MAN1A2","ENST00000422329"
"2160",221322,"ENSG00000146350","TBC1D32","ENST00000422369"
"2161",9873,"ENSG00000137478","FCHSD2","ENST00000422375"
"2162",6505,"ENSG00000106688","SLC1A1","ENST00000422398"
"2163",3554,"ENSG00000115594","IL1R1","ENST00000422532"
"2164",9825,"ENSG00000158480","SPATA2","ENST00000422556"
"2165",84222,"ENSG00000291085","","ENST00000422715"
"2166",643988,"ENSG00000228594","FNDC10","ENST00000422725"
"2167",5529,"ENSG00000154001","PPP2R5E","ENST00000422769"
"2168",57670,"ENSG00000122778","KIAA1549","ENST00000422774"
"2169",5905,"ENSG00000100401","RANGAP1","ENST00000422838"
"2170",10483,"ENSG00000101310","SEC23B","ENST00000422877"
"2171",79683,"ENSG00000175048","ZDHHC14","ENST00000422910"
"2172",647087,"ENSG00000243317","STMP1","ENST00000422968"
"2173",100133091,"ENSG00000290873","LINC03009","ENST00000423084"
"2174",55857,"ENSG00000088970","KIZ","ENST00000423272"
"2175",104310353,"ENSG00000293220","","ENST00000423311"
"2176",79894,"ENSG00000171161","ZNF672","ENST00000423362"
"2177",84861,"ENSG00000099910","KLHL22","ENST00000423364"
"2178",345651,"ENSG00000169067","ACTBL2","ENST00000423391"
"2179",9181,"ENSG00000116584","ARHGEF2","ENST00000423422"
"2180",5270,"ENSG00000135919","SERPINE2","ENST00000423446"
"2181",55603,"ENSG00000112773","TENT5A","ENST00000423467"
"2182",25862,"ENSG00000164663","USP49","ENST00000423567"
"2183",23154,"ENSG00000020129","NCDN","ENST00000423723"
"2184",339983,"ENSG00000185818","NAT8L","ENST00000423729"
"2185",7009,"ENSG00000139644","TMBIM6","ENST00000423828"
"2186",57547,"ENSG00000197566","ZNF624","ENST00000423860"
"2187",3572,"ENSG00000134352","IL6ST","ENST00000423954"
"2188",80020,"ENSG00000100350","FOXRED2","ENST00000423980"
"2189",2976,"ENSG00000115207","GTF3C2","ENST00000423998"
"2190",83986,"ENSG00000167930","FAM234A","ENST00000424016"
"2191",57553,"ENSG00000243156","MICAL3","ENST00000424046"
"2192",9649,"ENSG00000136828","RALGPS1","ENST00000424082"
"2193",80775,"ENSG00000144120","TMEM177","ENST00000424086"
"2194",23369,"ENSG00000055917","PUM2","ENST00000424110"
"2195",4191,"ENSG00000146701","MDH2","ENST00000424167"
"2196",221264,"ENSG00000155085","AK9","ENST00000424296"
"2197",50507,"ENSG00000086991","NOX4","ENST00000424319"
"2198",101410538,"ENSG00000126005","MMP24OS","ENST00000424358"
"2199",392617,"ENSG00000225968","ELFN1","ENST00000424383"
"2200",25948,"ENSG00000170852","KBTBD2","ENST00000424468"
"2201",10139,"ENSG00000101246","ARFRP1","ENST00000424545"
"2202",2908,"ENSG00000113580","NR3C1","ENST00000424646"
"2203",2888,"ENSG00000115290","GRB14","ENST00000424693"
"2204",147804,"ENSG00000293185","TPM3P9","ENST00000424846"
"2205",10652,"ENSG00000106636","YKT6","ENST00000424864"
"2206",55193,"ENSG00000163939","PBRM1","ENST00000424867"
"2207",6517,"ENSG00000181856","SLC2A4","ENST00000424875"
"2208",91833,"ENSG00000140153","WDR20","ENST00000424963"
"2209",57186,"ENSG00000188559","RALGAPA2","ENST00000424981"
"2210",7851,"ENSG00000144063","MALL","ENST00000424988"
"2211",100306951,"ENSG00000236618","PITPNA-AS1","ENST00000425081"
"2212",10628,"ENSG00000265972","TXNIP","ENST00000425134"
"2213",171425,"ENSG00000125246","CLYBL","ENST00000425186"
"2214",5613,"ENSG00000183943","PRKX","ENST00000425240"
"2215",6854,"ENSG00000157152","SYN2","ENST00000425297"
"2216",54749,"ENSG00000086289","EPDR1","ENST00000425345"
"2217",222236,"ENSG00000161048","NAPEPLD","ENST00000425379"
"2218",79993,"ENSG00000164181","ELOVL7","ENST00000425382"
"2219",29803,"ENSG00000214022","REPIN1","ENST00000425389"
"2220",23353,"ENSG00000164828","SUN1","ENST00000425407"
"2221",23092,"ENSG00000145819","ARHGAP26","ENST00000425417"
"2222",20,"ENSG00000107331","ABCA2","ENST00000425423"
"2223",27241,"ENSG00000122507","BBS9","ENST00000425508"
"2224",79176,"ENSG00000107872","FBXL15","ENST00000425536"
"2225",7277,"ENSG00000127824","TUBA4A","ENST00000425551"
"2226",54940,"ENSG00000109180","OCIAD1","ENST00000425583"
"2227",10282,"ENSG00000105829","BET1","ENST00000425626"
"2228",643837,"ENSG00000228794","LINC01128","ENST00000425657"
"2229",222223,"ENSG00000164659","ELAPOR2","ENST00000425689"
"2230",348,"ENSG00000130203","APOE","ENST00000425718"
"2231",116969,"ENSG00000167311","ART5","ENST00000425767"
"2232",130162,"ENSG00000162994","CLHC1","ENST00000425841"
"2233",130617,"ENSG00000158552","ZFAND2B","ENST00000425849"
"2234",84154,"ENSG00000197498","RPF2","ENST00000425871"
"2235",348793,"ENSG00000185798","WDR53","ENST00000425888"
"2236",8503,"ENSG00000117461","PIK3R3","ENST00000425892"
"2237",6583,"ENSG00000197208","SLC22A4","ENST00000425923"
"2238",132321,"ENSG00000151470","C4orf33","ENST00000425929"
"2239",5648,"ENSG00000127241","MASP1","ENST00000425937"
"2240",5863,"ENSG00000237441","RGL2","ENST00000425946"
"2241",23654,"ENSG00000196576","PLXNB2","ENST00000425954"
"2242",55214,"ENSG00000090530","P3H2","ENST00000426003"
"2243",79134,"ENSG00000226479","TMEM185B","ENST00000426077"
"2244",26058,"ENSG00000204120","GIGYF2","ENST00000426102"
"2245",6545,"ENSG00000099960","SLC7A4","ENST00000426145"
"2246",80817,"ENSG00000164118","CEP44","ENST00000426172"
"2247",51094,"ENSG00000159346","ADIPOR1","ENST00000426229"
"2248",84132,"ENSG00000106346","USP42","ENST00000426246"
"2249",11132,"ENSG00000142330","CAPN10","ENST00000426297"
"2250",7994,"ENSG00000083168","KAT6A","ENST00000426524"
"2251",641311,"ENSG00000293173","RPL31P11","ENST00000426558"
"2252",7781,"ENSG00000115194","SLC30A3","ENST00000426569"
"2253",65010,"ENSG00000225697","SLC26A6","ENST00000426599"
"2254",8548,"ENSG00000117475","BLZF1","ENST00000426663"
"2255",5062,"ENSG00000180370","PAK2","ENST00000426668"
"2256",51517,"ENSG00000213672","NCKIPSD","ENST00000426678"
"2257",5154,"ENSG00000197461","PDGFA","ENST00000426681"
"2258",205251,"ENSG00000175701","MTLN","ENST00000426713"
"2259",26226,"ENSG00000230701","FBXW4P1","ENST00000426721"
"2260",643180,"ENSG00000290860","","ENST00000426828"
"2261",1386,"ENSG00000115966","ATF2","ENST00000426833"
"2262",79980,"ENSG00000149636","DSN1","ENST00000426836"
"2263",7223,"ENSG00000133107","TRPC4","ENST00000426868"
"2264",81493,"ENSG00000162520","SYNC","ENST00000426909"
"2265",10005,"ENSG00000101473","ACOT8","ENST00000426915"
"2266",51316,"ENSG00000145287","PLAC8","ENST00000426923"
"2267",9173,"ENSG00000115602","IL1RL1","ENST00000427077"
"2268",6672,"ENSG00000067066","SP100","ENST00000427101"
"2269",50940,"ENSG00000128655","PDE11A","ENST00000427127"
"2270",4430,"ENSG00000128641","MYO1B","ENST00000427152"
"2271",816,"ENSG00000058404","CAMK2B","ENST00000427209"
"2272",200734,"ENSG00000198369","SPRED2","ENST00000427238"
"2273",55168,"ENSG00000096080","MRPS18A","ENST00000427312"
"2274",152330,"ENSG00000144619","CNTN4","ENST00000427331"
"2275",7325,"ENSG00000182247","UBE2E2","ENST00000427371"
"2276",255812,"ENSG00000290763","","ENST00000427415"
"2277",2686,"ENSG00000131067","GGT7","ENST00000427420"
"2278",57520,"ENSG00000138411","HECW2","ENST00000427457"
"2279",29789,"ENSG00000138430","OLA1","ENST00000427472"
"2280",200150,"ENSG00000180287","PLD5","ENST00000427495"
"2281",54187,"ENSG00000095380","NANS","ENST00000427646"
"2282",115330,"ENSG00000164849","GPR146","ENST00000427680"
"2283",1945,"ENSG00000243364","EFNA4","ENST00000427683"
"2284",79800,"ENSG00000138380","CARF","ENST00000427712"
"2285",883,"ENSG00000171097","KYAT1","ENST00000427720"
"2286",93166,"ENSG00000061455","PRDM6","ENST00000427739"
"2287",3141,"ENSG00000159267","HLCS","ENST00000427746"
"2288",22906,"ENSG00000182606","TRAK1","ENST00000427771"
"2289",10444,"ENSG00000160445","ZER1","ENST00000427848"
"2290",8991,"ENSG00000143416","SELENBP1","ENST00000427867"
"2291",100131017,"ENSG00000205903","ZNF316","ENST00000427912"
"2292",55269,"ENSG00000121390","PSPC1","ENST00000427943"
"2293",127602,"ENSG00000185842","DNAH14","ENST00000428003"
"2294",9497,"ENSG00000033867","SLC4A7","ENST00000428005"
"2295",55670,"ENSG00000215193","PEX26","ENST00000428061"
"2296",5090,"ENSG00000167081","PBX3","ENST00000428092"
"2297",400966,"ENSG00000187627","RGPD1","ENST00000428128"
"2298",6134,"ENSG00000147403","RPL10","ENST00000428169"
"2299",57506,"ENSG00000088888","MAVS","ENST00000428216"
"2300",8317,"ENSG00000097046","CDC7","ENST00000428239"
"2301",158471,"ENSG00000106772","PRUNE2","ENST00000428286"
"2302",158293,"ENSG00000188938","FAM120AOS","ENST00000428378"
"2303",51720,"ENSG00000087206","UIMC1","ENST00000428382"
"2304",155400,"ENSG00000291151","","ENST00000428392"
"2305",55092,"ENSG00000171729","TMEM51","ENST00000428417"
"2306",790,"ENSG00000084774","CAD","ENST00000428460"
"2307",55106,"ENSG00000172123","SLFN12","ENST00000428476"
"2308",55622,"ENSG00000018699","TTC27","ENST00000428527"
"2309",128853,"ENSG00000149599","DUSP15","ENST00000428829"
"2310",131578,"ENSG00000172061","LRRC15","ENST00000428839"
"2311",54511,"ENSG00000146151","HMGCLL1","ENST00000428842"
"2312",27350,"ENSG00000244509","APOBEC3C","ENST00000428892"
"2313",23091,"ENSG00000123200","ZC3H13","ENST00000428921"
"2314",5287,"ENSG00000133056","PIK3C2B","ENST00000429009"
"2315",83930,"ENSG00000010270","STARD3NL","ENST00000429075"
"2316",64208,"ENSG00000132429","POPDC3","ENST00000429112"
"2317",81602,"ENSG00000102543","CDADC1","ENST00000429346"
"2318",728039,"ENSG00000293210","","ENST00000429427"
"2319",57673,"ENSG00000178409","BEND3","ENST00000429433"
"2320",7699,"ENSG00000196387","ZNF140","ENST00000429434"
"2321",200879,"ENSG00000163898","LIPH","ENST00000429510"
"2322",55224,"ENSG00000143845","ETNK2","ENST00000429525"
"2323",404281,"ENSG00000230797","YY2","ENST00000429584"
"2324",91574,"ENSG00000130921","MTRFR","ENST00000429587"
"2325",1796,"ENSG00000115325","DOK1","ENST00000429631"
"2326",347902,"ENSG00000139211","AMIGO2","ENST00000429635"
"2327",23366,"ENSG00000164542","MATCAP2","ENST00000429651"
"2328",55831,"ENSG00000125037","EMC3","ENST00000429759"
"2329",8379,"ENSG00000002822","MAD1L1","ENST00000429779"
"2330",138428,"ENSG00000187024","PTRH1","ENST00000429848"
"2331",10724,"ENSG00000198408","OGA","ENST00000429860"
"2332",378805,"ENSG00000231721","LINC-PINT","ENST00000429901"
"2333",151050,"ENSG00000144445","KANSL1L","ENST00000429908"
"2334",3315,"ENSG00000106211","HSPB1","ENST00000429938"
"2335",8862,"ENSG00000171388","APLN","ENST00000429967"
"2336",100128731,"ENSG00000228474","OST4","ENST00000429985"
"2337",3268,"ENSG00000106351","AGFG2","ENST00000429987"
"2338",100037417,"ENSG00000099977","DDT","ENST00000430101"
"2339",3149,"ENSG00000029993","HMGB3","ENST00000430118"
"2340",644511,"ENSG00000234118","RPL13AP6","ENST00000430133"
"2341",3329,"ENSG00000144381","HSPD1","ENST00000430176"
"2342",284613,"ENSG00000174151","CYB561D1","ENST00000430195"
"2343",64940,"ENSG00000291153","","ENST00000430244"
"2344",22834,"ENSG00000198740","ZNF652","ENST00000430262"
"2345",1454,"ENSG00000213923","CSNK1E","ENST00000430335"
"2346",10351,"ENSG00000141338","ABCA8","ENST00000430352"
"2347",100507034,"ENSG00000237399","PITRM1-AS1","ENST00000430356"
"2348",2702,"ENSG00000265107","GJA5","ENST00000430508"
"2349",207063,"ENSG00000169084","DHRSX","ENST00000430536"
"2350",55171,"ENSG00000113838","TBCCD1","ENST00000430560"
"2351",54103,"ENSG00000186088","GSAP","ENST00000430584"
"2352",93109,"ENSG00000145014","TMEM44","ENST00000430601"
"2353",1326,"ENSG00000107968","MAP3K8","ENST00000430603"
"2354",8559,"ENSG00000165630","PRPF18","ENST00000430721"
"2355",101929407,"ENSG00000225706","PTPRD-AS1","ENST00000430766"
"2356",51227,"ENSG00000185808","PIGP","ENST00000430792"
"2357",7697,"ENSG00000197008","ZNF138","ENST00000430838"
"2358",6676,"ENSG00000061656","SPAG4","ENST00000430878"
"2359",84629,"ENSG00000182095","TNRC18","ENST00000430969"
"2360",54870,"ENSG00000198218","QRICH1","ENST00000430979"
"2361",23554,"ENSG00000106025","TSPAN12","ENST00000430985"
"2362",8802,"ENSG00000163541","SUCLG1","ENST00000430989"
"2363",165,"ENSG00000106624","AEBP1","ENST00000431035"
"2364",30011,"ENSG00000147010","SH3KBP1","ENST00000431164"
"2365",202915,"ENSG00000164855","TMEM184A","ENST00000431208"
"2366",8710,"ENSG00000166396","SERPINB7","ENST00000431370"
"2367",130502,"ENSG00000183891","TTC32","ENST00000431392"
"2368",6878,"ENSG00000106290","TAF6","ENST00000431404"
"2369",9882,"ENSG00000136111","TBC1D4","ENST00000431480"
"2370",54680,"ENSG00000117174","ZNHIT6","ENST00000431532"
"2371",200312,"ENSG00000099999","RNF215","ENST00000431544"
"2372",23180,"ENSG00000131378","RFTN1","ENST00000431547"
"2373",8269,"ENSG00000177854","TMEM187","ENST00000431598"
"2374",10969,"ENSG00000117395","EBNA1BP2","ENST00000431635"
"2375",6129,"ENSG00000147604","RPL7","ENST00000431653"
"2376",79669,"ENSG00000114529","C3orf52","ENST00000431717"
"2377",8864,"ENSG00000132326","PER2","ENST00000431832"
"2378",92482,"ENSG00000214413","BBIP1","ENST00000431847"
"2379",63917,"ENSG00000178234","GALNT11","ENST00000431940"
"2380",64780,"ENSG00000135596","MICAL1","ENST00000431946"
"2381",9677,"ENSG00000168781","PPIP5K1","ENST00000431962"
"2382",57185,"ENSG00000001461","NIPAL3","ENST00000432012"
"2383",6772,"ENSG00000115415","STAT1","ENST00000432058"
"2384",1774,"ENSG00000013563","DNASE1L1","ENST00000432135"
"2385",80323,"ENSG00000166510","CCDC68","ENST00000432185"
"2386",390594,"ENSG00000234438","KBTBD13","ENST00000432196"
"2387",6396,"ENSG00000157020","SEC13","ENST00000432213"
"2388",23201,"ENSG00000054965","FAM168A","ENST00000432223"
"2389",541471,"ENSG00000172965","MIR4435-2HG","ENST00000432268"
"2390",91523,"ENSG00000179715","PCED1B","ENST00000432328"
"2391",6990,"ENSG00000165169","DYNLT3","ENST00000432389"
"2392",9633,"ENSG00000132749","TESMIN","ENST00000432435"
"2393",220988,"ENSG00000170144","HNRNPA3","ENST00000432457"
"2394",54896,"ENSG00000040487","SLC66A1","ENST00000432465"
"2395",150275,"ENSG00000159873","CCDC117","ENST00000432510"
"2396",55827,"ENSG00000143164","DCAF6","ENST00000432587"
"2397",2036,"ENSG00000088367","EPB41L1","ENST00000432603"
"2398",79020,"ENSG00000136197","C7orf25","ENST00000432637"
"2399",6775,"ENSG00000138378","STAT4","ENST00000432798"
"2400",79411,"ENSG00000163521","GLB1L","ENST00000432839"
"2401",9781,"ENSG00000151692","RNF144A","ENST00000432850"
"2402",100303755,"ENSG00000232838","PET117","ENST00000432901"
"2403",605,"ENSG00000110987","BCL7A","ENST00000432926"
"2404",84102,"ENSG00000136052","SLC41A2","ENST00000432951"
"2405",100506428,"ENSG00000236830","CBR3-AS1","ENST00000432988"
"2406",10093,"ENSG00000241553","ARPC4","ENST00000433034"
"2407",150221,"ENSG00000183246","RIMBP3C","ENST00000433039"
"2408",8019,"ENSG00000169925","BRD3","ENST00000433041"
"2409",442720,"ENSG00000237064","EIF3IP1","ENST00000433048"
"2410",116832,"ENSG00000163923","RPL39L","ENST00000433055"
"2411",11117,"ENSG00000138080","EMILIN1","ENST00000433140"
"2412",10100,"ENSG00000134198","TSPAN2","ENST00000433172"
"2413",23762,"ENSG00000184792","OSBP2","ENST00000433183"
"2414",5214,"ENSG00000067057","PFKP","ENST00000433193"
"2415",166379,"ENSG00000181004","BBS12","ENST00000433287"
"2416",59338,"ENSG00000107679","PLEKHA1","ENST00000433307"
"2417",84662,"ENSG00000126603","GLIS2","ENST00000433375"
"2418",644596,"ENSG00000196972","SMIM10L2B","ENST00000433425"
"2419",116254,"ENSG00000055211","GINM1","ENST00000433539"
"2420",60343,"ENSG00000071889","FAM3A","ENST00000433619"
"2421",2176,"ENSG00000158169","FANCC","ENST00000433644"
"2422",1124,"ENSG00000106069","CHN2","ENST00000433720"
"2423",253639,"ENSG00000177842","ZNF620","ENST00000433723"
"2424",4921,"ENSG00000162733","DDR2","ENST00000433757"
"2425",2794,"ENSG00000204590","GNL1","ENST00000433809"
"2426",2736,"ENSG00000074047","GLI2","ENST00000433812"
"2427",7857,"ENSG00000171951","SCG2","ENST00000433889"
"2428",11020,"ENSG00000100360","IFT27","ENST00000433985"
"2429",79363,"ENSG00000132881","CPLANE2","ENST00000434014"
"2430",100289178,"ENSG00000232284","GNG12-AS1","ENST00000434072"
"2431",9477,"ENSG00000124641","MED20","ENST00000434077"
"2432",5524,"ENSG00000119383","PTPA","ENST00000434095"
"2433",1739,"ENSG00000075711","DLG1","ENST00000434148"
"2434",2043,"ENSG00000116106","EPHA4","ENST00000434266"
"2435",55617,"ENSG00000089123","TASP1","ENST00000434275"
"2436",140699,"ENSG00000101353","MROH8","ENST00000434295"
"2437",3106,"ENSG00000234745","HLA-B","ENST00000434333"
"2438",85378,"ENSG00000128159","TUBGCP6","ENST00000434349"
"2439",2197,"ENSG00000149806","FAU","ENST00000434372"
"2440",9816,"ENSG00000135763","URB2","ENST00000434387"
"2441",100131244,"ENSG00000230778","ANKRD63","ENST00000434396"
"2442",10766,"ENSG00000183864","TOB2","ENST00000434408"
"2443",9883,"ENSG00000196313","POM121","ENST00000434423"
"2444",5983,"ENSG00000133119","RFC3","ENST00000434425"
"2445",65065,"ENSG00000144426","NBEAL1","ENST00000434469"
"2446",8940,"ENSG00000100038","TOP3B","ENST00000434517"
"2447",9452,"ENSG00000078596","ITM2A","ENST00000434584"
"2448",4135,"ENSG00000171533","MAP6","ENST00000434603"
"2449",51285,"ENSG00000103710","RASL12","ENST00000434605"
"2450",2000,"ENSG00000102034","ELF4","ENST00000434609"
"2451",10274,"ENSG00000118007","STAG1","ENST00000434713"
"2452",11135,"ENSG00000128283","CDC42EP1","ENST00000434728"
"2453",389333,"ENSG00000228672","PROB1","ENST00000434752"
"2454",130916,"ENSG00000122085","MTERF4","ENST00000434791"
"2455",23509,"ENSG00000101346","POFUT1","ENST00000434904"
"2456",130589,"ENSG00000143891","GALM","ENST00000434934"
"2457",6161,"ENSG00000144713","RPL32","ENST00000434963"
"2458",10240,"ENSG00000102738","MRPS31","ENST00000435009"
"2459",55536,"ENSG00000164649","CDCA7L","ENST00000435031"
"2460",51465,"ENSG00000198833","UBE2J1","ENST00000435041"
"2461",8372,"ENSG00000186792","HYAL3","ENST00000435141"
"2462",10137,"ENSG00000244462","RBM12","ENST00000435161"
"2463",55654,"ENSG00000135956","TMEM127","ENST00000435268"
"2464",23397,"ENSG00000121152","NCAPH","ENST00000435349"
"2465",60526,"ENSG00000118961","LDAH","ENST00000435420"
"2466",6120,"ENSG00000197713","RPE","ENST00000435437"
"2467",90952,"ENSG00000149564","ESAM","ENST00000435477"
"2468",29982,"ENSG00000148572","NRBF2","ENST00000435510"
"2469",388630,"ENSG00000269113","TRABD2B","ENST00000435576"
"2470",7443,"ENSG00000100749","VRK1","ENST00000435624"
"2471",118460,"ENSG00000223496","EXOSC6","ENST00000435634"
"2472",653125,"ENSG00000249931","GOLGA8K","ENST00000435655"
"2473",152110,"ENSG00000163491","NEK10","ENST00000435750"
"2474",7058,"ENSG00000186340","THBS2","ENST00000435791"
"2475",51363,"ENSG00000182022","CHST15","ENST00000435907"
"2476",55684,"ENSG00000196642","RABL6","ENST00000435930"
"2477",22832,"ENSG00000135315","CEP162","ENST00000435955"
"2478",130557,"ENSG00000163795","ZNF513","ENST00000436006"
"2479",24145,"ENSG00000110218","PANX1","ENST00000436171"
"2480",3416,"ENSG00000119912","IDE","ENST00000436178"
"2481",2131,"ENSG00000182197","EXT1","ENST00000436216"
"2482",51601,"ENSG00000144182","LIPT1","ENST00000436234"
"2483",51473,"ENSG00000146038","DCDC2","ENST00000436313"
"2484",375341,"ENSG00000188315","C3orf62","ENST00000436325"
"2485",2140,"ENSG00000158161","EYA3","ENST00000436342"
"2486",60491,"ENSG00000196290","NIF3L1","ENST00000436412"
"2487",79897,"ENSG00000241370","RPP21","ENST00000436442"
"2488",6540,"ENSG00000010379","SLC6A13","ENST00000436453"
"2489",57835,"ENSG00000188687","SLC4A5","ENST00000436454"
"2490",576,"ENSG00000121753","ADGRB2","ENST00000436464"
"2491",51586,"ENSG00000099917","MED15","ENST00000436496"
"2492",153562,"ENSG00000152939","MARVELD2","ENST00000436532"
"2493",617,"ENSG00000074582","BCS1L","ENST00000436603"
"2494",57592,"ENSG00000143373","ZNF687","ENST00000436614"
"2495",375189,"ENSG00000176732","PFN4","ENST00000436622"
"2496",8214,"ENSG00000183628","DGCR6","ENST00000436645"
"2497",2355,"ENSG00000075426","FOSL2","ENST00000436647"
"2498",23446,"ENSG00000070214","SLC44A1","ENST00000436716"
"2499",9423,"ENSG00000065320","NTN1","ENST00000436734"
"2500",55677,"ENSG00000163166","IWS1","ENST00000436740"
"2501",3839,"ENSG00000102753","KPNA3","ENST00000436760"
"2502",2720,"ENSG00000170266","GLB1","ENST00000436768"
"2503",151056,"ENSG00000163803","PLB1","ENST00000436775"
"2504",3485,"ENSG00000115457","IGFBP2","ENST00000436812"
"2505",10224,"ENSG00000180855","ZNF443","ENST00000436821"
"2506",80013,"ENSG00000148481","MINDY3","ENST00000436829"
"2507",151473,"ENSG00000163053","SLC16A14","ENST00000436869"
"2508",389813,"ENSG00000232434","AJM1","ENST00000436881"
"2509",83479,"ENSG00000118197","DDX59","ENST00000436897"
"2510",699,"ENSG00000169679","BUB1","ENST00000436916"
"2511",140711,"ENSG00000101342","TLDC2","ENST00000436941"
"2512",5783,"ENSG00000163629","PTPN13","ENST00000436978"
"2513",89894,"ENSG00000198270","TMEM116","ENST00000437003"
"2514",220729,"ENSG00000291091","","ENST00000437008"
"2515",100507057,"ENSG00000228109","MELTF-AS1","ENST00000437064"
"2516",165918,"ENSG00000163961","RNF168","ENST00000437070"
"2517",122953,"ENSG00000140044","JDP2","ENST00000437176"
"2518",4741,"ENSG00000104722","NEFM","ENST00000437366"
"2519",57140,"ENSG00000142327","RNPEPL1","ENST00000437406"
"2520",116151,"ENSG00000124098","FAM210B","ENST00000437418"
"2521",84627,"ENSG00000225614","ZNF469","ENST00000437464"
"2522",54504,"ENSG00000106066","CPVL","ENST00000437527"
"2523",85004,"ENSG00000134533","RERG","ENST00000437578"
"2524",4907,"ENSG00000135318","NT5E","ENST00000437581"
"2525",1160,"ENSG00000131730","CKMT2","ENST00000437669"
"2526",8420,"ENSG00000242125","SNHG3","ENST00000437681"
"2527",83943,"ENSG00000184903","IMMP2L","ENST00000437687"
"2528",84727,"ENSG00000111671","SPSB2","ENST00000437851"
"2529",51072,"ENSG00000162959","MEMO1","ENST00000437854"
"2530",57821,"ENSG00000117477","CCDC181","ENST00000437857"
"2531",51569,"ENSG00000120686","UFM1","ENST00000437952"
"2532",993,"ENSG00000164045","CDC25A","ENST00000437972"
"2533",135228,"ENSG00000156535","CD109","ENST00000437994"
"2534",129531,"ENSG00000158411","MITD1","ENST00000438121"
"2535",27247,"ENSG00000169599","NFU1","ENST00000438184"
"2536",7263,"ENSG00000128311","TST","ENST00000438203"
"2537",100129662,"ENSG00000226031","FGF13-AS1","ENST00000438238"
"2538",5298,"ENSG00000143393","PI4KB","ENST00000438243"
"2539",8675,"ENSG00000124222","STX16","ENST00000438253"
"2540",79465,"ENSG00000131019","ULBP3","ENST00000438272"
"2541",5387,"ENSG00000291092","PMS2P3","ENST00000438326"
"2542",6197,"ENSG00000177189","RPS6KA3","ENST00000438357"
"2543",79714,"ENSG00000164051","CCDC51","ENST00000438370"
"2544",100506054,"ENSG00000234171","RNASEH1-DT","ENST00000438436"
"2545",109,"ENSG00000138031","ADCY3","ENST00000438445"
"2546",9048,"ENSG00000117407","ARTN","ENST00000438616"
"2547",2889,"ENSG00000107263","RAPGEF1","ENST00000438647"
"2548",51527,"ENSG00000100744","GSKIP","ENST00000438650"
"2549",151507,"ENSG00000293137","MSL3P1","ENST00000438684"
"2550",905,"ENSG00000082258","CCNT2","ENST00000438691"
"2551",2241,"ENSG00000151422","FER","ENST00000438717"
"2552",151126,"ENSG00000144331","ZNF385B","ENST00000438871"
"2553",328,"ENSG00000100823","APEX1","ENST00000438886"
"2554",374659,"ENSG00000184508","HDDC3","ENST00000438890"
"2555",100505876,"ENSG00000218739","CEBPZOS","ENST00000438935"
"2556",116983,"ENSG00000131584","ACAP3","ENST00000438966"
"2557",6195,"ENSG00000117676","RPS6KA1","ENST00000438977"
"2558",51065,"ENSG00000185088","RPS27L","ENST00000439025"
"2559",10474,"ENSG00000171148","TADA3","ENST00000439043"
"2560",30811,"ENSG00000142149","HUNK","ENST00000439107"
"2561",728658,"ENSG00000236552","RPL13AP5","ENST00000439189"
"2562",9342,"ENSG00000099940","SNAP29","ENST00000439214"
"2563",390,"ENSG00000115963","RND3","ENST00000439275"
"2564",25777,"ENSG00000100242","SUN2","ENST00000439339"
"2565",10549,"ENSG00000123131","PRDX4","ENST00000439422"
"2566",10010,"ENSG00000136560","TANK","ENST00000439442"
"2567",222962,"ENSG00000164638","SLC29A4","ENST00000439491"
"2568",168850,"ENSG00000048405","ZNF800","ENST00000439506"
"2569",57533,"ENSG00000132405","TBC1D14","ENST00000439515"
"2570",64773,"ENSG00000132635","PCED1A","ENST00000439542"
"2571",401397,"ENSG00000214194","SMIM30","ENST00000439551"
"2572",90589,"ENSG00000257591","ZNF625","ENST00000439556"
"2573",3339,"ENSG00000142798","HSPG2","ENST00000439717"
"2574",10018,"ENSG00000153094","BCL2L11","ENST00000439718"
"2575",90627,"ENSG00000133121","STARD13","ENST00000439831"
"2576",54454,"ENSG00000119778","ATAD2B","ENST00000439915"
"2577",221178,"ENSG00000228741","","ENST00000439928"
"2578",9885,"ENSG00000130703","OSBPL2","ENST00000439951"
"2579",3688,"ENSG00000150093","ITGB1","ENST00000439974"
"2580",7407,"ENSG00000204394","VARS1","ENST00000440048"
"2581",5155,"ENSG00000100311","PDGFB","ENST00000440375"
"2582",79034,"ENSG00000146576","INTS15","ENST00000440409"
"2583",23349,"ENSG00000122733","PHF24","ENST00000440503"
"2584",55552,"ENSG00000197933","ZNF823","ENST00000440527"
"2585",100288413,"ENSG00000226887","ERVMER34-1","ENST00000440542"
"2586",66008,"ENSG00000115993","TRAK2","ENST00000440597"
"2587",30061,"ENSG00000138449","SLC40A1","ENST00000440626"
"2588",113510,"ENSG00000163312","HELQ","ENST00000440639"
"2589",84181,"ENSG00000124177","CHD6","ENST00000440647"
"2590",388695,"ENSG00000163155","LYSMD1","ENST00000440902"
"2591",788,"ENSG00000178537","SLC25A20","ENST00000440964"
"2592",54361,"ENSG00000162552","WNT4","ENST00000441048"
"2593",4055,"ENSG00000111321","LTBR","ENST00000441074"
"2594",84272,"ENSG00000119820","YIPF4","ENST00000441084"
"2595",5775,"ENSG00000088179","PTPN4","ENST00000441089"
"2596",9278,"ENSG00000236104","ZBTB22","ENST00000441117"
"2597",1429,"ENSG00000116791","CRYZ","ENST00000441120"
"2598",55627,"ENSG00000136699","SMPD4","ENST00000441135"
"2599",729020,"ENSG00000235376","RPEL1","ENST00000441178"
"2600",55144,"ENSG00000171492","LRRC8D","ENST00000441269"
"2601",63035,"ENSG00000085185","BCORL1","ENST00000441294"
"2602",284391,"ENSG00000223547","ZNF844","ENST00000441304"
"2603",84056,"ENSG00000102781","KATNAL1","ENST00000441394"
"2604",5051,"ENSG00000158006","PAFAH2","ENST00000441420"
"2605",6203,"ENSG00000170889","RPS9","ENST00000441429"
"2606",6160,"ENSG00000071082","RPL31","ENST00000441435"
"2607",222194,"ENSG00000187257","RSBN1L","ENST00000441514"
"2608",100128640,"ENSG00000229589","ACVR2B-AS1","ENST00000441531"
"2609",91409,"ENSG00000152076","CCDC74B","ENST00000441670"
"2610",133957,"ENSG00000164366","CCDC127","ENST00000441693"
"2611",27154,"ENSG00000096070","BRPF3","ENST00000441730"
"2612",22864,"ENSG00000179912","R3HDM2","ENST00000441731"
"2613",128272,"ENSG00000142632","ARHGEF19","ENST00000441785"
"2614",57554,"ENSG00000033122","LRRC7","ENST00000441830"
"2615",55471,"ENSG00000003509","NDUFAF7","ENST00000441905"
"2616",205428,"ENSG00000181744","DIPK2A","ENST00000441925"
"2617",60509,"ENSG00000084693","AGBL5","ENST00000441931"
"2618",222537,"ENSG00000249853","HS3ST5","ENST00000441954"
"2619",132864,"ENSG00000137449","CPEB2","ENST00000442003"
"2620",149840,"ENSG00000171984","SHLD1","ENST00000442185"
"2621",26512,"ENSG00000102786","INTS6","ENST00000442263"
"2622",2650,"ENSG00000187210","GCNT1","ENST00000442371"
"2623",11040,"ENSG00000102096","PIM2","ENST00000442430"
"2624",100132247,"ENSG00000243716","NPIPB5","ENST00000442450"
"2625",1027,"ENSG00000111276","CDKN1B","ENST00000442489"
"2626",79828,"ENSG00000123600","METTL8","ENST00000442541"
"2627",9849,"ENSG00000177853","ZNF518A","ENST00000442635"
"2628",219931,"ENSG00000162341","TPCN2","ENST00000442692"
"2629",7148,"ENSG00000168477","TNXB","ENST00000442721"
"2630",8884,"ENSG00000138074","SLC5A6","ENST00000442731"
"2631",151011,"ENSG00000186522","SEPTIN10","ENST00000442746"
"2632",150290,"ENSG00000167065","DUSP18","ENST00000442752"
"2633",7178,"ENSG00000133112","TPT1","ENST00000442760"
"2634",5635,"ENSG00000161542","PRPSAP1","ENST00000442767"
"2635",92312,"ENSG00000254726","MEX3A","ENST00000442784"
"2636",9158,"ENSG00000172500","FIBP","ENST00000442885"
"2637",8228,"ENSG00000006757","PNPLA4","ENST00000442940"
"2638",5768,"ENSG00000116260","QSOX1","ENST00000443059"
"2639",93649,"ENSG00000141052","MYOCD","ENST00000443061"
"2640",669,"ENSG00000172331","BPGM","ENST00000443095"
"2641",113791,"ENSG00000100100","PIK3IP1","ENST00000443175"
"2642",4953,"ENSG00000115758","ODC1","ENST00000443218"
"2643",80304,"ENSG00000163026","WDCP","ENST00000443232"
"2644",25822,"ENSG00000137094","DNAJB5","ENST00000443266"
"2645",55861,"ENSG00000244274","DBNDD2","ENST00000443296"
"2646",92235,"ENSG00000198842","STYXL2","ENST00000443333"
"2647",85359,"ENSG00000128185","DGCR6L","ENST00000443409"
"2648",54839,"ENSG00000137821","LRRC49","ENST00000443425"
"2649",51373,"ENSG00000239789","MRPS17","ENST00000443449"
"2650",5429,"ENSG00000170734","POLH","ENST00000443535"
"2651",84281,"ENSG00000187699","C2orf88","ENST00000443551"
"2652",5130,"ENSG00000161217","PCYT1A","ENST00000443555"
"2653",50809,"ENSG00000127483","HP1BP3","ENST00000443615"
"2654",100506100,"ENSG00000223478","ZDHHC12-DT","ENST00000443631"
"2655",23119,"ENSG00000169635","HIC2","ENST00000443632"
"2656",132160,"ENSG00000164088","PPM1M","ENST00000443681"
"2657",215,"ENSG00000101986","ABCD1","ENST00000443684"
"2658",54093,"ENSG00000185917","SETD4","ENST00000443703"
"2659",55230,"ENSG00000085982","USP40","ENST00000443711"
"2660",54536,"ENSG00000138190","EXOC6","ENST00000443748"
"2661",54461,"ENSG00000159069","FBXW5","ENST00000443788"
"2662",375449,"ENSG00000069020","MAST4","ENST00000443808"
"2663",56474,"ENSG00000047230","CTPS2","ENST00000443824"
"2664",51409,"ENSG00000114735","HEMK1","ENST00000443894"
"2665",57404,"ENSG00000119004","CYP20A1","ENST00000443941"
"2666",339803,"ENSG00000212978","C2orf74-DT","ENST00000443946"
"2667",200035,"ENSG00000186364","NUDT17","ENST00000444015"
"2668",25797,"ENSG00000115828","QPCT","ENST00000444022"
"2669",6118,"ENSG00000117748","RPA2","ENST00000444045"
"2670",10603,"ENSG00000160999","SH2B2","ENST00000444095"
"2671",9470,"ENSG00000135930","EIF4E2","ENST00000444113"
"2672",222068,"ENSG00000158604","TMED4","ENST00000444131"
"2673",150684,"ENSG00000173163","COMMD1","ENST00000444166"
"2674",5325,"ENSG00000118495","PLAGL1","ENST00000444202"
"2675",60487,"ENSG00000066651","TRMT11","ENST00000444229"
"2676",93622,"ENSG00000170846","MRFAP1L2","ENST00000444232"
"2677",4194,"ENSG00000198625","MDM4","ENST00000444261"
"2678",8745,"ENSG00000114948","ADAM23","ENST00000444281"
"2679",55070,"ENSG00000140543","DET1","ENST00000444300"
"2680",342346,"ENSG00000205832","C16orf96","ENST00000444310"
"2681",91851,"ENSG00000101938","CHRDL1","ENST00000444321"
"2682",10618,"ENSG00000152291","TGOLN2","ENST00000444342"
"2683",84688,"ENSG00000164972","SPMIP6","ENST00000444429"
"2684",136895,"ENSG00000153790","SPMIP4","ENST00000444434"
"2685",115677,"ENSG00000163072","NOSTRIN","ENST00000444448"
"2686",100506504,"ENSG00000182873","PRKCZ-AS1","ENST00000444529"
"2687",5871,"ENSG00000168067","MAP4K2","ENST00000444560"
"2688",3134,"ENSG00000204642","HLA-F","ENST00000444621"
"2689",10951,"ENSG00000108468","CBX1","ENST00000444685"
"2690",11164,"ENSG00000165609","NUDT5","ENST00000444732"
"2691",7260,"ENSG00000032389","EIPR1","ENST00000444776"
"2692",80820,"ENSG00000122547","EEPD1","ENST00000444777"
"2693",11094,"ENSG00000160325","CACFD1","ENST00000444798"
"2694",10346,"ENSG00000132274","TRIM22","ENST00000444844"
"2695",223117,"ENSG00000153993","SEMA3D","ENST00000444867"
"2696",5730,"ENSG00000107317","PTGDS","ENST00000444903"
"2697",6508,"ENSG00000114923","SLC4A3","ENST00000444906"
"2698",11037,"ENSG00000243244","STON1","ENST00000444932"
"2699",27037,"ENSG00000099899","TRMT2A","ENST00000445045"
"2700",79901,"ENSG00000071967","CYBRD1","ENST00000445146"
"2701",79846,"ENSG00000105792","CFAP69","ENST00000445156"
"2702",54942,"ENSG00000119328","ABITRAM","ENST00000445175"
"2703",79675,"ENSG00000138399","FASTKD1","ENST00000445210"
"2704",43,"ENSG00000087085","ACHE","ENST00000445236"
"2705",51564,"ENSG00000061273","HDAC7","ENST00000445237"
"2706",728294,"ENSG00000180902","D2HGDH","ENST00000445308"
"2707",9080,"ENSG00000213937","CLDN9","ENST00000445369"
"2708",7425,"ENSG00000128564","VGF","ENST00000445482"
"2709",10667,"ENSG00000145982","FARS2","ENST00000445533"
"2710",55854,"ENSG00000065548","ZC3H15","ENST00000445547"
"2711",79180,"ENSG00000142634","EFHD2","ENST00000445566"
"2712",3632,"ENSG00000068383","INPP5A","ENST00000445580"
"2713",7076,"ENSG00000102265","TIMP1","ENST00000445623"
"2714",210,"ENSG00000148218","ALAD","ENST00000445750"
"2715",80010,"ENSG00000178966","RMI1","ENST00000445877"
"2716",374654,"ENSG00000166813","KIF7","ENST00000445906"
"2717",57109,"ENSG00000148300","REXO4","ENST00000445916"
"2718",100144748,"ENSG00000227268","KLLN","ENST00000445946"
"2719",124401,"ENSG00000168096","ANKS3","ENST00000446014"
"2720",10533,"ENSG00000197548","ATG7","ENST00000446110"
"2721",57380,"ENSG00000124532","MRS2","ENST00000446191"
"2722",147798,"ENSG00000167608","TMC4","ENST00000446291"
"2723",6432,"ENSG00000115875","SRSF7","ENST00000446327"
"2724",3925,"ENSG00000117632","STMN1","ENST00000446334"
"2725",54758,"ENSG00000104731","KLHDC4","ENST00000446344"
"2726",196264,"ENSG00000160588","MPZL3","ENST00000446386"
"2727",143279,"ENSG00000165338","HECTD2","ENST00000446394"
"2728",11149,"ENSG00000112276","BVES","ENST00000446408"
"2729",255758,"ENSG00000213123","DYNLT2B","ENST00000446494"
"2730",1616,"ENSG00000204209","DAXX","ENST00000446511"
"2731",23633,"ENSG00000025800","KPNA6","ENST00000446515"
"2732",94239,"ENSG00000105968","H2AZ2","ENST00000446531"
"2733",1185,"ENSG00000011021","CLCN6","ENST00000446542"
"2734",83461,"ENSG00000111665","CDCA3","ENST00000446553"
"2735",5303,"ENSG00000102309","PIN4","ENST00000446576"
"2736",84298,"ENSG00000139233","LLPH","ENST00000446587"
"2737",23160,"ENSG00000163811","WDR43","ENST00000446643"
"2738",199870,"ENSG00000009780","FAM76A","ENST00000446647"
"2739",56616,"ENSG00000184047","DIABLO","ENST00000446652"
"2740",10153,"ENSG00000115816","CEBPZ","ENST00000446769"
"2741",10807,"ENSG00000165689","ENTR1","ENST00000446833"
"2742",8455,"ENSG00000088812","ATRN","ENST00000446916"
"2743",10057,"ENSG00000114770","ABCC5","ENST00000446941"
"2744",51334,"ENSG00000184838","PRR16","ENST00000446965"
"2745",100505854,"ENSG00000214293","APTR","ENST00000447009"
"2746",548645,"ENSG00000059769","DNAJC25","ENST00000447096"
"2747",836,"ENSG00000164305","CASP3","ENST00000447121"
"2748",6382,"ENSG00000115884","SDC1","ENST00000447124"
"2749",57097,"ENSG00000111224","PARP11","ENST00000447133"
"2750",9315,"ENSG00000134986","NREP","ENST00000447165"
"2751",84226,"ENSG00000221843","C2orf16","ENST00000447166"
"2752",84973,"ENSG00000233016","SNHG7","ENST00000447221"
"2753",339906,"ENSG00000293419","","ENST00000447340"
"2754",6748,"ENSG00000180879","SSR4","ENST00000447375"
"2755",10783,"ENSG00000119408","NEK6","ENST00000447379"
"2756",343099,"ENSG00000122483","CCDC18","ENST00000447456"
"2757",130535,"ENSG00000155729","KCTD18","ENST00000447556"
"2758",50808,"ENSG00000147853","AK3","ENST00000447596"
"2759",1301,"ENSG00000060718","COL11A1","ENST00000447608"
"2760",29086,"ENSG00000105393","BABAM1","ENST00000447614"
"2761",84131,"ENSG00000148019","CEP78","ENST00000447629"
"2762",3755,"ENSG00000026559","KCNG1","ENST00000447736"
"2763",10217,"ENSG00000144677","CTDSPL","ENST00000447745"
"2764",2768,"ENSG00000146535","GNA12","ENST00000447791"
"2765",84874,"ENSG00000144026","ZNF514","ENST00000447814"
"2766",55609,"ENSG00000056277","ZNF280C","ENST00000447817"
"2767",6450,"ENSG00000185437","SH3BGR","ENST00000447939"
"2768",26092,"ENSG00000143337","TOR1AIP1","ENST00000447964"
"2769",90120,"ENSG00000238227","TMEM250","ENST00000448040"
"2770",10105,"ENSG00000108179","PPIF","ENST00000448165"
"2771",22937,"ENSG00000114650","SCAP","ENST00000448217"
"2772",22872,"ENSG00000138674","SEC31A","ENST00000448323"
"2773",79057,"ENSG00000130032","PRRG3","ENST00000448324"
"2774",171024,"ENSG00000172403","SYNPO2","ENST00000448416"
"2775",55344,"ENSG00000182378","PLCXD1","ENST00000448477"
"2776",64769,"ENSG00000163875","MEAF6","ENST00000448519"
"2777",6546,"ENSG00000183023","SLC8A1","ENST00000448531"
"2778",9330,"ENSG00000119041","GTF3C3","ENST00000448539"
"2779",29896,"ENSG00000164548","TRA2A","ENST00000448549"
"2780",23648,"ENSG00000157216","SSBP3","ENST00000448572"
"2781",9514,"ENSG00000128242","GAL3ST1","ENST00000448604"
"2782",5550,"ENSG00000085377","PREP","ENST00000448705"
"2783",7163,"ENSG00000076554","TPD52","ENST00000448733"
"2784",11067,"ENSG00000165507","DEPP1","ENST00000448778"
"2785",63979,"ENSG00000132436","FIGNL1","ENST00000448788"
"2786",10171,"ENSG00000120158","RCL1","ENST00000448872"
"2787",128434,"ENSG00000132821","VSTM2L","ENST00000448944"
"2788",26270,"ENSG00000116663","FBXO6","ENST00000449067"
"2789",129285,"ENSG00000162869","PPP1R21","ENST00000449090"
"2790",5297,"ENSG00000241973","PI4KA","ENST00000449120"
"2791",11034,"ENSG00000125868","DSTN","ENST00000449141"
"2792",9262,"ENSG00000081320","STK17B","ENST00000449152"
"2793",64708,"ENSG00000144524","COPS7B","ENST00000449174"
"2794",84707,"ENSG00000133134","BEX2","ENST00000449185"
"2795",116372,"ENSG00000150551","LYPD1","ENST00000449209"
"2796",284018,"ENSG00000186665","C17orf58","ENST00000449250"
"2797",23242,"ENSG00000106078","COBL","ENST00000449281"
"2798",10150,"ENSG00000139793","MBNL2","ENST00000449284"
"2799",54910,"ENSG00000168758","SEMA4C","ENST00000449330"
"2800",10461,"ENSG00000153208","MERTK","ENST00000449344"
"2801",83849,"ENSG00000204176","SYT15","ENST00000449358"
"2802",7514,"ENSG00000082898","XPO1","ENST00000449444"
"2803",55616,"ENSG00000088280","ASAP3","ENST00000449467"
"2804",131566,"ENSG00000057019","DCBLD2","ENST00000449482"
"2805",84752,"ENSG00000237172","B3GNT9","ENST00000449549"
"2806",3488,"ENSG00000115461","IGFBP5","ENST00000449583"
"2807",4867,"ENSG00000144061","NPHP1","ENST00000449600"
"2808",26033,"ENSG00000107518","ATRNL1","ENST00000449616"
"2809",1639,"ENSG00000204843","DCTN1","ENST00000449655"
"2810",137970,"ENSG00000156687","UNC5D","ENST00000449677"
"2811",9802,"ENSG00000183283","DAZAP2","ENST00000449723"
"2812",22888,"ENSG00000185019","UBOX5","ENST00000449731"
"2813",728978,"ENSG00000237512","UNC5B-AS1","ENST00000449737"
"2814",83861,"ENSG00000130363","RSPH3","ENST00000449822"
"2815",55672,"ENSG00000219481","NBPF1","ENST00000449853"
"2816",8218,"ENSG00000070371","CLTCL1","ENST00000449918"
"2817",8459,"ENSG00000128294","TPST2","ENST00000450022"
"2818",4211,"ENSG00000143995","MEIS1","ENST00000450027"
"2819",11054,"ENSG00000060491","OGFR","ENST00000450048"
"2820",140459,"ENSG00000148331","ASB6","ENST00000450050"
"2821",79884,"ENSG00000164114","MAP9","ENST00000450097"
"2822",55502,"ENSG00000144485","HES6","ENST00000450098"
"2823",140700,"ENSG00000130590","SAMD10","ENST00000450107"
"2824",6227,"ENSG00000171858","RPS21","ENST00000450116"
"2825",79031,"ENSG00000115539","PDCL3","ENST00000450127"
"2826",55614,"ENSG00000089177","KIF16B","ENST00000450176"
"2827",80195,"ENSG00000133678","TMEM254","ENST00000450179"
"2828",9531,"ENSG00000151929","BAG3","ENST00000450186"
"2829",598,"ENSG00000171552","BCL2L1","ENST00000450273"
"2830",54823,"ENSG00000116668","SWT1","ENST00000450350"
"2831",222171,"ENSG00000176532","PRR15","ENST00000450427"
"2832",100130331,"ENSG00000237250","","ENST00000450451"
"2833",6541,"ENSG00000139514","SLC7A1","ENST00000450494"
"2834",145748,"ENSG00000183060","LYSMD4","ENST00000450512"
"2835",7701,"ENSG00000115568","ZNF142","ENST00000450560"
"2836",119391,"ENSG00000065621","GSTO2","ENST00000450629"
"2837",28959,"ENSG00000106565","TMEM176B","ENST00000450753"
"2838",63906,"ENSG00000198746","GPATCH3","ENST00000450844"
"2839",10573,"ENSG00000086504","MRPL28","ENST00000450882"
"2840",6304,"ENSG00000182568","SATB1","ENST00000450898"
"2841",83746,"ENSG00000100395","L3MBTL2","ENST00000450939"
"2842",4610,"ENSG00000116990","MYCL","ENST00000450953"
"2843",79595,"ENSG00000136715","SAP130","ENST00000450957"
"2844",65082,"ENSG00000139719","VPS33A","ENST00000451053"
"2845",3588,"ENSG00000243646","IL10RB","ENST00000451065"
"2846",54674,"ENSG00000173114","LRRN3","ENST00000451085"
"2847",22807,"ENSG00000030419","IKZF2","ENST00000451136"
"2848",1385,"ENSG00000118260","CREB1","ENST00000451164"
"2849",55320,"ENSG00000129534","MIS18BP1","ENST00000451174"
"2850",8609,"ENSG00000118263","KLF7","ENST00000451244"
"2851",7710,"ENSG00000179909","ZNF154","ENST00000451275"
"2852",51552,"ENSG00000119396","RAB14","ENST00000451303"
"2853",343450,"ENSG00000162687","KCNT2","ENST00000451324"
"2854",6654,"ENSG00000115904","SOS1","ENST00000451331"
"2855",100861548,"ENSG00000117242","PINK1-AS","ENST00000451424"
"2856",60401,"ENSG00000131080","EDA2R","ENST00000451436"
"2857",79366,"ENSG00000198157","HMGN5","ENST00000451455"
"2858",8440,"ENSG00000071051","NCK2","ENST00000451463"
"2859",339665,"ENSG00000100036","SLC35E4","ENST00000451479"
"2860",155382,"ENSG00000176428","VPS37D","ENST00000451519"
"2861",55151,"ENSG00000095209","TMEM38B","ENST00000451560"
"2862",550643,"ENSG00000204272","NBDY","ENST00000451583"
"2863",27013,"ENSG00000115649","CNPPD1","ENST00000451647"
"2864",90843,"ENSG00000180964","TCEAL8","ENST00000451678"
"2865",81553,"ENSG00000197872","CYRIA","ENST00000451689"
"2866",26133,"ENSG00000100991","TRPC4AP","ENST00000451813"
"2867",6744,"ENSG00000138434","ITPRID2","ENST00000451836"
"2868",6790,"ENSG00000087586","AURKA","ENST00000451915"
"2869",130612,"ENSG00000188760","TMEM198","ENST00000451952"
"2870",23464,"ENSG00000100116","GCAT","ENST00000451984"
"2871",129401,"ENSG00000163002","NUP35","ENST00000452137"
"2872",642517,"ENSG00000204172","AGAP9","ENST00000452145"
"2873",3298,"ENSG00000025156","HSF2","ENST00000452194"
"2874",388588,"ENSG00000235169","SMIM1","ENST00000452264"
"2875",439931,"ENSG00000230513","THAP7-AS1","ENST00000452284"
"2876",29092,"ENSG00000218510","LINC00339","ENST00000452322"
"2877",5993,"ENSG00000143390","RFX5","ENST00000452456"
"2878",10058,"ENSG00000115657","ABCB6","ENST00000452545"
"2879",28988,"ENSG00000136279","DBNL","ENST00000452661"
"2880",24142,"ENSG00000243477","NAA80","ENST00000452674"
"2881",6648,"ENSG00000291237","SOD2","ENST00000452684"
"2882",6452,"ENSG00000087266","SH3BP2","ENST00000452765"
"2883",255798,"ENSG00000214097","SMCO1","ENST00000452776"
"2884",54676,"ENSG00000172432","GTPBP2","ENST00000452781"
"2885",645676,"ENSG00000235919","ASH1L-AS1","ENST00000452809"
"2886",7290,"ENSG00000100084","HIRA","ENST00000452818"
"2887",10651,"ENSG00000128654","MTX2","ENST00000452865"
"2888",100302401,"ENSG00000224687","RASAL2-AS1","ENST00000452867"
"2889",25994,"ENSG00000181061","HIGD1A","ENST00000452906"
"2890",23178,"ENSG00000115687","PASK","ENST00000452907"
"2891",91404,"ENSG00000187231","SESTD1","ENST00000452991"
"2892",85463,"ENSG00000149289","ZC3H12C","ENST00000453089"
"2893",7052,"ENSG00000198959","TGM2","ENST00000453095"
"2894",54584,"ENSG00000185838","GNB1L","ENST00000453108"
"2895",9736,"ENSG00000115464","USP34","ENST00000453133"
"2896",7584,"ENSG00000169981","ZNF35","ENST00000453164"
"2897",127703,"ENSG00000142686","C1orf216","ENST00000453178"
"2898",9801,"ENSG00000115364","MRPL19","ENST00000453233"
"2899",116068,"ENSG00000176018","LYSMD3","ENST00000453259"
"2900",81928,"ENSG00000149679","CABLES2","ENST00000453274"
"2901",26190,"ENSG00000119402","FBXW2","ENST00000453291"
"2902",9723,"ENSG00000170381","SEMA3E","ENST00000453333"
"2903",116987,"ENSG00000157985","AGAP1","ENST00000453371"
"2904",64080,"ENSG00000171174","RBKS","ENST00000453412"
"2905",10579,"ENSG00000138162","TACC2","ENST00000453444"
"2906",56888,"ENSG00000176407","KCMF1","ENST00000453448"
"2907",23593,"ENSG00000051620","HEBP2","ENST00000453452"
"2908",148413,"ENSG00000224870","MRPL20-AS1","ENST00000453521"
"2909",5710,"ENSG00000159352","PSMD4","ENST00000453615"
"2910",6045,"ENSG00000121481","RNF2","ENST00000453650"
"2911",90293,"ENSG00000003096","KLHL13","ENST00000453826"
"2912",130827,"ENSG00000170417","TMEM182","ENST00000453878"
"2913",8273,"ENSG00000126903","SLC10A3","ENST00000453912"
"2914",3601,"ENSG00000134470","IL15RA","ENST00000453922"
"2915",2157,"ENSG00000185010","F8","ENST00000453950"
"2916",10314,"ENSG00000115365","LANCL1","ENST00000453956"
"2917",401232,"ENSG00000244041","LINC01011","ENST00000454015"
"2918",221895,"ENSG00000153814","JAZF1","ENST00000454041"
"2919",7917,"ENSG00000204463","BAG6","ENST00000454165"
"2920",23660,"ENSG00000196652","ZKSCAN5","ENST00000454175"
"2921",4719,"ENSG00000023228","NDUFS1","ENST00000454195"
"2922",51375,"ENSG00000162627","SNX7","ENST00000454199"
"2923",51385,"ENSG00000164048","ZNF589","ENST00000454212"
"2924",10212,"ENSG00000123136","DDX39A","ENST00000454233"
"2925",6599,"ENSG00000173473","SMARCC1","ENST00000454240"
"2926",79917,"ENSG00000269313","MAGIX","ENST00000454342"
"2927",5827,"ENSG00000176894","PXMP2","ENST00000454379"
"2928",414328,"ENSG00000148057","IDNK","ENST00000454393"
"2929",22932,"ENSG00000146707","POMZP3","ENST00000454397"
"2930",84445,"ENSG00000107816","LZTS2","ENST00000454422"
"2931",102724642,"ENSG00000204745","","ENST00000454465"
"2932",92342,"ENSG00000171806","METTL18","ENST00000454472"
"2933",389362,"ENSG00000180822","PSMG4","ENST00000454610"
"2934",4233,"ENSG00000105976","MET","ENST00000454623"
"2935",154043,"ENSG00000153721","CNKSR3","ENST00000454664"
"2936",9722,"ENSG00000198929","NOS1AP","ENST00000454693"
"2937",113179,"ENSG00000213638","ADAT3","ENST00000454697"
"2938",246243,"ENSG00000171865","RNASEH1","ENST00000454734"
"2939",2310,"ENSG00000240445","FOXO3B","ENST00000454745"
"2940",93643,"ENSG00000137221","TJAP1","ENST00000454762"
"2941",55112,"ENSG00000126870","DYNC2I1","ENST00000454771"
"2942",84305,"ENSG00000170473","PYM1","ENST00000454792"
"2943",387680,"ENSG00000099290","WASHC2A","ENST00000454806"
"2944",192111,"ENSG00000247077","PGAM5","ENST00000454808"
"2945",7739,"ENSG00000147394","ZNF185","ENST00000454925"
"2946",23677,"ENSG00000130147","SH3BP4","ENST00000454947"
"2947",441027,"ENSG00000249242","TMEM150C","ENST00000454948"
"2948",4287,"ENSG00000066427","ATXN3","ENST00000454964"
"2949",139716,"ENSG00000160219","GAB3","ENST00000454973"
"2950",172,"ENSG00000293510","AFG3L1P","ENST00000454997"
"2951",100310812,"ENSG00000173678","SPDYE2B","ENST00000455020"
"2952",65986,"ENSG00000205189","ZBTB10","ENST00000455036"
"2953",10840,"ENSG00000144908","ALDH1L1","ENST00000455064"
"2954",57169,"ENSG00000124201","ZNFX1","ENST00000455070"
"2955",3910,"ENSG00000112769","LAMA4","ENST00000455073"
"2956",26287,"ENSG00000165887","ANKRD2","ENST00000455090"
"2957",164045,"ENSG00000162669","HFM1","ENST00000455133"
"2958",1646,"ENSG00000151632","AKR1C2","ENST00000455190"
"2959",64754,"ENSG00000185420","SMYD3","ENST00000455277"
"2960",152002,"ENSG00000173950","XXYLT1","ENST00000455281"
"2961",1310,"ENSG00000082293","COL19A1","ENST00000455415"
"2962",51531,"ENSG00000136932","TRMO","ENST00000455506"
"2963",11169,"ENSG00000198554","WDHD1","ENST00000455555"
"2964",157,"ENSG00000100077","GRK3","ENST00000455558"
"2965",79161,"ENSG00000135185","TMEM243","ENST00000455575"
"2966",9533,"ENSG00000171453","POLR1C","ENST00000455605"
"2967",221061,"ENSG00000148468","FAM171A1","ENST00000455654"
"2968",3431,"ENSG00000135899","SP110","ENST00000455674"
"2969",10111,"ENSG00000113522","RAD50","ENST00000455677"
"2970",729540,"ENSG00000183054","RGPD6","ENST00000455695"
"2971",102724450,"ENSG00000226944","RNF207-AS1","ENST00000455744"
"2972",55695,"ENSG00000130305","NSUN5","ENST00000455763"
"2973",57128,"ENSG00000214113","LYRM4","ENST00000455814"
"2974",1384,"ENSG00000095321","CRAT","ENST00000455830"
"2975",129303,"ENSG00000168890","TMEM150A","ENST00000455852"
"2976",360132,"ENSG00000291029","","ENST00000455909"
"2977",22916,"ENSG00000114503","NCBP2","ENST00000455953"
"2978",282974,"ENSG00000165752","STK32C","ENST00000456004"
"2979",51255,"ENSG00000168894","RNF181","ENST00000456023"
"2980",10904,"ENSG00000166619","BLCAP","ENST00000456058"
"2981",11277,"ENSG00000213689","TREX1","ENST00000456089"
"2982",9117,"ENSG00000093183","SEC22C","ENST00000456222"
"2983",442721,"ENSG00000170807","LMOD2","ENST00000456238"
"2984",26147,"ENSG00000119403","PHF19","ENST00000456291"
"2985",55607,"ENSG00000158528","PPP1R9A","ENST00000456331"
"2986",285203,"ENSG00000163378","EOGT","ENST00000456376"
"2987",257415,"ENSG00000234545","FAM133B","ENST00000456502"
"2988",29995,"ENSG00000071282","LMCD1","ENST00000456506"
"2989",139411,"ENSG00000165186","PTCHD1","ENST00000456522"
"2990",7918,"ENSG00000204438","GPANK1","ENST00000456540"
"2991",91977,"ENSG00000164591","MYOZ3","ENST00000456566"
"2992",387723,"ENSG00000237489","C10orf143","ENST00000456581"
"2993",3692,"ENSG00000242372","EIF6","ENST00000456600"
"2994",151648,"ENSG00000129810","SGO1","ENST00000456624"
"2995",5537,"ENSG00000119414","PPP6C","ENST00000456642"
"2996",57644,"ENSG00000078814","MYH7B","ENST00000456649"
"2997",55705,"ENSG00000198700","IPO9","ENST00000456707"
"2998",4627,"ENSG00000100345","MYH9","ENST00000456729"
"2999",94122,"ENSG00000147041","SYTL5","ENST00000456733"
"3000",128218,"ENSG00000179178","TMEM125","ENST00000456751"
"3001",93653,"ENSG00000227199","ST7-AS1","ENST00000456775"
"3002",10728,"ENSG00000110958","PTGES3","ENST00000456859"
"3003",6780,"ENSG00000124214","STAU1","ENST00000456866"
"3004",2114,"ENSG00000157557","ETS2","ENST00000456966"
"3005",23232,"ENSG00000108239","TBC1D12","ENST00000457045"
"3006",10015,"ENSG00000170248","PDCD6IP","ENST00000457054"
"3007",27072,"ENSG00000006715","VPS41","ENST00000457055"
"3008",339122,"ENSG00000172780","RAB43","ENST00000457077"
"3009",6611,"ENSG00000102172","SMS","ENST00000457085"
"3010",55698,"ENSG00000157927","RADIL","ENST00000457174"
"3011",11213,"ENSG00000090376","IRAK3","ENST00000457197"
"3012",389072,"ENSG00000178385","PLEKHM3","ENST00000457206"
"3013",7534,"ENSG00000164924","YWHAZ","ENST00000457309"
"3014",10262,"ENSG00000143368","SF3B4","ENST00000457312"
"3015",1968,"ENSG00000130741","EIF2S3","ENST00000457332"
"3016",121441,"ENSG00000139350","NEDD1","ENST00000457368"
"3017",29956,"ENSG00000143418","CERS2","ENST00000457392"
"3018",23070,"ENSG00000137200","CMTR1","ENST00000457419"
"3019",10248,"ENSG00000172336","POP7","ENST00000457480"
"3020",54753,"ENSG00000236609","ZNF853","ENST00000457543"
"3021",2941,"ENSG00000170899","GSTA4","ENST00000457564"
"3022",79033,"ENSG00000117419","ERI3","ENST00000457571"
"3023",5621,"ENSG00000171867","PRNP","ENST00000457586"
"3024",84444,"ENSG00000104885","DOT1L","ENST00000457590"
"3025",4999,"ENSG00000115942","ORC2","ENST00000457595"
"3026",10206,"ENSG00000204977","TRIM13","ENST00000457662"
"3027",6535,"ENSG00000130821","SLC6A8","ENST00000457723"
"3028",55676,"ENSG00000152683","SLC30A6","ENST00000457724"
"3029",84812,"ENSG00000115556","PLCD4","ENST00000457773"
"3030",23774,"ENSG00000100425","BRD1","ENST00000457780"
"3031",27042,"ENSG00000117597","UTP25","ENST00000457820"
"3032",152098,"ENSG00000206559","ZCWPW2","ENST00000457897"
"3033",58498,"ENSG00000106631","MYL7","ENST00000457910"
"3034",54927,"ENSG00000106554","CHCHD3","ENST00000457942"
"3035",2997,"ENSG00000104812","GYS1","ENST00000457974"
"3036",84172,"ENSG00000125630","POLR1B","ENST00000458012"
"3037",91664,"ENSG00000213799","ZNF845","ENST00000458035"
"3038",613,"ENSG00000186716","BCR","ENST00000458056"
"3039",441531,"ENSG00000226784","PGAM4","ENST00000458128"
"3040",56683,"ENSG00000159079","CFAP298","ENST00000458138"
"3041",80028,"ENSG00000155034","FBXL18","ENST00000458142"
"3042",3267,"ENSG00000173744","AGFG1","ENST00000458212"
"3043",56987,"ENSG00000114439","BBX","ENST00000458347"
"3044",94101,"ENSG00000128699","ORMDL1","ENST00000458355"
"3045",3275,"ENSG00000160310","PRMT2","ENST00000458387"
"3046",65267,"ENSG00000196632","WNK3","ENST00000458404"
"3047",2825,"ENSG00000183671","CMKLR2","ENST00000458440"
"3048",55156,"ENSG00000104442","ARMC1","ENST00000458464"
"3049",26608,"ENSG00000106638","TBL2","ENST00000458466"
"3050",6610,"ENSG00000135587","SMPD2","ENST00000458487"
"3051",1352,"ENSG00000006695","COX10","ENST00000458492"
"3052",10130,"ENSG00000143870","PDIA6","ENST00000458536"
"3053",25874,"ENSG00000143158","MPC2","ENST00000458574"
"3054",7469,"ENSG00000185049","NELFA","ENST00000458616"
"3055",400793,"ENSG00000239887","C1orf226","ENST00000458626"
"3056",26576,"ENSG00000184343","SRPK3","ENST00000458681"
"3057",9650,"ENSG00000066855","MTFR1","ENST00000458689"
"3058",9896,"ENSG00000112367","FIG4","ENST00000458693"
"3059",26009,"ENSG00000036549","ZZZ3","ENST00000458763"
"3060",677777,"ENSG00000238795","SCARNA12","ENST00000459155"
"3061",9467,"ENSG00000131370","SH3BP5","ENST00000459627"
"3062",56971,"ENSG00000186567","CEACAM19","ENST00000459648"
"3063",79084,"ENSG00000116455","WDR77","ENST00000459665"
"3064",8438,"ENSG00000085999","RAD54L","ENST00000459678"
"3065",381,"ENSG00000004059","ARF5","ENST00000459680"
"3066",8464,"ENSG00000196284","SUPT3H","ENST00000459689"
"3067",54906,"ENSG00000108021","TASOR2","ENST00000459693"
"3068",5876,"ENSG00000137955","RABGGTB","ENST00000459697"
"3069",23274,"ENSG00000038532","CLEC16A","ENST00000459723"
"3070",387841,"ENSG00000234498","RPL13AP20","ENST00000459725"
"3071",55131,"ENSG00000106344","RBM28","ENST00000459726"
"3072",5296,"ENSG00000105647","PIK3R2","ENST00000459743"
"3073",5599,"ENSG00000107643","MAPK8","ENST00000459755"
"3074",339318,"ENSG00000197841","ZNF181","ENST00000459757"
"3075",2066,"ENSG00000178568","ERBB4","ENST00000459774"
"3076",2882,"ENSG00000116157","GPX7","ENST00000459779"
"3077",79005,"ENSG00000163156","SCNM1","ENST00000459799"
"3078",2104,"ENSG00000196482","ESRRG","ENST00000459825"
"3079",285855,"ENSG00000146223","RPL7L1","ENST00000459829"
"3080",23016,"ENSG00000075914","EXOSC7","ENST00000459856"
"3081",6122,"ENSG00000100316","RPL3","ENST00000459859"
"3082",5129,"ENSG00000117266","CDK18","ENST00000459862"
"3083",6997,"ENSG00000241186","TDGF1","ENST00000459867"
"3084",211,"ENSG00000023330","ALAS1","ENST00000459884"
"3085",64801,"ENSG00000173409","ARV1","ENST00000459891"
"3086",4026,"ENSG00000145012","LPP","ENST00000459897"
"3087",26586,"ENSG00000136108","CKAP2","ENST00000459902"
"3088",153090,"ENSG00000136848","DAB2IP","ENST00000459906"
"3089",50636,"ENSG00000146205","ANO7","ENST00000459928"
"3090",51533,"ENSG00000010318","PHF7","ENST00000459935"
"3091",477,"ENSG00000018625","ATP1A2","ENST00000459972"
"3092",55833,"ENSG00000137073","UBAP2","ENST00000459988"
"3093",51150,"ENSG00000078808","SDF4","ENST00000459994"
"3094",223082,"ENSG00000180233","ZNRF2","ENST00000459998"
"3095",11231,"ENSG00000025796","SEC63","ENST00000460009"
"3096",83931,"ENSG00000196182","STK40","ENST00000460017"
"3097",1058,"ENSG00000115163","CENPA","ENST00000460030"
"3098",7417,"ENSG00000165637","VDAC2","ENST00000460044"
"3099",7059,"ENSG00000169231","THBS3","ENST00000460050"
"3100",114034,"ENSG00000132773","TOE1","ENST00000460057"
"3101",1797,"ENSG00000204348","DXO","ENST00000460058"
"3102",152137,"ENSG00000152492","CCDC50","ENST00000460064"
"3103",529,"ENSG00000131100","ATP6V1E1","ENST00000460085"
"3104",414918,"ENSG00000205593","DENND6B","ENST00000460087"
"3105",22944,"ENSG00000151657","KIN","ENST00000460089"
"3106",10971,"ENSG00000134308","YWHAQ","ENST00000460093"
"3107",157922,"ENSG00000130559","CAMSAP1","ENST00000460094"
"3108",2892,"ENSG00000125675","GRIA3","ENST00000460123"
"3109",115825,"ENSG00000139668","WDFY2","ENST00000460145"
"3110",57795,"ENSG00000198797","BRINP2","ENST00000460161"
"3111",266747,"ENSG00000159496","RGL4","ENST00000460167"
"3112",221545,"ENSG00000204564","C6orf136","ENST00000460172"
"3113",51657,"ENSG00000127952","STYXL1","ENST00000460184"
"3114",5394,"ENSG00000171824","EXOSC10","ENST00000460196"
"3115",54960,"ENSG00000046647","GEMIN8","ENST00000460203"
"3116",861,"ENSG00000159216","RUNX1","ENST00000460207"
"3117",29104,"ENSG00000156239","N6AMT1","ENST00000460212"
"3118",159091,"ENSG00000156500","PABIR3","ENST00000460216"
"3119",286204,"ENSG00000148204","CRB2","ENST00000460253"
"3120",64781,"ENSG00000100422","CERK","ENST00000460254"
"3121",1992,"ENSG00000021355","SERPINB1","ENST00000460260"
"3122",55964,"ENSG00000100167","SEPTIN3","ENST00000460267"
"3123",2192,"ENSG00000077942","FBLN1","ENST00000460300"
"3124",53832,"ENSG00000016402","IL20RA","ENST00000460306"
"3125",29121,"ENSG00000069493","CLEC2D","ENST00000460309"
"3126",27332,"ENSG00000075292","ZNF638","ENST00000460310"
"3127",27249,"ENSG00000168288","MMADHC","ENST00000460311"
"3128",9819,"ENSG00000196428","TSC22D2","ENST00000460316"
"3129",83850,"ENSG00000158220","ESYT3","ENST00000460325"
"3130",151987,"ENSG00000163605","PPP4R2","ENST00000460360"
"3131",221143,"ENSG00000150456","EEF1AKMT1","ENST00000460374"
"3132",158747,"ENSG00000130150","MOSPD2","ENST00000460386"
"3133",23148,"ENSG00000136274","NACAD","ENST00000460409"
"3134",5837,"ENSG00000068976","PYGM","ENST00000460413"
"3135",10120,"ENSG00000115073","ACTR1B","ENST00000460427"
"3136",150465,"ENSG00000114999","TTL","ENST00000460450"
"3137",199223,"ENSG00000168026","TTC21A","ENST00000460460"
"3138",79783,"ENSG00000175600","SUGCT","ENST00000460466"
"3139",54587,"ENSG00000162576","MXRA8","ENST00000460473"
"3140",3486,"ENSG00000146674","IGFBP3","ENST00000460477"
"3141",3792,"ENSG00000197993","KEL","ENST00000460479"
"3142",5218,"ENSG00000058091","CDK14","ENST00000460493"
"3143",54859,"ENSG00000163832","ELP6","ENST00000460502"
"3144",116843,"ENSG00000146409","SLC18B1","ENST00000460518"
"3145",26019,"ENSG00000151461","UPF2","ENST00000460569"
"3146",25950,"ENSG00000122481","RWDD3","ENST00000460571"
"3147",5900,"ENSG00000160271","RALGDS","ENST00000460587"
"3148",55032,"ENSG00000138459","SLC35A5","ENST00000460615"
"3149",7402,"ENSG00000152818","UTRN","ENST00000460618"
"3150",6845,"ENSG00000124333","VAMP7","ENST00000460621"
"3151",7348,"ENSG00000114638","UPK1B","ENST00000460625"
"3152",27130,"ENSG00000119509","INVS","ENST00000460636"
"3153",51386,"ENSG00000100129","EIF3L","ENST00000460638"
"3154",9704,"ENSG00000134815","DHX34","ENST00000460681"
"3155",23641,"ENSG00000182195","LDOC1","ENST00000460721"
"3156",9197,"ENSG00000169359","SLC33A1","ENST00000460729"
"3157",4731,"ENSG00000160194","NDUFV3","ENST00000460740"
"3158",221294,"ENSG00000178425","NT5DC1","ENST00000460749"
"3159",84541,"ENSG00000163376","KBTBD8","ENST00000460784"
"3160",129642,"ENSG00000143797","MBOAT2","ENST00000460786"
"3161",27254,"ENSG00000172346","CSDC2","ENST00000460790"
"3162",8553,"ENSG00000134107","BHLHE40","ENST00000460806"
"3163",79019,"ENSG00000100162","CENPM","ENST00000460824"
"3164",79810,"ENSG00000049883","PTCD2","ENST00000460837"
"3165",55608,"ENSG00000088448","ANKRD10","ENST00000460846"
"3166",2117,"ENSG00000117036","ETV3","ENST00000460850"
"3167",60313,"ENSG00000159592","GPBP1L1","ENST00000460859"
"3168",80255,"ENSG00000115084","SLC35F5","ENST00000460863"
"3169",25844,"ENSG00000137207","YIPF3","ENST00000460903"
"3170",285367,"ENSG00000156990","RPUSD3","ENST00000460909"
"3171",64756,"ENSG00000123472","ATPAF1","ENST00000460928"
"3172",7388,"ENSG00000173660","UQCRH","ENST00000460947"
"3173",26088,"ENSG00000100083","GGA1","ENST00000460957"
"3174",55139,"ENSG00000163516","ANKZF1","ENST00000460966"
"3175",80321,"ENSG00000114107","CEP70","ENST00000460967"
"3176",54986,"ENSG00000168038","ULK4","ENST00000460978"
"3177",2664,"ENSG00000203879","GDI1","ENST00000460984"
"3178",79690,"ENSG00000197093","GAL3ST4","ENST00000460995"
"3179",27347,"ENSG00000198648","STK39","ENST00000461000"
"3180",57142,"ENSG00000115310","RTN4","ENST00000461004"
"3181",4286,"ENSG00000187098","MITF","ENST00000461014"
"3182",84276,"ENSG00000145029","NICN1","ENST00000461015"
"3183",27342,"ENSG00000154710","RABGEF1","ENST00000461017"
"3184",3030,"ENSG00000084754","HADHA","ENST00000461025"
"3185",642273,"ENSG00000184731","FAM110C","ENST00000461026"
"3186",58527,"ENSG00000146386","ABRACL","ENST00000461027"
"3187",84455,"ENSG00000203965","EFCAB7","ENST00000461039"
"3188",85369,"ENSG00000143093","STRIP1","ENST00000461054"
"3189",27173,"ENSG00000143570","SLC39A1","ENST00000461071"
"3190",23101,"ENSG00000053524","MCF2L2","ENST00000461074"
"3191",55217,"ENSG00000185973","TMLHE","ENST00000461075"
"3192",7134,"ENSG00000114854","TNNC1","ENST00000461086"
"3193",3054,"ENSG00000172534","HCFC1","ENST00000461098"
"3194",10362,"ENSG00000064961","HMG20B","ENST00000461099"
"3195",51117,"ENSG00000167113","COQ4","ENST00000461102"
"3196",286207,"ENSG00000160401","CFAP157","ENST00000461104"
"3197",375790,"ENSG00000188157","AGRN","ENST00000461111"
"3198",8566,"ENSG00000160209","PDXK","ENST00000461123"
"3199",86,"ENSG00000136518","ACTL6A","ENST00000461125"
"3200",79183,"ENSG00000124120","TTPAL","ENST00000461134"
"3201",79098,"ENSG00000182795","C1orf116","ENST00000461135"
"3202",200185,"ENSG00000163463","KRTCAP2","ENST00000461136"
"3203",1677,"ENSG00000169598","DFFB","ENST00000461150"
"3204",84681,"ENSG00000137133","HINT2","ENST00000461169"
"3205",55335,"ENSG00000165028","NIPSNAP3B","ENST00000461177"
"3206",26995,"ENSG00000167112","TRUB2","ENST00000461180"
"3207",26090,"ENSG00000100997","ABHD12","ENST00000461204"
"3208",93,"ENSG00000114739","ACVR2B","ENST00000461232"
"3209",10181,"ENSG00000003756","RBM5","ENST00000461242"
"3210",54875,"ENSG00000044459","CNTLN","ENST00000461247"
"3211",11321,"ENSG00000198522","GPN1","ENST00000461249"
"3212",54707,"ENSG00000142751","GPN2","ENST00000461282"
"3213",388558,"ENSG00000198482","ZNF808","ENST00000461321"
"3214",10465,"ENSG00000171960","PPIH","ENST00000461351"
"3215",79086,"ENSG00000214046","SMIM7","ENST00000461364"
"3216",9045,"ENSG00000188846","RPL14","ENST00000461368"
"3217",10575,"ENSG00000115484","CCT4","ENST00000461370"
"3218",5754,"ENSG00000112655","PTK7","ENST00000461389"
"3219",51380,"ENSG00000139631","CSAD","ENST00000461392"
"3220",55613,"ENSG00000102043","MTMR8","ENST00000461403"
"3221",10400,"ENSG00000133027","PEMT","ENST00000461404"
"3222",102,"ENSG00000137845","ADAM10","ENST00000461408"
"3223",8886,"ENSG00000088205","DDX18","ENST00000461443"
"3224",7980,"ENSG00000105825","TFPI2","ENST00000461482"
"3225",5158,"ENSG00000133256","PDE6B","ENST00000461490"
"3226",27102,"ENSG00000086232","EIF2AK1","ENST00000461493"
"3227",523,"ENSG00000114573","ATP6V1A","ENST00000461496"
"3228",346157,"ENSG00000124613","ZNF391","ENST00000461521"
"3229",57060,"ENSG00000090097","PCBP4","ENST00000461544"
"3230",57336,"ENSG00000141040","ZNF287","ENST00000461555"
"3231",1396,"ENSG00000213145","CRIP1","ENST00000461556"
"3232",64318,"ENSG00000173145","NOC3L","ENST00000461562"
"3233",54919,"ENSG00000164818","DNAAF5","ENST00000461576"
"3234",8899,"ENSG00000112739","PRPF4B","ENST00000461612"
"3235",1969,"ENSG00000142627","EPHA2","ENST00000461614"
"3236",5634,"ENSG00000101911","PRPS2","ENST00000461630"
"3237",22981,"ENSG00000101004","NINL","ENST00000461642"
"3238",145173,"ENSG00000187676","B3GLCT","ENST00000461652"
"3239",55254,"ENSG00000176142","TMEM39A","ENST00000461654"
"3240",54953,"ENSG00000157181","ODR4","ENST00000461662"
"3241",23132,"ENSG00000164080","RAD54L2","ENST00000461680"
"3242",9189,"ENSG00000214717","ZBED1","ENST00000461691"
"3243",23130,"ENSG00000110046","ATG2A","ENST00000461701"
"3244",11227,"ENSG00000136542","GALNT5","ENST00000461704"
"3245",5889,"ENSG00000108384","RAD51C","ENST00000461706"
"3246",100820829,"ENSG00000263155","MYZAP","ENST00000461709"
"3247",8881,"ENSG00000130177","CDC16","ENST00000461716"
"3248",1953,"ENSG00000162591","MEGF6","ENST00000461795"
"3249",55133,"ENSG00000068784","SRBD1","ENST00000461805"
"3250",27107,"ENSG00000066422","ZBTB11","ENST00000461821"
"3251",23350,"ENSG00000163714","U2SURP","ENST00000461844"
"3252",5217,"ENSG00000070087","PFN2","ENST00000461868"
"3253",8861,"ENSG00000198728","LDB1","ENST00000461873"
"3254",55734,"ENSG00000020256","ZFP64","ENST00000461898"
"3255",79692,"ENSG00000181315","ZNF322","ENST00000461899"
"3256",2963,"ENSG00000188342","GTF2F2","ENST00000461904"
"3257",14,"ENSG00000127837","AAMP","ENST00000461911"
"3258",155061,"ENSG00000181220","ZNF746","ENST00000461958"
"3259",7270,"ENSG00000125482","TTF1","ENST00000461970"
"3260",27148,"ENSG00000163482","STK36","ENST00000462031"
"3261",2035,"ENSG00000159023","EPB41","ENST00000462032"
"3262",11102,"ENSG00000163684","RPP14","ENST00000462046"
"3263",11014,"ENSG00000136240","KDELR2","ENST00000462052"
"3264",93100,"ENSG00000147813","NAPRT","ENST00000462059"
"3265",56180,"ENSG00000101928","MOSPD1","ENST00000462060"
"3266",64960,"ENSG00000116898","MRPS15","ENST00000462067"
"3267",273,"ENSG00000078053","AMPH","ENST00000462072"
"3268",23767,"ENSG00000125848","FLRT3","ENST00000462077"
"3269",54836,"ENSG00000119411","BSPRY","ENST00000462085"
"3270",84804,"ENSG00000135953","MFSD9","ENST00000462099"
"3271",9589,"ENSG00000146457","WTAP","ENST00000462110"
"3272",154796,"ENSG00000126016","AMOT","ENST00000462114"
"3273",6419,"ENSG00000170364","SETMAR","ENST00000462115"
"3274",2189,"ENSG00000221829","FANCG","ENST00000462124"
"3275",6804,"ENSG00000106089","STX1A","ENST00000462135"
"3276",3475,"ENSG00000006652","IFRD1","ENST00000462155"
"3277",7692,"ENSG00000125846","ZNF133","ENST00000462170"
"3278",23133,"ENSG00000172943","PHF8","ENST00000462182"
"3279",388524,"ENSG00000288920","RPSA2","ENST00000462186"
"3280",245812,"ENSG00000166997","CNPY4","ENST00000462193"
"3281",2022,"ENSG00000106991","ENG","ENST00000462196"
"3282",80318,"ENSG00000165113","GKAP1","ENST00000462223"
"3283",56907,"ENSG00000134278","SPIRE1","ENST00000462226"
"3284",131601,"ENSG00000163870","TPRA1","ENST00000462228"
"3285",8533,"ENSG00000141030","COPS3","ENST00000462236"
"3286",54802,"ENSG00000043514","TRIT1","ENST00000462243"
"3287",2074,"ENSG00000225830","ERCC6","ENST00000462247"
"3288",55154,"ENSG00000125459","MSTO1","ENST00000462250"
"3289",10946,"ENSG00000183431","SF3A3","ENST00000462258"
"3290",571,"ENSG00000156273","BACH1","ENST00000462262"
"3291",221830,"ENSG00000105849","POLR1F","ENST00000462263"
"3292",85465,"ENSG00000138018","SELENOI","ENST00000462301"
"3293",26469,"ENSG00000072135","PTPN18","ENST00000462321"
"3294",25782,"ENSG00000118873","RAB3GAP2","ENST00000462353"
"3295",9839,"ENSG00000169554","ZEB2","ENST00000462355"
"3296",159,"ENSG00000035687","ADSS2","ENST00000462358"
"3297",9475,"ENSG00000134318","ROCK2","ENST00000462366"
"3298",128869,"ENSG00000101464","PIGU","ENST00000462389"
"3299",8480,"ENSG00000101146","RAE1","ENST00000462438"
"3300",10791,"ENSG00000168899","VAMP5","ENST00000462451"
"3301",80314,"ENSG00000120616","EPC1","ENST00000462470"
"3302",1294,"ENSG00000114270","COL7A1","ENST00000462475"
"3303",2242,"ENSG00000182511","FES","ENST00000462476"
"3304",5127,"ENSG00000102225","CDK16","ENST00000462483"
"3305",267002,"ENSG00000185220","PGBD2","ENST00000462488"
"3306",729991,"ENSG00000254901","BORCS8","ENST00000462498"
"3307",8661,"ENSG00000107581","EIF3A","ENST00000462527"
"3308",1026,"ENSG00000124762","CDKN1A","ENST00000462537"
"3309",8476,"ENSG00000143776","CDC42BPA","ENST00000462553"
"3310",84002,"ENSG00000176597","B3GNT5","ENST00000462559"
"3311",29980,"ENSG00000159147","DONSON","ENST00000462566"
"3312",10319,"ENSG00000050555","LAMC3","ENST00000462567"
"3313",200942,"ENSG00000185909","KLHDC8B","ENST00000462582"
"3314",6262,"ENSG00000198626","RYR2","ENST00000462585"
"3315",9718,"ENSG00000145194","ECE2","ENST00000462596"
"3316",8572,"ENSG00000131435","PDLIM4","ENST00000462597"
"3317",3880,"ENSG00000171345","KRT19","ENST00000462611"
"3318",23203,"ENSG00000165688","PMPCA","ENST00000462616"
"3319",81704,"ENSG00000107099","DOCK8","ENST00000462618"
"3320",6303,"ENSG00000130066","SAT1","ENST00000462639"
"3321",79734,"ENSG00000100379","KCTD17","ENST00000462640"
"3322",6016,"ENSG00000143622","RIT1","ENST00000462687"
"3323",200539,"ENSG00000163126","ANKRD23","ENST00000462692"
"3324",57679,"ENSG00000003393","ALS2","ENST00000462747"
"3325",8890,"ENSG00000115211","EIF2B4","ENST00000462749"
"3326",54664,"ENSG00000106460","TMEM106B","ENST00000462754"
"3327",54465,"ENSG00000143971","ETAA1","ENST00000462772"
"3328",65005,"ENSG00000143436","MRPL9","ENST00000462783"
"3329",231,"ENSG00000085662","AKR1B1","ENST00000462784"
"3330",6839,"ENSG00000101945","SUV39H1","ENST00000462786"
"3331",64859,"ENSG00000173559","NABP1","ENST00000462824"
"3332",55795,"ENSG00000126226","PCID2","ENST00000462853"
"3333",2072,"ENSG00000175595","ERCC4","ENST00000462862"
"3334",84795,"ENSG00000119943","PYROXD2","ENST00000462874"
"3335",23150,"ENSG00000114541","FRMD4B","ENST00000462888"
"3336",23307,"ENSG00000119321","FKBP15","ENST00000462889"
"3337",143884,"ENSG00000152404","CWF19L2","ENST00000462890"
"3338",113130,"ENSG00000146670","CDCA5","ENST00000462902"
"3339",5504,"ENSG00000184203","PPP1R2","ENST00000462906"
"3340",119559,"ENSG00000183605","SFXN4","ENST00000462913"
"3341",4116,"ENSG00000162385","MAGOH","ENST00000462941"
"3342",6277,"ENSG00000197956","S100A6","ENST00000462951"
"3343",5689,"ENSG00000008018","PSMB1","ENST00000462957"
"3344",79691,"ENSG00000151576","QTRT2","ENST00000462966"
"3345",51742,"ENSG00000054267","ARID4B","ENST00000462969"
"3346",285381,"ENSG00000154813","DPH3","ENST00000462982"
"3347",29887,"ENSG00000086300","SNX10","ENST00000462993"
"3348",79973,"ENSG00000198342","ZNF442","ENST00000462995"
"3349",84253,"ENSG00000136895","GARNL3","ENST00000463005"
"3350",140545,"ENSG00000105982","RNF32","ENST00000463028"
"3351",3654,"ENSG00000184216","IRAK1","ENST00000463031"
"3352",9903,"ENSG00000162413","KLHL21","ENST00000463043"
"3353",348995,"ENSG00000120253","NUP43","ENST00000463048"
"3354",9282,"ENSG00000180182","MED14","ENST00000463072"
"3355",10095,"ENSG00000130429","ARPC1B","ENST00000463078"
"3356",9462,"ENSG00000075391","RASAL2","ENST00000463079"
"3357",56241,"ENSG00000099994","SUSD2","ENST00000463101"
"3358",10142,"ENSG00000127914","AKAP9","ENST00000463118"
"3359",9878,"ENSG00000092203","TOX4","ENST00000463119"
"3360",84271,"ENSG00000100227","POLDIP3","ENST00000463133"
"3361",4217,"ENSG00000197442","MAP3K5","ENST00000463140"
"3362",30834,"ENSG00000066379","POLR1H","ENST00000463141"
"3363",51099,"ENSG00000011198","ABHD5","ENST00000463153"
"3364",65062,"ENSG00000155755","TMEM237","ENST00000463205"
"3365",29085,"ENSG00000054148","PHPT1","ENST00000463215"
"3366",93663,"ENSG00000146376","ARHGAP18","ENST00000463225"
"3367",205564,"ENSG00000119231","SENP5","ENST00000463245"
"3368",253512,"ENSG00000174032","SLC25A30","ENST00000463262"
"3369",79663,"ENSG00000169087","HSPBAP1","ENST00000463266"
"3370",4952,"ENSG00000122126","OCRL","ENST00000463271"
"3371",1827,"ENSG00000159200","RCAN1","ENST00000463276"
"3372",25853,"ENSG00000198876","DCAF12","ENST00000463286"
"3373",9666,"ENSG00000198919","DZIP3","ENST00000463306"
"3374",170082,"ENSG00000176896","TCEANC","ENST00000463321"
"3375",10935,"ENSG00000165672","PRDX3","ENST00000463322"
"3376",64091,"ENSG00000121577","POPDC2","ENST00000463323"
"3377",1889,"ENSG00000117298","ECE1","ENST00000463334"
"3378",7536,"ENSG00000168066","SF1","ENST00000463343"
"3379",11266,"ENSG00000081721","DUSP12","ENST00000463365"
"3380",28956,"ENSG00000116586","LAMTOR2","ENST00000463371"
"3381",148534,"ENSG00000152078","TLCD4","ENST00000463375"
"3382",84552,"ENSG00000178184","PARD6G","ENST00000463384"
"3383",23314,"ENSG00000119042","SATB2","ENST00000463386"
"3384",57576,"ENSG00000117245","KIF17","ENST00000463389"
"3385",79830,"ENSG00000197056","ZMYM1","ENST00000463393"
"3386",10324,"ENSG00000239474","KLHL41","ENST00000463400"
"3387",84458,"ENSG00000196233","LCOR","ENST00000463415"
"3388",51199,"ENSG00000100503","NIN","ENST00000463419"
"3389",4799,"ENSG00000086102","NFX1","ENST00000463421"
"3390",8754,"ENSG00000168615","ADAM9","ENST00000463437"
"3391",51493,"ENSG00000100220","RTCB","ENST00000463455"
"3392",6944,"ENSG00000163159","VPS72","ENST00000463470"
"3393",140710,"ENSG00000149639","SOGA1","ENST00000463491"
"3394",10401,"ENSG00000131788","PIAS3","ENST00000463514"
"3395",64061,"ENSG00000184205","TSPYL2","ENST00000463525"
"3396",292,"ENSG00000005022","SLC25A5","ENST00000463551"
"3397",11022,"ENSG00000182134","TDRKH","ENST00000463553"
"3398",10471,"ENSG00000204220","PFDN6","ENST00000463584"
"3399",1756,"ENSG00000198947","DMD","ENST00000463609"
"3400",80335,"ENSG00000164091","WDR82","ENST00000463624"
"3401",3150,"ENSG00000205581","HMGN1","ENST00000463631"
"3402",6119,"ENSG00000106399","RPA3","ENST00000463632"
"3403",2634,"ENSG00000162645","GBP2","ENST00000463660"
"3404",9980,"ENSG00000142197","DOP1B","ENST00000463668"
"3405",128338,"ENSG00000156171","DRAM2","ENST00000463682"
"3406",8243,"ENSG00000072501","SMC1A","ENST00000463684"
"3407",5791,"ENSG00000132334","PTPRE","ENST00000463727"
"3408",5264,"ENSG00000107537","PHYH","ENST00000463730"
"3409",51506,"ENSG00000143222","UFC1","ENST00000463735"
"3410",26136,"ENSG00000135269","TES","ENST00000463746"
"3411",55830,"ENSG00000016864","GLT8D1","ENST00000463762"
"3412",9881,"ENSG00000168016","TRANK1","ENST00000463764"
"3413",286257,"ENSG00000148362","PAXX","ENST00000463765"
"3414",26959,"ENSG00000105856","HBP1","ENST00000463790"
"3415",6894,"ENSG00000059588","TARBP1","ENST00000463793"
"3416",79929,"ENSG00000180834","MAP6D1","ENST00000463801"
"3417",118472,"ENSG00000198546","ZNF511","ENST00000463816"
"3418",52,"ENSG00000143727","ACP1","ENST00000463831"
"3419",257407,"ENSG00000204128","C2orf72","ENST00000463834"
"3420",200916,"ENSG00000163584","RPL22L1","ENST00000463836"
"3421",9445,"ENSG00000136156","ITM2B","ENST00000463839"
"3422",3336,"ENSG00000115541","HSPE1","ENST00000463841"
"3423",60685,"ENSG00000156639","ZFAND3","ENST00000463847"
"3424",51368,"ENSG00000164081","TEX264","ENST00000463857"
"3425",91526,"ENSG00000065413","ANKRD44","ENST00000463879"
"3426",8575,"ENSG00000180228","PRKRA","ENST00000463882"
"3427",57584,"ENSG00000107863","ARHGAP21","ENST00000463892"
"3428",113452,"ENSG00000121900","TMEM54","ENST00000463914"
"3429",1173,"ENSG00000161203","AP2M1","ENST00000463935"
"3430",65078,"ENSG00000040608","RTN4R","ENST00000463936"
"3431",4615,"ENSG00000172936","MYD88","ENST00000463956"
"3432",6834,"ENSG00000148290","SURF1","ENST00000463965"
"3433",51163,"ENSG00000138231","DBR1","ENST00000463982"
"3434",9410,"ENSG00000060688","SNRNP40","ENST00000463988"
"3435",824,"ENSG00000162909","CAPN2","ENST00000463997"
"3436",7037,"ENSG00000072274","TFRC","ENST00000464011"
"3437",7982,"ENSG00000004866","ST7","ENST00000464020"
"3438",670,"ENSG00000137274","BPHL","ENST00000464040"
"3439",25917,"ENSG00000134077","THUMPD3","ENST00000464045"
"3440",9909,"ENSG00000198837","DENND4B","ENST00000464048"
"3441",8604,"ENSG00000115840","SLC25A12","ENST00000464063"
"3442",55600,"ENSG00000179914","ITLN1","ENST00000464077"
"3443",6891,"ENSG00000204267","TAP2","ENST00000464100"
"3444",149478,"ENSG00000222009","BTBD19","ENST00000464114"
"3445",53405,"ENSG00000112782","CLIC5","ENST00000464137"
"3446",256435,"ENSG00000184005","ST6GALNAC3","ENST00000464140"
"3447",3621,"ENSG00000153487","ING1","ENST00000464141"
"3448",10046,"ENSG00000013619","MAMLD1","ENST00000464149"
"3449",515,"ENSG00000116459","ATP5PB","ENST00000464154"
"3450",5825,"ENSG00000117528","ABCD3","ENST00000464165"
"3451",84187,"ENSG00000157600","TMEM164","ENST00000464177"
"3452",60681,"ENSG00000141756","FKBP10","ENST00000464180"
"3453",100885848,"ENSG00000267060","PTGES3L","ENST00000464183"
"3454",27349,"ENSG00000100294","MCAT","ENST00000464244"
"3455",58190,"ENSG00000144579","CTDSP1","ENST00000464255"
"3456",9727,"ENSG00000090565","RAB11FIP3","ENST00000464263"
"3457",10529,"ENSG00000078114","NEBL","ENST00000464278"
"3458",1503,"ENSG00000171793","CTPS1","ENST00000464283"
"3459",22883,"ENSG00000171603","CLSTN1","ENST00000464286"
"3460",5033,"ENSG00000122884","P4HA1","ENST00000464310"
"3461",8933,"ENSG00000134590","RTL8C","ENST00000464369"
"3462",3795,"ENSG00000138030","KHK","ENST00000464371"
"3463",84124,"ENSG00000160908","ZNF394","ENST00000464401"
"3464",6293,"ENSG00000223501","VPS52","ENST00000464425"
"3465",58504,"ENSG00000128805","ARHGAP22","ENST00000464445"
"3466",24144,"ENSG00000100109","TFIP11","ENST00000464449"
"3467",5256,"ENSG00000044446","PHKA2","ENST00000464455"
"3468",5909,"ENSG00000076864","RAP1GAP","ENST00000464457"
"3469",64969,"ENSG00000144029","MRPS5","ENST00000464458"
"3470",1793,"ENSG00000150760","DOCK1","ENST00000464466"
"3471",51608,"ENSG00000239857","GET4","ENST00000464468"
"3472",90634,"ENSG00000139597","N4BP2L1","ENST00000464470"
"3473",388886,"ENSG00000178026","LRRC75B","ENST00000464490"
"3474",54980,"ENSG00000115998","C2orf42","ENST00000464505"
"3475",378708,"ENSG00000175279","CENPS","ENST00000464507"
"3476",195827,"ENSG00000158122","PRXL2C","ENST00000464512"
"3477",27327,"ENSG00000090905","TNRC6A","ENST00000464539"
"3478",23266,"ENSG00000117114","ADGRL2","ENST00000464551"
"3479",8636,"ENSG00000176101","SSNA1","ENST00000464553"
"3480",23550,"ENSG00000125637","PSD4","ENST00000464559"
"3481",200373,"ENSG00000163075","CFAP221","ENST00000464578"
"3482",57643,"ENSG00000162415","ZSWIM5","ENST00000464588"
"3483",128346,"ENSG00000143110","C1orf162","ENST00000464591"
"3484",4303,"ENSG00000184481","FOXO4","ENST00000464598"
"3485",1841,"ENSG00000168393","DTYMK","ENST00000464603"
"3486",9039,"ENSG00000144744","UBA3","ENST00000464605"
"3487",26000,"ENSG00000169221","TBC1D10B","ENST00000464644"
"3488",129831,"ENSG00000155636","RBM45","ENST00000464647"
"3489",10245,"ENSG00000126768","TIMM17B","ENST00000464663"
"3490",102724334,"ENSG00000274559","","ENST00000464664"
"3491",79707,"ENSG00000162408","NOL9","ENST00000464665"
"3492",112616,"ENSG00000153551","CMTM7","ENST00000464689"
"3493",51434,"ENSG00000196510","ANAPC7","ENST00000464697"
"3494",3664,"ENSG00000117595","IRF6","ENST00000464698"
"3495",55825,"ENSG00000115425","PECR","ENST00000464722"
"3496",2894,"ENSG00000182771","GRID1","ENST00000464741"
"3497",116228,"ENSG00000203667","COX20","ENST00000464757"
"3498",10152,"ENSG00000138443","ABI2","ENST00000464761"
"3499",2631,"ENSG00000146729","NIPSNAP2","ENST00000464772"
"3500",9913,"ENSG00000119760","SUPT7L","ENST00000464789"
"3501",8751,"ENSG00000143537","ADAM15","ENST00000464824"
"3502",286336,"ENSG00000126882","FAM78A","ENST00000464831"
"3503",8646,"ENSG00000090539","CHRD","ENST00000464833"
"3504",730,"ENSG00000112936","C7","ENST00000464864"
"3505",222255,"ENSG00000146776","ATXN7L1","ENST00000464874"
"3506",201627,"ENSG00000174839","DENND6A","ENST00000464875"
"3507",6259,"ENSG00000163785","RYK","ENST00000464879"
"3508",55179,"ENSG00000158234","FAIM","ENST00000464912"
"3509",1278,"ENSG00000164692","COL1A2","ENST00000464916"
"3510",64746,"ENSG00000182827","ACBD3","ENST00000464927"
"3511",10869,"ENSG00000172046","USP19","ENST00000464931"
"3512",64710,"ENSG00000069275","NUCKS1","ENST00000464938"
"3513",401431,"ENSG00000204934","ATP6V0E2-AS1","ENST00000464939"
"3514",151354,"ENSG00000162981","LRATD1","ENST00000464947"
"3515",148398,"ENSG00000187634","SAMD11","ENST00000464948"
"3516",25827,"ENSG00000153558","FBXL2","ENST00000464990"
"3517",5420,"ENSG00000128567","PODXL","ENST00000465001"
"3518",64328,"ENSG00000132953","XPO4","ENST00000465018"
"3519",57464,"ENSG00000128578","STRIP2","ENST00000465033"
"3520",9148,"ENSG00000107954","NEURL1","ENST00000465048"
"3521",6769,"ENSG00000144681","STAC","ENST00000465064"
"3522",54464,"ENSG00000114127","XRN1","ENST00000465074"
"3523",5087,"ENSG00000185630","PBX1","ENST00000465089"
"3524",375033,"ENSG00000187800","PEAR1","ENST00000465101"
"3525",6733,"ENSG00000135250","SRPK2","ENST00000465112"
"3526",81873,"ENSG00000136950","ARPC5L","ENST00000465124"
"3527",57448,"ENSG00000115760","BIRC6","ENST00000465130"
"3528",64130,"ENSG00000104863","LIN7B","ENST00000465141"
"3529",2316,"ENSG00000196924","FLNA","ENST00000465144"
"3530",54619,"ENSG00000107443","CCNJ","ENST00000465148"
"3531",388662,"ENSG00000197106","SLC6A17","ENST00000465159"
"3532",54932,"ENSG00000187609","EXD3","ENST00000465160"
"3533",1962,"ENSG00000113790","EHHADH","ENST00000465178"
"3534",23089,"ENSG00000242265","PEG10","ENST00000465184"
"3535",4830,"ENSG00000239672","NME1","ENST00000465188"
"3536",54780,"ENSG00000107672","NSMCE4A","ENST00000465189"
"3537",1181,"ENSG00000114859","CLCN2","ENST00000465231"
"3538",57798,"ENSG00000157259","GATAD1","ENST00000465247"
"3539",65094,"ENSG00000081692","JMJD4","ENST00000465251"
"3540",9015,"ENSG00000143498","TAF1A","ENST00000465263"
"3541",55218,"ENSG00000081177","EXD2","ENST00000465286"
"3542",9696,"ENSG00000058453","CROCC","ENST00000465291"
"3543",3728,"ENSG00000173801","JUP","ENST00000465293"
"3544",140738,"ENSG00000171227","TMEM37","ENST00000465296"
"3545",2272,"ENSG00000189283","FHIT","ENST00000465330"
"3546",833,"ENSG00000110619","CARS1","ENST00000465331"
"3547",6146,"ENSG00000116251","RPL22","ENST00000465335"
"3548",252995,"ENSG00000160097","FNDC5","ENST00000465346"
"3549",5116,"ENSG00000160299","PCNT","ENST00000465356"
"3550",10920,"ENSG00000198612","COPS8","ENST00000465362"
"3551",57092,"ENSG00000081154","PCNP","ENST00000465366"
"3552",23043,"ENSG00000154310","TNIK","ENST00000465393"
"3553",262,"ENSG00000123505","AMD1","ENST00000465404"
"3554",10277,"ENSG00000130939","UBE4B","ENST00000465408"
"3555",163050,"ENSG00000249709","ZNF564","ENST00000465410"
"3556",10919,"ENSG00000204371","EHMT2","ENST00000465429"
"3557",10675,"ENSG00000114646","CSPG5","ENST00000465441"
"3558",4084,"ENSG00000059728","MXD1","ENST00000465446"
"3559",140606,"ENSG00000198832","SELENOM","ENST00000465447"
"3560",51155,"ENSG00000189159","JPT1","ENST00000465454"
"3561",100134713,"ENSG00000240889","NDUFB2-AS1","ENST00000465466"
"3562",2060,"ENSG00000085832","EPS15","ENST00000465467"
"3563",51086,"ENSG00000116783","TNNI3K","ENST00000465473"
"3564",113878,"ENSG00000091073","DTX2","ENST00000465488"
"3565",284723,"ENSG00000162461","SLC25A34","ENST00000465495"
"3566",51559,"ENSG00000111696","NT5DC3","ENST00000465502"
"3567",8723,"ENSG00000114520","SNX4","ENST00000465505"
"3568",139324,"ENSG00000165259","HDX","ENST00000465509"
"3569",141,"ENSG00000144843","ADPRH","ENST00000465513"
"3570",10713,"ENSG00000168883","USP39","ENST00000465514"
"3571",79621,"ENSG00000136104","RNASEH2B","ENST00000465541"
"3572",728130,"ENSG00000214562","NUTM2D","ENST00000465545"
"3573",4174,"ENSG00000100297","MCM5","ENST00000465557"
"3574",158584,"ENSG00000165591","FAAH2","ENST00000465623"
"3575",114884,"ENSG00000144645","OSBPL10","ENST00000465626"
"3576",8621,"ENSG00000065883","CDK13","ENST00000465643"
"3577",93974,"ENSG00000130770","ATP5IF1","ENST00000465645"
"3578",51133,"ENSG00000136636","KCTD3","ENST00000465650"
"3579",57474,"ENSG00000188033","ZNF490","ENST00000465656"
"3580",65059,"ENSG00000173166","RAPH1","ENST00000465669"
"3581",3301,"ENSG00000086061","DNAJA1","ENST00000465677"
"3582",7389,"ENSG00000126088","UROD","ENST00000465678"
"3583",55208,"ENSG00000150401","DCUN1D2","ENST00000465710"
"3584",57608,"ENSG00000165757","JCAD","ENST00000465712"
"3585",4850,"ENSG00000080802","CNOT4","ENST00000465721"
"3586",4189,"ENSG00000128590","DNAJB9","ENST00000465725"
"3587",4176,"ENSG00000166508","MCM7","ENST00000465738"
"3588",1280,"ENSG00000139219","COL2A1","ENST00000465743"
"3589",282996,"ENSG00000203867","RBM20","ENST00000465774"
"3590",84818,"ENSG00000163702","IL17RC","ENST00000465794"
"3591",56886,"ENSG00000136731","UGGT1","ENST00000465836"
"3592",57181,"ENSG00000196950","SLC39A10","ENST00000465851"
"3593",1289,"ENSG00000130635","COL5A1","ENST00000465877"
"3594",54467,"ENSG00000001629","ANKIB1","ENST00000465883"
"3595",55735,"ENSG00000007923","DNAJC11","ENST00000465911"
"3596",3257,"ENSG00000107521","HPS1","ENST00000465957"
"3597",114987,"ENSG00000148225","WDR31","ENST00000465979"
"3598",9016,"ENSG00000102078","SLC25A14","ENST00000465988"
"3599",90203,"ENSG00000124104","SNX21","ENST00000465997"
"3600",54498,"ENSG00000088826","SMOX","ENST00000466004"
"3601",144501,"ENSG00000167767","KRT80","ENST00000466011"
"3602",22873,"ENSG00000134874","DZIP1","ENST00000466027"
"3603",55915,"ENSG00000132434","LANCL2","ENST00000466041"
"3604",51012,"ENSG00000101166","PRELID3B","ENST00000466051"
"3605",25957,"ENSG00000132424","PNISR","ENST00000466057"
"3606",5926,"ENSG00000032219","ARID4A","ENST00000466065"
"3607",7416,"ENSG00000213585","VDAC1","ENST00000466080"
"3608",9737,"ENSG00000198932","GPRASP1","ENST00000466098"
"3609",4885,"ENSG00000106236","NPTX2","ENST00000466102"
"3610",5636,"ENSG00000141127","PRPSAP2","ENST00000466106"
"3611",7186,"ENSG00000127191","TRAF2","ENST00000466107"
"3612",25829,"ENSG00000198792","TMEM184B","ENST00000466117"
"3613",5579,"ENSG00000166501","PRKCB","ENST00000466124"
"3614",83666,"ENSG00000138496","PARP9","ENST00000466126"
"3615",80045,"ENSG00000180758","GPR157","ENST00000466131"
"3616",203245,"ENSG00000171169","NAIF1","ENST00000466139"
"3617",9360,"ENSG00000138398","PPIG","ENST00000466142"
"3618",256714,"ENSG00000184368","MAP7D2","ENST00000466145"
"3619",285973,"ENSG00000181652","ATG9B","ENST00000466157"
"3620",9860,"ENSG00000198799","LRIG2","ENST00000466161"
"3621",889,"ENSG00000001631","KRIT1","ENST00000466166"
"3622",51280,"ENSG00000135052","GOLM1","ENST00000466178"
"3623",27075,"ENSG00000106537","TSPAN13","ENST00000466195"
"3624",9231,"ENSG00000151208","DLG5","ENST00000466198"
"3625",9874,"ENSG00000198586","TLK1","ENST00000466220"
"3626",51714,"ENSG00000198843","SELENOT","ENST00000466234"
"3627",55841,"ENSG00000047644","WWC3","ENST00000466248"
"3628",375061,"ENSG00000182118","FAM89A","ENST00000466258"
"3629",79009,"ENSG00000107625","DDX50","ENST00000466265"
"3630",441549,"ENSG00000185267","CDNF","ENST00000466269"
"3631",7852,"ENSG00000121966","CXCR4","ENST00000466288"
"3632",51111,"ENSG00000110066","KMT5B","ENST00000466295"
"3633",55281,"ENSG00000146859","TMEM140","ENST00000466307"
"3634",57560,"ENSG00000068885","IFT80","ENST00000466326"
"3635",8878,"ENSG00000161011","SQSTM1","ENST00000466342"
"3636",51106,"ENSG00000029639","TFB1M","ENST00000466349"
"3637",339487,"ENSG00000176261","ZBTB8OS","ENST00000466361"
"3638",55249,"ENSG00000163374","YY1AP1","ENST00000466366"
"3639",57599,"ENSG00000114742","WDR48","ENST00000466405"
"3640",64601,"ENSG00000215305","VPS16","ENST00000466415"
"3641",10817,"ENSG00000137218","FRS3","ENST00000466420"
"3642",145553,"ENSG00000213920","MDP1","ENST00000466422"
"3643",5692,"ENSG00000159377","PSMB4","ENST00000466425"
"3644",5163,"ENSG00000152256","PDK1","ENST00000466437"
"3645",55176,"ENSG00000065665","SEC61A2","ENST00000466451"
"3646",5498,"ENSG00000143224","PPOX","ENST00000466452"
"3647",351,"ENSG00000142192","APP","ENST00000466453"
"3648",10682,"ENSG00000147155","EBP","ENST00000466461"
"3649",1608,"ENSG00000058866","DGKG","ENST00000466466"
"3650",5152,"ENSG00000160191","PDE9A","ENST00000466472"
"3651",29923,"ENSG00000135245","HILPDA","ENST00000466473"
"3652",908,"ENSG00000146731","CCT6A","ENST00000466479"
"3653",5898,"ENSG00000006451","RALA","ENST00000466491"
"3654",25972,"ENSG00000115446","UNC50","ENST00000466492"
"3655",79573,"ENSG00000143643","TTC13","ENST00000466507"
"3656",79750,"ENSG00000151789","ZNF385D","ENST00000466511"
"3657",1299,"ENSG00000092758","COL9A3","ENST00000466532"
"3658",9375,"ENSG00000125304","TM9SF2","ENST00000466555"
"3659",23066,"ENSG00000144712","CAND2","ENST00000466558"
"3660",23053,"ENSG00000214655","ZSWIM8","ENST00000466568"
"3661",9486,"ENSG00000115526","CHST10","ENST00000466583"
"3662",9601,"ENSG00000155660","PDIA4","ENST00000466592"
"3663",9953,"ENSG00000125430","HS3ST3B1","ENST00000466596"
"3664",400954,"ENSG00000214595","EML6","ENST00000466608"
"3665",6390,"ENSG00000117118","SDHB","ENST00000466613"
"3666",2817,"ENSG00000063660","GPC1","ENST00000466624"
"3667",58477,"ENSG00000144867","SRPRB","ENST00000466636"
"3668",51193,"ENSG00000121864","ZNF639","ENST00000466663"
"3669",23081,"ENSG00000107077","KDM4C","ENST00000466673"
"3670",10090,"ENSG00000111962","UST","ENST00000466695"
"3671",25978,"ENSG00000083937","CHMP2B","ENST00000466696"
"3672",137872,"ENSG00000147576","ADHFE1","ENST00000466739"
"3673",9967,"ENSG00000054118","THRAP3","ENST00000466743"
"3674",3712,"ENSG00000128928","IVD","ENST00000466756"
"3675",55437,"ENSG00000082146","STRADB","ENST00000466770"
"3676",7813,"ENSG00000067208","EVI5","ENST00000466778"
"3677",10761,"ENSG00000170965","PLAC1","ENST00000466797"
"3678",8896,"ENSG00000106245","BUD31","ENST00000466798"
"3679",54165,"ENSG00000043093","DCUN1D1","ENST00000466812"
"3680",9611,"ENSG00000141027","NCOR1","ENST00000466825"
"3681",55209,"ENSG00000168137","SETD5","ENST00000466826"
"3682",9031,"ENSG00000009954","BAZ1B","ENST00000466844"
"3683",90639,"ENSG00000240230","COX19","ENST00000466853"
"3684",22852,"ENSG00000107890","ANKRD26","ENST00000466890"
"3685",4582,"ENSG00000185499","MUC1","ENST00000466913"
"3686",23753,"ENSG00000128228","SDF2L1","ENST00000466935"
"3687",3104,"ENSG00000204859","ZBTB48","ENST00000466941"
"3688",5695,"ENSG00000136930","PSMB7","ENST00000466951"
"3689",22927,"ENSG00000130956","HABP4","ENST00000466976"
"3690",114789,"ENSG00000148339","SLC25A25","ENST00000466983"
"3691",2052,"ENSG00000143819","EPHX1","ENST00000467015"
"3692",80218,"ENSG00000121579","NAA50","ENST00000467022"
"3693",6746,"ENSG00000163479","SSR2","ENST00000467041"
"3694",91869,"ENSG00000163933","RFT1","ENST00000467048"
"3695",138639,"ENSG00000158079","PTPDC1","ENST00000467049"
"3696",2582,"ENSG00000117308","GALE","ENST00000467070"
"3697",5034,"ENSG00000185624","P4HB","ENST00000467086"
"3698",25776,"ENSG00000100211","CBY1","ENST00000467118"
"3699",23230,"ENSG00000197969","VPS13A","ENST00000467124"
"3700",23404,"ENSG00000130713","EXOSC2","ENST00000467138"
"3701",5210,"ENSG00000114268","PFKFB4","ENST00000467176"
"3702",152877,"ENSG00000174137","FAM53A","ENST00000467215"
"3703",10230,"ENSG00000198496","NBR2","ENST00000467245"
"3704",134,"ENSG00000163485","ADORA1","ENST00000467253"
"3705",2550,"ENSG00000204681","GABBR1","ENST00000467259"
"3706",401612,"ENSG00000269743","SLC25A53","ENST00000467290"
"3707",29920,"ENSG00000143811","PYCR2","ENST00000467298"
"3708",3985,"ENSG00000182541","LIMK2","ENST00000467301"
"3709",10078,"ENSG00000184281","TSSC4","ENST00000467308"
"3710",6872,"ENSG00000147133","TAF1","ENST00000467309"
"3711",360023,"ENSG00000177888","ZBTB41","ENST00000467322"
"3712",4436,"ENSG00000095002","MSH2","ENST00000467323"
"3713",9213,"ENSG00000143324","XPR1","ENST00000467345"
"3714",79712,"ENSG00000121964","GTDC1","ENST00000467352"
"3715",6711,"ENSG00000115306","SPTBN1","ENST00000467371"
"3716",8237,"ENSG00000102226","USP11","ENST00000467378"
"3717",22978,"ENSG00000076685","NT5C2","ENST00000467380"
"3718",92667,"ENSG00000125871","MGME1","ENST00000467391"
"3719",1488,"ENSG00000175029","CTBP2","ENST00000467395"
"3720",51490,"ENSG00000198917","SPOUT1","ENST00000467396"
"3721",57414,"ENSG00000005486","RHBDD2","ENST00000467406"
"3722",1583,"ENSG00000140459","CYP11A1","ENST00000467407"
"3723",8927,"ENSG00000164061","BSN","ENST00000467456"
"3724",257194,"ENSG00000172260","NEGR1","ENST00000467479"
"3725",415116,"ENSG00000198355","PIM3","ENST00000467480"
"3726",10765,"ENSG00000117139","KDM5B","ENST00000467487"
"3727",375057,"ENSG00000203685","STUM","ENST00000467495"
"3728",79627,"ENSG00000119900","OGFRL1","ENST00000467503"
"3729",90407,"ENSG00000163900","TMEM41A","ENST00000467520"
"3730",10669,"ENSG00000138028","CGREF1","ENST00000467539"
"3731",126626,"ENSG00000143458","GABPB2","ENST00000467551"
"3732",7784,"ENSG00000188372","ZP3","ENST00000467555"
"3733",9403,"ENSG00000183291","SELENOF","ENST00000467557"
"3734",11188,"ENSG00000010322","NISCH","ENST00000467594"
"3735",9978,"ENSG00000100387","RBX1","ENST00000467617"
"3736",64761,"ENSG00000059378","PARP12","ENST00000467638"
"3737",127253,"ENSG00000162623","TYW3","ENST00000467646"
"3738",138151,"ENSG00000148411","NACC2","ENST00000467669"
"3739",4008,"ENSG00000136153","LMO7","ENST00000467686"
"3740",844,"ENSG00000143318","CASQ1","ENST00000467691"
"3741",116092,"ENSG00000101457","DNTTIP1","ENST00000467701"
"3742",26130,"ENSG00000165219","GAPVD1","ENST00000467707"
"3743",64409,"ENSG00000185274","GALNT17","ENST00000467723"
"3744",6747,"ENSG00000114850","SSR3","ENST00000467733"
"3745",6457,"ENSG00000140600","SH3GL3","ENST00000467735"
"3746",10450,"ENSG00000084072","PPIE","ENST00000467741"
"3747",55183,"ENSG00000080345","RIF1","ENST00000467762"
"3748",339745,"ENSG00000144228","SPOPL","ENST00000467775"
"3749",55349,"ENSG00000016391","CHDH","ENST00000467802"
"3750",5757,"ENSG00000187514","PTMA","ENST00000467816"
"3751",794,"ENSG00000172137","CALB2","ENST00000467817"
"3752",221935,"ENSG00000146555","SDK1","ENST00000467827"
"3753",421,"ENSG00000099889","ARVCF","ENST00000467828"
"3754",8828,"ENSG00000118257","NRP2","ENST00000467850"
"3755",10528,"ENSG00000101361","NOP56","ENST00000467857"
"3756",8703,"ENSG00000158850","B4GALT3","ENST00000467863"
"3757",5223,"ENSG00000171314","PGAM1","ENST00000467867"
"3758",1907,"ENSG00000127129","EDN2","ENST00000467872"
"3759",167691,"ENSG00000135338","LCA5","ENST00000467898"
"3760",9943,"ENSG00000172939","OXSR1","ENST00000467900"
"3761",55699,"ENSG00000067704","IARS2","ENST00000467924"
"3762",4904,"ENSG00000065978","YBX1","ENST00000467957"
"3763",219749,"ENSG00000175395","ZNF25","ENST00000467975"
"3764",375346,"ENSG00000213533","STIMATE","ENST00000467979"
"3765",90557,"ENSG00000163040","CCDC74A","ENST00000467992"
"3766",11167,"ENSG00000163430","FSTL1","ENST00000467994"
"3767",57530,"ENSG00000143375","CGN","ENST00000467998"
"3768",150572,"ENSG00000115593","SMYD1","ENST00000468008"
"3769",4833,"ENSG00000103202","NME4","ENST00000468031"
"3770",7920,"ENSG00000204427","ABHD16A","ENST00000468037"
"3771",7307,"ENSG00000160201","U2AF1","ENST00000468039"
"3772",9853,"ENSG00000198853","RUSC2","ENST00000468041"
"3773",57665,"ENSG00000240857","RDH14","ENST00000468071"
"3774",4134,"ENSG00000047849","MAP4","ENST00000468075"
"3775",4931,"ENSG00000143748","NVL","ENST00000468088"
"3776",57224,"ENSG00000135540","NHSL1","ENST00000468095"
"3777",64764,"ENSG00000182158","CREB3L2","ENST00000468127"
"3778",51715,"ENSG00000112210","RAB23","ENST00000468148"
"3779",1155,"ENSG00000105254","TBCB","ENST00000468156"
"3780",84909,"ENSG00000148120","AOPEP","ENST00000468164"
"3781",8291,"ENSG00000135636","DYSF","ENST00000468173"
"3782",222229,"ENSG00000161036","LRWD1","ENST00000468175"
"3783",4520,"ENSG00000188786","MTF1","ENST00000468190"
"3784",285282,"ENSG00000144840","RABL3","ENST00000468192"
"3785",51389,"ENSG00000111832","RWDD1","ENST00000468204"
"3786",221154,"ENSG00000165487","MICU2","ENST00000468222"
"3787",10955,"ENSG00000132824","SERINC3","ENST00000468234"
"3788",473,"ENSG00000142599","RERE","ENST00000468247"
"3789",1573,"ENSG00000134716","CYP2J2","ENST00000468257"
"3790",8515,"ENSG00000143127","ITGA10","ENST00000468261"
"3791",6838,"ENSG00000148296","SURF6","ENST00000468290"
"3792",196074,"ENSG00000169519","METTL15","ENST00000468295"
"3793",79706,"ENSG00000128563","PRKRIP1","ENST00000468316"
"3794",100505687,"ENSG00000291106","SNHG33","ENST00000468380"
"3795",3146,"ENSG00000189403","HMGB1","ENST00000468384"
"3796",128344,"ENSG00000173947","CIMAP3","ENST00000468395"
"3797",8850,"ENSG00000114166","KAT2B","ENST00000468400"
"3798",1912,"ENSG00000134686","PHC2","ENST00000468406"
"3799",64747,"ENSG00000118855","MFSD1","ENST00000468409"
"3800",4171,"ENSG00000073111","MCM2","ENST00000468414"
"3801",4487,"ENSG00000163132","MSX1","ENST00000468421"
"3802",4129,"ENSG00000069535","MAOB","ENST00000468431"
"3803",91355,"ENSG00000290796","","ENST00000468442"
"3804",317662,"ENSG00000138286","FAM149B1","ENST00000468462"
"3805",57595,"ENSG00000067840","PDZD4","ENST00000468491"
"3806",1388,"ENSG00000213676","ATF6B","ENST00000468502"
"3807",729533,"ENSG00000196550","FAM72A","ENST00000468509"
"3808",2005,"ENSG00000158711","ELK4","ENST00000468523"
"3809",30818,"ENSG00000115041","KCNIP3","ENST00000468529"
"3810",2034,"ENSG00000116016","EPAS1","ENST00000468530"
"3811",254042,"ENSG00000172878","METAP1D","ENST00000468537"
"3812",286827,"ENSG00000213186","TRIM59","ENST00000468542"
"3813",10360,"ENSG00000107833","NPM3","ENST00000468544"
"3814",55118,"ENSG00000095713","CRTAC1","ENST00000468549"
"3815",83715,"ENSG00000187017","ESPN","ENST00000468561"
"3816",85301,"ENSG00000196739","COL27A1","ENST00000468565"
"3817",286205,"ENSG00000173611","SCAI","ENST00000468569"
"3818",9732,"ENSG00000128512","DOCK4","ENST00000468571"
"3819",5793,"ENSG00000144724","PTPRG","ENST00000468576"
"3820",6301,"ENSG00000031698","SARS1","ENST00000468588"
"3821",54861,"ENSG00000163788","SNRK","ENST00000468628"
"3822",22921,"ENSG00000148450","MSRB2","ENST00000468633"
"3823",6556,"ENSG00000018280","SLC11A1","ENST00000468721"
"3824",10457,"ENSG00000136235","GPNMB","ENST00000468723"
"3825",7866,"ENSG00000214706","IFRD2","ENST00000468737"
"3826",399818,"ENSG00000203791","EEF1AKMT2","ENST00000468738"
"3827",1847,"ENSG00000138166","DUSP5","ENST00000468749"
"3828",151195,"ENSG00000163249","CCNYL1","ENST00000468768"
"3829",118788,"ENSG00000155629","PIK3AP1","ENST00000468783"
"3830",6233,"ENSG00000143947","RPS27A","ENST00000468810"
"3831",6576,"ENSG00000100075","SLC25A1","ENST00000468824"
"3832",1690,"ENSG00000100473","COCH","ENST00000468826"
"3833",4289,"ENSG00000128585","MKLN1","ENST00000468830"
"3834",252983,"ENSG00000166263","STXBP4","ENST00000468837"
"3835",6170,"ENSG00000198918","RPL39","ENST00000468844"
"3836",148327,"ENSG00000143578","CREB3L4","ENST00000468845"
"3837",55689,"ENSG00000163872","YEATS2","ENST00000468850"
"3838",8569,"ENSG00000079277","MKNK1","ENST00000468852"
"3839",51441,"ENSG00000198492","YTHDF2","ENST00000468863"
"3840",7109,"ENSG00000160218","TRAPPC10","ENST00000468864"
"3841",79989,"ENSG00000105948","IFT56","ENST00000468866"
"3842",3364,"ENSG00000136273","HUS1","ENST00000468868"
"3843",57162,"ENSG00000197329","PELI1","ENST00000468869"
"3844",116540,"ENSG00000204822","MRPL53","ENST00000468875"
"3845",84904,"ENSG00000137135","ARHGEF39","ENST00000468876"
"3846",8516,"ENSG00000077943","ITGA8","ENST00000468882"
"3847",374354,"ENSG00000196865","NHLRC2","ENST00000468890"
"3848",402415,"ENSG00000182489","XKRX","ENST00000468904"
"3849",7335,"ENSG00000244687","UBE2V1","ENST00000468926"
"3850",60412,"ENSG00000131558","EXOC4","ENST00000468932"
"3851",10134,"ENSG00000185825","BCAP31","ENST00000468947"
"3852",3676,"ENSG00000115232","ITGA4","ENST00000468948"
"3853",3484,"ENSG00000146678","IGFBP1","ENST00000468955"
"3854",2002,"ENSG00000126767","ELK1","ENST00000468956"
"3855",51069,"ENSG00000112651","MRPL2","ENST00000468957"
"3856",9673,"ENSG00000160785","SLC25A44","ENST00000468973"
"3857",116143,"ENSG00000243667","DNAAF10","ENST00000468984"
"3858",83451,"ENSG00000106077","ABHD11","ENST00000468998"
"3859",10133,"ENSG00000123240","OPTN","ENST00000469025"
"3860",84269,"ENSG00000125611","CHCHD5","ENST00000469030"
"3861",7341,"ENSG00000116030","SUMO1","ENST00000469034"
"3862",90871,"ENSG00000137038","DMAC1","ENST00000469050"
"3863",55486,"ENSG00000175193","PARL","ENST00000469056"
"3864",2261,"ENSG00000068078","FGFR3","ENST00000469068"
"3865",5546,"ENSG00000143294","PRCC","ENST00000469071"
"3866",81875,"ENSG00000143319","ISG20L2","ENST00000469074"
"3867",79671,"ENSG00000160703","NLRX1","ENST00000469103"
"3868",1020,"ENSG00000164885","CDK5","ENST00000469108"
"3869",9372,"ENSG00000157077","ZFYVE9","ENST00000469134"
"3870",10489,"ENSG00000132128","LRRC41","ENST00000469150"
"3871",79568,"ENSG00000162972","MAIP1","ENST00000469156"
"3872",10762,"ENSG00000093000","NUP50","ENST00000469163"
"3873",4285,"ENSG00000027001","MIPEP","ENST00000469167"
"3874",9933,"ENSG00000080608","PUM3","ENST00000469168"
"3875",27101,"ENSG00000116161","CACYBP","ENST00000469173"
"3876",9413,"ENSG00000135063","ENTREP1","ENST00000469179"
"3877",7923,"ENSG00000204228","HSD17B8","ENST00000469186"
"3878",4214,"ENSG00000095015","MAP3K1","ENST00000469188"
"3879",29097,"ENSG00000143771","CNIH4","ENST00000469200"
"3880",55315,"ENSG00000198246","SLC29A3","ENST00000469204"
"3881",7216,"ENSG00000067445","TRO","ENST00000469211"
"3882",11315,"ENSG00000116288","PARK7","ENST00000469225"
"3883",285343,"ENSG00000179152","TCAIM","ENST00000469246"
"3884",4882,"ENSG00000159899","NPR2","ENST00000469249"
"3885",5523,"ENSG00000073711","PPP2R3A","ENST00000469270"
"3886",6549,"ENSG00000115616","SLC9A2","ENST00000469286"
"3887",79847,"ENSG00000138111","MFSD13A","ENST00000469294"
"3888",100128164,"ENSG00000239219","FHL1P1","ENST00000469301"
"3889",10772,"ENSG00000188529","SRSF10","ENST00000469303"
"3890",201562,"ENSG00000206527","HACD2","ENST00000469317"
"3891",51300,"ENSG00000113845","TIMMDC1","ENST00000469324"
"3892",8443,"ENSG00000116906","GNPAT","ENST00000469332"
"3893",142679,"ENSG00000162999","DUSP19","ENST00000469344"
"3894",23218,"ENSG00000160796","NBEAL2","ENST00000469349"
"3895",29114,"ENSG00000144834","TAGLN3","ENST00000469385"
"3896",8556,"ENSG00000079335","CDC14A","ENST00000469387"
"3897",10768,"ENSG00000168710","AHCYL1","ENST00000469401"
"3898",7074,"ENSG00000156299","TIAM1","ENST00000469412"
"3899",23466,"ENSG00000183741","CBX6","ENST00000469420"
"3900",54867,"ENSG00000119777","TMEM214","ENST00000469445"
"3901",63932,"ENSG00000018610","STEEP1","ENST00000469448"
"3902",7626,"ENSG00000186376","ZNF75D","ENST00000469456"
"3903",81567,"ENSG00000239264","TXNDC5","ENST00000469459"
"3904",8220,"ENSG00000100056","ESS2","ENST00000469466"
"3905",6522,"ENSG00000164889","SLC4A2","ENST00000469467"
"3906",151393,"ENSG00000115841","RMDN2","ENST00000469469"
"3907",10466,"ENSG00000164597","COG5","ENST00000469503"
"3908",1390,"ENSG00000095794","CREM","ENST00000469517"
"3909",4809,"ENSG00000100138","SNU13","ENST00000469522"
"3910",204962,"ENSG00000137968","SLC44A5","ENST00000469525"
"3911",26155,"ENSG00000188976","NOC2L","ENST00000469563"
"3912",79816,"ENSG00000104953","TLE6","ENST00000469572"
"3913",79921,"ENSG00000133142","TCEAL4","ENST00000469586"
"3914",7093,"ENSG00000095587","TLL2","ENST00000469598"
"3915",79717,"ENSG00000127125","PPCS","ENST00000469615"
"3916",1849,"ENSG00000164086","DUSP7","ENST00000469623"
"3917",9557,"ENSG00000131778","CHD1L","ENST00000469625"
"3918",842,"ENSG00000132906","CASP9","ENST00000469637"
"3919",1612,"ENSG00000196730","DAPK1","ENST00000469640"
"3920",10954,"ENSG00000065485","PDIA5","ENST00000469649"
"3921",9425,"ENSG00000153046","CDYL","ENST00000469671"
"3922",388962,"ENSG00000163170","BOLA3","ENST00000469676"
"3923",8567,"ENSG00000110514","MADD","ENST00000469699"
"3924",1434,"ENSG00000124207","CSE1L","ENST00000469700"
"3925",79612,"ENSG00000172766","NAA16","ENST00000469708"
"3926",22871,"ENSG00000169760","NLGN1","ENST00000469727"
"3927",94120,"ENSG00000164674","SYTL3","ENST00000469735"
"3928",56852,"ENSG00000070950","RAD18","ENST00000469793"
"3929",3840,"ENSG00000186432","KPNA4","ENST00000469804"
"3930",95681,"ENSG00000106477","CEP41","ENST00000469826"
"3931",5162,"ENSG00000168291","PDHB","ENST00000469827"
"3932",151246,"ENSG00000163535","SGO2","ENST00000469840"
"3933",55975,"ENSG00000122550","KLHL7","ENST00000469845"
"3934",1063,"ENSG00000117724","CENPF","ENST00000469862"
"3935",2992,"ENSG00000163754","GYG1","ENST00000469873"
"3936",83733,"ENSG00000182902","SLC25A18","ENST00000469889"
"3937",10898,"ENSG00000160917","CPSF4","ENST00000469897"
"3938",120114,"ENSG00000165323","FAT3","ENST00000469900"
"3939",83932,"ENSG00000010072","SPRTN","ENST00000469904"
"3940",79442,"ENSG00000163827","LRRC2","ENST00000469912"
"3941",10048,"ENSG00000010017","RANBP9","ENST00000469916"
"3942",26063,"ENSG00000242612","DECR2","ENST00000469922"
"3943",673,"ENSG00000157764","BRAF","ENST00000469930"
"3944",51002,"ENSG00000144034","TPRKB","ENST00000470012"
"3945",9588,"ENSG00000117592","PRDX6","ENST00000470017"
"3946",9669,"ENSG00000158417","EIF5B","ENST00000470023"
"3947",2177,"ENSG00000144554","FANCD2","ENST00000470028"
"3948",55219,"ENSG00000204178","MACO1","ENST00000470035"
"3949",2134,"ENSG00000158008","EXTL1","ENST00000470037"
"3950",10084,"ENSG00000102103","PQBP1","ENST00000470059"
"3951",2863,"ENSG00000183840","GPR39","ENST00000470071"
"3952",51011,"ENSG00000115042","FAHD2A","ENST00000470100"
"3953",389840,"ENSG00000180815","MAP3K15","ENST00000470101"
"3954",2629,"ENSG00000177628","GBA1","ENST00000470104"
"3955",84749,"ENSG00000135093","USP30","ENST00000470117"
"3956",80007,"ENSG00000119965","C10orf88","ENST00000470158"
"3957",8314,"ENSG00000163930","BAP1","ENST00000470173"
"3958",6103,"ENSG00000156313","RPGR","ENST00000470183"
"3959",26137,"ENSG00000181722","ZBTB20","ENST00000470186"
"3960",10438,"ENSG00000197223","C1D","ENST00000470189"
"3961",23452,"ENSG00000136859","ANGPTL2","ENST00000470194"
"3962",369,"ENSG00000078061","ARAF","ENST00000470206"
"3963",64895,"ENSG00000115421","PAPOLG","ENST00000470208"
"3964",57157,"ENSG00000006576","PHTF2","ENST00000470215"
"3965",84065,"ENSG00000186501","TMEM222","ENST00000470223"
"3966",54716,"ENSG00000163817","SLC6A20","ENST00000470226"
"3967",81855,"ENSG00000107819","SFXN3","ENST00000470252"
"3968",51390,"ENSG00000146416","AIG1","ENST00000470265"
"3969",8880,"ENSG00000162613","FUBP1","ENST00000470287"
"3970",10103,"ENSG00000117472","TSPAN1","ENST00000470318"
"3971",6185,"ENSG00000118705","RPN2","ENST00000470352"
"3972",2783,"ENSG00000172354","GNB2","ENST00000470354"
"3973",7095,"ENSG00000008952","SEC62","ENST00000470355"
"3974",29125,"ENSG00000110665","C11orf21","ENST00000470369"
"3975",142678,"ENSG00000197530","MIB2","ENST00000470373"
"3976",8427,"ENSG00000170265","ZNF282","ENST00000470381"
"3977",84279,"ENSG00000135617","PRADC1","ENST00000470391"
"3978",147700,"ENSG00000104892","KLC3","ENST00000470402"
"3979",51182,"ENSG00000187522","HSPA14","ENST00000470430"
"3980",6499,"ENSG00000204351","SKIC2","ENST00000470453"
"3981",79695,"ENSG00000119514","GALNT12","ENST00000470473"
"3982",129607,"ENSG00000134326","CMPK2","ENST00000470479"
"3983",23483,"ENSG00000088451","TGDS","ENST00000470480"
"3984",119504,"ENSG00000166295","ANAPC16","ENST00000470481"
"3985",23555,"ENSG00000099282","TSPAN15","ENST00000470508"
"3986",10166,"ENSG00000102743","SLC25A15","ENST00000470509"
"3987",55184,"ENSG00000089091","DZANK1","ENST00000470526"
"3988",3300,"ENSG00000135924","DNAJB2","ENST00000470530"
"3989",10512,"ENSG00000075223","SEMA3C","ENST00000470581"
"3990",118461,"ENSG00000177354","C10orf71","ENST00000470615"
"3991",23095,"ENSG00000054523","KIF1B","ENST00000470616"
"3992",6480,"ENSG00000073849","ST6GAL1","ENST00000470633"
"3993",9540,"ENSG00000115129","TP53I3","ENST00000470636"
"3994",10785,"ENSG00000160193","WDR4","ENST00000470658"
"3995",26020,"ENSG00000197324","LRP10","ENST00000470660"
"3996",8837,"ENSG00000003402","CFLAR","ENST00000470664"
"3997",9185,"ENSG00000169891","REPS2","ENST00000470686"
"3998",8100,"ENSG00000032742","IFT88","ENST00000470695"
"3999",80742,"ENSG00000204576","PRR3","ENST00000470703"
"4000",480,"ENSG00000132681","ATP1A4","ENST00000470705"
"4001",91624,"ENSG00000162614","NEXN","ENST00000470735"
"4002",6405,"ENSG00000001617","SEMA3F","ENST00000470737"
"4003",4700,"ENSG00000184983","NDUFA6","ENST00000470753"
"4004",388341,"ENSG00000181350","LRRC75A","ENST00000470794"
"4005",56911,"ENSG00000156265","MAP3K7CL","ENST00000470800"
"4006",6092,"ENSG00000185008","ROBO2","ENST00000470802"
"4007",9129,"ENSG00000117360","PRPF3","ENST00000470824"
"4008",55687,"ENSG00000100416","TRMU","ENST00000470831"
"4009",84824,"ENSG00000132185","FCRLA","ENST00000470841"
"4010",84964,"ENSG00000239382","ALKBH6","ENST00000470859"
"4011",10555,"ENSG00000169692","AGPAT2","ENST00000470861"
"4012",23338,"ENSG00000043143","JADE2","ENST00000470876"
"4013",23076,"ENSG00000160208","RRP1B","ENST00000470886"
"4014",3628,"ENSG00000151689","INPP1","ENST00000470892"
"4015",80201,"ENSG00000156510","HKDC1","ENST00000470920"
"4016",10556,"ENSG00000148688","RPP30","ENST00000470933"
"4017",6647,"ENSG00000142168","SOD1","ENST00000470944"
"4018",26119,"ENSG00000157978","LDLRAP1","ENST00000470950"
"4019",6152,"ENSG00000114391","RPL24","ENST00000470961"
"4020",84912,"ENSG00000205060","SLC35B4","ENST00000470969"
"4021",2739,"ENSG00000124767","GLO1","ENST00000470973"
"4022",23590,"ENSG00000148459","PDSS1","ENST00000470978"
"4023",393,"ENSG00000089820","ARHGAP4","ENST00000470979"
"4024",1951,"ENSG00000008300","CELSR3","ENST00000470999"
"4025",51684,"ENSG00000107882","SUFU","ENST00000471000"
"4026",25934,"ENSG00000136783","NIPSNAP3A","ENST00000471001"
"4027",10284,"ENSG00000150459","SAP18","ENST00000471009"
"4028",80149,"ENSG00000163874","ZC3H12A","ENST00000471012"
"4029",286006,"ENSG00000181016","LSMEM1","ENST00000471030"
"4030",3916,"ENSG00000185896","LAMP1","ENST00000471046"
"4031",55149,"ENSG00000107951","MTPAP","ENST00000471055"
"4032",11328,"ENSG00000122642","FKBP9","ENST00000471066"
"4033",23199,"ENSG00000131149","GSE1","ENST00000471070"
"4034",222235,"ENSG00000161040","FBXL13","ENST00000471074"
"4035",65268,"ENSG00000165238","WNK2","ENST00000471076"
"4036",84928,"ENSG00000146842","TMEM209","ENST00000471077"
"4037",55285,"ENSG00000089682","RBM41","ENST00000471079"
"4038",58496,"ENSG00000240053","LY6G5B","ENST00000471088"
"4039",4188,"ENSG00000112559","MDFI","ENST00000471092"
"4040",192669,"ENSG00000126070","AGO3","ENST00000471099"
"4041",64795,"ENSG00000153561","RMND5A","ENST00000471113"
"4042",9843,"ENSG00000089472","HEPH","ENST00000471121"
"4043",4849,"ENSG00000088038","CNOT3","ENST00000471126"
"4044",151194,"ENSG00000144401","METTL21A","ENST00000471128"
"4045",55661,"ENSG00000124228","DDX27","ENST00000471144"
"4046",1028,"ENSG00000129757","CDKN1C","ENST00000471157"
"4047",135932,"ENSG00000178826","TMEM139","ENST00000471161"
"4048",23534,"ENSG00000064419","TNPO3","ENST00000471166"
"4049",81552,"ENSG00000154978","VOPP1","ENST00000471168"
"4050",10899,"ENSG00000143543","JTB","ENST00000471173"
"4051",23301,"ENSG00000115504","EHBP1","ENST00000471179"
"4052",51098,"ENSG00000101052","IFT52","ENST00000471199"
"4053",553115,"ENSG00000162517","PEF1","ENST00000471219"
"4054",441191,"ENSG00000196204","RNF216P1","ENST00000471244"
"4055",1163,"ENSG00000173207","CKS1B","ENST00000471245"
"4056",23190,"ENSG00000144224","UBXN4","ENST00000471246"
"4057",64976,"ENSG00000185608","MRPL40","ENST00000471259"
"4058",11015,"ENSG00000100196","KDELR3","ENST00000471268"
"4059",10069,"ENSG00000156253","RWDD2B","ENST00000471269"
"4060",55773,"ENSG00000036054","TBC1D23","ENST00000471273"
"4061",634,"ENSG00000079385","CEACAM1","ENST00000471298"
"4062",91272,"ENSG00000145919","BOD1","ENST00000471339"
"4063",23412,"ENSG00000148444","COMMD3","ENST00000471350"
"4064",5834,"ENSG00000100994","PYGB","ENST00000471359"
"4065",23137,"ENSG00000198887","SMC5","ENST00000471372"
"4066",307,"ENSG00000196975","ANXA4","ENST00000471395"
"4067",64856,"ENSG00000179403","VWA1","ENST00000471398"
"4068",54764,"ENSG00000019995","ZRANB1","ENST00000471421"
"4069",727851,"ENSG00000169629","RGPD8","ENST00000471422"
"4070",64789,"ENSG00000164002","EXO5","ENST00000471429"
"4071",114784,"ENSG00000121904","CSMD2","ENST00000471438"
"4072",2744,"ENSG00000115419","GLS","ENST00000471443"
"4073",223,"ENSG00000143149","ALDH9A1","ENST00000471457"
"4074",55753,"ENSG00000197444","OGDHL","ENST00000471460"
"4075",2959,"ENSG00000137947","GTF2B","ENST00000471471"
"4076",3065,"ENSG00000116478","HDAC1","ENST00000471488"
"4077",55164,"ENSG00000144736","SHQ1","ENST00000471526"
"4078",100131827,"ENSG00000227124","ZNF717","ENST00000471541"
"4079",10570,"ENSG00000151640","DPYSL4","ENST00000471544"
"4080",29081,"ENSG00000138382","METTL5","ENST00000471560"
"4081",9204,"ENSG00000163867","ZMYM6","ENST00000471566"
"4082",84542,"ENSG00000162929","SANBR","ENST00000471625"
"4083",56829,"ENSG00000105939","ZC3HAV1","ENST00000471652"
"4084",114818,"ENSG00000119771","KLHL29","ENST00000471654"
"4085",169792,"ENSG00000107249","GLIS3","ENST00000471664"
"4086",9779,"ENSG00000131374","TBC1D5","ENST00000471679"
"4087",84265,"ENSG00000121851","POLR3GL","ENST00000471706"
"4088",81550,"ENSG00000083544","TDRD3","ENST00000471710"
"4089",221914,"ENSG00000213420","GPC2","ENST00000471717"
"4090",80764,"ENSG00000184436","THAP7","ENST00000471723"
"4091",8544,"ENSG00000087842","PIR","ENST00000471725"
"4092",9657,"ENSG00000173226","IQCB1","ENST00000471726"
"4093",64753,"ENSG00000128596","CCDC136","ENST00000471729"
"4094",79443,"ENSG00000163820","FYCO1","ENST00000471739"
"4095",84722,"ENSG00000134222","PSRC1","ENST00000471740"
"4096",2805,"ENSG00000120053","GOT1","ENST00000471741"
"4097",23161,"ENSG00000071189","SNX13","ENST00000471744"
"4098",27301,"ENSG00000169188","APEX2","ENST00000471758"
"4099",57085,"ENSG00000177674","AGTRAP","ENST00000471765"
"4100",55898,"ENSG00000140553","UNC45A","ENST00000471780"
"4101",22868,"ENSG00000118246","FASTKD2","ENST00000471788"
"4102",402055,"ENSG00000100104","SRRD","ENST00000471799"
"4103",4354,"ENSG00000130830","MPP1","ENST00000471821"
"4104",23760,"ENSG00000180957","PITPNB","ENST00000471825"
"4105",203286,"ENSG00000165138","ANKS6","ENST00000471846"
"4106",7984,"ENSG00000050327","ARHGEF5","ENST00000471847"
"4107",84328,"ENSG00000162441","LZIC","ENST00000471853"
"4108",55799,"ENSG00000157445","CACNA2D3","ENST00000471865"
"4109",54542,"ENSG00000056586","RC3H2","ENST00000471874"
"4110",93611,"ENSG00000132879","FBXO44","ENST00000471895"
"4111",8568,"ENSG00000160214","RRP1","ENST00000471909"
"4112",221302,"ENSG00000153975","ZUP1","ENST00000471919"
"4113",128061,"ENSG00000143633","C1orf131","ENST00000471936"
"4114",93953,"ENSG00000147174","GCNA","ENST00000471950"
"4115",116225,"ENSG00000165724","ZMYND19","ENST00000471957"
"4116",2010,"ENSG00000102119","EMD","ENST00000471965"
"4117",80143,"ENSG00000052723","SIKE1","ENST00000471969"
"4118",54558,"ENSG00000132122","SPATA6","ENST00000471975"
"4119",26013,"ENSG00000185513","L3MBTL1","ENST00000471977"
"4120",6272,"ENSG00000134243","SORT1","ENST00000471996"
"4121",100506302,"ENSG00000216895","RBM33-DT","ENST00000472015"
"4122",1798,"ENSG00000172269","DPAGT1","ENST00000472016"
"4123",5590,"ENSG00000067606","PRKCZ","ENST00000472017"
"4124",11278,"ENSG00000118922","KLF12","ENST00000472022"
"4125",1522,"ENSG00000101160","CTSZ","ENST00000472025"
"4126",23268,"ENSG00000107554","DNMBP","ENST00000472036"
"4127",7050,"ENSG00000177426","TGIF1","ENST00000472042"
"4128",127396,"ENSG00000117010","ZNF684","ENST00000472043"
"4129",39,"ENSG00000120437","ACAT2","ENST00000472052"
"4130",55262,"ENSG00000146826","TRAPPC14","ENST00000472061"
"4131",93099,"ENSG00000161249","DMKN","ENST00000472065"
"4132",835,"ENSG00000106144","CASP2","ENST00000472067"
"4133",8790,"ENSG00000254685","FPGT","ENST00000472069"
"4134",8451,"ENSG00000139842","CUL4A","ENST00000472083"
"4135",9788,"ENSG00000170873","MTSS1","ENST00000472084"
"4136",6814,"ENSG00000116266","STXBP3","ENST00000472099"
"4137",10868,"ENSG00000136878","USP20","ENST00000472108"
"4138",10717,"ENSG00000134262","AP4B1","ENST00000472122"
"4139",3398,"ENSG00000115738","ID2","ENST00000472142"
"4140",9711,"ENSG00000145016","RUBCN","ENST00000472149"
"4141",25871,"ENSG00000163608","NEPRO","ENST00000472166"
"4142",9541,"ENSG00000138433","CIR1","ENST00000472169"
"4143",7139,"ENSG00000118194","TNNT2","ENST00000472177"
"4144",7159,"ENSG00000143514","TP53BP2","ENST00000472180"
"4145",5334,"ENSG00000115896","PLCL1","ENST00000472193"
"4146",114815,"ENSG00000108018","SORCS1","ENST00000472196"
"4147",51022,"ENSG00000023572","GLRX2","ENST00000472197"
"4148",11313,"ENSG00000011009","LYPLA2","ENST00000472213"
"4149",57405,"ENSG00000152253","SPC25","ENST00000472216"
"4150",64965,"ENSG00000135972","MRPS9","ENST00000472220"
"4151",28973,"ENSG00000204568","MRPS18B","ENST00000472229"
"4152",6284,"ENSG00000271853","","ENST00000472233"
"4153",11004,"ENSG00000142945","KIF2C","ENST00000472235"
"4154",2073,"ENSG00000134899","ERCC5","ENST00000472247"
"4155",23038,"ENSG00000142784","WDTC1","ENST00000472249"
"4156",5723,"ENSG00000146733","PSPH","ENST00000472276"
"4157",347731,"ENSG00000198739","LRRTM3","ENST00000472278"
"4158",23673,"ENSG00000117758","STX12","ENST00000472285"
"4159",91582,"ENSG00000187051","RPS19BP1","ENST00000472291"
"4160",3704,"ENSG00000125877","ITPA","ENST00000472295"
"4161",3099,"ENSG00000159399","HK2","ENST00000472302"
"4162",9919,"ENSG00000148396","SEC16A","ENST00000472305"
"4163",3956,"ENSG00000100097","LGALS1","ENST00000472321"
"4164",5118,"ENSG00000106333","PCOLCE","ENST00000472348"
"4165",6137,"ENSG00000167526","RPL13","ENST00000472354"
"4166",85476,"ENSG00000168827","GFM1","ENST00000472383"
"4167",29937,"ENSG00000117691","NENF","ENST00000472389"
"4168",64285,"ENSG00000007384","RHBDF1","ENST00000472390"
"4169",56954,"ENSG00000114021","NIT2","ENST00000472392"
"4170",23473,"ENSG00000131375","CAPN7","ENST00000472400"
"4171",4678,"ENSG00000132780","NASP","ENST00000472408"
"4172",5365,"ENSG00000198753","PLXNB3","ENST00000472415"
"4173",113178,"ENSG00000227500","SCAMP4","ENST00000472442"
"4174",1855,"ENSG00000107404","DVL1","ENST00000472445"
"4175",54996,"ENSG00000117791","MTARC2","ENST00000472447"
"4176",8786,"ENSG00000076344","RGS11","ENST00000472466"
"4177",79001,"ENSG00000167397","VKORC1","ENST00000472468"
"4178",140739,"ENSG00000184182","UBE2F","ENST00000472479"
"4179",29801,"ENSG00000099904","ZDHHC8","ENST00000472497"
"4180",161357,"ENSG00000139915","MDGA2","ENST00000472499"
"4181",131118,"ENSG00000205981","DNAJC19","ENST00000472504"
"4182",2958,"ENSG00000140307","GTF2A2","ENST00000472508"
"4183",10207,"ENSG00000132849","PATJ","ENST00000472512"
"4184",51374,"ENSG00000138085","ATRAID","ENST00000472515"
"4185",283234,"ENSG00000168071","CCDC88B","ENST00000472524"
"4186",9654,"ENSG00000135912","TTLL4","ENST00000472527"
"4187",149473,"ENSG00000159214","CCDC24","ENST00000472562"
"4188",7414,"ENSG00000035403","VCL","ENST00000472585"
"4189",253190,"ENSG00000183569","SERHL2","ENST00000472589"
"4190",10117,"ENSG00000132464","ENAM","ENST00000472597"
"4191",164781,"ENSG00000123977","DAW1","ENST00000472604"
"4192",54857,"ENSG00000130055","GDPD2","ENST00000472623"
"4193",57154,"ENSG00000198742","SMURF1","ENST00000472627"
"4194",27436,"ENSG00000143924","EML4","ENST00000472632"
"4195",10233,"ENSG00000010626","LRRC23","ENST00000472633"
"4196",56893,"ENSG00000160803","UBQLN4","ENST00000472638"
"4197",101752399,"ENSG00000272752","STAG3L5P-PVRIG2P-PILRB","ENST00000472646"
"4198",55844,"ENSG00000175470","PPP2R2D","ENST00000472664"
"4199",5616,"ENSG00000293442","","ENST00000472666"
"4200",129880,"ENSG00000163093","BBS5","ENST00000472667"
"4201",80305,"ENSG00000170638","TRABD","ENST00000472677"
"4202",7844,"ENSG00000239305","RNF103","ENST00000472680"
"4203",8565,"ENSG00000134684","YARS1","ENST00000472692"
"4204",148170,"ENSG00000167617","CDC42EP5","ENST00000472703"
"4205",26524,"ENSG00000150457","LATS2","ENST00000472754"
"4206",9975,"ENSG00000174738","NR1D2","ENST00000472780"
"4207",518,"ENSG00000154518","ATP5MC3","ENST00000472782"
"4208",54681,"ENSG00000178467","P4HTM","ENST00000472796"
"4209",23384,"ENSG00000100014","SPECC1L","ENST00000472799"
"4210",550,"ENSG00000115307","AUP1","ENST00000472800"
"4211",54897,"ENSG00000130940","CASZ1","ENST00000472814"
"4212",26061,"ENSG00000131373","HACL1","ENST00000472857"
"4213",51148,"ENSG00000167123","CERCAM","ENST00000472858"
"4214",26751,"ENSG00000035115","SH3YL1","ENST00000472861"
"4215",221002,"ENSG00000198915","RASGEF1A","ENST00000472864"
"4216",3775,"ENSG00000135750","KCNK1","ENST00000472869"
"4217",6478,"ENSG00000181788","SIAH2","ENST00000472885"
"4218",5994,"ENSG00000133111","RFXAP","ENST00000472888"
"4219",7410,"ENSG00000160293","VAV2","ENST00000472905"
"4220",26059,"ENSG00000187672","ERC2","ENST00000472917"
"4221",51116,"ENSG00000122140","MRPS2","ENST00000472946"
"4222",26224,"ENSG00000005812","FBXL3","ENST00000472949"
"4223",84865,"ENSG00000135637","CCDC142","ENST00000472962"
"4224",6201,"ENSG00000171863","RPS7","ENST00000472966"
"4225",375743,"ENSG00000188647","PTAR1","ENST00000472967"
"4226",54432,"ENSG00000058799","YIPF1","ENST00000472983"
"4227",57089,"ENSG00000198018","ENTPD7","ENST00000472998"
"4228",347733,"ENSG00000137285","TUBB2B","ENST00000473006"
"4229",56655,"ENSG00000115350","POLE4","ENST00000473023"
"4230",10890,"ENSG00000084733","RAB10","ENST00000473035"
"4231",23057,"ENSG00000157064","NMNAT2","ENST00000473046"
"4232",9678,"ENSG00000106443","PHF14","ENST00000473050"
"4233",54788,"ENSG00000148719","DNAJB12","ENST00000473051"
"4234",113419,"ENSG00000144043","TEX261","ENST00000473055"
"4235",253635,"ENSG00000152133","GPATCH11","ENST00000473067"
"4236",2886,"ENSG00000141738","GRB7","ENST00000473071"
"4237",51207,"ENSG00000293542","","ENST00000473072"
"4238",5096,"ENSG00000114054","PCCB","ENST00000473073"
"4239",1660,"ENSG00000135829","DHX9","ENST00000473076"
"4240",2049,"ENSG00000182580","EPHB3","ENST00000473079"
"4241",1861,"ENSG00000136827","TOR1A","ENST00000473084"
"4242",79954,"ENSG00000115761","NOL10","ENST00000473087"
"4243",51142,"ENSG00000106153","CHCHD2","ENST00000473095"
"4244",55187,"ENSG00000048707","VPS13D","ENST00000473099"
"4245",10771,"ENSG00000015171","ZMYND11","ENST00000473115"
"4246",55425,"ENSG00000133114","GPALPP1","ENST00000473119"
"4247",29083,"ENSG00000163607","GTPBP8","ENST00000473129"
"4248",9804,"ENSG00000173726","TOMM20","ENST00000473132"
"4249",55779,"ENSG00000206530","CFAP44","ENST00000473143"
"4250",3751,"ENSG00000184408","KCND2","ENST00000473190"
"4251",118813,"ENSG00000155256","ZFYVE27","ENST00000473237"
"4252",5166,"ENSG00000004799","PDK4","ENST00000473301"
"4253",51665,"ENSG00000065802","ASB1","ENST00000473306"
"4254",54964,"ENSG00000143443","C1orf56","ENST00000473308"
"4255",26268,"ENSG00000112146","FBXO9","ENST00000473318"
"4256",6624,"ENSG00000075618","FSCN1","ENST00000473330"
"4257",10505,"ENSG00000135622","SEMA4F","ENST00000473350"
"4258",7188,"ENSG00000082512","TRAF5","ENST00000473385"
"4259",631,"ENSG00000125864","BFSP1","ENST00000473415"
"4260",51021,"ENSG00000182180","MRPS16","ENST00000473427"
"4261",84315,"ENSG00000164077","MON1A","ENST00000473451"
"4262",3614,"ENSG00000106348","IMPDH1","ENST00000473463"
"4263",79932,"ENSG00000142687","KIAA0319L","ENST00000473465"
"4264",602,"ENSG00000069399","BCL3","ENST00000473473"
"4265",10006,"ENSG00000136754","ABI1","ENST00000473481"
"4266",259173,"ENSG00000178038","ALS2CL","ENST00000473484"
"4267",5982,"ENSG00000049541","RFC2","ENST00000473493"
"4268",4241,"ENSG00000163975","MELTF","ENST00000473501"
"4269",90956,"ENSG00000133597","ADCK2","ENST00000473512"
"4270",191,"ENSG00000101444","AHCY","ENST00000473516"
"4271",4133,"ENSG00000078018","MAP2","ENST00000473543"
"4272",112950,"ENSG00000159479","MED8","ENST00000473560"
"4273",4855,"ENSG00000204301","NOTCH4","ENST00000473562"
"4274",101243545,"ENSG00000240567","LINC02067","ENST00000473595"
"4275",340252,"ENSG00000173041","ZNF680","ENST00000473601"
"4276",162,"ENSG00000100280","AP1B1","ENST00000473606"
"4277",5868,"ENSG00000144566","RAB5A","ENST00000473608"
"4278",79144,"ENSG00000125534","PPDPF","ENST00000473620"
"4279",116988,"ENSG00000133612","AGAP3","ENST00000473633"
"4280",460,"ENSG00000152092","ASTN1","ENST00000473640"
"4281",56983,"ENSG00000163389","POGLUT1","ENST00000473648"
"4282",4795,"ENSG00000204498","NFKBIL1","ENST00000473655"
"4283",5364,"ENSG00000164050","PLXNB1","ENST00000473683"
"4284",79571,"ENSG00000179562","GCC1","ENST00000473728"
"4285",7082,"ENSG00000104067","TJP1","ENST00000473741"
"4286",51455,"ENSG00000135945","REV1","ENST00000473819"
"4287",56900,"ENSG00000215717","TMEM167B","ENST00000473828"
"4288",9993,"ENSG00000070413","DGCR2","ENST00000473832"
"4289",5333,"ENSG00000187091","PLCD1","ENST00000473834"
"4290",55280,"ENSG00000095485","CWF19L1","ENST00000473842"
"4291",59272,"ENSG00000130234","ACE2","ENST00000473851"
"4292",201163,"ENSG00000154803","FLCN","ENST00000473853"
"4293",10293,"ENSG00000183763","TRAIP","ENST00000473863"
"4294",55054,"ENSG00000085978","ATG16L1","ENST00000473865"
"4295",55848,"ENSG00000107020","PLGRKT","ENST00000473877"
"4296",79740,"ENSG00000169064","ZBBX","ENST00000473888"
"4297",84836,"ENSG00000114779","ABHD14B","ENST00000473912"
"4298",4012,"ENSG00000113441","LNPEP","ENST00000473914"
"4299",57176,"ENSG00000137411","VARS2","ENST00000473916"
"4300",283248,"ENSG00000167771","RCOR2","ENST00000473926"
"4301",9500,"ENSG00000179222","MAGED1","ENST00000473931"
"4302",80228,"ENSG00000160991","ORAI2","ENST00000473939"
"4303",51230,"ENSG00000025293","PHF20","ENST00000473943"
"4304",5514,"ENSG00000204569","PPP1R10","ENST00000473954"
"4305",56922,"ENSG00000078070","MCCC1","ENST00000473955"
"4306",2244,"ENSG00000171564","FGB","ENST00000473984"
"4307",1687,"ENSG00000105928","GSDME","ENST00000473990"
"4308",54520,"ENSG00000125633","CCDC93","ENST00000474006"
"4309",10847,"ENSG00000080603","SRCAP","ENST00000474008"
"4310",25886,"ENSG00000164087","POC1A","ENST00000474012"
"4311",253769,"ENSG00000184465","WDR27","ENST00000474018"
"4312",84950,"ENSG00000134748","PRPF38A","ENST00000474048"
"4313",152007,"ENSG00000122694","GLIPR2","ENST00000474050"
"4314",51143,"ENSG00000144635","DYNC1LI1","ENST00000474077"
"4315",25937,"ENSG00000018408","WWTR1","ENST00000474080"
"4316",7039,"ENSG00000163235","TGFA","ENST00000474101"
"4317",6451,"ENSG00000131171","SH3BGRL","ENST00000474113"
"4318",60561,"ENSG00000135249","RINT1","ENST00000474123"
"4319",10269,"ENSG00000084073","ZMPSTE24","ENST00000474142"
"4320",9690,"ENSG00000009335","UBE3C","ENST00000474153"
"4321",55365,"ENSG00000002933","TMEM176A","ENST00000474166"
"4322",23064,"ENSG00000107290","SETX","ENST00000474172"
"4323",139596,"ENSG00000094841","UPRT","ENST00000474175"
"4324",7165,"ENSG00000101150","TPD52L2","ENST00000474176"
"4325",22907,"ENSG00000132153","DHX30","ENST00000474183"
"4326",1615,"ENSG00000115866","DARS1","ENST00000474184"
"4327",64326,"ENSG00000143207","COP1","ENST00000474194"
"4328",9208,"ENSG00000124831","LRRFIP1","ENST00000474195"
"4329",9263,"ENSG00000164543","STK17A","ENST00000474211"
"4330",7353,"ENSG00000070010","UFD1","ENST00000474226"
"4331",7167,"ENSG00000111669","TPI1","ENST00000474253"
"4332",150383,"ENSG00000205643","CDPF1","ENST00000474256"
"4333",9442,"ENSG00000160563","MED27","ENST00000474263"
"4334",23047,"ENSG00000083642","PDS5B","ENST00000474274"
"4335",6049,"ENSG00000127870","RNF6","ENST00000474280"
"4336",7357,"ENSG00000148154","UGCG","ENST00000474306"
"4337",51013,"ENSG00000171311","EXOSC1","ENST00000474309"
"4338",5203,"ENSG00000101132","PFDN4","ENST00000474326"
"4339",81839,"ENSG00000173218","VANGL1","ENST00000474344"
"4340",64759,"ENSG00000136205","TNS3","ENST00000474346"
"4341",51422,"ENSG00000106617","PRKAG2","ENST00000474383"
"4342",7543,"ENSG00000005889","ZFX","ENST00000474385"
"4343",1939,"ENSG00000143486","EIF2D","ENST00000474408"
"4344",56648,"ENSG00000163577","EIF5A2","ENST00000474417"
"4345",8545,"ENSG00000163320","CGGBP1","ENST00000474441"
"4346",9922,"ENSG00000144711","IQSEC1","ENST00000474467"
"4347",83858,"ENSG00000160072","ATAD3B","ENST00000474481"
"4348",51406,"ENSG00000225921","NOL7","ENST00000474485"
"4349",84787,"ENSG00000133247","KMT5C","ENST00000474492"
"4350",7044,"ENSG00000143768","LEFTY2","ENST00000474493"
"4351",5803,"ENSG00000106278","PTPRZ1","ENST00000474500"
"4352",85865,"ENSG00000105793","GTPBP10","ENST00000474503"
"4353",79819,"ENSG00000152763","DNAI4","ENST00000474506"
"4354",337867,"ENSG00000134882","UBAC2","ENST00000474510"
"4355",11043,"ENSG00000080561","MID2","ENST00000474517"
"4356",6202,"ENSG00000142937","RPS8","ENST00000474582"
"4357",23395,"ENSG00000011376","LARS2","ENST00000474585"
"4358",10633,"ENSG00000100276","RASL10A","ENST00000474590"
"4359",80759,"ENSG00000135314","KHDC1","ENST00000474593"
"4360",353274,"ENSG00000185219","ZNF445","ENST00000474600"
"4361",5021,"ENSG00000180914","OXTR","ENST00000474615"
"4362",8473,"ENSG00000147162","OGT","ENST00000474633"
"4363",6631,"ENSG00000124562","SNRPC","ENST00000474635"
"4364",6165,"ENSG00000182899","RPL35A","ENST00000474640"
"4365",8994,"ENSG00000144791","LIMD1","ENST00000474665"
"4366",54797,"ENSG00000130772","MED18","ENST00000474683"
"4367",79869,"ENSG00000149532","CPSF7","ENST00000474684"
"4368",8481,"ENSG00000046651","OFD1","ENST00000474705"
"4369",200576,"ENSG00000115020","PIKFYVE","ENST00000474721"
"4370",55146,"ENSG00000136247","ZDHHC4","ENST00000474738"
"4371",4729,"ENSG00000178127","NDUFV2","ENST00000474740"
"4372",23463,"ENSG00000116237","ICMT","ENST00000474756"
"4373",91373,"ENSG00000197355","UAP1L1","ENST00000474787"
"4374",55268,"ENSG00000121310","ECHDC2","ENST00000474789"
"4375",51063,"ENSG00000138172","CALHM2","ENST00000474797"
"4376",1808,"ENSG00000092964","DPYSL2","ENST00000474808"
"4377",149951,"ENSG00000149600","COMMD7","ENST00000474815"
"4378",9169,"ENSG00000139218","SCAF11","ENST00000474828"
"4379",10250,"ENSG00000133226","SRRM1","ENST00000474843"
"4380",9465,"ENSG00000118507","AKAP7","ENST00000474850"
"4381",4045,"ENSG00000185565","LSAMP","ENST00000474851"
"4382",23077,"ENSG00000005810","MYCBP2","ENST00000474882"
"4383",55723,"ENSG00000105011","ASF1B","ENST00000474890"
"4384",26054,"ENSG00000112701","SENP6","ENST00000474906"
"4385",80146,"ENSG00000115652","UXS1","ENST00000474920"
"4386",159195,"ENSG00000166348","USP54","ENST00000474929"
"4387",5565,"ENSG00000131791","PRKAB2","ENST00000474939"
"4388",51188,"ENSG00000008324","SS18L2","ENST00000474941"
"4389",28972,"ENSG00000114902","SPCS1","ENST00000474945"
"4390",55182,"ENSG00000187147","RNF220","ENST00000474956"
"4391",5281,"ENSG00000151665","PIGF","ENST00000474980"
"4392",140576,"ENSG00000188643","S100A16","ENST00000474991"
"4393",549,"ENSG00000148090","AUH","ENST00000475023"
"4394",55770,"ENSG00000112685","EXOC2","ENST00000475028"
"4395",10325,"ENSG00000083750","RRAGB","ENST00000475061"
"4396",92856,"ENSG00000136718","IMP4","ENST00000475074"
"4397",23065,"ENSG00000127463","EMC1","ENST00000475079"
"4398",54107,"ENSG00000148229","POLE3","ENST00000475080"
"4399",100996693,"ENSG00000286095","SPEGNB","ENST00000475104"
"4400",92344,"ENSG00000120370","GORAB","ENST00000475113"
"4401",25830,"ENSG00000130540","SULT4A1","ENST00000475131"
"4402",55691,"ENSG00000151474","FRMD4A","ENST00000475141"
"4403",8904,"ENSG00000214078","CPNE1","ENST00000475146"
"4404",54718,"ENSG00000291104","BTN2A3P","ENST00000475151"
"4405",7798,"ENSG00000169641","LUZP1","ENST00000475164"
"4406",7257,"ENSG00000116918","TSNAX","ENST00000475168"
"4407",2649,"ENSG00000148200","NR6A1","ENST00000475178"
"4408",84958,"ENSG00000142765","SYTL1","ENST00000475199"
"4409",65110,"ENSG00000169062","UPF3A","ENST00000475218"
"4410",221150,"ENSG00000165480","SKA3","ENST00000475251"
"4411",2356,"ENSG00000136877","FPGS","ENST00000475270"
"4412",84899,"ENSG00000125247","TMTC4","ENST00000475272"
"4413",387338,"ENSG00000117481","NSUN4","ENST00000475281"
"4414",3655,"ENSG00000091409","ITGA6","ENST00000475302"
"4415",2824,"ENSG00000046653","GPM6B","ENST00000475307"
"4416",55283,"ENSG00000055732","MCOLN3","ENST00000475312"
"4417",23271,"ENSG00000118200","CAMSAP2","ENST00000475326"
"4418",7371,"ENSG00000143179","UCK2","ENST00000475333"
"4419",54777,"ENSG00000171811","CFAP46","ENST00000475340"
"4420",51028,"ENSG00000136100","VPS36","ENST00000475375"
"4421",9162,"ENSG00000157680","DGKI","ENST00000475388"
"4422",56889,"ENSG00000077147","TM9SF3","ENST00000475401"
"4423",200424,"ENSG00000187605","TET3","ENST00000475405"
"4424",26548,"ENSG00000147166","ITGB1BP2","ENST00000475413"
"4425",2822,"ENSG00000112293","GPLD1","ENST00000475417"
"4426",4675,"ENSG00000186310","NAP1L3","ENST00000475430"
"4427",56203,"ENSG00000163380","LMOD3","ENST00000475434"
"4428",9104,"ENSG00000130988","RGN","ENST00000475448"
"4429",3797,"ENSG00000084731","KIF3C","ENST00000475453"
"4430",4846,"ENSG00000164867","NOS3","ENST00000475454"
"4431",8073,"ENSG00000184007","PTP4A2","ENST00000475464"
"4432",65055,"ENSG00000068615","REEP1","ENST00000475475"
"4433",64766,"ENSG00000116497","S100PBP","ENST00000475486"
"4434",57480,"ENSG00000120278","PLEKHG1","ENST00000475490"
"4435",284612,"ENSG00000143028","SYPL2","ENST00000475497"
"4436",79957,"ENSG00000160781","PAQR6","ENST00000475507"
"4437",54805,"ENSG00000148842","CNNM2","ENST00000475511"
"4438",10126,"ENSG00000100246","DNAL4","ENST00000475512"
"4439",29942,"ENSG00000172733","PURG","ENST00000475541"
"4440",57706,"ENSG00000119522","DENND1A","ENST00000475615"
"4441",25825,"ENSG00000182240","BACE2","ENST00000475618"
"4442",3108,"ENSG00000204257","HLA-DMA","ENST00000475627"
"4443",23200,"ENSG00000058063","ATP11B","ENST00000475636"
"4444",54625,"ENSG00000173193","PARP14","ENST00000475640"
"4445",92714,"ENSG00000197070","ARRDC1","ENST00000475658"
"4446",387700,"ENSG00000152779","SLC16A12","ENST00000475682"
"4447",1999,"ENSG00000163435","ELF3","ENST00000475698"
"4448",11218,"ENSG00000064703","DDX20","ENST00000475700"
"4449",79813,"ENSG00000181090","EHMT1","ENST00000475704"
"4450",51660,"ENSG00000060762","MPC1","ENST00000475708"
"4451",3251,"ENSG00000165704","HPRT1","ENST00000475720"
"4452",56920,"ENSG00000010319","SEMA3G","ENST00000475739"
"4453",6447,"ENSG00000166922","SCG5","ENST00000475752"
"4454",54058,"ENSG00000160298","C21orf58","ENST00000475776"
"4455",6608,"ENSG00000128602","SMO","ENST00000475779"
"4456",84134,"ENSG00000158882","TOMM40L","ENST00000475793"
"4457",57819,"ENSG00000204392","LSM2","ENST00000475835"
"4458",2968,"ENSG00000213780","GTF2H4","ENST00000475845"
"4459",9823,"ENSG00000184867","ARMCX2","ENST00000475854"
"4460",8417,"ENSG00000079950","STX7","ENST00000475879"
"4461",5209,"ENSG00000170525","PFKFB3","ENST00000475881"
"4462",5973,"ENSG00000102032","RENBP","ENST00000475904"
"4463",79634,"ENSG00000144306","SCRN3","ENST00000475928"
"4464",126823,"ENSG00000162755","KLHDC9","ENST00000475934"
"4465",54487,"ENSG00000128191","DGCR8","ENST00000475941"
"4466",26056,"ENSG00000135631","RAB11FIP5","ENST00000475951"
"4467",4300,"ENSG00000171843","MLLT3","ENST00000475957"
"4468",26232,"ENSG00000116661","FBXO2","ENST00000475961"
"4469",10327,"ENSG00000117448","AKR1A1","ENST00000475985"
"4470",64288,"ENSG00000235109","ZSCAN31","ENST00000476001"
"4471",5437,"ENSG00000163882","POLR2H","ENST00000476003"
"4472",2645,"ENSG00000106633","GCK","ENST00000476008"
"4473",55906,"ENSG00000126970","ZC4H2","ENST00000476032"
"4474",2051,"ENSG00000106123","EPHB6","ENST00000476059"
"4475",64855,"ENSG00000136830","NIBAN2","ENST00000476091"
"4476",1645,"ENSG00000187134","AKR1C1","ENST00000476100"
"4477",55652,"ENSG00000211584","SLC48A1","ENST00000476104"
"4478",9937,"ENSG00000198924","DCLRE1A","ENST00000476112"
"4479",23126,"ENSG00000143442","POGZ","ENST00000476128"
"4480",285331,"ENSG00000180376","CCDC66","ENST00000476142"
"4481",8833,"ENSG00000163655","GMPS","ENST00000476145"
"4482",22880,"ENSG00000133422","MORC2","ENST00000476152"
"4483",79862,"ENSG00000188295","ZNF669","ENST00000476158"
"4484",85007,"ENSG00000175309","PHYKPL","ENST00000476170"
"4485",7430,"ENSG00000092820","EZR","ENST00000476189"
"4486",64838,"ENSG00000115226","FNDC4","ENST00000476197"
"4487",374986,"ENSG00000180488","MIGA1","ENST00000476203"
"4488",8613,"ENSG00000162407","PLPP3","ENST00000476206"
"4489",79809,"ENSG00000123607","TTC21B","ENST00000476227"
"4490",25949,"ENSG00000117614","SYF2","ENST00000476231"
"4491",3918,"ENSG00000058085","LAMC2","ENST00000476255"
"4492",10486,"ENSG00000112186","CAP2","ENST00000476263"
"4493",2621,"ENSG00000183087","GAS6","ENST00000476291"
"4494",23521,"ENSG00000142541","RPL13A","ENST00000476300"
"4495",53616,"ENSG00000008277","ADAM22","ENST00000476330"
"4496",6892,"ENSG00000231925","TAPBP","ENST00000476333"
"4497",55207,"ENSG00000134108","ARL8B","ENST00000476343"
"4498",54476,"ENSG00000011275","RNF216","ENST00000476345"
"4499",23111,"ENSG00000133104","SPART","ENST00000476377"
"4500",51603,"ENSG00000010165","METTL13","ENST00000476386"
"4501",9217,"ENSG00000124164","VAPB","ENST00000476395"
"4502",9044,"ENSG00000095564","BTAF1","ENST00000476401"
"4503",84557,"ENSG00000101460","MAP1LC3A","ENST00000476428"
"4504",55856,"ENSG00000112304","ACOT13","ENST00000476436"
"4505",22926,"ENSG00000118217","ATF6","ENST00000476437"
"4506",79774,"ENSG00000139835","GRTP1","ENST00000476439"
"4507",4172,"ENSG00000112118","MCM3","ENST00000476448"
"4508",111,"ENSG00000173175","ADCY5","ENST00000476455"
"4509",55604,"ENSG00000079691","CARMIL1","ENST00000476458"
"4510",7979,"ENSG00000127922","SEM1","ENST00000476463"
"4511",9069,"ENSG00000157224","CLDN12","ENST00000476475"
"4512",619189,"ENSG00000184716","SERINC4","ENST00000476490"
"4513",200316,"ENSG00000128394","APOBEC3F","ENST00000476513"
"4514",168667,"ENSG00000164619","BMPER","ENST00000476525"
"4515",5230,"ENSG00000102144","PGK1","ENST00000476531"
"4516",253558,"ENSG00000172954","LCLAT1","ENST00000476535"
"4517",9553,"ENSG00000243147","MRPL33","ENST00000476552"
"4518",58493,"ENSG00000148153","INIP","ENST00000476599"
"4519",11005,"ENSG00000133710","SPINK5","ENST00000476608"
"4520",115416,"ENSG00000156928","MALSU1","ENST00000476623"
"4521",51447,"ENSG00000068745","IP6K2","ENST00000476645"
"4522",23275,"ENSG00000186866","POFUT2","ENST00000476653"
"4523",10554,"ENSG00000204310","AGPAT1","ENST00000476663"
"4524",84859,"ENSG00000186001","LRCH3","ENST00000476664"
"4525",7695,"ENSG00000196646","ZNF136","ENST00000476676"
"4526",7625,"ENSG00000185252","ZNF74","ENST00000476678"
"4527",6331,"ENSG00000183873","SCN5A","ENST00000476683"
"4528",58986,"ENSG00000129925","PGAP6","ENST00000476735"
"4529",22943,"ENSG00000107984","DKK1","ENST00000476752"
"4530",51244,"ENSG00000154781","CCDC174","ENST00000476763"
"4531",29062,"ENSG00000105875","WDR91","ENST00000476775"
"4532",3984,"ENSG00000106683","LIMK1","ENST00000476792"
"4533",829,"ENSG00000116489","CAPZA1","ENST00000476820"
"4534",81615,"ENSG00000152128","TMEM163","ENST00000476823"
"4535",440957,"ENSG00000168273","UQCC5","ENST00000476842"
"4536",5243,"ENSG00000085563","ABCB1","ENST00000476862"
"4537",5911,"ENSG00000125249","RAP2A","ENST00000476869"
"4538",3481,"ENSG00000167244","IGF2","ENST00000476874"
"4539",51592,"ENSG00000197323","TRIM33","ENST00000476908"
"4540",3280,"ENSG00000114315","HES1","ENST00000476918"
"4541",493911,"ENSG00000144362","PHOSPHO2","ENST00000476919"
"4542",5189,"ENSG00000127980","PEX1","ENST00000476923"
"4543",128989,"ENSG00000183597","TANGO2","ENST00000476940"
"4544",5822,"ENSG00000241945","PWP2","ENST00000476948"
"4545",25904,"ENSG00000182973","CNOT10","ENST00000476967"
"4546",57786,"ENSG00000146587","RBAK","ENST00000476992"
"4547",6720,"ENSG00000072310","SREBF1","ENST00000476994"
"4548",85012,"ENSG00000196507","TCEAL3","ENST00000477014"
"4549",90134,"ENSG00000184611","KCNH7","ENST00000477019"
"4550",23382,"ENSG00000158467","AHCYL2","ENST00000477028"
"4551",2058,"ENSG00000136628","EPRS1","ENST00000477030"
"4552",84930,"ENSG00000120539","MASTL","ENST00000477034"
"4553",84224,"ENSG00000142794","NBPF3","ENST00000477050"
"4554",54954,"ENSG00000184083","FAM120C","ENST00000477084"
"4555",7158,"ENSG00000067369","TP53BP1","ENST00000477089"
"4556",89796,"ENSG00000134369","NAV1","ENST00000477118"
"4557",23683,"ENSG00000115825","PRKD3","ENST00000477132"
"4558",6232,"ENSG00000177954","RPS27","ENST00000477151"
"4559",8050,"ENSG00000110435","PDHX","ENST00000477173"
"4560",81,"ENSG00000130402","ACTN4","ENST00000477174"
"4561",25974,"ENSG00000132763","MMACHC","ENST00000477188"
"4562",6429,"ENSG00000116350","SRSF4","ENST00000477193"
"4563",22839,"ENSG00000080845","DLGAP4","ENST00000477195"
"4564",51136,"ENSG00000189050","RNFT1","ENST00000477207"
"4565",1650,"ENSG00000244038","DDOST","ENST00000477229"
"4566",64412,"ENSG00000125812","GZF1","ENST00000477239"
"4567",10552,"ENSG00000241685","ARPC1A","ENST00000477240"
"4568",339768,"ENSG00000144488","ESPNL","ENST00000477241"
"4569",10473,"ENSG00000182952","HMGN4","ENST00000477243"
"4570",10061,"ENSG00000033050","ABCF2","ENST00000477252"
"4571",57593,"ENSG00000088881","EBF4","ENST00000477287"
"4572",7589,"ENSG00000166529","ZSCAN21","ENST00000477297"
"4573",51281,"ENSG00000144504","ANKMY1","ENST00000477316"
"4574",79871,"ENSG00000122484","RPAP2","ENST00000477322"
"4575",10190,"ENSG00000115514","TXNDC9","ENST00000477337"
"4576",56947,"ENSG00000168958","MFF","ENST00000477362"
"4577",653857,"ENSG00000106526","ACTR3C","ENST00000477367"
"4578",2632,"ENSG00000114480","GBE1","ENST00000477426"
"4579",10730,"ENSG00000136758","YME1L1","ENST00000477432"
"4580",5937,"ENSG00000153250","RBMS1","ENST00000477486"
"4581",11155,"ENSG00000122367","LDB3","ENST00000477489"
"4582",10079,"ENSG00000054793","ATP9A","ENST00000477492"
"4583",81563,"ENSG00000116667","C1orf21","ENST00000477517"
"4584",375056,"ENSG00000154305","MIA3","ENST00000477519"
"4585",55037,"ENSG00000132300","PTCD3","ENST00000477520"
"4586",84220,"ENSG00000015568","RGPD5","ENST00000477523"
"4587",25909,"ENSG00000153207","AHCTF1","ENST00000477526"
"4588",51593,"ENSG00000087087","SRRT","ENST00000477529"
"4589",7428,"ENSG00000134086","VHL","ENST00000477538"
"4590",663,"ENSG00000140299","BNIP2","ENST00000477543"
"4591",2934,"ENSG00000148180","GSN","ENST00000477553"
"4592",7001,"ENSG00000167815","PRDX2","ENST00000477555"
"4593",7107,"ENSG00000077585","GPR137B","ENST00000477559"
"4594",51507,"ENSG00000022277","RTF2","ENST00000477573"
"4595",163486,"ENSG00000213047","DENND1B","ENST00000477581"
"4596",143384,"ENSG00000151893","CACUL1","ENST00000477583"
"4597",398,"ENSG00000242173","ARHGDIG","ENST00000477621"
"4598",51372,"ENSG00000232112","TMA7","ENST00000477624"
"4599",3983,"ENSG00000099204","ABLIM1","ENST00000477638"
"4600",84925,"ENSG00000138463","SLC49A4","ENST00000477647"
"4601",55052,"ENSG00000242485","MRPL20","ENST00000477686"
"4602",84365,"ENSG00000155438","NIFK","ENST00000477693"
"4603",55759,"ENSG00000138442","WDR12","ENST00000477723"
"4604",5147,"ENSG00000156973","PDE6D","ENST00000477748"
"4605",3698,"ENSG00000151655","ITIH2","ENST00000477751"
"4606",10285,"ENSG00000119953","SMNDC1","ENST00000477763"
"4607",55665,"ENSG00000106608","URGCP","ENST00000477768"
"4608",7587,"ENSG00000075407","ZNF37A","ENST00000477790"
"4609",84443,"ENSG00000147234","FRMPD3","ENST00000477796"
"4610",5798,"ENSG00000054356","PTPRN","ENST00000477819"
"4611",8573,"ENSG00000147044","CASK","ENST00000477823"
"4612",79823,"ENSG00000143919","CAMKMT","ENST00000477830"
"4613",23207,"ENSG00000116786","PLEKHM2","ENST00000477849"
"4614",3696,"ENSG00000105855","ITGB8","ENST00000477859"
"4615",79577,"ENSG00000134371","CDC73","ENST00000477868"
"4616",7110,"ENSG00000144747","TMF1","ENST00000477872"
"4617",9527,"ENSG00000108587","GOSR1","ENST00000477885"
"4618",7529,"ENSG00000166913","YWHAB","ENST00000477896"
"4619",115353,"ENSG00000116212","LRRC42","ENST00000477905"
"4620",4794,"ENSG00000146232","NFKBIE","ENST00000477930"
"4621",149076,"ENSG00000160094","ZNF362","ENST00000477934"
"4622",196528,"ENSG00000189079","ARID2","ENST00000477947"
"4623",260425,"ENSG00000081026","MAGI3","ENST00000477955"
"4624",343263,"ENSG00000221986","MYBPHL","ENST00000477962"
"4625",92565,"ENSG00000203780","FANK1","ENST00000477963"
"4626",6523,"ENSG00000100170","SLC5A1","ENST00000477969"
"4627",5359,"ENSG00000188313","PLSCR1","ENST00000477974"
"4628",9221,"ENSG00000166197","NOLC1","ENST00000477977"
"4629",79004,"ENSG00000107874","CUEDC2","ENST00000477994"
"4630",51706,"ENSG00000159348","CYB5R1","ENST00000478009"
"4631",643641,"ENSG00000106479","ZNF862","ENST00000478024"
"4632",6782,"ENSG00000155304","HSPA13","ENST00000478035"
"4633",8453,"ENSG00000108094","CUL2","ENST00000478044"
"4634",51639,"ENSG00000115128","SF3B6","ENST00000478050"
"4635",56254,"ENSG00000155827","RNF20","ENST00000478072"
"4636",6282,"ENSG00000163191","S100A11","ENST00000478109"
"4637",2990,"ENSG00000169919","GUSB","ENST00000478118"
"4638",79968,"ENSG00000092470","WDR76","ENST00000478130"
"4639",90637,"ENSG00000178381","ZFAND2A","ENST00000478137"
"4640",23421,"ENSG00000142856","ITGB3BP","ENST00000478138"
"4641",10280,"ENSG00000147955","SIGMAR1","ENST00000478146"
"4642",51068,"ENSG00000169251","NMD3","ENST00000478160"
"4643",55968,"ENSG00000088833","NSFL1C","ENST00000478168"
"4644",100137047,"ENSG00000243789","JMJD7","ENST00000478178"
"4645",5279,"ENSG00000135845","PIGC","ENST00000478184"
"4646",9861,"ENSG00000163636","PSMD6","ENST00000478185"
"4647",3115,"ENSG00000223865","HLA-DPB1","ENST00000478189"
"4648",64081,"ENSG00000108187","PBLD","ENST00000478192"
"4649",5575,"ENSG00000188191","PRKAR1B","ENST00000478198"
"4650",1305,"ENSG00000197467","COL13A1","ENST00000478219"
"4651",8607,"ENSG00000175792","RUVBL1","ENST00000478243"
"4652",26123,"ENSG00000119977","TCTN3","ENST00000478245"
"4653",7091,"ENSG00000106829","TLE4","ENST00000478290"
"4654",1981,"ENSG00000114867","EIF4G1","ENST00000478291"
"4655",4288,"ENSG00000148773","MKI67","ENST00000478293"
"4656",60672,"ENSG00000116691","MIIP","ENST00000478299"
"4657",3459,"ENSG00000027697","IFNGR1","ENST00000478333"
"4658",4736,"ENSG00000198755","RPL10A","ENST00000478340"
"4659",6281,"ENSG00000197747","S100A10","ENST00000478348"
"4660",59353,"ENSG00000126950","TMEM35A","ENST00000478351"
"4661",51185,"ENSG00000113851","CRBN","ENST00000478353"
"4662",57178,"ENSG00000108175","ZMIZ1","ENST00000478357"
"4663",25966,"ENSG00000157617","C2CD2","ENST00000478372"
"4664",10026,"ENSG00000142892","PIGK","ENST00000478391"
"4665",9830,"ENSG00000106785","TRIM14","ENST00000478401"
"4666",284996,"ENSG00000163162","RNF149","ENST00000478404"
"4667",8241,"ENSG00000182872","RBM10","ENST00000478410"
"4668",23143,"ENSG00000136141","LRCH1","ENST00000478412"
"4669",254065,"ENSG00000165288","BRWD3","ENST00000478415"
"4670",284565,"ENSG00000266338","NBPF15","ENST00000478419"
"4671",6594,"ENSG00000102038","SMARCA1","ENST00000478420"
"4672",6015,"ENSG00000204227","RING1","ENST00000478431"
"4673",2330,"ENSG00000131781","FMO5","ENST00000478432"
"4674",79269,"ENSG00000122741","DCAF10","ENST00000478453"
"4675",55683,"ENSG00000114982","KANSL3","ENST00000478492"
"4676",8395,"ENSG00000107242","PIP5K1B","ENST00000478500"
"4677",55744,"ENSG00000106603","COA1","ENST00000478504"
"4678",51602,"ENSG00000055044","NOP58","ENST00000478508"
"4679",3135,"ENSG00000204632","HLA-G","ENST00000478519"
"4680",6629,"ENSG00000125870","SNRPB2","ENST00000478522"
"4681",84343,"ENSG00000163755","HPS3","ENST00000478525"
"4682",64852,"ENSG00000149016","TUT1","ENST00000478537"
"4683",22984,"ENSG00000148843","PDCD11","ENST00000478543"
"4684",2254,"ENSG00000102678","FGF9","ENST00000478546"
"4685",148808,"ENSG00000174514","MFSD4A","ENST00000478555"
"4686",23557,"ENSG00000143553","SNAPIN","ENST00000478558"
"4687",2571,"ENSG00000128683","GAD1","ENST00000478562"
"4688",9397,"ENSG00000152465","NMT2","ENST00000478580"
"4689",4345,"ENSG00000091972","CD200","ENST00000478595"
"4690",57504,"ENSG00000057935","MTA3","ENST00000478602"
"4691",388969,"ENSG00000168887","C2orf68","ENST00000478626"
"4692",1857,"ENSG00000161202","DVL3","ENST00000478639"
"4693",205717,"ENSG00000176542","USF3","ENST00000478658"
"4694",6578,"ENSG00000174640","SLCO2A1","ENST00000478662"
"4695",51304,"ENSG00000163812","ZDHHC3","ENST00000478669"
"4696",755,"ENSG00000160226","CFAP410","ENST00000478674"
"4697",3189,"ENSG00000096746","HNRNPH3","ENST00000478698"
"4698",875,"ENSG00000160200","CBS","ENST00000478709"
"4699",22796,"ENSG00000135775","COG2","ENST00000478710"
"4700",221395,"ENSG00000069122","ADGRF5","ENST00000478711"
"4701",64101,"ENSG00000128594","LRRC4","ENST00000478726"
"4702",471,"ENSG00000138363","ATIC","ENST00000478734"
"4703",22928,"ENSG00000179918","SEPHS2","ENST00000478753"
"4704",55959,"ENSG00000196562","SULF2","ENST00000478766"
"4705",55662,"ENSG00000166135","HIF1AN","ENST00000478787"
"4706",5160,"ENSG00000131828","PDHA1","ENST00000478795"
"4707",56647,"ENSG00000107949","BCCIP","ENST00000478798"
"4708",54497,"ENSG00000008869","HEATR5B","ENST00000478810"
"4709",119032,"ENSG00000166275","BORCS7","ENST00000478833"
"4710",6566,"ENSG00000155380","SLC16A1","ENST00000478835"
"4711",65109,"ENSG00000125351","UPF3B","ENST00000478840"
"4712",54675,"ENSG00000088766","CRLS1","ENST00000478846"
"4713",2332,"ENSG00000102081","FMR1","ENST00000478848"
"4714",79730,"ENSG00000179299","NSUN7","ENST00000478857"
"4715",55103,"ENSG00000116191","RALGPS2","ENST00000478871"
"4716",282969,"ENSG00000148803","FUOM","ENST00000478895"
"4717",84243,"ENSG00000204160","ZDHHC18","ENST00000478902"
"4718",203238,"ENSG00000164989","CCDC171","ENST00000478913"
"4719",2547,"ENSG00000196419","XRCC6","ENST00000478914"
"4720",90736,"ENSG00000182518","FAM104B","ENST00000478918"
"4721",23240,"ENSG00000121210","TMEM131L","ENST00000478919"
"4722",79710,"ENSG00000133131","MORC4","ENST00000478924"
"4723",10096,"ENSG00000115091","ACTR3","ENST00000478928"
"4724",9585,"ENSG00000138182","KIF20B","ENST00000478929"
"4725",64770,"ENSG00000175455","CCDC14","ENST00000478956"
"4726",5740,"ENSG00000124212","PTGIS","ENST00000478971"
"4727",55768,"ENSG00000151092","NGLY1","ENST00000478991"
"4728",80853,"ENSG00000006459","KDM7A","ENST00000478996"
"4729",9261,"ENSG00000162889","MAPKAPK2","ENST00000479009"
"4730",54677,"ENSG00000005469","CROT","ENST00000479014"
"4731",2778,"ENSG00000087460","GNAS","ENST00000479025"
"4732",5252,"ENSG00000112511","PHF1","ENST00000479029"
"4733",1787,"ENSG00000107614","TRDMT1","ENST00000479046"
"4734",8434,"ENSG00000122707","RECK","ENST00000479053"
"4735",89781,"ENSG00000100099","HPS4","ENST00000479064"
"4736",659,"ENSG00000204217","BMPR2","ENST00000479069"
"4737",219743,"ENSG00000156521","TYSND1","ENST00000479086"
"4738",55664,"ENSG00000106993","CDC37L1","ENST00000479095"
"4739",64376,"ENSG00000095574","IKZF5","ENST00000479103"
"4740",55342,"ENSG00000165209","STRBP","ENST00000479114"
"4741",51805,"ENSG00000132423","COQ3","ENST00000479163"
"4742",51167,"ENSG00000065615","CYB5R4","ENST00000479164"
"4743",55007,"ENSG00000100376","FAM118A","ENST00000479180"
"4744",4708,"ENSG00000090266","NDUFB2","ENST00000479181"
"4745",7551,"ENSG00000166526","ZNF3","ENST00000479192"
"4746",55312,"ENSG00000135002","RFK","ENST00000479197"
"4747",57470,"ENSG00000130764","LRRC47","ENST00000479239"
"4748",8893,"ENSG00000145191","EIF2B5","ENST00000479250"
"4749",5525,"ENSG00000066027","PPP2R5A","ENST00000479259"
"4750",10903,"ENSG00000014914","MTMR11","ENST00000479272"
"4751",55526,"ENSG00000181192","DHTKD1","ENST00000479283"
"4752",8702,"ENSG00000121578","B4GALT4","ENST00000479308"
"4753",7042,"ENSG00000092969","TGFB2","ENST00000479322"
"4754",49856,"ENSG00000116213","WRAP73","ENST00000479331"
"4755",63935,"ENSG00000100982","PCIF1","ENST00000479348"
"4756",59269,"ENSG00000127124","HIVEP3","ENST00000479350"
"4757",57180,"ENSG00000133627","ACTR3B","ENST00000479402"
"4758",27333,"ENSG00000173905","GOLIM4","ENST00000479415"
"4759",7403,"ENSG00000147050","KDM6A","ENST00000479423"
"4760",54606,"ENSG00000136271","DDX56","ENST00000479440"
"4761",9844,"ENSG00000155849","ELMO1","ENST00000479447"
"4762",51272,"ENSG00000177951","BET1L","ENST00000479463"
"4763",200845,"ENSG00000168301","KCTD6","ENST00000479470"
"4764",158056,"ENSG00000177943","MAMDC4","ENST00000479475"
"4765",729920,"ENSG00000214960","CRPPA","ENST00000479493"
"4766",5292,"ENSG00000137193","PIM1","ENST00000479509"
"4767",54471,"ENSG00000100335","MIEF1","ENST00000479514"
"4768",6051,"ENSG00000176393","RNPEP","ENST00000479531"
"4769",23,"ENSG00000204574","ABCF1","ENST00000479542"
"4770",80005,"ENSG00000147459","DOCK5","ENST00000479547"
"4771",51154,"ENSG00000053372","MRTO4","ENST00000479559"
"4772",79969,"ENSG00000137343","ATAT1","ENST00000479562"
"4773",2781,"ENSG00000128266","GNAZ","ENST00000479571"
"4774",55974,"ENSG00000169241","SLC50A1","ENST00000479579"
"4775",9777,"ENSG00000101337","TM9SF4","ENST00000479591"
"4776",93010,"ENSG00000156966","B3GNT7","ENST00000479618"
"4777",822,"ENSG00000042493","CAPG","ENST00000479651"
"4778",23181,"ENSG00000160305","DIP2A","ENST00000479654"
"4779",6310,"ENSG00000124788","ATXN1","ENST00000479680"
"4780",26100,"ENSG00000157954","WIPI2","ENST00000479690"
"4781",54468,"ENSG00000164654","MIOS","ENST00000479694"
"4782",4817,"ENSG00000158793","NIT1","ENST00000479728"
"4783",7073,"ENSG00000151923","TIAL1","ENST00000479729"
"4784",200931,"ENSG00000163959","SLC51A","ENST00000479732"
"4785",10521,"ENSG00000100201","DDX17","ENST00000479734"
"4786",27090,"ENSG00000136840","ST6GALNAC4","ENST00000479747"
"4787",83999,"ENSG00000183762","KREMEN1","ENST00000479755"
"4788",55204,"ENSG00000143457","GOLPH3L","ENST00000479757"
"4789",23348,"ENSG00000088387","DOCK9","ENST00000479769"
"4790",90196,"ENSG00000204070","SYS1","ENST00000479779"
"4791",10203,"ENSG00000064989","CALCRL","ENST00000479784"
"4792",55971,"ENSG00000006453","BAIAP2L1","ENST00000479789"
"4793",6222,"ENSG00000231500","RPS18","ENST00000479802"
"4794",120,"ENSG00000148700","ADD3","ENST00000479805"
"4795",1781,"ENSG00000077380","DYNC1I2","ENST00000479806"
"4796",10623,"ENSG00000186141","POLR3C","ENST00000479819"
"4797",3092,"ENSG00000127946","HIP1","ENST00000479835"
"4798",60676,"ENSG00000116183","PAPPA2","ENST00000479836"
"4799",26027,"ENSG00000162390","ACOT11","ENST00000479837"
"4800",56997,"ENSG00000163050","COQ8A","ENST00000479852"
"4801",57001,"ENSG00000196636","SDHAF3","ENST00000479853"
"4802",165324,"ENSG00000173960","UBXN2A","ENST00000479859"
"4803",8701,"ENSG00000105877","DNAH11","ENST00000479878"
"4804",84288,"ENSG00000203666","EFCAB2","ENST00000479923"
"4805",1605,"ENSG00000173402","DAG1","ENST00000479935"
"4806",548596,"ENSG00000223572","CKMT1A","ENST00000479938"
"4807",55033,"ENSG00000106080","FKBP14","ENST00000479939"
"4808",1373,"ENSG00000021826","CPS1","ENST00000479988"
"4809",10287,"ENSG00000171700","RGS19","ENST00000479996"
"4810",51141,"ENSG00000125629","INSIG2","ENST00000479999"
"4811",5110,"ENSG00000120265","PCMT1","ENST00000480010"
"4812",29926,"ENSG00000144591","GMPPA","ENST00000480034"
"4813",26505,"ENSG00000168763","CNNM3","ENST00000480035"
"4814",80204,"ENSG00000138081","FBXO11","ENST00000480038"
"4815",56850,"ENSG00000068400","GRIPAP1","ENST00000480041"
"4816",23637,"ENSG00000011454","RABGAP1","ENST00000480054"
"4817",2987,"ENSG00000143774","GUK1","ENST00000480056"
"4818",143187,"ENSG00000151532","VTI1A","ENST00000480057"
"4819",221981,"ENSG00000005108","THSD7A","ENST00000480061"
"4820",7016,"ENSG00000107140","TESK1","ENST00000480077"
"4821",91461,"ENSG00000162878","PKDCC","ENST00000480099"
"4822",7220,"ENSG00000144935","TRPC1","ENST00000480101"
"4823",151742,"ENSG00000163590","PPM1L","ENST00000480117"
"4824",154313,"ENSG00000272514","CFAP206","ENST00000480123"
"4825",11244,"ENSG00000165156","ZHX1","ENST00000480132"
"4826",2329,"ENSG00000076258","FMO4","ENST00000480136"
"4827",84553,"ENSG00000146267","FAXC","ENST00000480148"
"4828",657,"ENSG00000107779","BMPR1A","ENST00000480152"
"4829",4935,"ENSG00000101850","GPR143","ENST00000480178"
"4830",4320,"ENSG00000099953","MMP11","ENST00000480185"
"4831",112495,"ENSG00000155115","GTF3C6","ENST00000480191"
"4832",10844,"ENSG00000130640","TUBGCP2","ENST00000480198"
"4833",286256,"ENSG00000184925","LCN12","ENST00000480204"
"4834",11120,"ENSG00000112763","BTN2A1","ENST00000480218"
"4835",10067,"ENSG00000116521","SCAMP3","ENST00000480219"
"4836",754,"ENSG00000183255","PTTG1IP","ENST00000480234"
"4837",132014,"ENSG00000163701","IL17RE","ENST00000480244"
"4838",5089,"ENSG00000204304","PBX2","ENST00000480254"
"4839",57171,"ENSG00000167130","DOLPP1","ENST00000480255"
"4840",151887,"ENSG00000091986","CCDC80","ENST00000480275"
"4841",1024,"ENSG00000132964","CDK8","ENST00000480323"
"4842",2152,"ENSG00000117525","F3","ENST00000480356"
"4843",92305,"ENSG00000168936","TMEM129","ENST00000480360"
"4844",27089,"ENSG00000164405","UQCRQ","ENST00000480372"
"4845",55466,"ENSG00000140403","DNAJA4","ENST00000480425"
"4846",81847,"ENSG00000118518","RNF146","ENST00000480444"
"4847",27440,"ENSG00000069998","HDHD5","ENST00000480451"
"4848",10691,"ENSG00000162419","GMEB1","ENST00000480454"
"4849",57406,"ENSG00000163686","ABHD6","ENST00000480457"
"4850",6434,"ENSG00000136527","TRA2B","ENST00000480461"
"4851",51322,"ENSG00000095787","WAC","ENST00000480474"
"4852",79582,"ENSG00000144451","SPAG16","ENST00000480494"
"4853",51567,"ENSG00000111802","TDP2","ENST00000480495"
"4854",51024,"ENSG00000214253","FIS1","ENST00000480497"
"4855",509,"ENSG00000165629","ATP5F1C","ENST00000480528"
"4856",56953,"ENSG00000205309","NT5M","ENST00000480529"
"4857",3176,"ENSG00000150540","HNMT","ENST00000480534"
"4858",55324,"ENSG00000161204","ABCF3","ENST00000480539"
"4859",65220,"ENSG00000008130","NADK","ENST00000480542"
"4860",2260,"ENSG00000077782","FGFR1","ENST00000480571"
"4861",143,"ENSG00000102699","PARP4","ENST00000480576"
"4862",64129,"ENSG00000142910","TINAGL1","ENST00000480586"
"4863",57577,"ENSG00000163617","CCDC191","ENST00000480588"
"4864",6509,"ENSG00000115902","SLC1A4","ENST00000480594"
"4865",100288695,"ENSG00000256671","LIMS4","ENST00000480598"
"4866",5478,"ENSG00000196262","PPIA","ENST00000480603"
"4867",150082,"ENSG00000157578","LCA5L","ENST00000480612"
"4868",89891,"ENSG00000119333","DYNC2I2","ENST00000480613"
"4869",55669,"ENSG00000171109","MFN1","ENST00000480636"
"4870",800,"ENSG00000122786","CALD1","ENST00000480638"
"4871",54991,"ENSG00000131591","C1orf159","ENST00000480643"
"4872",90326,"ENSG00000041988","THAP3","ENST00000480647"
"4873",6229,"ENSG00000138326","RPS24","ENST00000480662"
"4874",491,"ENSG00000157087","ATP2B2","ENST00000480680"
"4875",51616,"ENSG00000187325","TAF9B","ENST00000480681"
"4876",7485,"ENSG00000182093","GET1","ENST00000480690"
"4877",8458,"ENSG00000116830","TTF2","ENST00000480701"
"4878",51667,"ENSG00000013374","NUB1","ENST00000480714"
"4879",169841,"ENSG00000175787","ZNF169","ENST00000480716"
"4880",29841,"ENSG00000134317","GRHL1","ENST00000480736"
"4881",253152,"ENSG00000172031","EPHX4","ENST00000480758"
"4882",55561,"ENSG00000171219","CDC42BPG","ENST00000480767"
"4883",327,"ENSG00000164062","APEH","ENST00000480772"
"4884",8309,"ENSG00000168306","ACOX2","ENST00000480791"
"4885",387496,"ENSG00000122035","RASL11A","ENST00000480803"
"4886",89782,"ENSG00000185621","LMLN","ENST00000480813"
"4887",55026,"ENSG00000125355","TMEM255A","ENST00000480821"
"4888",221477,"ENSG00000198663","C6orf89","ENST00000480824"
"4889",29074,"ENSG00000112110","MRPL18","ENST00000480842"
"4890",55277,"ENSG00000172456","FGGY","ENST00000480847"
"4891",55341,"ENSG00000041802","LSG1","ENST00000480853"
"4892",81562,"ENSG00000114988","LMAN2L","ENST00000480869"
"4893",84263,"ENSG00000119471","HSDL2","ENST00000480881"
"4894",124995,"ENSG00000159111","MRPL10","ENST00000480901"
"4895",25956,"ENSG00000075826","SEC31B","ENST00000480905"
"4896",7579,"ENSG00000121903","ZSCAN20","ENST00000480917"
"4897",57701,"ENSG00000167566","NCKAP5L","ENST00000480927"
"4898",7884,"ENSG00000163950","SLBP","ENST00000480936"
"4899",6204,"ENSG00000124614","RPS10","ENST00000480942"
"4900",10121,"ENSG00000138107","ACTR1A","ENST00000480947"
"4901",51449,"ENSG00000116005","PCYOX1","ENST00000480949"
"4902",55706,"ENSG00000058804","NDC1","ENST00000480952"
"4903",23658,"ENSG00000106355","LSM5","ENST00000480956"
"4904",4356,"ENSG00000161647","MPP3","ENST00000480958"
"4905",64418,"ENSG00000146802","TMEM168","ENST00000480969"
"4906",55366,"ENSG00000205213","LGR4","ENST00000480977"
"4907",145501,"ENSG00000100593","ISM2","ENST00000480979"
"4908",127018,"ENSG00000143353","LYPLAL1","ENST00000481007"
"4909",11340,"ENSG00000120699","EXOSC8","ENST00000481013"
"4910",9277,"ENSG00000227057","WDR46","ENST00000481025"
"4911",84893,"ENSG00000134452","FBH1","ENST00000481029"
"4912",11335,"ENSG00000122565","CBX3","ENST00000481057"
"4913",1347,"ENSG00000112695","COX7A2","ENST00000481061"
"4914",339451,"ENSG00000187961","KLHL17","ENST00000481067"
"4915",3778,"ENSG00000156113","KCNMA1","ENST00000481070"
"4916",23157,"ENSG00000125354","SEPTIN6","ENST00000481072"
"4917",5789,"ENSG00000153707","PTPRD","ENST00000481079"
"4918",79600,"ENSG00000204852","TCTN1","ENST00000481093"
"4919",55356,"ENSG00000163393","SLC22A15","ENST00000481127"
"4920",55593,"ENSG00000068308","OTUD5","ENST00000481142"
"4921",6184,"ENSG00000163902","RPN1","ENST00000481168"
"4922",11332,"ENSG00000097021","ACOT7","ENST00000481175"
"4923",10342,"ENSG00000114354","TFG","ENST00000481203"
"4924",5018,"ENSG00000155463","OXA1L","ENST00000481218"
"4925",5595,"ENSG00000102882","MAPK3","ENST00000481230"
"4926",8266,"ENSG00000102178","UBL4A","ENST00000481237"
"4927",115426,"ENSG00000147854","UHRF2","ENST00000481243"
"4928",2779,"ENSG00000114349","GNAT1","ENST00000481246"
"4929",50651,"ENSG00000162426","SLC45A1","ENST00000481265"
"4930",728661,"ENSG00000189339","SLC35E2B","ENST00000481276"
"4931",9682,"ENSG00000066135","KDM4A","ENST00000481296"
"4932",10497,"ENSG00000198722","UNC13B","ENST00000481299"
"4933",64423,"ENSG00000203485","INF2","ENST00000481338"
"4934",34,"ENSG00000117054","ACADM","ENST00000481374"
"4935",22933,"ENSG00000068903","SIRT2","ENST00000481381"
"4936",8087,"ENSG00000114416","FXR1","ENST00000481383"
"4937",975,"ENSG00000110651","CD81","ENST00000481386"
"4938",55798,"ENSG00000165055","METTL2B","ENST00000481392"
"4939",203522,"ENSG00000165359","INTS6L","ENST00000481429"
"4940",6257,"ENSG00000204231","RXRB","ENST00000481441"
"4941",8208,"ENSG00000159259","CHAF1B","ENST00000481458"
"4942",8985,"ENSG00000106397","PLOD3","ENST00000481461"
"4943",5016,"ENSG00000085465","OVGP1","ENST00000481495"
"4944",7978,"ENSG00000127989","MTERF1","ENST00000481516"
"4945",23198,"ENSG00000068878","PSME4","ENST00000481518"
"4946",3417,"ENSG00000138413","IDH1","ENST00000481557"
"4947",64115,"ENSG00000107738","VSIR","ENST00000481568"
"4948",10952,"ENSG00000106803","SEC61B","ENST00000481573"
"4949",1810,"ENSG00000117505","DR1","ENST00000481583"
"4950",117854,"ENSG00000121236","TRIM6","ENST00000481603"
"4951",7030,"ENSG00000068323","TFE3","ENST00000481606"
"4952",26152,"ENSG00000130684","ZNF337","ENST00000481610"
"4953",84879,"ENSG00000168389","MFSD2A","ENST00000481612"
"4954",9112,"ENSG00000182979","MTA1","ENST00000481635"
"4955",8974,"ENSG00000072682","P4HA2","ENST00000481636"
"4956",7072,"ENSG00000116001","TIA1","ENST00000481650"
"4957",55719,"ENSG00000119906","SLF2","ENST00000481654"
"4958",150864,"ENSG00000138439","FAM117B","ENST00000481658"
"4959",6596,"ENSG00000071794","HLTF","ENST00000481663"
"4960",9275,"ENSG00000106635","BCL7B","ENST00000481667"
"4961",56259,"ENSG00000132792","CTNNBL1","ENST00000481674"
"4962",23252,"ENSG00000169914","OTUD3","ENST00000481686"
"4963",56261,"ENSG00000125772","GPCPD1","ENST00000481690"
"4964",9519,"ENSG00000028839","TBPL1","ENST00000481694"
"4965",2171,"ENSG00000164687","FABP5","ENST00000481695"
"4966",149345,"ENSG00000198892","SHISA4","ENST00000481699"
"4967",23608,"ENSG00000133606","MKRN1","ENST00000481705"
"4968",221692,"ENSG00000112137","PHACTR1","ENST00000481706"
"4969",9480,"ENSG00000119547","ONECUT2","ENST00000481727"
"4970",9837,"ENSG00000101003","GINS1","ENST00000481735"
"4971",284390,"ENSG00000197054","ZNF763","ENST00000481745"
"4972",55321,"ENSG00000125895","TMEM74B","ENST00000481747"
"4973",80308,"ENSG00000160688","FLAD1","ENST00000481758"
"4974",84561,"ENSG00000221955","SLC12A8","ENST00000481760"
"4975",5425,"ENSG00000106628","POLD2","ENST00000481763"
"4976",79840,"ENSG00000187736","NHEJ1","ENST00000481764"
"4977",8312,"ENSG00000103126","AXIN1","ENST00000481769"
"4978",112942,"ENSG00000163001","CFAP36","ENST00000481791"
"4979",55328,"ENSG00000184719","RNLS","ENST00000481793"
"4980",51728,"ENSG00000161980","POLR3K","ENST00000481810"
"4981",280,"ENSG00000240038","AMY2B","ENST00000481821"
"4982",51126,"ENSG00000173418","NAA20","ENST00000481837"
"4983",246269,"ENSG00000135537","AFG1L","ENST00000481842"
"4984",1465,"ENSG00000159176","CSRP1","ENST00000481851"
"4985",3597,"ENSG00000131724","IL13RA1","ENST00000481868"
"4986",6844,"ENSG00000220205","VAMP2","ENST00000481878"
"4987",51093,"ENSG00000143303","METTL25B","ENST00000481920"
"4988",23333,"ENSG00000173852","DPY19L1","ENST00000481923"
"4989",5351,"ENSG00000083444","PLOD1","ENST00000481933"
"4990",79622,"ENSG00000161981","SNRNP25","ENST00000481947"
"4991",54971,"ENSG00000172530","BANP","ENST00000481948"
"4992",9184,"ENSG00000154473","BUB3","ENST00000481952"
"4993",60489,"ENSG00000239713","APOBEC3G","ENST00000481958"
"4994",29925,"ENSG00000173540","GMPPB","ENST00000481959"
"4995",23033,"ENSG00000083097","DOP1A","ENST00000481979"
"4996",51611,"ENSG00000117543","DPH5","ENST00000481982"
"4997",55167,"ENSG00000174579","MSL2","ENST00000481989"
"4998",26503,"ENSG00000119899","SLC17A5","ENST00000481996"
"4999",534,"ENSG00000213760","ATP6V1G2","ENST00000481998"
"5000",2170,"ENSG00000121769","FABP3","ENST00000482018"
"5001",3265,"ENSG00000174775","HRAS","ENST00000482021"
"5002",991,"ENSG00000117399","CDC20","ENST00000482046"
"5003",10195,"ENSG00000214160","ALG3","ENST00000482048"
"5004",6009,"ENSG00000106615","RHEB","ENST00000482053"
"5005",10580,"ENSG00000095637","SORBS1","ENST00000482068"
"5006",4690,"ENSG00000158092","NCK1","ENST00000482071"
"5007",90592,"ENSG00000196757","ZNF700","ENST00000482090"
"5008",3422,"ENSG00000067064","IDI1","ENST00000482091"
"5009",1933,"ENSG00000114942","EEF1B2","ENST00000482103"
"5010",51274,"ENSG00000109787","KLF3","ENST00000482150"
"5011",54517,"ENSG00000091127","PUS7","ENST00000482157"
"5012",22884,"ENSG00000047056","WDR37","ENST00000482165"
"5013",84883,"ENSG00000042286","AIFM2","ENST00000482166"
"5014",92002,"ENSG00000262919","CCNQ","ENST00000482182"
"5015",56996,"ENSG00000146828","SLC12A9","ENST00000482184"
"5016",5928,"ENSG00000162521","RBBP4","ENST00000482190"
"5017",55068,"ENSG00000120658","ENOX1","ENST00000482207"
"5018",83933,"ENSG00000100429","HDAC10","ENST00000482213"
"5019",5055,"ENSG00000197632","SERPINB2","ENST00000482254"
"5020",9060,"ENSG00000198682","PAPSS2","ENST00000482258"
"5021",7873,"ENSG00000145050","MANF","ENST00000482262"
"5022",9249,"ENSG00000162496","DHRS3","ENST00000482265"
"5023",115209,"ENSG00000162600","OMA1","ENST00000482274"
"5024",23492,"ENSG00000100307","CBX7","ENST00000482294"
"5025",6837,"ENSG00000148297","MED22","ENST00000482295"
"5026",83637,"ENSG00000122515","ZMIZ2","ENST00000482322"
"5027",9107,"ENSG00000139505","MTMR6","ENST00000482345"
"5028",261729,"ENSG00000157214","STEAP2","ENST00000482369"
"5029",6135,"ENSG00000142676","RPL11","ENST00000482370"
"5030",1491,"ENSG00000116761","CTH","ENST00000482383"
"5031",83549,"ENSG00000130717","UCK1","ENST00000482398"
"5032",79576,"ENSG00000101882","NKAP","ENST00000482407"
"5033",550631,"ENSG00000187860","CCDC157","ENST00000482413"
"5034",4919,"ENSG00000185483","ROR1","ENST00000482426"
"5035",5859,"ENSG00000172053","QARS1","ENST00000482438"
"5036",7916,"ENSG00000204469","PRRC2A","ENST00000482441"
"5037",9265,"ENSG00000008256","CYTH3","ENST00000482460"
"5038",83939,"ENSG00000144895","EIF2A","ENST00000482471"
"5039",80336,"ENSG00000101104","PABPC1L","ENST00000482486"
"5040",57189,"ENSG00000257093","DENND11","ENST00000482493"
"5041",152100,"ENSG00000187118","CMC1","ENST00000482499"
"5042",8674,"ENSG00000117533","VAMP4","ENST00000482519"
"5043",33,"ENSG00000115361","ACADL","ENST00000482523"
"5044",54516,"ENSG00000112031","MTRF1L","ENST00000482526"
"5045",341640,"ENSG00000150893","FREM2","ENST00000482551"
"5046",203197,"ENSG00000157693","TMEM268","ENST00000482552"
"5047",23102,"ENSG00000167202","TBC1D2B","ENST00000482562"
"5048",1819,"ENSG00000108591","DRG2","ENST00000482564"
"5049",23321,"ENSG00000109654","TRIM2","ENST00000482578"
"5050",221468,"ENSG00000172738","TMEM217","ENST00000482580"
"5051",1195,"ENSG00000013441","CLK1","ENST00000482590"
"5052",84058,"ENSG00000005448","WDR54","ENST00000482605"
"5053",27351,"ENSG00000100418","DESI1","ENST00000482612"
"5054",65263,"ENSG00000104524","PYCR3","ENST00000482616"
"5055",60625,"ENSG00000101452","DHX35","ENST00000482619"
"5056",64794,"ENSG00000125485","DDX31","ENST00000482620"
"5057",84335,"ENSG00000204673","AKT1S1","ENST00000482622"
"5058",79953,"ENSG00000101463","SYNDIG1","ENST00000482637"
"5059",2971,"ENSG00000122034","GTF3A","ENST00000482655"
"5060",5919,"ENSG00000106538","RARRES2","ENST00000482669"
"5061",64968,"ENSG00000243927","MRPS6","ENST00000482679"
"5062",78987,"ENSG00000163703","CRELD1","ENST00000482691"
"5063",339559,"ENSG00000187815","ZFP69","ENST00000482712"
"5064",259282,"ENSG00000038219","BOD1L1","ENST00000482713"
"5065",118924,"ENSG00000148690","FRA10AC1","ENST00000482719"
"5066",7494,"ENSG00000100219","XBP1","ENST00000482720"
"5067",25780,"ENSG00000152689","RASGRP3","ENST00000482731"
"5068",51626,"ENSG00000138036","DYNC2LI1","ENST00000482738"
"5069",149603,"ENSG00000168159","RNF187","ENST00000482739"
"5070",51030,"ENSG00000171928","TVP23B","ENST00000482741"
"5071",57514,"ENSG00000031081","ARHGAP31","ENST00000482743"
"5072",8295,"ENSG00000196367","TRRAP","ENST00000482799"
"5073",11123,"ENSG00000117602","RCAN3","ENST00000482807"
"5074",686,"ENSG00000169814","BTD","ENST00000482824"
"5075",92737,"ENSG00000187957","DNER","ENST00000482831"
"5076",6046,"ENSG00000204256","BRD2","ENST00000482838"
"5077",84976,"ENSG00000154309","DISP1","ENST00000482856"
"5078",23731,"ENSG00000106771","TMEM245","ENST00000482868"
"5079",11194,"ENSG00000197150","ABCB8","ENST00000482899"
"5080",54149,"ENSG00000154642","C21orf91","ENST00000482915"
"5081",55137,"ENSG00000182263","FIGN","ENST00000482917"
"5082",84302,"ENSG00000165152","PGAP4","ENST00000482920"
"5083",79754,"ENSG00000196372","ASB13","ENST00000482921"
"5084",1595,"ENSG00000001630","CYP51A1","ENST00000482924"
"5085",10440,"ENSG00000134375","TIMM17A","ENST00000482943"
"5086",4696,"ENSG00000170906","NDUFA3","ENST00000482960"
"5087",26227,"ENSG00000092621","PHGDH","ENST00000482968"
"5088",80173,"ENSG00000096872","IFT74","ENST00000482986"
"5089",59343,"ENSG00000163904","SENP2","ENST00000483005"
"5090",10439,"ENSG00000130558","OLFM1","ENST00000483042"
"5091",80222,"ENSG00000143374","TARS2","ENST00000483046"
"5092",84676,"ENSG00000158022","TRIM63","ENST00000483052"
"5093",84628,"ENSG00000196358","NTNG2","ENST00000483055"
"5094",57590,"ENSG00000085449","WDFY1","ENST00000483061"
"5095",6623,"ENSG00000173267","SNCG","ENST00000483064"
"5096",23518,"ENSG00000048991","R3HDM1","ENST00000483065"
"5097",26084,"ENSG00000114790","ARHGEF26","ENST00000483068"
"5098",10443,"ENSG00000244754","N4BP2L2","ENST00000483088"
"5099",340277,"ENSG00000188732","FAM221A","ENST00000483090"
"5100",126731,"ENSG00000154429","CCSAP","ENST00000483092"
"5101",139341,"ENSG00000069509","FUNDC1","ENST00000483115"
"5102",9741,"ENSG00000068697","LAPTM4A","ENST00000483117"
"5103",163590,"ENSG00000169905","TOR1AIP2","ENST00000483123"
"5104",50944,"ENSG00000161681","SHANK1","ENST00000483128"
"5105",2275,"ENSG00000183386","FHL3","ENST00000483132"
"5106",3190,"ENSG00000165119","HNRNPK","ENST00000483135"
"5107",6239,"ENSG00000124782","RREB1","ENST00000483150"
"5108",2949,"ENSG00000134201","GSTM5","ENST00000483153"
"5109",6493,"ENSG00000159263","SIM2","ENST00000483178"
"5110",29964,"ENSG00000278224","PRICKLE4","ENST00000483200"
"5111",23276,"ENSG00000114648","KLHL18","ENST00000483201"
"5112",81605,"ENSG00000167118","URM1","ENST00000483206"
"5113",8125,"ENSG00000140350","ANP32A","ENST00000483221"
"5114",55083,"ENSG00000162849","KIF26B","ENST00000483253"
"5115",5069,"ENSG00000182752","PAPPA","ENST00000483254"
"5116",84236,"ENSG00000144468","RHBDD1","ENST00000483268"
"5117",54585,"ENSG00000163818","LZTFL1","ENST00000483279"
"5118",58499,"ENSG00000148143","ZNF462","ENST00000483287"
"5119",90678,"ENSG00000148356","LRSAM1","ENST00000483302"
"5120",27341,"ENSG00000189306","RRP7A","ENST00000483303"
"5121",9209,"ENSG00000093167","LRRFIP2","ENST00000483306"
"5122",26046,"ENSG00000198862","LTN1","ENST00000483326"
"5123",388591,"ENSG00000158286","RNF207","ENST00000483336"
"5124",30815,"ENSG00000160408","ST6GALNAC6","ENST00000483353"
"5125",284611,"ENSG00000162636","EEIG2","ENST00000483371"
"5126",30819,"ENSG00000120049","KCNIP2","ENST00000483385"
"5127",1674,"ENSG00000175084","DES","ENST00000483395"
"5128",57216,"ENSG00000162738","VANGL2","ENST00000483408"
"5129",6745,"ENSG00000124783","SSR1","ENST00000483409"
"5130",22841,"ENSG00000107560","RAB11FIP2","ENST00000483413"
"5131",10390,"ENSG00000134255","CEPT1","ENST00000483427"
"5132",92400,"ENSG00000119446","RBM18","ENST00000483428"
"5133",6856,"ENSG00000008282","SYPL1","ENST00000483448"
"5134",26577,"ENSG00000163710","PCOLCE2","ENST00000483454"
"5135",90780,"ENSG00000163348","PYGO2","ENST00000483463"
"5136",9886,"ENSG00000072422","RHOBTB1","ENST00000483488"
"5137",84632,"ENSG00000169129","AFAP1L2","ENST00000483496"
"5138",5357,"ENSG00000120756","PLS1","ENST00000483507"
"5139",347344,"ENSG00000197779","ZNF81","ENST00000483520"
"5140",56945,"ENSG00000175110","MRPS22","ENST00000483545"
"5141",60678,"ENSG00000132394","EEFSEC","ENST00000483569"
"5142",6136,"ENSG00000197958","RPL12","ENST00000483598"
"5143",93233,"ENSG00000105479","ODAD1","ENST00000483610"
"5144",27434,"ENSG00000122678","POLM","ENST00000483644"
"5145",653308,"ENSG00000204147","ASAH2B","ENST00000483649"
"5146",151313,"ENSG00000144199","FAHD2B","ENST00000483657"
"5147",9826,"ENSG00000132694","ARHGEF11","ENST00000483682"
"5148",5208,"ENSG00000123836","PFKFB2","ENST00000483688"
"5149",4168,"ENSG00000101977","MCF2","ENST00000483690"
"5150",5584,"ENSG00000163558","PRKCI","ENST00000483697"
"5151",9806,"ENSG00000107742","SPOCK2","ENST00000483699"
"5152",57710,"ENSG00000135835","KIAA1614","ENST00000483705"
"5153",7086,"ENSG00000163931","TKT","ENST00000483706"
"5154",54963,"ENSG00000198276","UCKL1","ENST00000483710"
"5155",221955,"ENSG00000164535","DAGLB","ENST00000483716"
"5156",113802,"ENSG00000162639","HENMT1","ENST00000483729"
"5157",29914,"ENSG00000120942","UBIAD1","ENST00000483738"
"5158",22837,"ENSG00000082438","COBLL1","ENST00000483743"
"5159",9941,"ENSG00000157036","EXOG","ENST00000483749"
"5160",10927,"ENSG00000106723","SPIN1","ENST00000483785"
"5161",5832,"ENSG00000059573","ALDH18A1","ENST00000483788"
"5162",28982,"ENSG00000162769","FLVCR1","ENST00000483790"
"5163",51710,"ENSG00000197857","ZNF44","ENST00000483826"
"5164",171568,"ENSG00000100413","POLR3H","ENST00000483837"
"5165",23560,"ENSG00000107937","GTPBP4","ENST00000483839"
"5166",255967,"ENSG00000152520","PAN3","ENST00000483842"
"5167",2521,"ENSG00000089280","FUS","ENST00000483853"
"5168",5142,"ENSG00000184588","PDE4B","ENST00000483863"
"5169",55818,"ENSG00000115548","KDM3A","ENST00000483866"
"5170",1308,"ENSG00000065618","COL17A1","ENST00000483876"
"5171",284992,"ENSG00000144395","CCDC150","ENST00000483877"
"5172",11196,"ENSG00000107651","SEC23IP","ENST00000483890"
"5173",10980,"ENSG00000168090","COPS6","ENST00000483891"
"5174",4175,"ENSG00000076003","MCM6","ENST00000483902"
"5175",79624,"ENSG00000146476","ARMT1","ENST00000483931"
"5176",4093,"ENSG00000120693","SMAD9","ENST00000483941"
"5177",1121,"ENSG00000188419","CHM","ENST00000483950"
"5178",26146,"ENSG00000204104","TRAF3IP1","ENST00000483951"
"5179",378108,"ENSG00000178809","TRIM73","ENST00000483979"
"5180",254428,"ENSG00000133065","SLC41A1","ENST00000484000"
"5181",5696,"ENSG00000204264","PSMB8","ENST00000484003"
"5182",126820,"ENSG00000162643","DNAI3","ENST00000484007"
"5183",293,"ENSG00000169100","SLC25A6","ENST00000484026"
"5184",203427,"ENSG00000077713","SLC25A43","ENST00000484058"
"5185",55006,"ENSG00000171103","TRMT61B","ENST00000484060"
"5186",51057,"ENSG00000143951","WDPCP","ENST00000484073"
"5187",54014,"ENSG00000185658","BRWD1","ENST00000484090"
"5188",23170,"ENSG00000100304","TTLL12","ENST00000484118"
"5189",57715,"ENSG00000095539","SEMA4G","ENST00000484128"
"5190",81606,"ENSG00000213626","LBH","ENST00000484150"
"5191",64218,"ENSG00000196189","SEMA4A","ENST00000484155"
"5192",155054,"ENSG00000204947","ZNF425","ENST00000484196"
"5193",29988,"ENSG00000136856","SLC2A8","ENST00000484208"
"5194",112770,"ENSG00000198715","GLMP","ENST00000484214"
"5195",115560,"ENSG00000186446","ZNF501","ENST00000484233"
"5196",1647,"ENSG00000116717","GADD45A","ENST00000484245"
"5197",274,"ENSG00000136717","BIN1","ENST00000484253"
"5198",10460,"ENSG00000013810","TACC3","ENST00000484264"
"5199",10657,"ENSG00000121774","KHDRBS1","ENST00000484270"
"5200",8491,"ENSG00000011566","MAP4K3","ENST00000484274"
"5201",253832,"ENSG00000180776","ZDHHC20","ENST00000484277"
"5202",5872,"ENSG00000143545","RAB13","ENST00000484297"
"5203",4691,"ENSG00000115053","NCL","ENST00000484328"
"5204",115557,"ENSG00000240771","ARHGEF25","ENST00000484357"
"5205",84695,"ENSG00000115318","LOXL3","ENST00000484369"
"5206",3107,"ENSG00000204525","HLA-C","ENST00000484378"
"5207",5929,"ENSG00000117222","RBBP5","ENST00000484379"
"5208",4236,"ENSG00000140259","MFAP1","ENST00000484386"
"5209",169044,"ENSG00000169436","COL22A1","ENST00000484387"
"5210",168451,"ENSG00000177683","THAP5","ENST00000484452"
"5211",6242,"ENSG00000114993","RTKN","ENST00000484453"
"5212",28985,"ENSG00000232119","MCTS1","ENST00000484481"
"5213",23118,"ENSG00000055208","TAB2","ENST00000484505"
"5214",219293,"ENSG00000215915","ATAD3C","ENST00000484537"
"5215",780,"ENSG00000204580","DDR1","ENST00000484556"
"5216",79654,"ENSG00000126107","HECTD3","ENST00000484564"
"5217",84619,"ENSG00000197114","ZGPAT","ENST00000484569"
"5218",130507,"ENSG00000144357","UBR3","ENST00000484596"
"5219",25793,"ENSG00000100225","FBXO7","ENST00000484607"
"5220",6206,"ENSG00000112306","RPS12","ENST00000484616"
"5221",54453,"ENSG00000132669","RIN2","ENST00000484638"
"5222",79159,"ENSG00000273899","NOL12","ENST00000484650"
"5223",57801,"ENSG00000188290","HES4","ENST00000484667"
"5224",58490,"ENSG00000101413","RPRD1B","ENST00000484683"
"5225",10211,"ENSG00000137312","FLOT1","ENST00000484693"
"5226",1196,"ENSG00000176444","CLK2","ENST00000484699"
"5227",221336,"ENSG00000151917","BEND6","ENST00000484701"
"5228",139728,"ENSG00000130822","PNCK","ENST00000484705"
"5229",781,"ENSG00000153956","CACNA2D1","ENST00000484706"
"5230",158427,"ENSG00000136925","TSTD2","ENST00000484708"
"5231",10276,"ENSG00000173848","NET1","ENST00000484741"
"5232",493,"ENSG00000058668","ATP2B4","ENST00000484746"
"5233",91522,"ENSG00000050767","COL23A1","ENST00000484750"
"5234",55069,"ENSG00000106609","TMEM248","ENST00000484751"
"5235",11128,"ENSG00000148606","POLR3A","ENST00000484760"
"5236",10726,"ENSG00000090273","NUDC","ENST00000484772"
"5237",4664,"ENSG00000138386","NAB1","ENST00000484774"
"5238",54952,"ENSG00000180098","TRNAU1AP","ENST00000484775"
"5239",9898,"ENSG00000143569","UBAP2L","ENST00000484819"
"5240",5431,"ENSG00000047315","POLR2B","ENST00000484821"
"5241",23780,"ENSG00000128335","APOL2","ENST00000484830"
"5242",84960,"ENSG00000213213","CCDC183","ENST00000484858"
"5243",55816,"ENSG00000101134","DOK5","ENST00000484860"
"5244",89872,"ENSG00000143595","AQP10","ENST00000484864"
"5245",56894,"ENSG00000160216","AGPAT3","ENST00000484865"
"5246",149041,"ENSG00000135870","RC3H1","ENST00000484867"
"5247",10256,"ENSG00000142675","CNKSR1","ENST00000484874"
"5248",5925,"ENSG00000139687","RB1","ENST00000484879"
"5249",56896,"ENSG00000157851","DPYSL5","ENST00000484882"
"5250",537,"ENSG00000071553","ATP6AP1","ENST00000484908"
"5251",6150,"ENSG00000214026","MRPL23","ENST00000484918"
"5252",57477,"ENSG00000158352","SHROOM4","ENST00000484922"
"5253",5496,"ENSG00000115241","PPM1G","ENST00000484925"
"5254",843,"ENSG00000003400","CASP10","ENST00000484926"
"5255",8555,"ENSG00000081377","CDC14B","ENST00000484948"
"5256",2317,"ENSG00000136068","FLNB","ENST00000484981"
"5257",23029,"ENSG00000188739","RBM34","ENST00000485019"
"5258",10286,"ENSG00000116752","BCAS2","ENST00000485021"
"5259",57002,"ENSG00000241127","YAE1","ENST00000485025"
"5260",80263,"ENSG00000134253","TRIM45","ENST00000485032"
"5261",197258,"ENSG00000157353","FCSK","ENST00000485034"
"5262",55653,"ENSG00000124243","BCAS4","ENST00000485049"
"5263",6418,"ENSG00000119335","SET","ENST00000485056"
"5264",142940,"ENSG00000165832","TRUB1","ENST00000485065"
"5265",10600,"ENSG00000156256","USP16","ENST00000485067"
"5266",10290,"ENSG00000072195","SPEG","ENST00000485069"
"5267",23332,"ENSG00000074054","CLASP1","ENST00000485112"
"5268",55287,"ENSG00000088726","TMEM40","ENST00000485124"
"5269",84283,"ENSG00000163472","TMEM79","ENST00000485135"
"5270",55787,"ENSG00000086712","TXLNG","ENST00000485153"
"5271",7837,"ENSG00000130508","PXDN","ENST00000485177"
"5272",8239,"ENSG00000124486","USP9X","ENST00000485180"
"5273",79587,"ENSG00000134905","CARS2","ENST00000485188"
"5274",7128,"ENSG00000118503","TNFAIP3","ENST00000485192"
"5275",51650,"ENSG00000090263","MRPS33","ENST00000485202"
"5276",85395,"ENSG00000160256","SLX9","ENST00000485207"
"5277",285237,"ENSG00000179021","C3orf38","ENST00000485219"
"5278",23432,"ENSG00000143147","GPR161","ENST00000485232"
"5279",80142,"ENSG00000148334","PTGES2","ENST00000485237"
"5280",131544,"ENSG00000080200","CRYBG3","ENST00000485253"
"5281",27255,"ENSG00000134115","CNTN6","ENST00000485257"
"5282",55791,"ENSG00000121931","LRIF1","ENST00000485275"
"5283",27005,"ENSG00000143258","USP21","ENST00000485277"
"5284",29941,"ENSG00000160447","PKN3","ENST00000485301"
"5285",57159,"ENSG00000138100","TRIM54","ENST00000485306"
"5286",10491,"ENSG00000170275","CRTAP","ENST00000485310"
"5287",22908,"ENSG00000211456","SACM1L","ENST00000485311"
"5288",22949,"ENSG00000106853","PTGR1","ENST00000485319"
"5289",158431,"ENSG00000196597","ZNF782","ENST00000485322"
"5290",7580,"ENSG00000169740","ZNF32","ENST00000485351"
"5291",440574,"ENSG00000173436","MICOS10","ENST00000485362"
"5292",23387,"ENSG00000160584","SIK3","ENST00000485363"
"5293",140688,"ENSG00000197183","NOL4L","ENST00000485364"
"5294",10467,"ENSG00000106400","ZNHIT1","ENST00000485387"
"5295",23233,"ENSG00000144036","EXOC6B","ENST00000485398"
"5296",24137,"ENSG00000090889","KIF4A","ENST00000485406"
"5297",387921,"ENSG00000188811","NHLRC3","ENST00000485407"
"5298",58515,"ENSG00000113811","SELENOK","ENST00000485414"
"5299",9747,"ENSG00000198420","TCAF1","ENST00000485416"
"5300",25798,"ENSG00000164713","BRI3","ENST00000485422"
"5301",140456,"ENSG00000165192","ASB11","ENST00000485437"
"5302",10550,"ENSG00000144746","ARL6IP5","ENST00000485444"
"5303",154743,"ENSG00000164603","BMT2","ENST00000485446"
"5304",57332,"ENSG00000141570","CBX8","ENST00000485449"
"5305",51652,"ENSG00000115561","CHMP3","ENST00000485465"
"5306",79623,"ENSG00000158089","GALNT14","ENST00000485468"
"5307",387893,"ENSG00000183955","KMT5A","ENST00000485469"
"5308",2115,"ENSG00000006468","ETV1","ENST00000485475"
"5309",10234,"ENSG00000128606","LRRC17","ENST00000485478"
"5310",51460,"ENSG00000163935","SFMBT1","ENST00000485494"
"5311",25945,"ENSG00000177707","NECTIN3","ENST00000485506"
"5312",4601,"ENSG00000119950","MXI1","ENST00000485566"
"5313",989,"ENSG00000122545","SEPTIN7","ENST00000485569"
"5314",4034,"ENSG00000077454","LRCH4","ENST00000485583"
"5315",221785,"ENSG00000197037","ZSCAN25","ENST00000485586"
"5316",56654,"ENSG00000107281","NPDC1","ENST00000485589"
"5317",286410,"ENSG00000101974","ATP11C","ENST00000485626"
"5318",23786,"ENSG00000099968","BCL2L13","ENST00000485631"
"5319",55388,"ENSG00000065328","MCM10","ENST00000485659"
"5320",57461,"ENSG00000240682","ISY1","ENST00000485703"
"5321",10500,"ENSG00000143434","SEMA6C","ENST00000485745"
"5322",6144,"ENSG00000122026","RPL21","ENST00000485756"
"5323",84870,"ENSG00000146374","RSPO3","ENST00000485757"
"5324",445815,"ENSG00000157654","PALM2AKAP2","ENST00000485762"
"5325",7520,"ENSG00000079246","XRCC5","ENST00000485763"
"5326",166336,"ENSG00000163637","PRICKLE2","ENST00000485770"
"5327",9317,"ENSG00000165983","PTER","ENST00000485788"
"5328",57466,"ENSG00000156304","SCAF4","ENST00000485790"
"5329",55119,"ENSG00000134186","PRPF38B","ENST00000485810"
"5330",11062,"ENSG00000105865","DUS4L","ENST00000485825"
"5331",80055,"ENSG00000197121","PGAP1","ENST00000485830"
"5332",5709,"ENSG00000108344","PSMD3","ENST00000485835"
"5333",11138,"ENSG00000204634","TBC1D8","ENST00000485851"
"5334",27044,"ENSG00000197157","SND1","ENST00000485871"
"5335",4340,"ENSG00000204655","MOG","ENST00000485885"
"5336",89853,"ENSG00000196814","MVB12B","ENST00000485886"
"5337",23623,"ENSG00000160753","RUSC1","ENST00000485924"
"5338",81932,"ENSG00000119431","HDHD3","ENST00000485934"
"5339",55304,"ENSG00000172296","SPTLC3","ENST00000485952"
"5340",64102,"ENSG00000000005","TNMD","ENST00000485971"
"5341",27237,"ENSG00000130762","ARHGEF16","ENST00000485984"
"5342",64327,"ENSG00000105983","LMBR1","ENST00000485985"
"5343",221749,"ENSG00000168994","PXDC1","ENST00000485986"
"5344",8898,"ENSG00000087053","MTMR2","ENST00000485988"
"5345",84932,"ENSG00000129472","RAB2B","ENST00000485996"
"5346",522,"ENSG00000154723","ATP5PF","ENST00000486002"
"5347",81557,"ENSG00000187243","MAGED4B","ENST00000486010"
"5348",10077,"ENSG00000064201","TSPAN32","ENST00000486011"
"5349",1291,"ENSG00000142156","COL6A1","ENST00000486023"
"5350",7841,"ENSG00000115275","MOGS","ENST00000486036"
"5351",27131,"ENSG00000089006","SNX5","ENST00000486039"
"5352",84289,"ENSG00000168395","ING5","ENST00000486061"
"5353",100131187,"ENSG00000215845","TSTD1","ENST00000486084"
"5354",9569,"ENSG00000006704","GTF2IRD1","ENST00000486086"
"5355",6675,"ENSG00000117143","UAP1","ENST00000486089"
"5356",7268,"ENSG00000243725","TTC4","ENST00000486091"
"5357",55660,"ENSG00000196504","PRPF40A","ENST00000486100"
"5358",90693,"ENSG00000169193","CCDC126","ENST00000486109"
"5359",78996,"ENSG00000122783","CYREN","ENST00000486115"
"5360",64434,"ENSG00000146909","NOM1","ENST00000486131"
"5361",64689,"ENSG00000114745","GORASP1","ENST00000486133"
"5362",23646,"ENSG00000105223","PLD3","ENST00000486134"
"5363",84693,"ENSG00000124370","MCEE","ENST00000486135"
"5364",57489,"ENSG00000122417","ODF2L","ENST00000486215"
"5365",127829,"ENSG00000143862","ARL8A","ENST00000486225"
"5366",10049,"ENSG00000105993","DNAJB6","ENST00000486247"
"5367",8502,"ENSG00000144283","PKP4","ENST00000486254"
"5368",10422,"ENSG00000130560","UBAC1","ENST00000486258"
"5369",51497,"ENSG00000101158","NELFCD","ENST00000486263"
"5370",51131,"ENSG00000136147","PHF11","ENST00000486276"
"5371",23264,"ENSG00000100403","ZC3H7B","ENST00000486331"
"5372",54069,"ENSG00000159055","MIS18A","ENST00000486363"
"5373",9616,"ENSG00000114125","RNF7","ENST00000486377"
"5374",79095,"ENSG00000171159","BBLN","ENST00000486420"
"5375",6811,"ENSG00000162236","STX5","ENST00000486437"
"5376",1267,"ENSG00000173786","CNP","ENST00000486438"
"5377",89953,"ENSG00000137171","KLC4","ENST00000486439"
"5378",112812,"ENSG00000267673","FDX2","ENST00000486454"
"5379",51248,"ENSG00000120509","PDZD11","ENST00000486461"
"5380",57568,"ENSG00000116991","SIPA1L2","ENST00000486472"
"5381",222696,"ENSG00000187987","ZSCAN23","ENST00000486481"
"5382",56342,"ENSG00000130810","PPAN","ENST00000486482"
"5383",26003,"ENSG00000115806","GORASP2","ENST00000486498"
"5384",808,"ENSG00000160014","CALM3","ENST00000486500"
"5385",10039,"ENSG00000041880","PARP3","ENST00000486510"
"5386",3399,"ENSG00000117318","ID3","ENST00000486541"
"5387",6159,"ENSG00000162244","RPL29","ENST00000486565"
"5388",5902,"ENSG00000099901","RANBP1","ENST00000486575"
"5389",55223,"ENSG00000116525","TRIM62","ENST00000486583"
"5390",255488,"ENSG00000137393","RNF144B","ENST00000486622"
"5391",10989,"ENSG00000132305","IMMT","ENST00000486633"
"5392",5511,"ENSG00000117751","PPP1R8","ENST00000486634"
"5393",4301,"ENSG00000130396","AFDN","ENST00000486649"
"5394",27074,"ENSG00000078081","LAMP3","ENST00000486686"
"5395",26994,"ENSG00000123091","RNF11","ENST00000486691"
"5396",23607,"ENSG00000198087","CD2AP","ENST00000486693"
"5397",29959,"ENSG00000115216","NRBP1","ENST00000486701"
"5398",55869,"ENSG00000147099","HDAC8","ENST00000486704"
"5399",333926,"ENSG00000155367","PPM1J","ENST00000486709"
"5400",10051,"ENSG00000113810","SMC4","ENST00000486711"
"5401",23288,"ENSG00000106012","IQCE","ENST00000486730"
"5402",91748,"ENSG00000156030","MIDEAS","ENST00000486739"
"5403",23456,"ENSG00000135776","ABCB10","ENST00000486755"
"5404",10541,"ENSG00000136938","ANP32B","ENST00000486769"
"5405",79133,"ENSG00000101247","NDUFAF5","ENST00000486772"
"5406",483,"ENSG00000069849","ATP1B3","ENST00000486782"
"5407",1838,"ENSG00000138101","DTNB","ENST00000486826"
"5408",50650,"ENSG00000163947","ARHGEF3","ENST00000486829"
"5409",5528,"ENSG00000112640","PPP2R5D","ENST00000486843"
"5410",402778,"ENSG00000244242","IFITM10","ENST00000486852"
"5411",83862,"ENSG00000189077","TMEM120A","ENST00000486865"
"5412",9670,"ENSG00000117408","IPO13","ENST00000486876"
"5413",90102,"ENSG00000144824","PHLDB2","ENST00000486886"
"5414",6835,"ENSG00000148291","SURF2","ENST00000486887"
"5415",66035,"ENSG00000133460","SLC2A11","ENST00000486907"
"5416",84173,"ENSG00000115459","ELMOD3","ENST00000486908"
"5417",65260,"ENSG00000162377","COA7","ENST00000486918"
"5418",83548,"ENSG00000136152","COG3","ENST00000486940"
"5419",5362,"ENSG00000076356","PLXNA2","ENST00000486969"
"5420",644,"ENSG00000106605","BLVRA","ENST00000486984"
"5421",80313,"ENSG00000148814","LRRC27","ENST00000487000"
"5422",64284,"ENSG00000124839","RAB17","ENST00000487008"
"5423",1281,"ENSG00000168542","COL3A1","ENST00000487010"
"5424",81627,"ENSG00000121486","TRMT1L","ENST00000487028"
"5425",11017,"ENSG00000124380","SNRNP27","ENST00000487029"
"5426",8882,"ENSG00000109917","ZPR1","ENST00000487030"
"5427",84545,"ENSG00000055950","MRPL43","ENST00000487059"
"5428",285761,"ENSG00000164465","DCBLD1","ENST00000487076"
"5429",51510,"ENSG00000086065","CHMP5","ENST00000487080"
"5430",55634,"ENSG00000147121","KRBOX4","ENST00000487081"
"5431",387640,"ENSG00000180592","SKIDA1","ENST00000487107"
"5432",55700,"ENSG00000116871","MAP7D1","ENST00000487114"
"5433",90411,"ENSG00000180398","MCFD2","ENST00000487121"
"5434",96626,"ENSG00000256977","LIMS3","ENST00000487150"
"5435",10289,"ENSG00000114784","EIF1B","ENST00000487151"
"5436",56063,"ENSG00000160055","TMEM234","ENST00000487174"
"5437",9341,"ENSG00000049245","VAMP3","ENST00000487194"
"5438",79094,"ENSG00000128965","CHAC1","ENST00000487220"
"5439",840,"ENSG00000165806","CASP7","ENST00000487232"
"5440",23585,"ENSG00000183726","TMEM50A","ENST00000487234"
"5441",5997,"ENSG00000116741","RGS2","ENST00000487236"
"5442",1870,"ENSG00000007968","E2F2","ENST00000487237"
"5443",81844,"ENSG00000169871","TRIM56","ENST00000487252"
"5444",25981,"ENSG00000114841","DNAH1","ENST00000487254"
"5445",201626,"ENSG00000174840","PDE12","ENST00000487257"
"5446",93081,"ENSG00000151287","TEX30","ENST00000487260"
"5447",2551,"ENSG00000154727","GABPA","ENST00000487266"
"5448",63877,"ENSG00000165669","FAM204A","ENST00000487269"
"5449",51634,"ENSG00000134597","RBMX2","ENST00000487274"
"5450",81502,"ENSG00000101294","HM13","ENST00000487281"
"5451",1523,"ENSG00000257923","CUX1","ENST00000487284"
"5452",7456,"ENSG00000115935","WIPF1","ENST00000487291"
"5453",6890,"ENSG00000168394","TAP1","ENST00000487296"
"5454",6723,"ENSG00000116649","SRM","ENST00000487300"
"5455",3717,"ENSG00000096968","JAK2","ENST00000487310"
"5456",10109,"ENSG00000163466","ARPC2","ENST00000487321"
"5457",9127,"ENSG00000099957","P2RX6","ENST00000487342"
"5458",9675,"ENSG00000101407","TTI1","ENST00000487362"
"5459",57130,"ENSG00000105726","ATP13A1","ENST00000487364"
"5460",539,"ENSG00000241837","ATP5PO","ENST00000487374"
"5461",151613,"ENSG00000163728","TTC14","ENST00000487397"
"5462",375611,"ENSG00000170615","SLC26A5","ENST00000487407"
"5463",9254,"ENSG00000007402","CACNA2D2","ENST00000487413"
"5464",4521,"ENSG00000106268","NUDT1","ENST00000487426"
"5465",7461,"ENSG00000106665","CLIP2","ENST00000487447"
"5466",7799,"ENSG00000116731","PRDM2","ENST00000487453"
"5467",130814,"ENSG00000162976","SLC66A3","ENST00000487471"
"5468",129080,"ENSG00000186998","EMID1","ENST00000487477"
"5469",30968,"ENSG00000165283","STOML2","ENST00000487490"
"5470",57134,"ENSG00000117643","MAN1C1","ENST00000487493"
"5471",23013,"ENSG00000065526","SPEN","ENST00000487496"
"5472",63908,"ENSG00000125814","NAPB","ENST00000487502"
"5473",254295,"ENSG00000175287","PHYHD1","ENST00000487504"
"5474",6924,"ENSG00000011007","ELOA","ENST00000487554"
"5475",54206,"ENSG00000116285","ERRFI1","ENST00000487559"
"5476",80145,"ENSG00000163634","THOC7","ENST00000487570"
"5477",54329,"ENSG00000164604","GPR85","ENST00000487573"
"5478",51351,"ENSG00000152926","ZNF117","ENST00000487644"
"5479",26985,"ENSG00000185009","AP3M1","ENST00000487653"
"5480",11235,"ENSG00000114209","PDCD10","ENST00000487678"
"5481",65980,"ENSG00000028310","BRD9","ENST00000487688"
"5482",131408,"ENSG00000175182","FAM131A","ENST00000487702"
"5483",339210,"ENSG00000214226","C17orf67","ENST00000487705"
"5484",8935,"ENSG00000005020","SKAP2","ENST00000487720"
"5485",26225,"ENSG00000162980","ARL5A","ENST00000487723"
"5486",29993,"ENSG00000124507","PACSIN1","ENST00000487760"
"5487",54812,"ENSG00000119844","AFTPH","ENST00000487769"
"5488",983,"ENSG00000170312","CDK1","ENST00000487784"
"5489",10617,"ENSG00000124356","STAMBP","ENST00000487811"
"5490",9725,"ENSG00000196187","TMEM63A","ENST00000487817"
"5491",2534,"ENSG00000010810","FYN","ENST00000487824"
"5492",7726,"ENSG00000234127","TRIM26","ENST00000487829"
"5493",28984,"ENSG00000102760","RGCC","ENST00000487837"
"5494",6322,"ENSG00000047634","SCML1","ENST00000487842"
"5495",64744,"ENSG00000084070","SMAP2","ENST00000487871"
"5496",53938,"ENSG00000240344","PPIL3","ENST00000487879"
"5497",10425,"ENSG00000177479","ARIH2","ENST00000487891"
"5498",7295,"ENSG00000136810","TXN","ENST00000487892"
"5499",11124,"ENSG00000185104","FAF1","ENST00000487898"
"5500",257144,"ENSG00000174500","GCSAM","ENST00000487901"
"5501",11146,"ENSG00000174842","GLMN","ENST00000487911"
"5502",4337,"ENSG00000124615","MOCS1","ENST00000487924"
"5503",6048,"ENSG00000204308","RNF5","ENST00000487940"
"5504",23511,"ENSG00000095319","NUP188","ENST00000487952"
"5505",79174,"ENSG00000184164","CRELD2","ENST00000487969"
"5506",9672,"ENSG00000162512","SDC3","ENST00000487984"
"5507",25936,"ENSG00000117697","NSL1","ENST00000487995"
"5508",80772,"ENSG00000224051","CPTP","ENST00000488011"
"5509",51200,"ENSG00000128510","CPA4","ENST00000488025"
"5510",7292,"ENSG00000117586","TNFSF4","ENST00000488053"
"5511",84450,"ENSG00000243943","ZNF512","ENST00000488055"
"5512",152006,"ENSG00000137075","RNF38","ENST00000488058"
"5513",56910,"ENSG00000084090","STARD7","ENST00000488084"
"5514",26507,"ENSG00000119946","CNNM1","ENST00000488090"
"5515",116931,"ENSG00000144893","MED12L","ENST00000488092"
"5516",4232,"ENSG00000106484","MEST","ENST00000488093"
"5517",92703,"ENSG00000163444","TMEM183A","ENST00000488097"
"5518",25807,"ENSG00000100263","RHBDD3","ENST00000488106"
"5519",23564,"ENSG00000213722","DDAH2","ENST00000488119"
"5520",6176,"ENSG00000137818","RPLP1","ENST00000488122"
"5521",201595,"ENSG00000163527","STT3B","ENST00000488151"
"5522",378,"ENSG00000168374","ARF4","ENST00000488156"
"5523",27348,"ENSG00000136816","TOR1B","ENST00000488169"
"5524",11113,"ENSG00000122966","CIT","ENST00000488203"
"5525",9521,"ENSG00000124802","EEF1E1","ENST00000488226"
"5526",54856,"ENSG00000116580","GON4L","ENST00000488251"
"5527",23355,"ENSG00000156931","VPS8","ENST00000488255"
"5528",3730,"ENSG00000011201","ANOS1","ENST00000488294"
"5529",9643,"ENSG00000123562","MORF4L2","ENST00000488331"
"5530",51614,"ENSG00000125991","ERGIC3","ENST00000488384"
"5531",55847,"ENSG00000122873","CISD1","ENST00000488388"
"5532",6637,"ENSG00000143977","SNRPG","ENST00000488400"
"5533",9877,"ENSG00000058673","ZC3H11A","ENST00000488411"
"5534",2592,"ENSG00000213930","GALT","ENST00000488412"
"5535",118424,"ENSG00000160087","UBE2J2","ENST00000488418"
"5536",55102,"ENSG00000066739","ATG2B","ENST00000488421"
"5537",401494,"ENSG00000188921","HACD4","ENST00000488436"
"5538",255104,"ENSG00000162542","TMCO4","ENST00000488449"
"5539",51118,"ENSG00000183520","UTP11","ENST00000488453"
"5540",339804,"ENSG00000237651","C2orf74","ENST00000488469"
"5541",8260,"ENSG00000102030","NAA10","ENST00000488481"
"5542",53354,"ENSG00000152782","PANK1","ENST00000488482"
"5543",29889,"ENSG00000134697","GNL2","ENST00000488496"
"5544",573,"ENSG00000107262","BAG1","ENST00000488499"
"5545",7267,"ENSG00000182670","TTC3","ENST00000488522"
"5546",8470,"ENSG00000154556","SORBS2","ENST00000488562"
"5547",200558,"ENSG00000169621","APLF","ENST00000488585"
"5548",55578,"ENSG00000102710","SUPT20H","ENST00000488590"
"5549",6387,"ENSG00000107562","CXCL12","ENST00000488591"
"5550",22955,"ENSG00000010803","SCMH1","ENST00000488592"
"5551",9926,"ENSG00000123684","LPGAT1","ENST00000488600"
"5552",117583,"ENSG00000116117","PARD3B","ENST00000488622"
"5553",84270,"ENSG00000165233","CARD19","ENST00000488630"
"5554",10630,"ENSG00000162493","PDPN","ENST00000488631"
"5555",26509,"ENSG00000138119","MYOF","ENST00000488645"
"5556",57493,"ENSG00000173706","HEG1","ENST00000488654"
"5557",51478,"ENSG00000132196","HSD17B7","ENST00000488656"
"5558",25851,"ENSG00000205356","TECPR1","ENST00000488667"
"5559",7205,"ENSG00000087077","TRIP6","ENST00000488670"
"5560",57691,"ENSG00000168116","KIAA1586","ENST00000488682"
"5561",57669,"ENSG00000115109","EPB41L5","ENST00000488691"
"5562",51654,"ENSG00000101391","CDK5RAP1","ENST00000488723"
"5563",56902,"ENSG00000115946","PNO1","ENST00000488728"
"5564",26164,"ENSG00000101181","MTG2","ENST00000488748"
"5565",23263,"ENSG00000126217","MCF2L","ENST00000488765"
"5566",63933,"ENSG00000050393","MCUR1","ENST00000488770"
"5567",128710,"ENSG00000149346","SLX4IP","ENST00000488816"
"5568",80210,"ENSG00000135931","ARMC9","ENST00000488821"
"5569",2947,"ENSG00000134202","GSTM3","ENST00000488824"
"5570",1114,"ENSG00000089199","CHGB","ENST00000488832"
"5571",79065,"ENSG00000198925","ATG9A","ENST00000488833"
"5572",94097,"ENSG00000144040","SFXN5","ENST00000488839"
"5573",128240,"ENSG00000163382","NAXE","ENST00000488840"
"5574",8682,"ENSG00000162734","PEA15","ENST00000488858"
"5575",10454,"ENSG00000100324","TAB1","ENST00000488859"
"5576",5495,"ENSG00000138032","PPM1B","ENST00000488866"
"5577",22826,"ENSG00000126698","DNAJC8","ENST00000488868"
"5578",51668,"ENSG00000081870","IFT25","ENST00000488884"
"5579",79939,"ENSG00000127526","SLC35E1","ENST00000488894"
"5580",55076,"ENSG00000181458","TMEM45A","ENST00000488904"
"5581",4957,"ENSG00000136811","ODF2","ENST00000488909"
"5582",64422,"ENSG00000144848","ATG3","ENST00000488910"
"5583",7988,"ENSG00000170260","ZNF212","ENST00000488917"
"5584",845,"ENSG00000118729","CASQ2","ENST00000488931"
"5585",9128,"ENSG00000136875","PRPF4","ENST00000488937"
"5586",81849,"ENSG00000117069","ST6GALNAC5","ENST00000488940"
"5587",57403,"ENSG00000124209","RAB22A","ENST00000488949"
"5588",1844,"ENSG00000158050","DUSP2","ENST00000488952"
"5589",590,"ENSG00000114200","BCHE","ENST00000488954"
"5590",1408,"ENSG00000121671","CRY2","ENST00000488962"
"5591",6342,"ENSG00000116171","SCP2","ENST00000488965"
"5592",59,"ENSG00000107796","ACTA2","ENST00000488967"
"5593",51560,"ENSG00000154917","RAB6B","ENST00000488969"
"5594",4763,"ENSG00000196712","NF1","ENST00000488981"
"5595",27252,"ENSG00000076321","KLHL20","ENST00000488983"
"5596",5010,"ENSG00000013297","CLDN11","ENST00000488989"
"5597",63926,"ENSG00000132623","ANKEF1","ENST00000488991"
"5598",57639,"ENSG00000135205","CCDC146","ENST00000488998"
"5599",55954,"ENSG00000100319","ZMAT5","ENST00000489010"
"5600",55450,"ENSG00000162545","CAMK2N1","ENST00000489020"
"5601",57704,"ENSG00000070610","GBA2","ENST00000489025"
"5602",4703,"ENSG00000183091","NEB","ENST00000489048"
"5603",4209,"ENSG00000116604","MEF2D","ENST00000489057"
"5604",92949,"ENSG00000178031","ADAMTSL1","ENST00000489062"
"5605",6717,"ENSG00000075142","SRI","ENST00000489079"
"5606",256356,"ENSG00000175066","GK5","ENST00000489085"
"5607",10455,"ENSG00000198721","ECI2","ENST00000489086"
"5608",286343,"ENSG00000153714","LURAP1L","ENST00000489107"
"5609",84196,"ENSG00000090686","USP48","ENST00000489108"
"5610",81853,"ENSG00000137210","TMEM14B","ENST00000489137"
"5611",11097,"ENSG00000136243","NUP42","ENST00000489145"
"5612",54507,"ENSG00000143382","ADAMTSL4","ENST00000489159"
"5613",132158,"ENSG00000168237","GLYCTK","ENST00000489173"
"5614",3753,"ENSG00000180509","KCNE1","ENST00000489175"
"5615",214,"ENSG00000170017","ALCAM","ENST00000489178"
"5616",1738,"ENSG00000091140","DLD","ENST00000489184"
"5617",9295,"ENSG00000116754","SRSF11","ENST00000489188"
"5618",148362,"ENSG00000162819","BROX","ENST00000489191"
"5619",64921,"ENSG00000127995","CASD1","ENST00000489196"
"5620",51734,"ENSG00000198736","MSRB1","ENST00000489198"
"5621",5826,"ENSG00000119688","ABCD4","ENST00000489207"
"5622",115201,"ENSG00000101844","ATG4A","ENST00000489247"
"5623",170384,"ENSG00000196968","FUT11","ENST00000489264"
"5624",114803,"ENSG00000162601","MYSM1","ENST00000489282"
"5625",8543,"ENSG00000143013","LMO4","ENST00000489303"
"5626",2224,"ENSG00000160752","FDPS","ENST00000489324"
"5627",80705,"ENSG00000135951","TSGA10","ENST00000489348"
"5628",3988,"ENSG00000107798","LIPA","ENST00000489359"
"5629",284309,"ENSG00000152443","ZNF776","ENST00000489376"
"5630",10938,"ENSG00000110047","EHD1","ENST00000489379"
"5631",22913,"ENSG00000125970","RALY","ENST00000489384"
"5632",9179,"ENSG00000221838","AP4M1","ENST00000489387"
"5633",51692,"ENSG00000119203","CPSF3","ENST00000489403"
"5634",6173,"ENSG00000241343","RPL36A","ENST00000489407"
"5635",117145,"ENSG00000159445","THEM4","ENST00000489410"
"5636",128308,"ENSG00000162910","MRPL55","ENST00000489430"
"5637",23433,"ENSG00000119729","RHOQ","ENST00000489448"
"5638",29078,"ENSG00000123545","NDUFAF4","ENST00000489477"
"5639",22823,"ENSG00000143033","MTF2","ENST00000489480"
"5640",118987,"ENSG00000165650","PDZD8","ENST00000489491"
"5641",108,"ENSG00000078295","ADCY2","ENST00000489501"
"5642",23505,"ENSG00000075568","TMEM131","ENST00000489507"
"5643",100289678,"ENSG00000204946","ZNF783","ENST00000489518"
"5644",9567,"ENSG00000100226","GTPBP1","ENST00000489527"
"5645",79677,"ENSG00000163029","SMC6","ENST00000489535"
"5646",30,"ENSG00000060971","ACAA1","ENST00000489559"
"5647",24140,"ENSG00000068438","FTSJ1","ENST00000489599"
"5648",8394,"ENSG00000143398","PIP5K1A","ENST00000489625"
"5649",57325,"ENSG00000149474","KAT14","ENST00000489634"
"5650",222950,"ENSG00000166924","NYAP1","ENST00000489641"
"5651",373156,"ENSG00000197448","GSTK1","ENST00000489654"
"5652",84913,"ENSG00000168874","ATOH8","ENST00000489682"
"5653",54552,"ENSG00000130119","GNL3L","ENST00000489691"
"5654",2209,"ENSG00000150337","FCGR1A","ENST00000489704"
"5655",85014,"ENSG00000244187","TMEM141","ENST00000489739"
"5656",805,"ENSG00000143933","CALM2","ENST00000489742"
"5657",348801,"ENSG00000206535","LNP1","ENST00000489752"
"5658",51250,"ENSG00000130349","MTRES1","ENST00000489790"
"5659",9328,"ENSG00000148308","GTF3C5","ENST00000489842"
"5660",7203,"ENSG00000163468","CCT3","ENST00000489870"
"5661",9439,"ENSG00000112282","MED23","ENST00000489888"
"5662",23381,"ENSG00000198952","SMG5","ENST00000489907"
"5663",84967,"ENSG00000181817","LSM10","ENST00000489912"
"5664",83890,"ENSG00000145757","SPATA9","ENST00000489917"
"5665",63874,"ENSG00000100439","ABHD4","ENST00000489928"
"5666",404636,"ENSG00000119979","DENND10","ENST00000489936"
"5667",7280,"ENSG00000137267","TUBB2A","ENST00000489942"
"5668",84626,"ENSG00000133619","KRBA1","ENST00000489951"
"5669",79656,"ENSG00000162373","BEND5","ENST00000489956"
"5670",55624,"ENSG00000085998","POMGNT1","ENST00000489985"
"5671",84129,"ENSG00000240303","ACAD11","ENST00000489991"
"5672",23063,"ENSG00000062650","WAPL","ENST00000489996"
"5673",51122,"ENSG00000114744","COMMD2","ENST00000490008"
"5674",8510,"ENSG00000189409","MMP23B","ENST00000490017"
"5675",4841,"ENSG00000147140","NONO","ENST00000490044"
"5676",4862,"ENSG00000170485","NPAS2","ENST00000490052"
"5677",55213,"ENSG00000136144","RCBTB1","ENST00000490058"
"5678",55973,"ENSG00000075790","BCAP29","ENST00000490060"
"5679",2071,"ENSG00000163161","ERCC3","ENST00000490062"
"5680",220963,"ENSG00000165449","SLC16A9","ENST00000490066"
"5681",646851,"ENSG00000184949","FAM227A","ENST00000490082"
"5682",2678,"ENSG00000100031","GGT1","ENST00000490087"
"5683",7327,"ENSG00000184787","UBE2G2","ENST00000490091"
"5684",155066,"ENSG00000171130","ATP6V0E2","ENST00000490092"
"5685",84284,"ENSG00000135778","NTPCR","ENST00000490098"
"5686",54890,"ENSG00000091542","ALKBH5","ENST00000490106"
"5687",6252,"ENSG00000139970","RTN1","ENST00000490111"
"5688",57148,"ENSG00000170471","RALGAPB","ENST00000490114"
"5689",23559,"ENSG00000239779","WBP1","ENST00000490120"
"5690",441024,"ENSG00000163738","MTHFD2L","ENST00000490128"
"5691",7286,"ENSG00000143367","TUFT1","ENST00000490156"
"5692",8460,"ENSG00000169902","TPST1","ENST00000490159"
"5693",84333,"ENSG00000180628","PCGF5","ENST00000490164"
"5694",9929,"ENSG00000100221","JOSD1","ENST00000490169"
"5695",6670,"ENSG00000172845","SP3","ENST00000490182"
"5696",955,"ENSG00000197586","ENTPD6","ENST00000490187"
"5697",4820,"ENSG00000114857","NKTR","ENST00000490189"
"5698",51754,"ENSG00000137103","TMEM8B","ENST00000490199"
"5699",55227,"ENSG00000137269","LRRC1","ENST00000490222"
"5700",23527,"ENSG00000114331","ACAP2","ENST00000490224"
"5701",378706,"ENSG00000274012","RN7SL2","ENST00000490232"
"5702",5998,"ENSG00000138835","RGS3","ENST00000490241"
"5703",51340,"ENSG00000101343","CRNKL1","ENST00000490258"
"5704",6721,"ENSG00000198911","SREBF2","ENST00000490262"
"5705",54884,"ENSG00000042445","RETSAT","ENST00000490291"
"5706",28952,"ENSG00000101997","CCDC22","ENST00000490300"
"5707",648,"ENSG00000168283","BMI1","ENST00000490311"
"5708",54841,"ENSG00000134897","BIVM","ENST00000490317"
"5709",54981,"ENSG00000106733","NMRK1","ENST00000490321"
"5710",114926,"ENSG00000176209","SMIM19","ENST00000490331"
"5711",5603,"ENSG00000156711","MAPK13","ENST00000490334"
"5712",2674,"ENSG00000151892","GFRA1","ENST00000490345"
"5713",1893,"ENSG00000143369","ECM1","ENST00000490346"
"5714",9901,"ENSG00000196220","SRGAP3","ENST00000490348"
"5715",1432,"ENSG00000112062","MAPK14","ENST00000490379"
"5716",57826,"ENSG00000123728","RAP2C","ENST00000490400"
"5717",26135,"ENSG00000142864","SERBP1","ENST00000490406"
"5718",7750,"ENSG00000121741","ZMYM2","ENST00000490422"
"5719",3376,"ENSG00000196305","IARS1","ENST00000490438"
"5720",83874,"ENSG00000099992","TBC1D10A","ENST00000490449"
"5721",342918,"ENSG00000235034","C19orf81","ENST00000490451"
"5722",64866,"ENSG00000163814","CDCP1","ENST00000490471"
"5723",55840,"ENSG00000145088","EAF2","ENST00000490477"
"5724",1477,"ENSG00000101138","CSTF1","ENST00000490539"
"5725",57512,"ENSG00000151025","GPR158","ENST00000490549"
"5726",4814,"ENSG00000131669","NINJ1","ENST00000490564"
"5727",80309,"ENSG00000153820","SPHKAP","ENST00000490603"
"5728",4128,"ENSG00000189221","MAOA","ENST00000490604"
"5729",79778,"ENSG00000164877","MICALL2","ENST00000490608"
"5730",4698,"ENSG00000128609","NDUFA5","ENST00000490618"
"5731",285148,"ENSG00000134330","IAH1","ENST00000490621"
"5732",2801,"ENSG00000167110","GOLGA2","ENST00000490628"
"5733",389541,"ENSG00000188186","LAMTOR4","ENST00000490633"
"5734",127435,"ENSG00000174348","PODN","ENST00000490650"
"5735",10236,"ENSG00000125944","HNRNPR","ENST00000490652"
"5736",720,"ENSG00000244731","C4A","ENST00000490663"
"5737",64927,"ENSG00000103852","TTC23","ENST00000490671"
"5738",6574,"ENSG00000144136","SLC20A1","ENST00000490674"
"5739",64943,"ENSG00000168268","NT5DC2","ENST00000490681"
"5740",7099,"ENSG00000136869","TLR4","ENST00000490685"
"5741",375,"ENSG00000143761","ARF1","ENST00000490705"
"5742",80012,"ENSG00000173889","PHC3","ENST00000490723"
"5743",4072,"ENSG00000119888","EPCAM","ENST00000490733"
"5744",55293,"ENSG00000151116","UEVLD","ENST00000490736"
"5745",83439,"ENSG00000152284","TCF7L1","ENST00000490744"
"5746",119016,"ENSG00000188234","AGAP4","ENST00000490752"
"5747",9076,"ENSG00000163347","CLDN1","ENST00000490800"
"5748",83606,"ENSG00000138867","GUCD1","ENST00000490810"
"5749",57589,"ENSG00000107036","RIC1","ENST00000490816"
"5750",22876,"ENSG00000198825","INPP5F","ENST00000490818"
"5751",8859,"ENSG00000204344","STK19","ENST00000490822"
"5752",64778,"ENSG00000075420","FNDC3B","ENST00000490832"
"5753",80895,"ENSG00000132323","ILKAP","ENST00000490837"
"5754",4144,"ENSG00000168906","MAT2A","ENST00000490878"
"5755",10371,"ENSG00000075213","SEMA3A","ENST00000490883"
"5756",6498,"ENSG00000136603","SKIL","ENST00000490894"
"5757",11068,"ENSG00000114395","CYB561D2","ENST00000490926"
"5758",653519,"ENSG00000188092","GPR89B","ENST00000490955"
"5759",126017,"ENSG00000198346","ZNF813","ENST00000490956"
"5760",285971,"ENSG00000196456","ZNF775","ENST00000490973"
"5761",7328,"ENSG00000186591","UBE2H","ENST00000490974"
"5762",10023,"ENSG00000165879","FRAT1","ENST00000490980"
"5763",3706,"ENSG00000137825","ITPKA","ENST00000491007"
"5764",170506,"ENSG00000174953","DHX36","ENST00000491011"
"5765",10634,"ENSG00000185340","GAS2L1","ENST00000491016"
"5766",375775,"ENSG00000130653","PNPLA7","ENST00000491019"
"5767",51114,"ENSG00000188706","ZDHHC9","ENST00000491039"
"5768",3635,"ENSG00000168918","INPP5D","ENST00000491070"
"5769",23165,"ENSG00000155561","NUP205","ENST00000491089"
"5770",26122,"ENSG00000135999","EPC2","ENST00000491099"
"5771",8034,"ENSG00000122912","SLC25A16","ENST00000491102"
"5772",2263,"ENSG00000066468","FGFR2","ENST00000491111"
"5773",26052,"ENSG00000197959","DNM3","ENST00000491124"
"5774",51361,"ENSG00000134709","HOOK1","ENST00000491135"
"5775",57541,"ENSG00000197024","ZNF398","ENST00000491174"
"5776",80097,"ENSG00000152082","MZT2B","ENST00000491178"
"5777",8187,"ENSG00000196793","ZNF239","ENST00000491188"
"5778",301,"ENSG00000135046","ANXA1","ENST00000491192"
"5779",130872,"ENSG00000293434","","ENST00000491217"
"5780",5707,"ENSG00000173692","PSMD1","ENST00000491229"
"5781",3421,"ENSG00000067829","IDH3G","ENST00000491235"
"5782",80059,"ENSG00000176204","LRRTM4","ENST00000491242"
"5783",1021,"ENSG00000105810","CDK6","ENST00000491250"
"5784",84844,"ENSG00000100410","PHF5A","ENST00000491254"
"5785",653784,"ENSG00000173272","MZT2A","ENST00000491265"
"5786",51161,"ENSG00000088543","C3orf18","ENST00000491269"
"5787",118881,"ENSG00000165644","COMTD1","ENST00000491270"
"5788",5686,"ENSG00000143106","PSMA5","ENST00000491287"
"5789",79169,"ENSG00000143793","C1orf35","ENST00000491293"
"5790",594,"ENSG00000083123","BCKDHB","ENST00000491328"
"5791",55755,"ENSG00000136861","CDK5RAP2","ENST00000491334"
"5792",92715,"ENSG00000148399","DPH7","ENST00000491359"
"5793",23363,"ENSG00000124006","OBSL1","ENST00000491370"
"5794",9391,"ENSG00000144021","CIAO1","ENST00000491394"
"5795",3633,"ENSG00000204084","INPP5B","ENST00000491406"
"5796",221908,"ENSG00000160813","PPP1R35","ENST00000491407"
"5797",51018,"ENSG00000067533","RRP15","ENST00000491428"
"5798",359948,"ENSG00000168264","IRF2BP2","ENST00000491430"
"5799",1187,"ENSG00000186510","CLCNKA","ENST00000491433"
"5800",25864,"ENSG00000248487","ABHD14A","ENST00000491470"
"5801",220869,"ENSG00000147996","ZNG1E","ENST00000491485"
"5802",5708,"ENSG00000175166","PSMD2","ENST00000491494"
"5803",55972,"ENSG00000075303","SLC25A40","ENST00000491499"
"5804",7155,"ENSG00000077097","TOP2B","ENST00000491510"
"5805",395,"ENSG00000047648","ARHGAP6","ENST00000491514"
"5806",112885,"ENSG00000056487","PHF21B","ENST00000491522"
"5807",64900,"ENSG00000132793","LPIN3","ENST00000491528"
"5808",130940,"ENSG00000153237","CCDC148","ENST00000491563"
"5809",7559,"ENSG00000164631","ZNF12","ENST00000491565"
"5810",57505,"ENSG00000124608","AARS2","ENST00000491573"
"5811",692099,"ENSG00000291223","FAM86DP","ENST00000491583"
"5812",79918,"ENSG00000103037","SETD6","ENST00000491587"
"5813",22889,"ENSG00000132680","KHDC4","ENST00000491599"
"5814",2257,"ENSG00000114279","FGF12","ENST00000491636"
"5815",4851,"ENSG00000148400","NOTCH1","ENST00000491649"
"5816",64793,"ENSG00000130695","CEP85","ENST00000491670"
"5817",8874,"ENSG00000102606","ARHGEF7","ENST00000491688"
"5818",205327,"ENSG00000178074","C2orf69","ENST00000491721"
"5819",291,"ENSG00000151729","SLC25A4","ENST00000491736"
"5820",9448,"ENSG00000071054","MAP4K4","ENST00000491743"
"5821",51619,"ENSG00000078967","UBE2D4","ENST00000491770"
"5822",7818,"ENSG00000132676","DAP3","ENST00000491777"
"5823",54443,"ENSG00000011426","ANLN","ENST00000491782"
"5824",7375,"ENSG00000114316","USP4","ENST00000491791"
"5825",6651,"ENSG00000159140","SON","ENST00000491794"
"5826",56882,"ENSG00000197622","CDC42SE1","ENST00000491825"
"5827",10741,"ENSG00000089050","RBBP9","ENST00000491835"
"5828",727936,"ENSG00000172986","GXYLT2","ENST00000491839"
"5829",7678,"ENSG00000196418","ZNF124","ENST00000491848"
"5830",51512,"ENSG00000075218","GTSE1","ENST00000491863"
"5831",83692,"ENSG00000102181","CD99L2","ENST00000491877"
"5832",27165,"ENSG00000135423","GLS2","ENST00000491880"
"5833",23048,"ENSG00000187239","FNBP1","ENST00000491905"
"5834",4485,"ENSG00000173531","MST1","ENST00000491943"
"5835",113263,"ENSG00000106415","GLCCI1","ENST00000491947"
"5836",405753,"ENSG00000140274","DUOXA2","ENST00000491993"
"5837",56243,"ENSG00000120549","KIAA1217","ENST00000492009"
"5838",199221,"ENSG00000158163","DZIP1L","ENST00000492010"
"5839",57657,"ENSG00000143630","HCN3","ENST00000492035"
"5840",143162,"ENSG00000170324","FRMPD2","ENST00000492045"
"5841",391356,"ENSG00000184924","PTRHD1","ENST00000492046"
"5842",28962,"ENSG00000081087","OSTM1","ENST00000492070"
"5843",200186,"ENSG00000160741","CRTC2","ENST00000492073"
"5844",23597,"ENSG00000123130","ACOT9","ENST00000492081"
"5845",57828,"ENSG00000099338","CATSPERG","ENST00000492088"
"5846",83642,"ENSG00000073169","SELENOO","ENST00000492092"
"5847",285268,"ENSG00000172888","ZNF621","ENST00000492098"
"5848",55081,"ENSG00000114446","IFT57","ENST00000492106"
"5849",196,"ENSG00000106546","AHR","ENST00000492120"
"5850",4720,"ENSG00000158864","NDUFS2","ENST00000492153"
"5851",9868,"ENSG00000154174","TOMM70","ENST00000492171"
"5852",23216,"ENSG00000065882","TBC1D1","ENST00000492180"
"5853",64077,"ENSG00000107902","LHPP","ENST00000492187"
"5854",92521,"ENSG00000128487","SPECC1","ENST00000492188"
"5855",22848,"ENSG00000115977","AAK1","ENST00000492192"
"5856",22950,"ENSG00000163798","SLC4A1AP","ENST00000492196"
"5857",8939,"ENSG00000107164","FUBP3","ENST00000492199"
"5858",8574,"ENSG00000053371","AKR7A2","ENST00000492217"
"5859",126069,"ENSG00000177599","ZNF491","ENST00000492230"
"5860",80127,"ENSG00000119636","BBOF1","ENST00000492247"
"5861",57213,"ENSG00000123178","SPRYD7","ENST00000492258"
"5862",10495,"ENSG00000165675","ENOX2","ENST00000492263"
"5863",27297,"ENSG00000241258","CRCP","ENST00000492264"
"5864",92170,"ENSG00000148824","MTG1","ENST00000492266"
"5865",6920,"ENSG00000204219","TCEA3","ENST00000492271"
"5866",23313,"ENSG00000100364","KIAA0930","ENST00000492273"
"5867",54879,"ENSG00000007341","ST7L","ENST00000492274"
"5868",65991,"ENSG00000165775","FUNDC2","ENST00000492303"
"5869",10867,"ENSG00000011105","TSPAN9","ENST00000492305"
"5870",59084,"ENSG00000112796","ENPP5","ENST00000492313"
"5871",54708,"ENSG00000198060","MARCHF5","ENST00000492319"
"5872",84248,"ENSG00000122068","FYTTD1","ENST00000492360"
"5873",4924,"ENSG00000104805","NUCB1","ENST00000492367"
"5874",54522,"ENSG00000134461","ANKRD16","ENST00000492368"
"5875",1736,"ENSG00000130826","DKC1","ENST00000492372"
"5876",2806,"ENSG00000125166","GOT2","ENST00000492378"
"5877",54800,"ENSG00000114796","KLHL24","ENST00000492409"
"5878",23424,"ENSG00000196116","TDRD7","ENST00000492428"
"5879",9202,"ENSG00000146463","ZMYM4","ENST00000492456"
"5880",10637,"ENSG00000243709","LEFTY1","ENST00000492457"
"5881",8517,"ENSG00000269335","IKBKG","ENST00000492469"
"5882",133522,"ENSG00000155846","PPARGC1B","ENST00000492495"
"5883",26060,"ENSG00000157500","APPL1","ENST00000492501"
"5884",8841,"ENSG00000171720","HDAC3","ENST00000492506"
"5885",51596,"ENSG00000112514","CUTA","ENST00000492510"
"5886",256329,"ENSG00000185522","LMNTD2","ENST00000492515"
"5887",113451,"ENSG00000142920","AZIN2","ENST00000492521"
"5888",56993,"ENSG00000100216","TOMM22","ENST00000492561"
"5889",2590,"ENSG00000143641","GALNT2","ENST00000492568"
"5890",55152,"ENSG00000178149","DALRD3","ENST00000492585"
"5891",4237,"ENSG00000117122","MFAP2","ENST00000492598"
"5892",9875,"ENSG00000142207","URB1","ENST00000492603"
"5893",9014,"ENSG00000115750","TAF1B","ENST00000492648"
"5894",25940,"ENSG00000119812","FAM98A","ENST00000492649"
"5895",9510,"ENSG00000154734","ADAMTS1","ENST00000492656"
"5896",633,"ENSG00000182492","BGN","ENST00000492658"
"5897",10734,"ENSG00000066923","STAG3","ENST00000492674"
"5898",5195,"ENSG00000142655","PEX14","ENST00000492696"
"5899",7915,"ENSG00000112294","ALDH5A1","ENST00000492697"
"5900",10043,"ENSG00000100284","TOM1","ENST00000492723"
"5901",9695,"ENSG00000134109","EDEM1","ENST00000492751"
"5902",90529,"ENSG00000001460","STPG1","ENST00000492753"
"5903",84108,"ENSG00000156374","PCGF6","ENST00000492755"
"5904",9296,"ENSG00000128524","ATP6V1F","ENST00000492758"
"5905",84720,"ENSG00000165282","PIGO","ENST00000492770"
"5906",11180,"ENSG00000178252","WDR6","ENST00000492780"
"5907",58528,"ENSG00000025039","RRAGD","ENST00000492783"
"5908",56262,"ENSG00000136802","LRRC8A","ENST00000492784"
"5909",113157,"ENSG00000293352","RPLP0P2","ENST00000492786"
"5910",79087,"ENSG00000182858","ALG12","ENST00000492791"
"5911",8801,"ENSG00000172340","SUCLG2","ENST00000492795"
"5912",6130,"ENSG00000148303","RPL7A","ENST00000492798"
"5913",23215,"ENSG00000117523","PRRC2C","ENST00000492811"
"5914",23139,"ENSG00000086015","MAST2","ENST00000492813"
"5915",151903,"ENSG00000160799","CCDC12","ENST00000492819"
"5916",84164,"ENSG00000100325","ASCC2","ENST00000492821"
"5917",4697,"ENSG00000189043","NDUFA4","ENST00000492822"
"5918",83590,"ENSG00000164897","TMUB1","ENST00000492838"
"5919",64743,"ENSG00000101940","WDR13","ENST00000492873"
"5920",2050,"ENSG00000196411","EPHB4","ENST00000492878"
"5921",5662,"ENSG00000059915","PSD","ENST00000492902"
"5922",10213,"ENSG00000115233","PSMD14","ENST00000492908"
"5923",5947,"ENSG00000114115","RBP1","ENST00000492918"
"5924",29126,"ENSG00000120217","CD274","ENST00000492923"
"5925",26030,"ENSG00000126822","PLEKHG3","ENST00000492928"
"5926",10076,"ENSG00000060656","PTPRU","ENST00000492954"
"5927",64175,"ENSG00000117385","P3H1","ENST00000492956"
"5928",57057,"ENSG00000164532","TBX20","ENST00000492961"
"5929",54885,"ENSG00000133138","TBC1D8B","ENST00000492970"
"5930",79572,"ENSG00000133657","ATP13A3","ENST00000492983"
"5931",51277,"ENSG00000115137","DNAJC27","ENST00000492985"
"5932",23481,"ENSG00000100029","PES1","ENST00000492986"
"5933",8848,"ENSG00000102804","TSC22D1","ENST00000493016"
"5934",1716,"ENSG00000114956","DGUOK","ENST00000493055"
"5935",51107,"ENSG00000117362","APH1A","ENST00000493092"
"5936",1263,"ENSG00000173846","PLK3","ENST00000493100"
"5937",51205,"ENSG00000162836","ACP6","ENST00000493129"
"5938",57326,"ENSG00000163346","PBXIP1","ENST00000493133"
"5939",5931,"ENSG00000102054","RBBP7","ENST00000493145"
"5940",155368,"ENSG00000165171","METTL27","ENST00000493174"
"5941",129450,"ENSG00000162971","TYW5","ENST00000493181"
"5942",1211,"ENSG00000122705","CLTA","ENST00000493185"
"5943",1238,"ENSG00000144648","ACKR2","ENST00000493193"
"5944",81628,"ENSG00000166925","TSC22D4","ENST00000493217"
"5945",5092,"ENSG00000166228","PCBD1","ENST00000493228"
"5946",11342,"ENSG00000082996","RNF13","ENST00000493238"
"5947",26140,"ENSG00000214021","TTLL3","ENST00000493241"
"5948",140901,"ENSG00000125834","STK35","ENST00000493263"
"5949",51147,"ENSG00000111653","ING4","ENST00000493267"
"5950",813,"ENSG00000128595","CALU","ENST00000493278"
"5951",5465,"ENSG00000186951","PPARA","ENST00000493286"
"5952",4071,"ENSG00000169908","TM4SF1","ENST00000493298"
"5953",114788,"ENSG00000164796","CSMD3","ENST00000493303"
"5954",10199,"ENSG00000124383","MPHOSPH10","ENST00000493360"
"5955",22853,"ENSG00000164715","LMTK2","ENST00000493372"
"5956",26504,"ENSG00000158158","CNNM4","ENST00000493384"
"5957",5372,"ENSG00000100417","PMM1","ENST00000493389"
"5958",2948,"ENSG00000168765","GSTM4","ENST00000493395"
"5959",3151,"ENSG00000198830","HMGN2","ENST00000493418"
"5960",84255,"ENSG00000157800","SLC37A3","ENST00000493423"
"5961",51393,"ENSG00000187688","TRPV2","ENST00000493434"
"5962",27433,"ENSG00000160404","TOR2A","ENST00000493439"
"5963",54899,"ENSG00000168297","PXK","ENST00000493474"
"5964",1069,"ENSG00000147400","CETN2","ENST00000493482"
"5965",83937,"ENSG00000107551","RASSF4","ENST00000493490"
"5966",84905,"ENSG00000131061","ZNF341","ENST00000493497"
"5967",4036,"ENSG00000081479","LRP2","ENST00000493501"
"5968",65996,"ENSG00000293115","CENPBD2P","ENST00000493504"
"5969",3836,"ENSG00000114030","KPNA1","ENST00000493510"
"5970",148423,"ENSG00000162642","C1orf52","ENST00000493514"
"5971",56660,"ENSG00000184261","KCNK12","ENST00000493527"
"5972",26173,"ENSG00000164880","INTS1","ENST00000493531"
"5973",51719,"ENSG00000135932","CAB39","ENST00000493540"
"5974",6948,"ENSG00000185339","TCN2","ENST00000493542"
"5975",163259,"ENSG00000175984","DENND2C","ENST00000493549"
"5976",26043,"ENSG00000163960","UBXN7","ENST00000493566"
"5977",157680,"ENSG00000132549","VPS13B","ENST00000493587"
"5978",55357,"ENSG00000095383","TBC1D2","ENST00000493589"
"5979",8805,"ENSG00000122779","TRIM24","ENST00000493595"
"5980",26286,"ENSG00000242247","ARFGAP3","ENST00000493606"
"5981",25813,"ENSG00000100347","SAMM50","ENST00000493621"
"5982",84223,"ENSG00000114473","IQCG","ENST00000493624"
"5983",4774,"ENSG00000162599","NFIA","ENST00000493627"
"5984",2166,"ENSG00000117480","FAAH","ENST00000493636"
"5985",54482,"ENSG00000122435","TRMT13","ENST00000493651"
"5986",5271,"ENSG00000166401","SERPINB8","ENST00000493661"
"5987",4005,"ENSG00000135363","LMO2","ENST00000493667"
"5988",83732,"ENSG00000124784","RIOK1","ENST00000493691"
"5989",3133,"ENSG00000204592","HLA-E","ENST00000493699"
"5990",7324,"ENSG00000170142","UBE2E1","ENST00000493707"
"5991",9784,"ENSG00000115234","SNX17","ENST00000493711"
"5992",4711,"ENSG00000136521","NDUFB5","ENST00000493716"
"5993",8318,"ENSG00000093009","CDC45","ENST00000493724"
"5994",6714,"ENSG00000197122","SRC","ENST00000493775"
"5995",163051,"ENSG00000242852","ZNF709","ENST00000493776"
"5996",7422,"ENSG00000112715","VEGFA","ENST00000493786"
"5997",140609,"ENSG00000151414","NEK7","ENST00000493790"
"5998",7384,"ENSG00000010256","UQCRC1","ENST00000493806"
"5999",4920,"ENSG00000169071","ROR2","ENST00000493846"
"6000",3955,"ENSG00000106003","LFNG","ENST00000493850"
"6001",9584,"ENSG00000131051","RBM39","ENST00000493853"
"6002",4311,"ENSG00000196549","MME","ENST00000493888"
"6003",3799,"ENSG00000170759","KIF5B","ENST00000493889"
"6004",10641,"ENSG00000114388","NPRL2","ENST00000493907"
"6005",79753,"ENSG00000163877","SNIP1","ENST00000493916"
"6006",51102,"ENSG00000116353","MECR","ENST00000493928"
"6007",84250,"ENSG00000133302","SLF1","ENST00000493934"
"6008",9124,"ENSG00000107438","PDLIM1","ENST00000493949"
"6009",51605,"ENSG00000089195","TRMT6","ENST00000493972"
"6010",5447,"ENSG00000127948","POR","ENST00000493973"
"6011",10420,"ENSG00000070759","TESK2","ENST00000493974"
"6012",56999,"ENSG00000163638","ADAMTS9","ENST00000494004"
"6013",2042,"ENSG00000044524","EPHA3","ENST00000494014"
"6014",25852,"ENSG00000114098","ARMC8","ENST00000494015"
"6015",10062,"ENSG00000025434","NR1H3","ENST00000494018"
"6016",7709,"ENSG00000116809","ZBTB17","ENST00000494020"
"6017",6741,"ENSG00000138385","SSB","ENST00000494051"
"6018",348487,"ENSG00000185519","FAM131C","ENST00000494078"
"6019",10602,"ENSG00000163171","CDC42EP3","ENST00000494083"
"6020",9394,"ENSG00000136720","HS6ST1","ENST00000494089"
"6021",55929,"ENSG00000178028","DMAP1","ENST00000494092"
"6022",64319,"ENSG00000156860","FBRS","ENST00000494101"
"6023",79876,"ENSG00000081307","UBA5","ENST00000494112"
"6024",10487,"ENSG00000131236","CAP1","ENST00000494114"
"6025",63899,"ENSG00000178694","NSUN3","ENST00000494128"
"6026",79078,"ENSG00000164008","C1orf50","ENST00000494155"
"6027",29775,"ENSG00000100065","CARD10","ENST00000494166"
"6028",4001,"ENSG00000113368","LMNB1","ENST00000494185"
"6029",285989,"ENSG00000198556","ZNF789","ENST00000494186"
"6030",2673,"ENSG00000198380","GFPT1","ENST00000494201"
"6031",7318,"ENSG00000182179","UBA7","ENST00000494212"
"6032",101927599,"ENSG00000233527","ZNF529-AS1","ENST00000494214"
"6033",54834,"ENSG00000196505","GDAP2","ENST00000494224"
"6034",389136,"ENSG00000206538","VGLL3","ENST00000494229"
"6035",121551,"ENSG00000151136","ABTB3","ENST00000494235"
"6036",8027,"ENSG00000136738","STAM","ENST00000494250"
"6037",8777,"ENSG00000107186","MPDZ","ENST00000494251"
"6038",9130,"ENSG00000071859","FAM50A","ENST00000494278"
"6039",79906,"ENSG00000116151","MORN1","ENST00000494279"
"6040",5328,"ENSG00000122861","PLAU","ENST00000494287"
"6041",10694,"ENSG00000156261","CCT8","ENST00000494296"
"6042",1329,"ENSG00000135940","COX5B","ENST00000494306"
"6043",4343,"ENSG00000155363","MOV10","ENST00000494319"
"6044",22929,"ENSG00000086475","SEPHS1","ENST00000494329"
"6045",375248,"ENSG00000135976","ANKRD36","ENST00000494336"
"6046",55540,"ENSG00000056736","IL17RB","ENST00000494338"
"6047",6934,"ENSG00000148737","TCF7L2","ENST00000494353"
"6048",84924,"ENSG00000186017","ZNF566","ENST00000494354"
"6049",84100,"ENSG00000113966","ARL6","ENST00000494363"
"6050",148789,"ENSG00000162885","B3GALNT2","ENST00000494378"
"6051",84319,"ENSG00000184220","CMSS1","ENST00000494412"
"6052",7105,"ENSG00000000003","TSPAN6","ENST00000494424"
"6053",9463,"ENSG00000100151","PICK1","ENST00000494434"
"6054",4358,"ENSG00000115204","MPV17","ENST00000494436"
"6055",5581,"ENSG00000171132","PRKCE","ENST00000494472"
"6056",55969,"ENSG00000101084","RAB5IF","ENST00000494506"
"6057",647135,"ENSG00000196369","SRGAP2B","ENST00000494534"
"6058",91179,"ENSG00000244486","SCARF2","ENST00000494535"
"6059",57190,"ENSG00000162430","SELENON","ENST00000494537"
"6060",158160,"ENSG00000290439","HSD17B7P2","ENST00000494540"
"6061",8535,"ENSG00000141582","CBX4","ENST00000494546"
"6062",3833,"ENSG00000237649","KIFC1","ENST00000494554"
"6063",4277,"ENSG00000204516","MICB","ENST00000494577"
"6064",10254,"ENSG00000115145","STAM2","ENST00000494589"
"6065",729857,"ENSG00000185304","RGPD2","ENST00000494592"
"6066",55233,"ENSG00000114978","MOB1A","ENST00000494600"
"6067",55013,"ENSG00000005059","MCUB","ENST00000494604"
"6068",399665,"ENSG00000167106","EEIG1","ENST00000494606"
"6069",54470,"ENSG00000198960","ARMCX6","ENST00000494624"
"6070",11221,"ENSG00000143507","DUSP10","ENST00000494642"
"6071",8662,"ENSG00000106263","EIF3B","ENST00000494658"
"6072",8038,"ENSG00000148848","ADAM12","ENST00000494661"
"6073",5274,"ENSG00000163536","SERPINI1","ENST00000494666"
"6074",9934,"ENSG00000174944","P2RY14","ENST00000494668"
"6075",645683,"ENSG00000293056","","ENST00000494676"
"6076",113402,"ENSG00000198818","SFT2D1","ENST00000494682"
"6077",8863,"ENSG00000049246","PER3","ENST00000494684"
"6078",10912,"ENSG00000130222","GADD45G","ENST00000494726"
"6079",55902,"ENSG00000131069","ACSS2","ENST00000494727"
"6080",123,"ENSG00000147872","PLIN2","ENST00000494753"
"6081",29929,"ENSG00000088035","ALG6","ENST00000494765"
"6082",54923,"ENSG00000203896","LIME1","ENST00000494776"
"6083",114790,"ENSG00000144589","STK11IP","ENST00000494777"
"6084",200014,"ENSG00000154222","CC2D1B","ENST00000494789"
"6085",114805,"ENSG00000144278","GALNT13","ENST00000494805"
"6086",7027,"ENSG00000198176","TFDP1","ENST00000494812"
"6087",7106,"ENSG00000214063","TSPAN4","ENST00000494815"
"6088",55347,"ENSG00000144827","ABHD10","ENST00000494817"
"6089",7942,"ENSG00000112561","TFEB","ENST00000494822"
"6090",11343,"ENSG00000074416","MGLL","ENST00000494830"
"6091",3913,"ENSG00000172037","LAMB2","ENST00000494831"
"6092",80851,"ENSG00000175137","SH3BP5L","ENST00000494837"
"6093",5980,"ENSG00000009413","REV3L","ENST00000494858"
"6094",200728,"ENSG00000186889","TMEM17","ENST00000494919"
"6095",92675,"ENSG00000125821","DTD1","ENST00000494921"
"6096",55970,"ENSG00000172380","GNG12","ENST00000494936"
"6097",63925,"ENSG00000198026","ZNF335","ENST00000494955"
"6098",4648,"ENSG00000169994","MYO7B","ENST00000494959"
"6099",57539,"ENSG00000118965","WDR35","ENST00000494964"
"6100",8508,"ENSG00000184117","NIPSNAP1","ENST00000494966"
"6101",5906,"ENSG00000116473","RAP1A","ENST00000494982"
"6102",3162,"ENSG00000100292","HMOX1","ENST00000494998"
"6103",7707,"ENSG00000163848","ZNF148","ENST00000495019"
"6104",7360,"ENSG00000169764","UGP2","ENST00000495020"
"6105",64395,"ENSG00000087338","GMCL1","ENST00000495047"
"6106",55582,"ENSG00000165115","KIF27","ENST00000495062"
"6107",9238,"ENSG00000136270","TBRG4","ENST00000495078"
"6108",4190,"ENSG00000014641","MDH1","ENST00000495083"
"6109",79885,"ENSG00000163517","HDAC11","ENST00000495099"
"6110",64222,"ENSG00000186283","TOR3A","ENST00000495145"
"6111",213,"ENSG00000163631","ALB","ENST00000495173"
"6112",54918,"ENSG00000091317","CMTM6","ENST00000495177"
"6113",3068,"ENSG00000143321","HDGF","ENST00000495212"
"6114",9064,"ENSG00000142733","MAP3K6","ENST00000495230"
"6115",84524,"ENSG00000144161","ZC3H8","ENST00000495264"
"6116",5211,"ENSG00000141959","PFKL","ENST00000495274"
"6117",5600,"ENSG00000185386","MAPK11","ENST00000495277"
"6118",9887,"ENSG00000116698","SMG7","ENST00000495321"
"6119",5464,"ENSG00000180817","PPA1","ENST00000495346"
"6120",148479,"ENSG00000116273","PHF13","ENST00000495385"
"6121",84077,"ENSG00000131379","C3orf20","ENST00000495387"
"6122",130733,"ENSG00000152154","TMEM178A","ENST00000495402"
"6123",124997,"ENSG00000167716","WDR81","ENST00000495411"
"6124",54965,"ENSG00000163964","PIGX","ENST00000495440"
"6125",285313,"ENSG00000152580","IGSF10","ENST00000495443"
"6126",7378,"ENSG00000183696","UPP1","ENST00000495446"
"6127",9563,"ENSG00000049239","H6PD","ENST00000495451"
"6128",151188,"ENSG00000177917","ARL6IP6","ENST00000495469"
"6129",8888,"ENSG00000160294","MCM3AP","ENST00000495475"
"6130",4580,"ENSG00000173171","MTX1","ENST00000495492"
"6131",5879,"ENSG00000136238","RAC1","ENST00000495499"
"6132",10402,"ENSG00000064225","ST3GAL6","ENST00000495502"
"6133",5002,"ENSG00000110628","SLC22A18","ENST00000495518"
"6134",23341,"ENSG00000116138","DNAJC16","ENST00000495523"
"6135",7431,"ENSG00000026025","VIM","ENST00000495528"
"6136",9205,"ENSG00000132950","ZMYM5","ENST00000495534"
"6137",2181,"ENSG00000123983","ACSL3","ENST00000495541"
"6138",51522,"ENSG00000111843","TMEM14C","ENST00000495549"
"6139",221491,"ENSG00000186577","SMIM29","ENST00000495581"
"6140",55160,"ENSG00000074964","ARHGEF10L","ENST00000495593"
"6141",6801,"ENSG00000115808","STRN","ENST00000495595"
"6142",5000,"ENSG00000115947","ORC4","ENST00000495601"
"6143",10787,"ENSG00000061676","NCKAP1","ENST00000495619"
"6144",10385,"ENSG00000124508","BTN2A2","ENST00000495632"
"6145",54931,"ENSG00000174173","TRMT10C","ENST00000495642"
"6146",6767,"ENSG00000100380","ST13","ENST00000495652"
"6147",2098,"ENSG00000139684","ESD","ENST00000495654"
"6148",26018,"ENSG00000144749","LRIG1","ENST00000495671"
"6149",51646,"ENSG00000119801","YPEL5","ENST00000495673"
"6150",64332,"ENSG00000144802","NFKBIZ","ENST00000495719"
"6151",23008,"ENSG00000128607","KLHDC10","ENST00000495724"
"6152",10201,"ENSG00000172113","NME6","ENST00000495734"
"6153",94056,"ENSG00000169895","SYAP1","ENST00000495743"
"6154",7372,"ENSG00000114491","UMPS","ENST00000495751"
"6155",55245,"ENSG00000101019","UQCC1","ENST00000495752"
"6156",22989,"ENSG00000144821","MYH15","ENST00000495753"
"6157",55129,"ENSG00000160746","ANO10","ENST00000495772"
"6158",92,"ENSG00000121989","ACVR2A","ENST00000495775"
"6159",79746,"ENSG00000134463","ECHDC3","ENST00000495787"
"6160",26275,"ENSG00000198130","HIBCH","ENST00000495792"
"6161",2119,"ENSG00000244405","ETV5","ENST00000495808"
"6162",3181,"ENSG00000122566","HNRNPA2B1","ENST00000495810"
"6163",64078,"ENSG00000197506","SLC28A3","ENST00000495823"
"6164",858,"ENSG00000105971","CAV2","ENST00000495841"
"6165",199857,"ENSG00000172339","ALG14","ENST00000495856"
"6166",6616,"ENSG00000132639","SNAP25","ENST00000495883"
"6167",5532,"ENSG00000107758","PPP3CB","ENST00000495897"
"6168",8527,"ENSG00000077044","DGKD","ENST00000495901"
"6169",84896,"ENSG00000138138","ATAD1","ENST00000495903"
"6170",9374,"ENSG00000221988","PPT2","ENST00000495908"
"6171",23082,"ENSG00000148840","PPRC1","ENST00000495914"
"6172",994,"ENSG00000101224","CDC25B","ENST00000495915"
"6173",3915,"ENSG00000135862","LAMC1","ENST00000495918"
"6174",10186,"ENSG00000183722","LHFPL6","ENST00000495922"
"6175",401399,"ENSG00000224940","PRRT4","ENST00000495931"
"6176",51759,"ENSG00000136819","C9orf78","ENST00000495934"
"6177",1298,"ENSG00000049089","COL9A2","ENST00000495948"
"6178",476,"ENSG00000163399","ATP1A1","ENST00000495965"
"6179",79143,"ENSG00000125505","MBOAT7","ENST00000495968"
"6180",55253,"ENSG00000198874","TYW1","ENST00000495971"
"6181",150274,"ENSG00000100209","HSCB","ENST00000495977"
"6182",2950,"ENSG00000084207","GSTP1","ENST00000495996"
"6183",9468,"ENSG00000102230","PCYT1B","ENST00000496020"
"6184",221937,"ENSG00000164916","FOXK1","ENST00000496023"
"6185",9734,"ENSG00000048052","HDAC9","ENST00000496026"
"6186",51195,"ENSG00000108352","RAPGEFL1","ENST00000496032"
"6187",63827,"ENSG00000132692","BCAN","ENST00000496038"
"6188",4773,"ENSG00000101096","NFATC2","ENST00000496054"
"6189",10446,"ENSG00000170382","LRRN2","ENST00000496057"
"6190",5610,"ENSG00000055332","EIF2AK2","ENST00000496059"
"6191",118672,"ENSG00000179988","PSTK","ENST00000496079"
"6192",254887,"ENSG00000184307","ZDHHC23","ENST00000496083"
"6193",11065,"ENSG00000175063","UBE2C","ENST00000496085"
"6194",7507,"ENSG00000136936","XPA","ENST00000496104"
"6195",57633,"ENSG00000175928","LRRN1","ENST00000496115"
"6196",253714,"ENSG00000146263","MMS22L","ENST00000496119"
"6197",63977,"ENSG00000141956","PRDM15","ENST00000496124"
"6198",54543,"ENSG00000196683","TOMM7","ENST00000496129"
"6199",23171,"ENSG00000152642","GPD1L","ENST00000496151"
"6200",830,"ENSG00000198898","CAPZA2","ENST00000496161"
"6201",119,"ENSG00000075340","ADD2","ENST00000496178"
"6202",11238,"ENSG00000169239","CA5B","ENST00000496188"
"6203",10291,"ENSG00000099995","SF3A1","ENST00000496189"
"6204",2820,"ENSG00000115159","GPD2","ENST00000496190"
"6205",55904,"ENSG00000005483","KMT2E","ENST00000496191"
"6206",192670,"ENSG00000134698","AGO4","ENST00000496257"
"6207",116496,"ENSG00000135842","NIBAN1","ENST00000496299"
"6208",55165,"ENSG00000138180","CEP55","ENST00000496302"
"6209",7342,"ENSG00000153560","UBP1","ENST00000496310"
"6210",54970,"ENSG00000149292","TTC12","ENST00000496311"
"6211",65083,"ENSG00000165271","NOL6","ENST00000496319"
"6212",9962,"ENSG00000089057","SLC23A2","ENST00000496331"
"6213",9797,"ENSG00000157014","TATDN2","ENST00000496355"
"6214",51249,"ENSG00000159596","TMEM69","ENST00000496366"
"6215",1974,"ENSG00000156976","EIF4A2","ENST00000496382"
"6216",85461,"ENSG00000115183","TANC1","ENST00000496406"
"6217",51246,"ENSG00000164054","SHISA5","ENST00000496408"
"6218",84060,"ENSG00000127993","RBM48","ENST00000496410"
"6219",54020,"ENSG00000160190","SLC37A1","ENST00000496416"
"6220",6941,"ENSG00000137310","TCF19","ENST00000496421"
"6221",56731,"ENSG00000125520","SLC2A4RG","ENST00000496425"
"6222",196051,"ENSG00000203805","PLPP4","ENST00000496437"
"6223",10228,"ENSG00000135823","STX6","ENST00000496476"
"6224",54737,"ENSG00000196199","MPHOSPH8","ENST00000496525"
"6225",2335,"ENSG00000115414","FN1","ENST00000496542"
"6226",721,"ENSG00000224389","C4B","ENST00000496560"
"6227",64983,"ENSG00000106591","MRPL32","ENST00000496564"
"6228",3069,"ENSG00000115677","HDLBP","ENST00000496569"
"6229",5396,"ENSG00000116132","PRRX1","ENST00000496573"
"6230",286451,"ENSG00000181704","YIPF6","ENST00000496576"
"6231",4710,"ENSG00000065518","NDUFB4","ENST00000496588"
"6232",331,"ENSG00000101966","XIAP","ENST00000496602"
"6233",4802,"ENSG00000066136","NFYC","ENST00000496608"
"6234",5625,"ENSG00000100033","PRODH","ENST00000496625"
"6235",9191,"ENSG00000158796","DEDD","ENST00000496632"
"6236",84498,"ENSG00000112584","FAM120B","ENST00000496635"
"6237",2617,"ENSG00000106105","GARS1","ENST00000496643"
"6238",1317,"ENSG00000136868","SLC31A1","ENST00000496650"
"6239",10922,"ENSG00000164896","FASTK","ENST00000496663"
"6240",10432,"ENSG00000239306","RBM14","ENST00000496694"
"6241",5226,"ENSG00000142657","PGD","ENST00000496718"
"6242",7332,"ENSG00000185651","UBE2L3","ENST00000496722"
"6243",57498,"ENSG00000134313","KIDINS220","ENST00000496725"
"6244",10587,"ENSG00000184470","TXNRD2","ENST00000496729"
"6245",64802,"ENSG00000173614","NMNAT1","ENST00000496751"
"6246",2845,"ENSG00000172209","GPR22","ENST00000496754"
"6247",5239,"ENSG00000154330","PGM5","ENST00000496758"
"6248",84991,"ENSG00000134453","RBM17","ENST00000496762"
"6249",64121,"ENSG00000116954","RRAGC","ENST00000496778"
"6250",9619,"ENSG00000160179","ABCG1","ENST00000496783"
"6251",222234,"ENSG00000222011","FAM185A","ENST00000496790"
"6252",11112,"ENSG00000106049","HIBADH","ENST00000496814"
"6253",6787,"ENSG00000114904","NEK4","ENST00000496822"
"6254",604,"ENSG00000113916","BCL6","ENST00000496823"
"6255",9632,"ENSG00000176986","SEC24C","ENST00000496827"
"6256",3615,"ENSG00000178035","IMPDH2","ENST00000496837"
"6257",51765,"ENSG00000134602","STK26","ENST00000496850"
"6258",152185,"ENSG00000163611","SPICE1","ENST00000496859"
"6259",51622,"ENSG00000122674","CCZ1","ENST00000496860"
"6260",8664,"ENSG00000100353","EIF3D","ENST00000496875"
"6261",414149,"ENSG00000176244","ACBD7","ENST00000496890"
"6262",89122,"ENSG00000146833","TRIM4","ENST00000496896"
"6263",54998,"ENSG00000175756","AURKAIP1","ENST00000496905"
"6264",9827,"ENSG00000107185","RGP1","ENST00000496906"
"6265",51010,"ENSG00000107371","EXOSC3","ENST00000496910"
"6266",84759,"ENSG00000115289","PCGF1","ENST00000496911"
"6267",8021,"ENSG00000126883","NUP214","ENST00000496921"
"6268",7881,"ENSG00000169282","KCNAB1","ENST00000496923"
"6269",1741,"ENSG00000082458","DLG3","ENST00000496931"
"6270",64834,"ENSG00000066322","ELOVL1","ENST00000496932"
"6271",154007,"ENSG00000168566","SNRNP48","ENST00000496946"
"6272",56776,"ENSG00000155816","FMN2","ENST00000496950"
"6273",2677,"ENSG00000115486","GGCX","ENST00000496962"
"6274",51454,"ENSG00000144366","GULP1","ENST00000496976"
"6275",55289,"ENSG00000153093","ACOXL","ENST00000496981"
"6276",200895,"ENSG00000178700","DHFR2","ENST00000496983"
"6277",57217,"ENSG00000068724","TTC7A","ENST00000496991"
"6278",57467,"ENSG00000010282","HHATL","ENST00000497000"
"6279",8891,"ENSG00000070785","EIF2B3","ENST00000497010"
"6280",81669,"ENSG00000221978","CCNL2","ENST00000497013"
"6281",23352,"ENSG00000127481","UBR4","ENST00000497018"
"6282",23080,"ENSG00000105778","AVL9","ENST00000497020"
"6283",9559,"ENSG00000122958","VPS26A","ENST00000497022"
"6284",2271,"ENSG00000091483","FH","ENST00000497042"
"6285",3911,"ENSG00000130702","LAMA5","ENST00000497053"
"6286",716,"ENSG00000182326","C1S","ENST00000497061"
"6287",23099,"ENSG00000169155","ZBTB43","ENST00000497064"
"6288",55793,"ENSG00000143409","MINDY1","ENST00000497067"
"6289",11243,"ENSG00000160783","PMF1","ENST00000497069"
"6290",114904,"ENSG00000133466","C1QTNF6","ENST00000497071"
"6291",9647,"ENSG00000100034","PPM1F","ENST00000497072"
"6292",22930,"ENSG00000115839","RAB3GAP1","ENST00000497080"
"6293",7871,"ENSG00000163681","SLMAP","ENST00000497084"
"6294",9479,"ENSG00000121653","MAPK8IP1","ENST00000497090"
"6295",54994,"ENSG00000101193","GID8","ENST00000497101"
"6296",9270,"ENSG00000119185","ITGB1BP1","ENST00000497105"
"6297",64853,"ENSG00000186063","AIDA","ENST00000497112"
"6298",10063,"ENSG00000138495","COX17","ENST00000497116"
"6299",7791,"ENSG00000159840","ZYX","ENST00000497119"
"6300",80339,"ENSG00000100344","PNPLA3","ENST00000497129"
"6301",79758,"ENSG00000102796","DHRS12","ENST00000497151"
"6302",80325,"ENSG00000114626","ABTB1","ENST00000497162"
"6303",166968,"ENSG00000155545","MIER3","ENST00000497185"
"6304",114793,"ENSG00000157827","FMNL2","ENST00000497192"
"6305",84168,"ENSG00000169604","ANTXR1","ENST00000497197"
"6306",148523,"ENSG00000159208","CIART","ENST00000497211"
"6307",285193,"ENSG00000188542","DUSP28","ENST00000497221"
"6308",4330,"ENSG00000169184","MN1","ENST00000497225"
"6309",27095,"ENSG00000054116","TRAPPC3","ENST00000497251"
"6310",6832,"ENSG00000156502","SUPV3L1","ENST00000497254"
"6311",27303,"ENSG00000144642","RBMS3","ENST00000497274"
"6312",1942,"ENSG00000169242","EFNA1","ENST00000497282"
"6313",8202,"ENSG00000124151","NCOA3","ENST00000497292"
"6314",2,"ENSG00000175899","A2M","ENST00000497324"
"6315",4967,"ENSG00000105953","OGDH","ENST00000497326"
"6316",9453,"ENSG00000152904","GGPS1","ENST00000497327"
"6317",375298,"ENSG00000188452","CERKL","ENST00000497337"
"6318",9681,"ENSG00000100150","DEPDC5","ENST00000497340"
"6319",728239,"ENSG00000154545","MAGED4","ENST00000497348"
"6320",26354,"ENSG00000163938","GNL3","ENST00000497356"
"6321",150468,"ENSG00000169607","CKAP2L","ENST00000497357"
"6322",1355,"ENSG00000014919","COX15","ENST00000497381"
"6323",5738,"ENSG00000134247","PTGFRN","ENST00000497385"
"6324",2960,"ENSG00000153767","GTF2E1","ENST00000497393"
"6325",93134,"ENSG00000171469","ZNF561","ENST00000497409"
"6326",374969,"ENSG00000177868","SVBP","ENST00000497437"
"6327",55585,"ENSG00000160714","UBE2Q1","ENST00000497453"
"6328",64598,"ENSG00000106330","MOSPD3","ENST00000497456"
"6329",10806,"ENSG00000054282","SDCCAG8","ENST00000497459"
"6330",8505,"ENSG00000227345","PARG","ENST00000497481"
"6331",51078,"ENSG00000176946","THAP4","ENST00000497486"
"6332",8706,"ENSG00000169255","B3GALNT1","ENST00000497487"
"6333",54556,"ENSG00000071243","ING3","ENST00000497502"
"6334",9620,"ENSG00000075275","CELSR1","ENST00000497509"
"6335",59345,"ENSG00000114450","GNB4","ENST00000497513"
"6336",4705,"ENSG00000130414","NDUFA10","ENST00000497536"
"6337",51251,"ENSG00000122643","NT5C3A","ENST00000497542"
"6338",541578,"ENSG00000197021","EOLA2","ENST00000497550"
"6339",10102,"ENSG00000123297","TSFM","ENST00000497617"
"6340",151556,"ENSG00000163328","GPR155","ENST00000497620"
"6341",10447,"ENSG00000196937","FAM3C","ENST00000497622"
"6342",1780,"ENSG00000158560","DYNC1I1","ENST00000497626"
"6343",158326,"ENSG00000164946","FREM1","ENST00000497634"
"6344",80737,"ENSG00000204396","VWA7","ENST00000497645"
"6345",2202,"ENSG00000115380","EFEMP1","ENST00000497698"
"6346",80237,"ENSG00000128886","ELL3","ENST00000497700"
"6347",10352,"ENSG00000116874","WARS2","ENST00000497761"
"6348",5987,"ENSG00000229006","TRIM27","ENST00000497776"
"6349",6988,"ENSG00000145022","TCTA","ENST00000497786"
"6350",10468,"ENSG00000134363","FST","ENST00000497789"
"6351",55558,"ENSG00000130827","PLXNA3","ENST00000497802"
"6352",7476,"ENSG00000154764","WNT7A","ENST00000497808"
"6353",606495,"ENSG00000215883","CYB5RL","ENST00000497820"
"6354",64320,"ENSG00000163481","RNF25","ENST00000497832"
"6355",91647,"ENSG00000171953","ATPAF2","ENST00000497871"
"6356",57211,"ENSG00000112414","ADGRG6","ENST00000497898"
"6357",10865,"ENSG00000196843","ARID5A","ENST00000497920"
"6358",56181,"ENSG00000117640","MTFR1L","ENST00000497956"
"6359",8872,"ENSG00000151465","CDC123","ENST00000497963"
"6360",340481,"ENSG00000175893","ZDHHC21","ENST00000497966"
"6361",23386,"ENSG00000015676","NUDCD3","ENST00000497978"
"6362",55577,"ENSG00000124357","NAGK","ENST00000498022"
"6363",3631,"ENSG00000040933","INPP4A","ENST00000498026"
"6364",130355,"ENSG00000186132","C2orf76","ENST00000498049"
"6365",7780,"ENSG00000158014","SLC30A2","ENST00000498060"
"6366",7433,"ENSG00000114812","VIPR1","ENST00000498102"
"6367",9311,"ENSG00000213199","ASIC3","ENST00000498105"
"6368",84725,"ENSG00000106086","PLEKHA8","ENST00000498106"
"6369",55135,"ENSG00000141499","WRAP53","ENST00000498114"
"6370",5609,"ENSG00000076984","MAP2K7","ENST00000498118"
"6371",285025,"ENSG00000163492","CCDC141","ENST00000498142"
"6372",1952,"ENSG00000143126","CELSR2","ENST00000498157"
"6373",84299,"ENSG00000141741","MIEN1","ENST00000498164"
"6374",3185,"ENSG00000169813","HNRNPF","ENST00000498176"
"6375",10813,"ENSG00000156697","UTP14A","ENST00000498179"
"6376",29969,"ENSG00000135272","MDFIC","ENST00000498196"
"6377",10042,"ENSG00000100281","HMGXB4","ENST00000498212"
"6378",158,"ENSG00000239900","ADSL","ENST00000498234"
"6379",10380,"ENSG00000162813","BPNT1","ENST00000498237"
"6380",9617,"ENSG00000120662","MTRF1","ENST00000498245"
"6381",2803,"ENSG00000144674","GOLGA4","ENST00000498250"
"6382",9019,"ENSG00000197965","MPZL1","ENST00000498279"
"6383",54784,"ENSG00000160993","ALKBH4","ENST00000498283"
"6384",9586,"ENSG00000146592","CREB5","ENST00000498316"
"6385",53344,"ENSG00000204116","CHIC1","ENST00000498318"
"6386",3667,"ENSG00000169047","IRS1","ENST00000498335"
"6387",1025,"ENSG00000136807","CDK9","ENST00000498339"
"6388",27250,"ENSG00000150593","PDCD4","ENST00000498367"
"6389",63891,"ENSG00000164068","RNF123","ENST00000498376"
"6390",163049,"ENSG00000173875","ZNF791","ENST00000498389"
"6391",81624,"ENSG00000139734","DIAPH3","ENST00000498416"
"6392",54955,"ENSG00000116922","AIRIM","ENST00000498448"
"6393",1839,"ENSG00000113070","HBEGF","ENST00000498452"
"6394",80727,"ENSG00000136295","TTYH3","ENST00000498454"
"6395",2159,"ENSG00000126218","F10","ENST00000498455"
"6396",9025,"ENSG00000112130","RNF8","ENST00000498460"
"6397",131076,"ENSG00000160124","MIX23","ENST00000498466"
"6398",54756,"ENSG00000144730","IL17RD","ENST00000498471"
"6399",8226,"ENSG00000130021","PUDP","ENST00000498474"
"6400",80067,"ENSG00000115827","DCAF17","ENST00000498486"
"6401",57678,"ENSG00000119927","GPAM","ENST00000498541"
"6402",7629,"ENSG00000065029","ZNF76","ENST00000498555"
"6403",275,"ENSG00000145020","AMT","ENST00000498571"
"6404",652968,"ENSG00000239282","CASTOR1","ENST00000498572"
"6405",64147,"ENSG00000088727","KIF9","ENST00000498584"
"6406",26121,"ENSG00000105618","PRPF31","ENST00000498612"
"6407",55116,"ENSG00000121775","TMEM39B","ENST00000498613"
"6408",57088,"ENSG00000114698","PLSCR4","ENST00000498625"
"6409",114781,"ENSG00000183826","BTBD9","ENST00000498633"
"6410",7531,"ENSG00000108953","YWHAE","ENST00000498643"
"6411",8216,"ENSG00000099949","LZTR1","ENST00000498649"
"6412",2395,"ENSG00000165060","FXN","ENST00000498653"
"6413",533,"ENSG00000117410","ATP6V0B","ENST00000498664"
"6414",84908,"ENSG00000035141","FAM136A","ENST00000498665"
"6415",1944,"ENSG00000143590","EFNA3","ENST00000498667"
"6416",3155,"ENSG00000117305","HMGCL","ENST00000498698"
"6417",1876,"ENSG00000169016","E2F6","ENST00000498701"
"6418",1213,"ENSG00000141367","CLTC","ENST00000498711"
"6419",285195,"ENSG00000181804","SLC9A9","ENST00000498717"
"6420",10926,"ENSG00000006634","DBF4","ENST00000498726"
"6421",81573,"ENSG00000118454","ANKRD13C","ENST00000498735"
"6422",93973,"ENSG00000113812","ACTR8","ENST00000498740"
"6423",340348,"ENSG00000158457","TSPAN33","ENST00000498745"
"6424",6697,"ENSG00000116096","SPR","ENST00000498749"
"6425",128239,"ENSG00000183856","IQGAP3","ENST00000498755"
"6426",10311,"ENSG00000157538","VPS26C","ENST00000498789"
"6427",8560,"ENSG00000143753","DEGS1","ENST00000498813"
"6428",29927,"ENSG00000058262","SEC61A1","ENST00000498837"
"6429",130497,"ENSG00000143867","OSR1","ENST00000498844"
"6430",1050,"ENSG00000245848","CEBPA","ENST00000498907"
"6431",55743,"ENSG00000072609","CHFR","ENST00000499045"
"6432",284338,"ENSG00000188368","PRR19","ENST00000499536"
"6433",7029,"ENSG00000114126","TFDP2","ENST00000499676"
"6434",80306,"ENSG00000118579","MED28","ENST00000499786"
"6435",92610,"ENSG00000145365","TIFA","ENST00000500655"
"6436",85364,"ENSG00000247315","ZCCHC3","ENST00000500893"
"6437",55766,"ENSG00000246705","H2AJ","ENST00000501744"
"6438",9831,"ENSG00000183309","ZNF623","ENST00000501748"
"6439",286059,"ENSG00000246130","","ENST00000501897"
"6440",115123,"ENSG00000173926","MARCHF3","ENST00000502289"
"6441",255520,"ENSG00000179387","ELMOD2","ENST00000502290"
"6442",9043,"ENSG00000008294","SPAG9","ENST00000502329"
"6443",10112,"ENSG00000112984","KIF20A","ENST00000502338"
"6444",11119,"ENSG00000026950","BTN3A1","ENST00000502361"
"6445",5311,"ENSG00000118762","PKD2","ENST00000502363"
"6446",324,"ENSG00000134982","APC","ENST00000502371"
"6447",128,"ENSG00000197894","ADH5","ENST00000502386"
"6448",51166,"ENSG00000109576","AADAT","ENST00000502392"
"6449",9782,"ENSG00000280987","","ENST00000502394"
"6450",79441,"ENSG00000214367","HAUS3","ENST00000502440"
"6451",55212,"ENSG00000138686","BBS7","ENST00000502444"
"6452",10923,"ENSG00000113387","SUB1","ENST00000502453"
"6453",51421,"ENSG00000114019","AMOTL2","ENST00000502491"
"6454",83463,"ENSG00000213347","MXD3","ENST00000502529"
"6455",60592,"ENSG00000153130","SCOC","ENST00000502535"
"6456",51426,"ENSG00000122008","POLK","ENST00000502567"
"6457",84068,"ENSG00000120519","SLC10A7","ENST00000502607"
"6458",79770,"ENSG00000113621","TXNDC15","ENST00000502625"
"6459",23600,"ENSG00000242110","AMACR","ENST00000502637"
"6460",285440,"ENSG00000145476","CYP4V2","ENST00000502665"
"6461",3570,"ENSG00000160712","IL6R","ENST00000502679"
"6462",55534,"ENSG00000196782","MAML3","ENST00000502696"
"6463",63971,"ENSG00000137177","KIF13A","ENST00000502704"
"6464",23001,"ENSG00000163625","WDFY3","ENST00000502713"
"6465",100874362,"ENSG00000230148","HOXB-AS1","ENST00000502764"
"6466",51177,"ENSG00000023902","PLEKHO1","ENST00000502767"
"6467",81579,"ENSG00000123739","PLA2G12A","ENST00000502772"
"6468",84448,"ENSG00000163995","ABLIM2","ENST00000502800"
"6469",55345,"ENSG00000138658","ZGRF1","ENST00000502805"
"6470",10393,"ENSG00000164162","ANAPC10","ENST00000502847"
"6471",22885,"ENSG00000173210","ABLIM3","ENST00000502855"
"6472",376940,"ENSG00000188177","ZC3H6","ENST00000502881"
"6473",11174,"ENSG00000049192","ADAMTS6","ENST00000502886"
"6474",25854,"ENSG00000109794","FAM149A","ENST00000502894"
"6475",64116,"ENSG00000138821","SLC39A8","ENST00000502903"
"6476",8611,"ENSG00000067113","PLPP1","ENST00000502907"
"6477",51191,"ENSG00000138646","HERC5","ENST00000502913"
"6478",55602,"ENSG00000168564","CDKN2AIP","ENST00000502924"
"6479",4695,"ENSG00000131495","NDUFA2","ENST00000502960"
"6480",1831,"ENSG00000157514","TSC22D3","ENST00000502961"
"6481",7222,"ENSG00000138741","TRPC3","ENST00000502968"
"6482",92345,"ENSG00000145414","NAF1","ENST00000502973"
"6483",152687,"ENSG00000272602","ZNF595","ENST00000502981"
"6484",79642,"ENSG00000180801","ARSJ","ENST00000503013"
"6485",153733,"ENSG00000164221","CCDC112","ENST00000503027"
"6486",8492,"ENSG00000164099","PRSS12","ENST00000503043"
"6487",23530,"ENSG00000112992","NNT","ENST00000503059"
"6488",85460,"ENSG00000178163","ZNF518B","ENST00000503068"
"6489",9778,"ENSG00000170871","KIAA0232","ENST00000503069"
"6490",7320,"ENSG00000119048","UBE2B","ENST00000503080"
"6491",3842,"ENSG00000083312","TNPO1","ENST00000503084"
"6492",64399,"ENSG00000164161","HHIP","ENST00000503090"
"6493",55319,"ENSG00000198498","TMA16","ENST00000503148"
"6494",285598,"ENSG00000175414","ARL10","ENST00000503175"
"6495",153396,"ENSG00000164180","TMEM161B","ENST00000503194"
"6496",23114,"ENSG00000163531","NFASC","ENST00000503221"
"6497",57587,"ENSG00000164323","CFAP97","ENST00000503223"
"6498",9945,"ENSG00000131459","GFPT2","ENST00000503228"
"6499",23583,"ENSG00000123415","SMUG1","ENST00000503231"
"6500",5393,"ENSG00000123737","EXOSC9","ENST00000503236"
"6501",6880,"ENSG00000273841","TAF9","ENST00000503245"
"6502",7323,"ENSG00000109332","UBE2D3","ENST00000503282"
"6503",23022,"ENSG00000129116","PALLD","ENST00000503290"
"6504",821,"ENSG00000127022","CANX","ENST00000503303"
"6505",1836,"ENSG00000155850","SLC26A2","ENST00000503336"
"6506",4299,"ENSG00000172493","AFF1","ENST00000503369"
"6507",80762,"ENSG00000131507","NDFIP1","ENST00000503388"
"6508",51735,"ENSG00000158987","RAPGEF6","ENST00000503398"
"6509",132320,"ENSG00000151466","SCLT1","ENST00000503401"
"6510",79807,"ENSG00000138780","GSTCD","ENST00000503409"
"6511",2250,"ENSG00000138675","FGF5","ENST00000503413"
"6512",25847,"ENSG00000129055","ANAPC13","ENST00000503439"
"6513",152579,"ENSG00000184178","SCFD2","ENST00000503450"
"6514",51056,"ENSG00000002549","LAP3","ENST00000503467"
"6515",92255,"ENSG00000164187","LMBRD2","ENST00000503535"
"6516",79668,"ENSG00000151883","PARP8","ENST00000503561"
"6517",2823,"ENSG00000150625","GPM6A","ENST00000503563"
"6518",4636,"ENSG00000215375","MYL5","ENST00000503612"
"6519",27163,"ENSG00000138744","NAAA","ENST00000503636"
"6520",5229,"ENSG00000164219","PGGT1B","ENST00000503638"
"6521",493856,"ENSG00000145354","CISD2","ENST00000503643"
"6522",54433,"ENSG00000109534","GAR1","ENST00000503671"
"6523",55132,"ENSG00000138709","LARP1B","ENST00000503725"
"6524",5286,"ENSG00000011405","PIK3C2A","ENST00000503729"
"6525",166785,"ENSG00000151611","MMAA","ENST00000503730"
"6526",2161,"ENSG00000131187","F12","ENST00000503736"
"6527",1393,"ENSG00000145708","CRHBP","ENST00000503763"
"6528",25907,"ENSG00000249992","TMEM158","ENST00000503771"
"6529",306,"ENSG00000138772","ANXA3","ENST00000503776"
"6530",5981,"ENSG00000035928","RFC1","ENST00000503784"
"6531",92259,"ENSG00000134056","MRPS36","ENST00000503793"
"6532",9429,"ENSG00000118777","ABCG2","ENST00000503830"
"6533",153339,"ENSG00000174695","TMEM167A","ENST00000503892"
"6534",51574,"ENSG00000174720","LARP7","ENST00000503898"
"6535",1008,"ENSG00000040731","CDH10","ENST00000503958"
"6536",23037,"ENSG00000133401","PDZD2","ENST00000503961"
"6537",4124,"ENSG00000112893","MAN2A1","ENST00000503970"
"6538",256309,"ENSG00000168491","CCDC110","ENST00000504020"
"6539",100885776,"ENSG00000249348","UGDH-AS1","ENST00000504032"
"6540",153478,"ENSG00000153404","PLEKHG4B","ENST00000504041"
"6541",84246,"ENSG00000133398","MED10","ENST00000504058"
"6542",10815,"ENSG00000168993","CPLX1","ENST00000504062"
"6543",64854,"ENSG00000109189","USP46","ENST00000504078"
"6544",23262,"ENSG00000145725","PPIP5K2","ENST00000504083"
"6545",79628,"ENSG00000169247","SH3TC2","ENST00000504091"
"6546",2028,"ENSG00000138792","ENPEP","ENST00000504100"
"6547",548644,"ENSG00000285437","POLR2J3","ENST00000504101"
"6548",134430,"ENSG00000134987","WDR36","ENST00000504122"
"6549",51308,"ENSG00000132563","REEP2","ENST00000504163"
"6550",54819,"ENSG00000155329","ZCCHC10","ENST00000504170"
"6551",27065,"ENSG00000168824","NSG1","ENST00000504171"
"6552",10769,"ENSG00000145632","PLK2","ENST00000504196"
"6553",4804,"ENSG00000064300","NGFR","ENST00000504201"
"6554",3094,"ENSG00000169567","HINT1","ENST00000504202"
"6555",6164,"ENSG00000109475","RPL34","ENST00000504231"
"6556",51128,"ENSG00000152700","SAR1B","ENST00000504242"
"6557",7905,"ENSG00000129625","REEP5","ENST00000504247"
"6558",64847,"ENSG00000006282","SPATA20","ENST00000504271"
"6559",51138,"ENSG00000138663","COPS4","ENST00000504274"
"6560",6715,"ENSG00000145545","SRD5A1","ENST00000504286"
"6561",9276,"ENSG00000184432","COPB2","ENST00000504295"
"6562",285671,"ENSG00000164197","RNF180","ENST00000504296"
"6563",2868,"ENSG00000125388","GRK4","ENST00000504308"
"6564",54726,"ENSG00000164164","OTUD4","ENST00000504331"
"6565",6525,"ENSG00000183963","SMTN","ENST00000504335"
"6566",405,"ENSG00000143437","ARNT","ENST00000504358"
"6567",29102,"ENSG00000113360","DROSHA","ENST00000504361"
"6568",26036,"ENSG00000112200","ZNF451","ENST00000504364"
"6569",2182,"ENSG00000068366","ACSL4","ENST00000504383"
"6570",7045,"ENSG00000120708","TGFBI","ENST00000504411"
"6571",10007,"ENSG00000113552","GNPDA1","ENST00000504424"
"6572",5066,"ENSG00000145730","PAM","ENST00000504456"
"6573",4131,"ENSG00000131711","MAP1B","ENST00000504492"
"6574",57620,"ENSG00000109689","STIM2","ENST00000504511"
"6575",153769,"ENSG00000156463","SH3RF2","ENST00000504522"
"6576",84948,"ENSG00000179886","TIGD5","ENST00000504548"
"6577",8714,"ENSG00000108846","ABCC3","ENST00000504586"
"6578",23567,"ENSG00000113761","ZNF346","ENST00000504600"
"6579",1036,"ENSG00000129596","CDO1","ENST00000504613"
"6580",23113,"ENSG00000112659","CUL9","ENST00000504647"
"6581",6059,"ENSG00000164163","ABCE1","ENST00000504683"
"6582",6728,"ENSG00000153037","SRP19","ENST00000504696"
"6583",166929,"ENSG00000164023","SGMS2","ENST00000504754"
"6584",83989,"ENSG00000113391","FAM172A","ENST00000504768"
"6585",3182,"ENSG00000197451","HNRNPAB","ENST00000504796"
"6586",651746,"ENSG00000164236","ANKRD33B","ENST00000504806"
"6587",995,"ENSG00000158402","CDC25C","ENST00000504831"
"6588",30849,"ENSG00000196455","PIK3R4","ENST00000504834"
"6589",1004,"ENSG00000113361","CDH6","ENST00000504835"
"6590",84057,"ENSG00000121211","MND1","ENST00000504860"
"6591",55322,"ENSG00000082213","C5orf22","ENST00000504866"
"6592",153443,"ENSG00000151304","SRFBP1","ENST00000504881"
"6593",2151,"ENSG00000164220","F2RL2","ENST00000504899"
"6594",2180,"ENSG00000151726","ACSL1","ENST00000504900"
"6595",65008,"ENSG00000169288","MRPL1","ENST00000504901"
"6596",8633,"ENSG00000182168","UNC5C","ENST00000504962"
"6597",6391,"ENSG00000143252","SDHC","ENST00000504963"
"6598",1809,"ENSG00000113657","DPYSL3","ENST00000504965"
"6599",9061,"ENSG00000138801","PAPSS1","ENST00000504987"
"6600",11107,"ENSG00000138738","PRDM5","ENST00000505033"
"6601",65997,"ENSG00000128045","RASL11B","ENST00000505041"
"6602",10591,"ENSG00000112667","DNPH1","ENST00000505042"
"6603",51151,"ENSG00000164175","SLC45A2","ENST00000505056"
"6604",201931,"ENSG00000170088","TMEM192","ENST00000505095"
"6605",493869,"ENSG00000164294","GPX8","ENST00000505096"
"6606",8697,"ENSG00000094880","CDC23","ENST00000505120"
"6607",57600,"ENSG00000052795","FNIP2","ENST00000505130"
"6608",817,"ENSG00000145349","CAMK2D","ENST00000505132"
"6609",51307,"ENSG00000120709","FAM53C","ENST00000505136"
"6610",56172,"ENSG00000154122","ANKH","ENST00000505140"
"6611",9508,"ENSG00000156140","ADAMTS3","ENST00000505193"
"6612",2729,"ENSG00000001084","GCLC","ENST00000505197"
"6613",51663,"ENSG00000056097","ZFR","ENST00000505204"
"6614",51520,"ENSG00000133706","LARS1","ENST00000505223"
"6615",902,"ENSG00000134480","CCNH","ENST00000505230"
"6616",23129,"ENSG00000004399","PLXND1","ENST00000505237"
"6617",401190,"ENSG00000186479","RGS7BP","ENST00000505263"
"6618",54888,"ENSG00000037474","NSUN2","ENST00000505264"
"6619",323,"ENSG00000163697","APBB2","ENST00000505266"
"6620",202052,"ENSG00000170464","DNAJC18","ENST00000505268"
"6621",6307,"ENSG00000052802","MSMO1","ENST00000505270"
"6622",57205,"ENSG00000145246","ATP10D","ENST00000505277"
"6623",5361,"ENSG00000114554","PLXNA1","ENST00000505278"
"6624",8622,"ENSG00000113231","PDE8B","ENST00000505283"
"6625",51176,"ENSG00000138795","LEF1","ENST00000505293"
"6626",140458,"ENSG00000164122","ASB5","ENST00000505299"
"6627",9464,"ENSG00000164107","HAND2","ENST00000505300"
"6628",2483,"ENSG00000109536","FRG1","ENST00000505327"
"6629",131034,"ENSG00000196353","CPNE4","ENST00000505331"
"6630",89845,"ENSG00000124574","ABCC10","ENST00000505344"
"6631",55325,"ENSG00000109775","UFSP2","ENST00000505357"
"6632",54622,"ENSG00000185305","ARL15","ENST00000505383"
"6633",57732,"ENSG00000159733","ZFYVE28","ENST00000505421"
"6634",1176,"ENSG00000177879","AP3S1","ENST00000505423"
"6635",55422,"ENSG00000130844","ZNF331","ENST00000505426"
"6636",27190,"ENSG00000127743","IL17B","ENST00000505432"
"6637",254394,"ENSG00000111877","MCM9","ENST00000505446"
"6638",23379,"ENSG00000164151","ICE1","ENST00000505464"
"6639",202333,"ENSG00000164309","CMYA5","ENST00000505466"
"6640",3670,"ENSG00000016082","ISL1","ENST00000505475"
"6641",839,"ENSG00000138794","CASP6","ENST00000505486"
"6642",1946,"ENSG00000184349","EFNA5","ENST00000505499"
"6643",441061,"ENSG00000183654","MARCHF11","ENST00000505509"
"6644",10463,"ENSG00000014824","SLC30A9","ENST00000505523"
"6645",57537,"ENSG00000184985","SORCS2","ENST00000505529"
"6646",1627,"ENSG00000113758","DBN1","ENST00000505550"
"6647",10642,"ENSG00000159217","IGF2BP1","ENST00000505562"
"6648",84570,"ENSG00000188517","COL25A1","ENST00000505591"
"6649",2149,"ENSG00000181104","F2R","ENST00000505600"
"6650",9187,"ENSG00000074621","SLC24A1","ENST00000505666"
"6651",84327,"ENSG00000132846","ZBED3","ENST00000505685"
"6652",22998,"ENSG00000064042","LIMCH1","ENST00000505705"
"6653",27068,"ENSG00000138777","PPA2","ENST00000505713"
"6654",3516,"ENSG00000168214","RBPJ","ENST00000505727"
"6655",201895,"ENSG00000163683","SMIM14","ENST00000505729"
"6656",167153,"ENSG00000164329","TENT2","ENST00000505770"
"6657",345757,"ENSG00000174132","FAM174A","ENST00000505792"
"6658",54872,"ENSG00000174227","PIGG","ENST00000505800"
"6659",51523,"ENSG00000171604","CXXC5","ENST00000505812"
"6660",55914,"ENSG00000112851","ERBIN","ENST00000505822"
"6661",58478,"ENSG00000145293","ENOPH1","ENST00000505846"
"6662",57198,"ENSG00000143515","ATP8B2","ENST00000505882"
"6663",8930,"ENSG00000129071","MBD4","ENST00000505883"
"6664",170960,"ENSG00000182903","ZNF721","ENST00000505900"
"6665",92999,"ENSG00000114853","ZBTB47","ENST00000505904"
"6666",255743,"ENSG00000168743","NPNT","ENST00000505917"
"6667",267020,"ENSG00000249222","ATP5MGL","ENST00000505920"
"6668",6442,"ENSG00000108823","SGCA","ENST00000505964"
"6669",1105,"ENSG00000153922","CHD1","ENST00000505982"
"6670",9132,"ENSG00000117013","KCNQ4","ENST00000506017"
"6671",55299,"ENSG00000113460","BRIX1","ENST00000506023"
"6672",84864,"ENSG00000170854","RIOX2","ENST00000506099"
"6673",8603,"ENSG00000125386","FAM193A","ENST00000506120"
"6674",54969,"ENSG00000056050","HPF1","ENST00000506125"
"6675",7092,"ENSG00000038295","TLL1","ENST00000506144"
"6676",10307,"ENSG00000113108","APBB3","ENST00000506165"
"6677",246175,"ENSG00000138767","CNOT6L","ENST00000506166"
"6678",28965,"ENSG00000113396","SLC27A6","ENST00000506176"
"6679",116984,"ENSG00000047365","ARAP2","ENST00000506189"
"6680",133418,"ENSG00000170571","EMB","ENST00000506190"
"6681",79725,"ENSG00000168152","THAP9","ENST00000506208"
"6682",134147,"ENSG00000164237","CMBL","ENST00000506224"
"6683",8999,"ENSG00000138769","CDKL2","ENST00000506234"
"6684",285672,"ENSG00000153006","SREK1IP1","ENST00000506252"
"6685",22987,"ENSG00000122012","SV2C","ENST00000506257"
"6686",54491,"ENSG00000145569","OTULINL","ENST00000506258"
"6687",23244,"ENSG00000121892","PDS5A","ENST00000506262"
"6688",3148,"ENSG00000164104","HMGB2","ENST00000506267"
"6689",57563,"ENSG00000145332","KLHL8","ENST00000506274"
"6690",3672,"ENSG00000213949","ITGA1","ENST00000506275"
"6691",118429,"ENSG00000163297","ANTXR2","ENST00000506286"
"6692",27309,"ENSG00000109445","ZNF330","ENST00000506302"
"6693",10960,"ENSG00000169223","LMAN2","ENST00000506310"
"6694",5810,"ENSG00000113456","RAD1","ENST00000506311"
"6695",9879,"ENSG00000145833","DDX46","ENST00000506332"
"6696",166647,"ENSG00000152990","ADGRA3","ENST00000506346"
"6697",5922,"ENSG00000155903","RASA2","ENST00000506365"
"6698",1060,"ENSG00000145241","CENPC","ENST00000506410"
"6699",3313,"ENSG00000113013","HSPA9","ENST00000506477"
"6700",56977,"ENSG00000173320","STOX2","ENST00000506529"
"6701",9260,"ENSG00000196923","PDLIM7","ENST00000506537"
"6702",55236,"ENSG00000033178","UBA6","ENST00000506571"
"6703",56650,"ENSG00000080822","CLDND1","ENST00000506575"
"6704",285550,"ENSG00000237765","FAM200B","ENST00000506610"
"6705",57179,"ENSG00000122203","KIAA1191","ENST00000506613"
"6706",6949,"ENSG00000070814","TCOF1","ENST00000506630"
"6707",153527,"ENSG00000146007","ZMAT2","ENST00000506644"
"6708",5164,"ENSG00000005882","PDK2","ENST00000506647"
"6709",133015,"ENSG00000163138","PACRGL","ENST00000506648"
"6710",84525,"ENSG00000171476","HOPX","ENST00000506661"
"6711",84286,"ENSG00000127419","TMEM175","ENST00000506669"
"6712",6622,"ENSG00000145335","SNCA","ENST00000506691"
"6713",84340,"ENSG00000164347","GFM2","ENST00000506778"
"6714",57721,"ENSG00000145388","METTL14","ENST00000506780"
"6715",55109,"ENSG00000164252","AGGF1","ENST00000506806"
"6716",54557,"ENSG00000197860","SGTB","ENST00000506816"
"6717",174,"ENSG00000081051","AFP","ENST00000506820"
"6718",55751,"ENSG00000164168","TMEM184C","ENST00000506826"
"6719",54535,"ENSG00000204536","CCHCR1","ENST00000506831"
"6720",55008,"ENSG00000138642","HERC6","ENST00000506842"
"6721",9522,"ENSG00000085365","SCAMP1","ENST00000506858"
"6722",64417,"ENSG00000151881","TMEM267","ENST00000506860"
"6723",642987,"ENSG00000186952","TMEM232","ENST00000506890"
"6724",158219,"ENSG00000155158","TTC39B","ENST00000506891"
"6725",10144,"ENSG00000138640","FAM13A","ENST00000506913"
"6726",55763,"ENSG00000090989","EXOC1","ENST00000506936"
"6727",10636,"ENSG00000169220","RGS14","ENST00000506944"
"6728",53918,"ENSG00000152684","PELO","ENST00000506949"
"6729",26049,"ENSG00000198780","FAM169A","ENST00000506954"
"6730",23107,"ENSG00000113048","MRPS27","ENST00000506957"
"6731",29945,"ENSG00000053900","ANAPC4","ENST00000506973"
"6732",285605,"ENSG00000169570","DTWD2","ENST00000506980"
"6733",60559,"ENSG00000129128","SPCS3","ENST00000507001"
"6734",5522,"ENSG00000074211","PPP2R2C","ENST00000507028"
"6735",57561,"ENSG00000113369","ARRDC3","ENST00000507075"
"6736",91369,"ENSG00000154945","ANKRD40","ENST00000507114"
"6737",6731,"ENSG00000174780","SRP72","ENST00000507126"
"6738",545,"ENSG00000175054","ATR","ENST00000507148"
"6739",51752,"ENSG00000164307","ERAP1","ENST00000507154"
"6740",10098,"ENSG00000168785","TSPAN5","ENST00000507167"
"6741",6497,"ENSG00000157933","SKI","ENST00000507179"
"6742",5201,"ENSG00000113068","PFDN1","ENST00000507185"
"6743",27032,"ENSG00000017260","ATP2C1","ENST00000507194"
"6744",81608,"ENSG00000145216","FIP1L1","ENST00000507206"
"6745",5481,"ENSG00000171497","PPID","ENST00000507213"
"6746",79888,"ENSG00000153395","LPCAT1","ENST00000507282"
"6747",64145,"ENSG00000131381","RBSN","ENST00000507357"
"6748",4126,"ENSG00000109323","MANBA","ENST00000507358"
"6749",57528,"ENSG00000183775","KCTD16","ENST00000507359"
"6750",134553,"ENSG00000181904","C5orf24","ENST00000507390"
"6751",93587,"ENSG00000145331","TRMT10A","ENST00000507394"
"6752",6550,"ENSG00000066230","SLC9A3","ENST00000507407"
"6753",643155,"ENSG00000188725","SMIM15","ENST00000507416"
"6754",134359,"ENSG00000152359","POC5","ENST00000507421"
"6755",57654,"ENSG00000163945","UVSSA","ENST00000507422"
"6756",100507602,"ENSG00000248275","TRIM52-AS1","ENST00000507434"
"6757",11157,"ENSG00000164167","LSM6","ENST00000507449"
"6758",6607,"ENSG00000205571","SMN2","ENST00000507458"
"6759",26262,"ENSG00000048140","TSPAN17","ENST00000507471"
"6760",6389,"ENSG00000073578","SDHA","ENST00000507522"
"6761",5156,"ENSG00000134853","PDGFRA","ENST00000507536"
"6762",337876,"ENSG00000198108","CHSY3","ENST00000507545"
"6763",134266,"ENSG00000164284","GRPEL2","ENST00000507562"
"6764",64848,"ENSG00000047188","YTHDC2","ENST00000507567"
"6765",79072,"ENSG00000124279","FASTKD3","ENST00000507572"
"6766",7555,"ENSG00000169714","CNBP","ENST00000507573"
"6767",54540,"ENSG00000146067","FAM193B","ENST00000507587"
"6768",91289,"ENSG00000100258","LMF2","ENST00000507607"
"6769",26521,"ENSG00000150779","TIMM8B","ENST00000507614"
"6770",146956,"ENSG00000154920","EME1","ENST00000507616"
"6771",78991,"ENSG00000145882","PCYOX1L","ENST00000507621"
"6772",7424,"ENSG00000150630","VEGFC","ENST00000507638"
"6773",10085,"ENSG00000164176","EDIL3","ENST00000507663"
"6774",55589,"ENSG00000138756","BMP2K","ENST00000507670"
"6775",9631,"ENSG00000113569","NUP155","ENST00000507675"
"6776",1277,"ENSG00000108821","COL1A1","ENST00000507689"
"6777",93627,"ENSG00000145348","TBCK","ENST00000507696"
"6778",5471,"ENSG00000128059","PPAT","ENST00000507724"
"6779",54876,"ENSG00000163257","DCAF16","ENST00000507731"
"6780",55714,"ENSG00000218336","TENM3","ENST00000507737"
"6781",84869,"ENSG00000145439","CBR4","ENST00000507752"
"6782",4717,"ENSG00000109390","NDUFC1","ENST00000507764"
"6783",202051,"ENSG00000170469","SPATA24","ENST00000507779"
"6784",4488,"ENSG00000120149","MSX2","ENST00000507785"
"6785",3977,"ENSG00000113594","LIFR","ENST00000507786"
"6786",80221,"ENSG00000167107","ACSF2","ENST00000507792"
"6787",6643,"ENSG00000205302","SNX2","ENST00000507852"
"6788",92369,"ENSG00000175093","SPSB4","ENST00000507895"
"6789",6732,"ENSG00000096063","SRPK1","ENST00000507909"
"6790",64777,"ENSG00000145916","RMND5B","ENST00000507937"
"6791",1601,"ENSG00000153071","DAB2","ENST00000507990"
"6792",815,"ENSG00000070808","CAMK2A","ENST00000507995"
"6793",54439,"ENSG00000091009","RBM27","ENST00000508019"
"6794",29063,"ENSG00000168228","ZCCHC4","ENST00000508058"
"6795",4015,"ENSG00000113083","LOX","ENST00000508067"
"6796",8821,"ENSG00000109452","INPP4B","ENST00000508084"
"6797",2926,"ENSG00000132463","GRSF1","ENST00000508091"
"6798",27,"ENSG00000143322","ABL2","ENST00000508127"
"6799",81545,"ENSG00000145868","FBXO38","ENST00000508176"
"6800",64897,"ENSG00000157895","C12orf43","ENST00000508193"
"6801",317671,"ENSG00000175449","RFESD","ENST00000508206"
"6802",134429,"ENSG00000164211","STARD4","ENST00000508215"
"6803",9587,"ENSG00000124688","MAD2L1BP","ENST00000508232"
"6804",153020,"ENSG00000138670","RASGEF1B","ENST00000508294"
"6805",7468,"ENSG00000109685","NSD2","ENST00000508299"
"6806",3064,"ENSG00000197386","HTT","ENST00000508321"
"6807",114821,"ENSG00000248496","SCAND3","ENST00000508341"
"6808",54505,"ENSG00000067248","DHX29","ENST00000508346"
"6809",167227,"ENSG00000172795","DCP2","ENST00000508359"
"6810",266727,"ENSG00000112139","MDGA1","ENST00000508399"
"6811",199953,"ENSG00000188807","TMEM201","ENST00000508400"
"6812",10788,"ENSG00000145703","IQGAP2","ENST00000508410"
"6813",51170,"ENSG00000198189","HSD17B11","ENST00000508413"
"6814",51014,"ENSG00000134970","TMED7","ENST00000508420"
"6815",9319,"ENSG00000071539","TRIP13","ENST00000508430"
"6816",115548,"ENSG00000157107","FCHO2","ENST00000508431"
"6817",113612,"ENSG00000155016","CYP2U1","ENST00000508453"
"6818",8615,"ENSG00000138768","USO1","ENST00000508454"
"6819",6167,"ENSG00000145592","RPL37","ENST00000508493"
"6820",221662,"ENSG00000112183","RBM24","ENST00000508508"
"6821",134145,"ENSG00000150756","ATPSCKMT","ENST00000508553"
"6822",8467,"ENSG00000153147","SMARCA5","ENST00000508573"
"6823",286075,"ENSG00000181135","ZNF707","ENST00000508587"
"6824",152559,"ENSG00000163291","PAQR3","ENST00000508599"
"6825",10237,"ENSG00000121073","SLC35B1","ENST00000508607"
"6826",5188,"ENSG00000059691","GATB","ENST00000508611"
"6827",1611,"ENSG00000112977","DAP","ENST00000508646"
"6828",729830,"ENSG00000164142","FHIP1A","ENST00000508664"
"6829",90268,"ENSG00000154124","OTULIN","ENST00000508678"
"6830",2870,"ENSG00000198055","GRK6","ENST00000508705"
"6831",23517,"ENSG00000039123","MTREX","ENST00000508716"
"6832",7204,"ENSG00000038382","TRIO","ENST00000508717"
"6833",55100,"ENSG00000082068","WDR70","ENST00000508730"
"6834",64374,"ENSG00000120725","SIL1","ENST00000508744"
"6835",80014,"ENSG00000151718","WWC2","ENST00000508747"
"6836",81555,"ENSG00000145817","YIPF5","ENST00000508754"
"6837",116966,"ENSG00000150627","WDR17","ENST00000508773"
"6838",80230,"ENSG00000176783","RUFY1","ENST00000508797"
"6839",4739,"ENSG00000111859","NEDD9","ENST00000508800"
"6840",201725,"ENSG00000205208","C4orf46","ENST00000508836"
"6841",10252,"ENSG00000164056","SPRY1","ENST00000508849"
"6842",23595,"ENSG00000135336","ORC3","ENST00000508875"
"6843",9180,"ENSG00000145623","OSMR","ENST00000508882"
"6844",83594,"ENSG00000112874","NUDT12","ENST00000508889"
"6845",85015,"ENSG00000123552","USP45","ENST00000508908"
"6846",23635,"ENSG00000145687","SSBP2","ENST00000508912"
"6847",6414,"ENSG00000250722","SELENOP","ENST00000508937"
"6848",9499,"ENSG00000120729","MYOT","ENST00000508938"
"6849",9555,"ENSG00000113648","MACROH2A1","ENST00000508962"
"6850",285704,"ENSG00000174136","RGMB","ENST00000508978"
"6851",1635,"ENSG00000129187","DCTD","ENST00000508994"
"6852",54463,"ENSG00000154153","RETREG1","ENST00000509048"
"6853",10959,"ENSG00000086598","TMED2","ENST00000509052"
"6854",28990,"ENSG00000034533","ASTE1","ENST00000509060"
"6855",10424,"ENSG00000164040","PGRMC2","ENST00000509070"
"6856",3184,"ENSG00000138668","HNRNPD","ENST00000509107"
"6857",9812,"ENSG00000081791","DELE1","ENST00000509110"
"6858",8507,"ENSG00000171617","ENC1","ENST00000509127"
"6859",54751,"ENSG00000162458","FBLIM1","ENST00000509138"
"6860",340075,"ENSG00000183876","ARSI","ENST00000509146"
"6861",55900,"ENSG00000089335","ZNF302","ENST00000509196"
"6862",54951,"ENSG00000169019","COMMD8","ENST00000509220"
"6863",2103,"ENSG00000119715","ESRRB","ENST00000509242"
"6864",23657,"ENSG00000151012","SLC7A11","ENST00000509248"
"6865",55374,"ENSG00000113119","TMCO6","ENST00000509269"
"6866",3660,"ENSG00000168310","IRF2","ENST00000509274"
"6867",23317,"ENSG00000138246","DNAJC13","ENST00000509279"
"6868",167555,"ENSG00000152380","FAM151B","ENST00000509292"
"6869",6695,"ENSG00000152377","SPOCK1","ENST00000509293"
"6870",11336,"ENSG00000180104","EXOC3","ENST00000509294"
"6871",1212,"ENSG00000175416","CLTB","ENST00000509319"
"6872",152926,"ENSG00000163644","PPM1K","ENST00000509340"
"6873",81848,"ENSG00000187678","SPRY4","ENST00000509364"
"6874",4552,"ENSG00000124275","MTRR","ENST00000509379"
"6875",10140,"ENSG00000141232","TOB1","ENST00000509385"
"6876",196394,"ENSG00000151743","AMN1","ENST00000509386"
"6877",22838,"ENSG00000146083","RNF44","ENST00000509404"
"6878",900,"ENSG00000113328","CCNG1","ENST00000509425"
"6879",91137,"ENSG00000164209","SLC25A46","ENST00000509432"
"6880",57763,"ENSG00000164331","ANKRA2","ENST00000509433"
"6881",4724,"ENSG00000164258","NDUFS4","ENST00000509443"
"6882",79633,"ENSG00000196159","FAT4","ENST00000509444"
"6883",54946,"ENSG00000114544","SLC41A3","ENST00000509452"
"6884",171019,"ENSG00000145808","ADAMTS19","ENST00000509467"
"6885",51780,"ENSG00000120733","KDM3B","ENST00000509468"
"6886",1047,"ENSG00000153132","CLGN","ENST00000509477"
"6887",9037,"ENSG00000112902","SEMA5A","ENST00000509486"
"6888",831,"ENSG00000153113","CAST","ENST00000509529"
"6889",253017,"ENSG00000205678","TECRL","ENST00000509536"
"6890",51023,"ENSG00000163319","MRPS18C","ENST00000509571"
"6891",158234,"ENSG00000165275","TRMT10B","ENST00000509577"
"6892",9948,"ENSG00000071127","WDR1","ENST00000509600"
"6893",727866,"ENSG00000179304","FAM156B","ENST00000509613"
"6894",23400,"ENSG00000159363","ATP13A2","ENST00000509619"
"6895",134218,"ENSG00000168724","DNAJC21","ENST00000509626"
"6896",2195,"ENSG00000083857","FAT1","ENST00000509647"
"6897",28999,"ENSG00000163884","KLF15","ENST00000509675"
"6898",10227,"ENSG00000109736","MFSD10","ENST00000509676"
"6899",26511,"ENSG00000109220","CHIC2","ENST00000509678"
"6900",4793,"ENSG00000104825","NFKBIB","ENST00000509705"
"6901",689,"ENSG00000145741","BTF3","ENST00000509708"
"6902",55707,"ENSG00000157191","NECAP2","ENST00000509727"
"6903",132660,"ENSG00000189308","LIN54","ENST00000509748"
"6904",1633,"ENSG00000156136","DCK","ENST00000509764"
"6905",8405,"ENSG00000121067","SPOP","ENST00000509765"
"6906",6002,"ENSG00000159788","RGS12","ENST00000509772"
"6907",389337,"ENSG00000183111","ARHGEF37","ENST00000509831"
"6908",345778,"ENSG00000177034","MTX3","ENST00000509852"
"6909",1501,"ENSG00000169862","CTNND2","ENST00000509868"
"6910",9693,"ENSG00000109756","RAPGEF2","ENST00000509891"
"6911",56951,"ENSG00000113583","C5orf15","ENST00000509913"
"6912",100507053,"ENSG00000246090","","ENST00000509939"
"6913",5921,"ENSG00000145715","RASA1","ENST00000509953"
"6914",285636,"ENSG00000205765","RIMOC1","ENST00000509976"
"6915",84105,"ENSG00000132570","PCBD2","ENST00000510013"
"6916",6690,"ENSG00000164266","SPINK1","ENST00000510027"
"6917",10568,"ENSG00000157765","SLC34A2","ENST00000510033"
"6918",84303,"ENSG00000159685","CHCHD6","ENST00000510044"
"6919",64151,"ENSG00000109805","NCAPG","ENST00000510063"
"6920",90933,"ENSG00000146063","TRIM41","ENST00000510072"
"6921",79658,"ENSG00000071205","ARHGAP10","ENST00000510076"
"6922",51247,"ENSG00000120727","PAIP2","ENST00000510080"
"6923",55276,"ENSG00000169299","PGM2","ENST00000510084"
"6924",57501,"ENSG00000114656","CFAP92","ENST00000510149"
"6925",11222,"ENSG00000114686","MRPL3","ENST00000510154"
"6926",10733,"ENSG00000142731","PLK4","ENST00000510192"
"6927",11267,"ENSG00000159210","SNF8","ENST00000510195"
"6928",84240,"ENSG00000131732","ZCCHC9","ENST00000510227"
"6929",9652,"ENSG00000198677","SKIC3","ENST00000510228"
"6930",1609,"ENSG00000145214","DGKQ","ENST00000510286"
"6931",10396,"ENSG00000124406","ATP8A1","ENST00000510289"
"6932",57728,"ENSG00000157796","WDR19","ENST00000510315"
"6933",4726,"ENSG00000145494","NDUFS6","ENST00000510329"
"6934",55651,"ENSG00000145912","NHP2","ENST00000510363"
"6935",288,"ENSG00000151150","ANK3","ENST00000510382"
"6936",55781,"ENSG00000058729","RIOK2","ENST00000510384"
"6937",79930,"ENSG00000146094","DOK3","ENST00000510389"
"6938",23324,"ENSG00000013288","MAN2B2","ENST00000510427"
"6939",1350,"ENSG00000127184","COX7C","ENST00000510447"
"6940",22993,"ENSG00000113716","HMGXB3","ENST00000510472"
"6941",7358,"ENSG00000109814","UGDH","ENST00000510490"
"6942",80758,"ENSG00000131188","PRR7","ENST00000510492"
"6943",54732,"ENSG00000184840","TMED9","ENST00000510499"
"6944",23142,"ENSG00000109184","DCUN1D4","ENST00000510518"
"6945",23023,"ENSG00000172765","TMCC1","ENST00000510521"
"6946",10417,"ENSG00000159674","SPON2","ENST00000510542"
"6947",132671,"ENSG00000163071","SPATA18","ENST00000510549"
"6948",7345,"ENSG00000154277","UCHL1","ENST00000510566"
"6949",4638,"ENSG00000065534","MYLK","ENST00000510571"
"6950",57606,"ENSG00000109171","SLAIN2","ENST00000510595"
"6951",51491,"ENSG00000048162","NOP16","ENST00000510608"
"6952",221391,"ENSG00000124818","OPN5","ENST00000510695"
"6953",27166,"ENSG00000169230","PRELID1","ENST00000510701"
"6954",93624,"ENSG00000173011","TADA2B","ENST00000510704"
"6955",3093,"ENSG00000078140","UBE2K","ENST00000510719"
"6956",3673,"ENSG00000164171","ITGA2","ENST00000510722"
"6957",64850,"ENSG00000164089","ETNPPL","ENST00000510723"
"6958",64946,"ENSG00000153044","CENPH","ENST00000510742"
"6959",91746,"ENSG00000083896","YTHDC1","ENST00000510746"
"6960",27152,"ENSG00000164066","INTU","ENST00000510766"
"6961",51306,"ENSG00000031003","FAM13B","ENST00000510804"
"6962",57630,"ENSG00000154447","SH3RF1","ENST00000510806"
"6963",10608,"ENSG00000123933","MXD4","ENST00000510822"
"6964",987,"ENSG00000198589","LRBA","ENST00000510841"
"6965",54532,"ENSG00000145390","USP53","ENST00000510852"
"6966",419,"ENSG00000156219","ART3","ENST00000510863"
"6967",201973,"ENSG00000164306","PRIMPOL","ENST00000510864"
"6968",90355,"ENSG00000181751","MACIR","ENST00000510890"
"6969",9227,"ENSG00000121207","LRAT","ENST00000510919"
"6970",10723,"ENSG00000113504","SLC12A7","ENST00000510943"
"6971",80144,"ENSG00000138759","FRAS1","ENST00000510944"
"6972",2743,"ENSG00000109738","GLRB","ENST00000510970"
"6973",6189,"ENSG00000145425","RPS3A","ENST00000510993"
"6974",10241,"ENSG00000136436","CALCOCO2","ENST00000510997"
"6975",64979,"ENSG00000171421","MRPL36","ENST00000510999"
"6976",1998,"ENSG00000109381","ELF2","ENST00000511006"
"6977",9794,"ENSG00000161021","MAML1","ENST00000511027"
"6978",6196,"ENSG00000071242","RPS6KA2","ENST00000511034"
"6979",10915,"ENSG00000113649","TCERG1","ENST00000511077"
"6980",133686,"ENSG00000152620","NADK2","ENST00000511088"
"6981",2549,"ENSG00000109458","GAB1","ENST00000511109"
"6982",57575,"ENSG00000138650","PCDH10","ENST00000511112"
"6983",152519,"ENSG00000163293","NIPAL1","ENST00000511123"
"6984",7508,"ENSG00000154767","XPC","ENST00000511155"
"6985",202018,"ENSG00000169762","TAPT1","ENST00000511156"
"6986",64924,"ENSG00000145740","SLC30A5","ENST00000511158"
"6987",56884,"ENSG00000168843","FSTL5","ENST00000511170"
"6988",132789,"ENSG00000163281","GNPDA2","ENST00000511187"
"6989",89,"ENSG00000248746","ACTN3","ENST00000511191"
"6990",175,"ENSG00000038002","AGA","ENST00000511231"
"6991",4163,"ENSG00000171444","MCC","ENST00000511242"
"6992",4086,"ENSG00000170365","SMAD1","ENST00000511255"
"6993",2044,"ENSG00000145242","EPHA5","ENST00000511294"
"6994",4085,"ENSG00000164109","MAD2L1","ENST00000511295"
"6995",1040,"ENSG00000163624","CDS1","ENST00000511298"
"6996",7991,"ENSG00000104723","TUSC3","ENST00000511342"
"6997",79155,"ENSG00000168884","TNIP2","ENST00000511352"
"6998",152992,"ENSG00000155275","TRMT44","ENST00000511366"
"6999",66000,"ENSG00000144868","TMEM108","ENST00000511388"
"7000",55805,"ENSG00000109771","LRP2BP","ENST00000511404"
"7001",79625,"ENSG00000173376","NDNF","ENST00000511408"
"7002",10189,"ENSG00000183684","ALYREF","ENST00000511412"
"7003",92597,"ENSG00000173542","MOB1B","ENST00000511449"
"7004",152518,"ENSG00000170448","NFXL1","ENST00000511452"
"7005",166793,"ENSG00000168826","ZBTB49","ENST00000511458"
"7006",7006,"ENSG00000135605","TEC","ENST00000511471"
"7007",60558,"ENSG00000151806","GUF1","ENST00000511493"
"7008",64084,"ENSG00000158258","CLSTN2","ENST00000511524"
"7009",374,"ENSG00000109321","AREG","ENST00000511560"
"7010",5860,"ENSG00000151552","QDPR","ENST00000511609"
"7011",56941,"ENSG00000183624","HMCES","ENST00000511665"
"7012",90826,"ENSG00000164169","PRMT9","ENST00000511687"
"7013",23548,"ENSG00000113638","TTC33","ENST00000511730"
"7014",25842,"ENSG00000111875","ASF1A","ENST00000511766"
"7015",3157,"ENSG00000112972","HMGCS1","ENST00000511774"
"7016",81037,"ENSG00000049656","CLPTM1L","ENST00000511786"
"7017",285556,"ENSG00000248713","C4orf54","ENST00000511828"
"7018",6228,"ENSG00000186468","RPS23","ENST00000511844"
"7019",162461,"ENSG00000167105","TMEM92","ENST00000511882"
"7020",7060,"ENSG00000113296","THBS4","ENST00000511888"
"7021",4886,"ENSG00000164128","NPY1R","ENST00000511901"
"7022",1363,"ENSG00000109472","CPE","ENST00000511992"
"7023",22948,"ENSG00000150753","CCT5","ENST00000511995"
"7024",22820,"ENSG00000181789","COPG1","ENST00000512034"
"7025",3156,"ENSG00000113161","HMGCR","ENST00000512053"
"7026",80333,"ENSG00000185774","KCNIP4","ENST00000512102"
"7027",153642,"ENSG00000164291","ARSK","ENST00000512106"
"7028",55203,"ENSG00000153012","LGI2","ENST00000512108"
"7029",768211,"ENSG00000181826","RELL1","ENST00000512114"
"7030",57556,"ENSG00000092421","SEMA6A","ENST00000512156"
"7031",55255,"ENSG00000164253","WDR41","ENST00000512168"
"7032",51194,"ENSG00000086200","IPO11","ENST00000512177"
"7033",5924,"ENSG00000113319","RASGRF2","ENST00000512186"
"7034",3954,"ENSG00000168924","LETM1","ENST00000512189"
"7035",8763,"ENSG00000135535","CD164","ENST00000512212"
"7036",55314,"ENSG00000164124","TMEM144","ENST00000512272"
"7037",8842,"ENSG00000007062","PROM1","ENST00000512304"
"7038",254251,"ENSG00000178177","LCORL","ENST00000512376"
"7039",167410,"ENSG00000145721","LIX1","ENST00000512378"
"7040",9380,"ENSG00000137106","GRHPR","ENST00000512404"
"7041",91050,"ENSG00000181982","CCDC149","ENST00000512432"
"7042",23005,"ENSG00000137802","MAPKBP1","ENST00000512433"
"7043",55789,"ENSG00000035499","DEPDC1B","ENST00000512452"
"7044",10016,"ENSG00000249915","PDCD6","ENST00000512466"
"7045",2745,"ENSG00000173221","GLRX","ENST00000512469"
"7046",84135,"ENSG00000164338","UTP15","ENST00000512550"
"7047",3791,"ENSG00000128052","KDR","ENST00000512566"
"7048",1400,"ENSG00000072832","CRMP1","ENST00000512574"
"7049",6738,"ENSG00000116747","RO60","ENST00000512587"
"7050",91942,"ENSG00000164182","NDUFAF2","ENST00000512623"
"7051",64083,"ENSG00000113384","GOLPH3","ENST00000512668"
"7052",5145,"ENSG00000132915","PDE6A","ENST00000512670"
"7053",8671,"ENSG00000080493","SLC4A4","ENST00000512686"
"7054",55435,"ENSG00000138660","AP1AR","ENST00000512741"
"7055",53917,"ENSG00000169228","RAB24","ENST00000512758"
"7056",79844,"ENSG00000188818","ZDHHC11","ENST00000512775"
"7057",53407,"ENSG00000168818","STX18","ENST00000512780"
"7058",80724,"ENSG00000111271","ACAD10","ENST00000512792"
"7059",133308,"ENSG00000164038","SLC9B2","ENST00000512806"
"7060",64167,"ENSG00000164308","ERAP2","ENST00000512869"
"7061",93621,"ENSG00000179010","MRFAP1","ENST00000512914"
"7062",57507,"ENSG00000168916","ZNF608","ENST00000512940"
"7063",8382,"ENSG00000112981","NME5","ENST00000512954"
"7064",91351,"ENSG00000181381","DDX60L","ENST00000512958"
"7065",54436,"ENSG00000125089","SH3TC1","ENST00000512966"
"7066",26249,"ENSG00000146021","KLHL3","ENST00000512977"
"7067",79071,"ENSG00000170522","ELOVL6","ENST00000513003"
"7068",9575,"ENSG00000134852","CLOCK","ENST00000513033"
"7069",57545,"ENSG00000048342","CC2D2A","ENST00000513035"
"7070",64283,"ENSG00000214944","ARHGEF28","ENST00000513042"
"7071",54502,"ENSG00000163694","RBM47","ENST00000513044"
"7072",1665,"ENSG00000109606","DHX15","ENST00000513092"
"7073",891,"ENSG00000134057","CCNB1","ENST00000513102"
"7074",2255,"ENSG00000070193","FGF10","ENST00000513107"
"7075",10802,"ENSG00000113615","SEC24A","ENST00000513123"
"7076",10861,"ENSG00000145217","SLC26A1","ENST00000513138"
"7077",728492,"ENSG00000205572","SERF1B","ENST00000513144"
"7078",202243,"ENSG00000183323","CCDC125","ENST00000513172"
"7079",55646,"ENSG00000145220","LYAR","ENST00000513174"
"7080",1259,"ENSG00000198515","CNGA1","ENST00000513178"
"7081",55125,"ENSG00000101639","CEP192","ENST00000513183"
"7082",5884,"ENSG00000152942","RAD17","ENST00000513214"
"7083",581,"ENSG00000087088","BAX","ENST00000513217"
"7084",55728,"ENSG00000078177","N4BP2","ENST00000513269"
"7085",85409,"ENSG00000145506","NKD2","ENST00000513296"
"7086",1719,"ENSG00000228716","DHFR","ENST00000513314"
"7087",55247,"ENSG00000109674","NEIL3","ENST00000513321"
"7088",53371,"ENSG00000138750","NUP54","ENST00000513352"
"7089",158358,"ENSG00000183354","KIAA2026","ENST00000513355"
"7090",7466,"ENSG00000109501","WFS1","ENST00000513395"
"7091",5245,"ENSG00000167085","PHB1","ENST00000513412"
"7092",4090,"ENSG00000113658","SMAD5","ENST00000513418"
"7093",2264,"ENSG00000160867","FGFR4","ENST00000513423"
"7094",133619,"ENSG00000164244","PRRC1","ENST00000513427"
"7095",83891,"ENSG00000109762","SNX25","ENST00000513433"
"7096",2983,"ENSG00000061918","GUCY1B1","ENST00000513437"
"7097",6047,"ENSG00000063978","RNF4","ENST00000513450"
"7098",201191,"ENSG00000167100","SAMD14","ENST00000513474"
"7099",11162,"ENSG00000170917","NUDT6","ENST00000513517"
"7100",56898,"ENSG00000164039","BDH2","ENST00000513518"
"7101",55161,"ENSG00000109133","TMEM33","ENST00000513558"
"7102",253260,"ENSG00000164327","RICTOR","ENST00000513566"
"7103",84687,"ENSG00000108819","PPP1R9B","ENST00000513579"
"7104",22902,"ENSG00000018189","RUFY3","ENST00000513593"
"7105",55296,"ENSG00000109680","TBC1D19","ENST00000513596"
"7106",54826,"ENSG00000145723","GIN1","ENST00000513603"
"7107",54545,"ENSG00000150712","MTMR12","ENST00000513622"
"7108",23197,"ENSG00000113194","FAF2","ENST00000513627"
"7109",1022,"ENSG00000134058","CDK7","ENST00000513629"
"7110",5734,"ENSG00000171522","PTGER4","ENST00000513635"
"7111",55316,"ENSG00000136444","RSAD1","ENST00000513650"
"7112",56034,"ENSG00000145431","PDGFC","ENST00000513664"
"7113",134265,"ENSG00000157510","AFAP1L1","ENST00000513665"
"7114",23438,"ENSG00000112855","HARS2","ENST00000513688"
"7115",170690,"ENSG00000145536","ADAMTS16","ENST00000513709"
"7116",9627,"ENSG00000064692","SNCAIP","ENST00000513719"
"7117",308,"ENSG00000164111","ANXA5","ENST00000513728"
"7118",84179,"ENSG00000169026","SLC49A3","ENST00000513740"
"7119",26064,"ENSG00000039560","RAI14","ENST00000513772"
"7120",9765,"ENSG00000039319","ZFYVE16","ENST00000513789"
"7121",373,"ENSG00000113595","TRIM23","ENST00000513794"
"7122",51808,"ENSG00000164902","PHAX","ENST00000513813"
"7123",25836,"ENSG00000164190","NIPBL","ENST00000513819"
"7124",79772,"ENSG00000175471","MCTP1","ENST00000513857"
"7125",3074,"ENSG00000049860","HEXB","ENST00000513867"
"7126",105379054,"ENSG00000249835","VCAN-AS1","ENST00000513899"
"7127",256987,"ENSG00000164300","SERINC5","ENST00000513907"
"7128",2580,"ENSG00000178950","GAK","ENST00000513935"
"7129",92689,"ENSG00000197712","FAM114A1","ENST00000513966"
"7130",115265,"ENSG00000145358","DDIT4L","ENST00000513992"
"7131",285489,"ENSG00000175920","DOK7","ENST00000513995"
"7132",2107,"ENSG00000120705","ETF1","ENST00000514005"
"7133",152503,"ENSG00000109686","SH3D19","ENST00000514013"
"7134",25898,"ENSG00000163743","RCHY1","ENST00000514021"
"7135",23173,"ENSG00000164024","METAP1","ENST00000514051"
"7136",3490,"ENSG00000163453","IGFBP7","ENST00000514062"
"7137",6443,"ENSG00000163069","SGCB","ENST00000514133"
"7138",5910,"ENSG00000138698","RAP1GDS1","ENST00000514139"
"7139",64651,"ENSG00000144655","CSRNP1","ENST00000514182"
"7140",51015,"ENSG00000066583","ISOC1","ENST00000514194"
"7141",22836,"ENSG00000164292","RHOBTB3","ENST00000514198"
"7142",113829,"ENSG00000176087","SLC35A4","ENST00000514199"
"7143",64097,"ENSG00000129595","EPB41L4A","ENST00000514203"
"7144",56916,"ENSG00000163104","SMARCAD1","ENST00000514232"
"7145",84321,"ENSG00000051596","THOC3","ENST00000514250"
"7146",83734,"ENSG00000152348","ATG10","ENST00000514253"
"7147",92370,"ENSG00000155893","PXYLP1","ENST00000514263"
"7148",374887,"ENSG00000250067","YJEFN3","ENST00000514277"
"7149",10399,"ENSG00000204628","RACK1","ENST00000514318"
"7150",57482,"ENSG00000109265","CRACD","ENST00000514330"
"7151",79963,"ENSG00000293360","","ENST00000514396"
"7152",11044,"ENSG00000112941","TENT4A","ENST00000514410"
"7153",3425,"ENSG00000127415","IDUA","ENST00000514417"
"7154",8310,"ENSG00000087008","ACOX3","ENST00000514423"
"7155",90523,"ENSG00000146147","MLIP","ENST00000514433"
"7156",375444,"ENSG00000172244","C5orf34","ENST00000514462"
"7157",152815,"ENSG00000174796","THAP6","ENST00000514480"
"7158",10622,"ENSG00000113356","POLR3G","ENST00000514483"
"7159",5192,"ENSG00000157911","PEX10","ENST00000514502"
"7160",55722,"ENSG00000112877","CEP72","ENST00000514507"
"7161",9987,"ENSG00000152795","HNRNPDL","ENST00000514511"
"7162",26234,"ENSG00000118564","FBXL5","ENST00000514541"
"7163",340061,"ENSG00000184584","STING1","ENST00000514542"
"7164",4338,"ENSG00000164172","MOCS2","ENST00000514553"
"7165",55186,"ENSG00000114120","SLC25A36","ENST00000514629"
"7166",221496,"ENSG00000161904","LEMD2","ENST00000514636"
"7167",9848,"ENSG00000198948","MFAP3L","ENST00000514683"
"7168",55153,"ENSG00000198301","SDAD1","ENST00000514710"
"7169",5019,"ENSG00000083720","OXCT1","ENST00000514723"
"7170",901,"ENSG00000138764","CCNG2","ENST00000514756"
"7171",5097,"ENSG00000156453","PCDH1","ENST00000514773"
"7172",9140,"ENSG00000145782","ATG12","ENST00000514775"
"7173",3033,"ENSG00000138796","HADH","ENST00000514776"
"7174",79682,"ENSG00000151725","CENPU","ENST00000514781"
"7175",23158,"ENSG00000109436","TBC1D9","ENST00000514787"
"7176",132949,"ENSG00000157426","AASDH","ENST00000514796"
"7177",84851,"ENSG00000183718","TRIM52","ENST00000514805"
"7178",3308,"ENSG00000170606","HSPA4","ENST00000514825"
"7179",3675,"ENSG00000005884","ITGA3","ENST00000514834"
"7180",81558,"ENSG00000121104","FAM117A","ENST00000514841"
"7181",54790,"ENSG00000168769","TET2","ENST00000514870"
"7182",23231,"ENSG00000091490","SEL1L3","ENST00000514872"
"7183",153364,"ENSG00000176055","MBLAC2","ENST00000514906"
"7184",51264,"ENSG00000108826","MRPL27","ENST00000514928"
"7185",27235,"ENSG00000173085","COQ2","ENST00000514935"
"7186",65264,"ENSG00000159202","UBE2Z","ENST00000514948"
"7187",1062,"ENSG00000138778","CENPE","ENST00000514974"
"7188",683,"ENSG00000109743","BST1","ENST00000514989"
"7189",55601,"ENSG00000137628","DDX60","ENST00000514995"
"7190",22936,"ENSG00000118985","ELL2","ENST00000515020"
"7191",1371,"ENSG00000080819","CPOX","ENST00000515041"
"7192",57484,"ENSG00000170153","RNF150","ENST00000515057"
"7193",516,"ENSG00000159199","ATP5MC1","ENST00000515060"
"7194",4258,"ENSG00000085871","MGST2","ENST00000515067"
"7195",8649,"ENSG00000109270","LAMTOR3","ENST00000515100"
"7196",2121,"ENSG00000072840","EVC","ENST00000515113"
"7197",521,"ENSG00000169020","ATP5ME","ENST00000515116"
"7198",167127,"ENSG00000168671","UGT3A2","ENST00000515131"
"7199",8718,"ENSG00000215788","TNFRSF25","ENST00000515145"
"7200",27295,"ENSG00000154553","PDLIM3","ENST00000515261"
"7201",22824,"ENSG00000164070","HSPA4L","ENST00000515262"
"7202",386617,"ENSG00000183783","KCTD8","ENST00000515268"
"7203",389336,"ENSG00000178776","C5orf46","ENST00000515291"
"7204",84142,"ENSG00000163322","ABRAXAS1","ENST00000515303"
"7205",1456,"ENSG00000151292","CSNK1G3","ENST00000515322"
"7206",5238,"ENSG00000013375","PGM3","ENST00000515333"
"7207",10605,"ENSG00000172239","PAIP1","ENST00000515338"
"7208",100133220,"ENSG00000230373","GOLGA6L5P","ENST00000515341"
"7209",11285,"ENSG00000027847","B4GALT7","ENST00000515353"
"7210",53343,"ENSG00000170502","NUDT9","ENST00000515371"
"7211",5864,"ENSG00000105649","RAB3A","ENST00000515410"
"7212",1182,"ENSG00000109572","CLCN3","ENST00000515420"
"7213",55573,"ENSG00000091527","CDV3","ENST00000515421"
"7214",6942,"ENSG00000100207","TCF20","ENST00000515426"
"7215",65056,"ENSG00000062194","GPBP1","ENST00000515484"
"7216",5356,"ENSG00000171566","PLRG1","ENST00000515520"
"7217",10412,"ENSG00000164346","NSA2","ENST00000515524"
"7218",7694,"ENSG00000176293","ZNF135","ENST00000515535"
"7219",80155,"ENSG00000164134","NAA15","ENST00000515576"
"7220",1404,"ENSG00000145681","HAPLN1","ENST00000515590"
"7221",55858,"ENSG00000134851","TMEM165","ENST00000515591"
"7222",3550,"ENSG00000113141","IK","ENST00000515592"
"7223",57486,"ENSG00000123213","NLN","ENST00000515595"
"7224",7170,"ENSG00000143549","TPM3","ENST00000515609"
"7225",51088,"ENSG00000109790","KLHL5","ENST00000515612"
"7226",25819,"ENSG00000151014","NOCT","ENST00000515616"
"7227",84466,"ENSG00000145794","MEGF10","ENST00000515622"
"7228",57182,"ENSG00000151458","ANKRD50","ENST00000515641"
"7229",55752,"ENSG00000138758","SEPTIN11","ENST00000515671"
"7230",285527,"ENSG00000075539","FRYL","ENST00000515684"
"7231",1487,"ENSG00000159692","CTBP1","ENST00000515690"
"7232",28966,"ENSG00000064652","SNX24","ENST00000515729"
"7233",7913,"ENSG00000124795","DEK","ENST00000515742"
"7234",1452,"ENSG00000113712","CSNK1A1","ENST00000515748"
"7235",26091,"ENSG00000148634","HERC4","ENST00000515753"
"7236",10296,"ENSG00000090316","MAEA","ENST00000515766"
"7237",10983,"ENSG00000118816","CCNI","ENST00000515790"
"7238",57117,"ENSG00000138785","INTS12","ENST00000515819"
"7239",338692,"ENSG00000172932","ANKRD13D","ENST00000515828"
"7240",5144,"ENSG00000113448","PDE4D","ENST00000515835"
"7241",5936,"ENSG00000173933","RBM4","ENST00000515838"
"7242",51809,"ENSG00000109586","GALNT7","ENST00000515862"
"7243",51201,"ENSG00000104219","ZDHHC2","ENST00000517334"
"7244",4982,"ENSG00000164761","TNFRSF11B","ENST00000517352"
"7245",6793,"ENSG00000072786","STK10","ENST00000517381"
"7246",135295,"ENSG00000154548","SRSF12","ENST00000517387"
"7247",8601,"ENSG00000147509","RGS20","ENST00000517405"
"7248",51164,"ENSG00000132912","DCTN4","ENST00000517421"
"7249",10940,"ENSG00000104356","POP1","ENST00000517435"
"7250",1482,"ENSG00000183072","NKX2-5","ENST00000517440"
"7251",54928,"ENSG00000104331","BPNT2","ENST00000517461"
"7252",63967,"ENSG00000092853","CLSPN","ENST00000517467"
"7253",9134,"ENSG00000175305","CCNE2","ENST00000517487"
"7254",50484,"ENSG00000048392","RRM2B","ENST00000517517"
"7255",55174,"ENSG00000104613","INTS10","ENST00000517546"
"7256",27244,"ENSG00000080546","SESN1","ENST00000517548"
"7257",100127983,"ENSG00000253250","C8orf88","ENST00000517562"
"7258",51582,"ENSG00000155096","AZIN1","ENST00000517581"
"7259",4482,"ENSG00000175806","MSRA","ENST00000517594"
"7260",84675,"ENSG00000147573","TRIM55","ENST00000517647"
"7261",8992,"ENSG00000113732","ATP6V0E1","ENST00000517669"
"7262",11236,"ENSG00000170881","RNF139","ENST00000517684"
"7263",286128,"ENSG00000181638","ZFP41","ENST00000517702"
"7264",51001,"ENSG00000156469","MTERF3","ENST00000517720"
"7265",4683,"ENSG00000104320","NBN","ENST00000517772"
"7266",83690,"ENSG00000121005","CRISPLD1","ENST00000517786"
"7267",661,"ENSG00000168495","POLR3D","ENST00000517789"
"7268",400916,"ENSG00000250479","CHCHD10","ENST00000517886"
"7269",7976,"ENSG00000104290","FZD3","ENST00000517911"
"7270",54793,"ENSG00000104756","KCTD9","ENST00000517914"
"7271",79685,"ENSG00000164576","SAP30L","ENST00000517926"
"7272",3161,"ENSG00000072571","HMMR","ENST00000517936"
"7273",57451,"ENSG00000145934","TENM2","ENST00000517941"
"7274",79886,"ENSG00000120159","CAAP1","ENST00000517946"
"7275",55568,"ENSG00000164574","GALNT10","ENST00000517958"
"7276",55140,"ENSG00000134014","ELP3","ENST00000517975"
"7277",55246,"ENSG00000147419","CCDC25","ENST00000517979"
"7278",9791,"ENSG00000156471","PTDSS1","ENST00000517982"
"7279",27161,"ENSG00000123908","AGO2","ENST00000518019"
"7280",5891,"ENSG00000080823","MOK","ENST00000518045"
"7281",6940,"ENSG00000169131","ZNF354A","ENST00000518048"
"7282",78998,"ENSG00000254389","RHPN1-AS1","ENST00000518049"
"7283",64798,"ENSG00000155792","DEPTOR","ENST00000518057"
"7284",23639,"ENSG00000129295","DNAAF11","ENST00000518101"
"7285",56943,"ENSG00000120533","ENY2","ENST00000518118"
"7286",55093,"ENSG00000156795","NTAQ1","ENST00000518125"
"7287",8794,"ENSG00000173535","TNFRSF10C","ENST00000518135"
"7288",55754,"ENSG00000112697","TMEM30A","ENST00000518161"
"7289",57623,"ENSG00000066827","ZFAT","ENST00000518191"
"7290",23286,"ENSG00000113645","WWC1","ENST00000518204"
"7291",5520,"ENSG00000221914","PPP2R2A","ENST00000518208"
"7292",9796,"ENSG00000168490","PHYHIP","ENST00000518274"
"7293",728340,"ENSG00000145736","GTF2H2","ENST00000518275"
"7294",51571,"ENSG00000153310","CYRIB","ENST00000518285"
"7295",23516,"ENSG00000104635","SLC39A14","ENST00000518348"
"7296",29093,"ENSG00000082515","MRPL22","ENST00000518364"
"7297",253943,"ENSG00000185728","YTHDF3","ENST00000518373"
"7298",84296,"ENSG00000147536","GINS4","ENST00000518430"
"7299",2961,"ENSG00000197265","GTF2E2","ENST00000518445"
"7300",862,"ENSG00000079102","RUNX1T1","ENST00000518449"
"7301",5569,"ENSG00000171033","PKIA","ENST00000518467"
"7302",9821,"ENSG00000023287","RB1CC1","ENST00000518468"
"7303",4355,"ENSG00000108852","MPP2","ENST00000518478"
"7304",64839,"ENSG00000145743","FBXL17","ENST00000518486"
"7305",11075,"ENSG00000104435","STMN2","ENST00000518491"
"7306",9172,"ENSG00000036448","MYOM2","ENST00000518513"
"7307",3187,"ENSG00000169045","HNRNPH1","ENST00000518602"
"7308",55336,"ENSG00000135722","FBXL8","ENST00000518603"
"7309",6713,"ENSG00000104549","SQLE","ENST00000518604"
"7310",137964,"ENSG00000158669","GPAT4","ENST00000518628"
"7311",8030,"ENSG00000108091","CCDC6","ENST00000518638"
"7312",8767,"ENSG00000104312","RIPK2","ENST00000518673"
"7313",23471,"ENSG00000067167","TRAM1","ENST00000518678"
"7314",9583,"ENSG00000197217","ENTPD4","ENST00000518718"
"7315",23462,"ENSG00000164683","HEY1","ENST00000518733"
"7316",9156,"ENSG00000174371","EXO1","ENST00000518741"
"7317",10987,"ENSG00000121022","COPS5","ENST00000518768"
"7318",51115,"ENSG00000176623","RMDN1","ENST00000518772"
"7319",1960,"ENSG00000179388","EGR3","ENST00000518773"
"7320",51337,"ENSG00000130193","THEM6","ENST00000518798"
"7321",148898,"ENSG00000249087","ZNF436-AS1","ENST00000518821"
"7322",285613,"ENSG00000164620","RELL2","ENST00000518856"
"7323",56260,"ENSG00000288596","C8orf44","ENST00000518860"
"7324",93594,"ENSG00000156787","TBC1D31","ENST00000518866"
"7325",56105,"ENSG00000253873","PCDHGA11","ENST00000518882"
"7326",57509,"ENSG00000129422","MTUS1","ENST00000518891"
"7327",100268168,"ENSG00000204758","RPL26L1-AS1","ENST00000518894"
"7328",91147,"ENSG00000164953","TMEM67","ENST00000518896"
"7329",79145,"ENSG00000170791","CHCHD7","ENST00000518944"
"7330",5168,"ENSG00000136960","ENPP2","ENST00000518958"
"7331",528,"ENSG00000155097","ATP6V1C1","ENST00000518959"
"7332",25962,"ENSG00000164944","VIRMA","ENST00000519001"
"7333",4671,"ENSG00000249437","NAIP","ENST00000519014"
"7334",5324,"ENSG00000181690","PLAG1","ENST00000519027"
"7335",8795,"ENSG00000120889","TNFRSF10B","ENST00000519028"
"7336",7010,"ENSG00000120156","TEK","ENST00000519080"
"7337",6921,"ENSG00000154582","ELOC","ENST00000519082"
"7338",84549,"ENSG00000198042","MAK16","ENST00000519089"
"7339",137075,"ENSG00000253958","CLDN23","ENST00000519106"
"7340",10174,"ENSG00000120896","SORBS3","ENST00000519127"
"7341",10247,"ENSG00000132541","RIDA","ENST00000519155"
"7342",51121,"ENSG00000037241","RPL26L1","ENST00000519156"
"7343",9715,"ENSG00000159784","FAM131B","ENST00000519161"
"7344",8658,"ENSG00000173273","TNKS","ENST00000519191"
"7345",140890,"ENSG00000153914","SREK1","ENST00000519205"
"7346",23087,"ENSG00000104228","TRIM35","ENST00000519219"
"7347",55284,"ENSG00000104343","UBE2W","ENST00000519255"
"7348",26260,"ENSG00000147364","FBXO25","ENST00000519274"
"7349",134510,"ENSG00000164332","UBLCP1","ENST00000519276"
"7350",9232,"ENSG00000164611","PTTG1","ENST00000519287"
"7351",7381,"ENSG00000156467","UQCRB","ENST00000519322"
"7352",79815,"ENSG00000104361","NIPAL2","ENST00000519324"
"7353",4238,"ENSG00000037749","MFAP3","ENST00000519325"
"7354",55824,"ENSG00000076641","PAG1","ENST00000519326"
"7355",284131,"ENSG00000173818","ENDOV","ENST00000519331"
"7356",2039,"ENSG00000158856","DMTN","ENST00000519333"
"7357",25897,"ENSG00000034677","RNF19A","ENST00000519342"
"7358",26986,"ENSG00000070756","PABPC1","ENST00000519363"
"7359",6224,"ENSG00000008988","RPS20","ENST00000519369"
"7360",90390,"ENSG00000164758","MED30","ENST00000519391"
"7361",51149,"ENSG00000161010","MRNIP","ENST00000519398"
"7362",400745,"ENSG00000189410","SH2D5","ENST00000519434"
"7363",10565,"ENSG00000066777","ARFGEF1","ENST00000519436"
"7364",9694,"ENSG00000104412","EMC2","ENST00000519450"
"7365",662,"ENSG00000113734","BNIP1","ENST00000519459"
"7366",23484,"ENSG00000104660","LEPROTL1","ENST00000519466"
"7367",5885,"ENSG00000164754","RAD21","ENST00000519469"
"7368",157574,"ENSG00000214050","FBXO16","ENST00000519471"
"7369",8641,"ENSG00000253953","PCDHGB4","ENST00000519479"
"7370",96764,"ENSG00000137574","TGS1","ENST00000519494"
"7371",79948,"ENSG00000129951","PLPPR3","ENST00000519502"
"7372",8614,"ENSG00000113739","STC2","ENST00000519511"
"7373",137492,"ENSG00000155975","VPS37A","ENST00000519515"
"7374",79666,"ENSG00000175895","PLEKHF2","ENST00000519516"
"7375",80003,"ENSG00000135749","PCNX2","ENST00000519530"
"7376",54968,"ENSG00000175606","TMEM70","ENST00000519551"
"7377",5782,"ENSG00000127947","PTPN12","ENST00000519553"
"7378",10221,"ENSG00000173334","TRIB1","ENST00000519576"
"7379",309,"ENSG00000197043","ANXA6","ENST00000519610"
"7380",4061,"ENSG00000160932","LY6E","ENST00000519615"
"7381",5150,"ENSG00000205268","PDE7A","ENST00000519626"
"7382",5747,"ENSG00000169398","PTK2","ENST00000519635"
"7383",11346,"ENSG00000171992","SYNPO","ENST00000519664"
"7384",29967,"ENSG00000147650","LRP12","ENST00000519675"
"7385",157869,"ENSG00000164764","SBSPON","ENST00000519697"
"7386",79660,"ENSG00000173281","PPP1R3B","ENST00000519699"
"7387",6917,"ENSG00000187735","TCEA1","ENST00000519704"
"7388",138050,"ENSG00000165102","HGSNAT","ENST00000519705"
"7389",55893,"ENSG00000186918","ZNF395","ENST00000519730"
"7390",26112,"ENSG00000198624","CCDC69","ENST00000519740"
"7391",8728,"ENSG00000135074","ADAM19","ENST00000519752"
"7392",5440,"ENSG00000147669","POLR2K","ENST00000519765"
"7393",89848,"ENSG00000197948","FCHSD1","ENST00000519800"
"7394",3612,"ENSG00000133731","IMPA1","ENST00000519816"
"7395",10671,"ENSG00000104671","DCTN6","ENST00000519830"
"7396",27085,"ENSG00000172167","MTBP","ENST00000519841"
"7397",6208,"ENSG00000164587","RPS14","ENST00000519855"
"7398",286097,"ENSG00000155970","MICU3","ENST00000519866"
"7399",8439,"ENSG00000035681","NSMAF","ENST00000519871"
"7400",6399,"ENSG00000196459","TRAPPC2","ENST00000519885"
"7401",23219,"ENSG00000143756","FBXO28","ENST00000519894"
"7402",23549,"ENSG00000123992","DNPEP","ENST00000519905"
"7403",51606,"ENSG00000047249","ATP6V1H","ENST00000519922"
"7404",348938,"ENSG00000172548","NIPAL4","ENST00000519946"
"7405",56704,"ENSG00000104369","JPH1","ENST00000519947"
"7406",552889,"ENSG00000253719","ATXN7L3B","ENST00000519948"
"7407",11282,"ENSG00000161013","MGAT4B","ENST00000519965"
"7408",284,"ENSG00000154188","ANGPT1","ENST00000520033"
"7409",6902,"ENSG00000171530","TBCA","ENST00000520039"
"7410",2878,"ENSG00000211445","GPX3","ENST00000520059"
"7411",9070,"ENSG00000129691","ASH2L","ENST00000520079"
"7412",4856,"ENSG00000136999","CCN3","ENST00000520082"
"7413",9258,"ENSG00000147324","MFHAS1","ENST00000520091"
"7414",1666,"ENSG00000104325","DECR1","ENST00000520148"
"7415",83877,"ENSG00000169490","TM2D2","ENST00000520152"
"7416",3066,"ENSG00000196591","HDAC2","ENST00000520170"
"7417",5828,"ENSG00000164751","PEX2","ENST00000520203"
"7418",1875,"ENSG00000133740","E2F5","ENST00000520225"
"7419",5521,"ENSG00000156475","PPP2R2B","ENST00000520231"
"7420",157769,"ENSG00000176853","FAM91A1","ENST00000520246"
"7421",148345,"ENSG00000175262","C1orf127","ENST00000520253"
"7422",79943,"ENSG00000185730","ZNF696","ENST00000520333"
"7423",619279,"ENSG00000164684","ZNF704","ENST00000520336"
"7424",155,"ENSG00000188778","ADRB3","ENST00000520341"
"7425",137392,"ENSG00000188343","CIBAR1","ENST00000520363"
"7426",10499,"ENSG00000140396","NCOA2","ENST00000520416"
"7427",5917,"ENSG00000113643","RARS1","ENST00000520421"
"7428",10011,"ENSG00000213523","SRA1","ENST00000520427"
"7429",115024,"ENSG00000141698","NT5C3B","ENST00000520442"
"7430",51123,"ENSG00000120963","ZNF706","ENST00000520454"
"7431",10826,"ENSG00000170271","FAXDC2","ENST00000520461"
"7432",5516,"ENSG00000104695","PPP2CB","ENST00000520500"
"7433",84750,"ENSG00000172728","FUT10","ENST00000520503"
"7434",114907,"ENSG00000156804","FBXO32","ENST00000520511"
"7435",57805,"ENSG00000158941","CCAR2","ENST00000520536"
"7436",9,"ENSG00000171428","NAT1","ENST00000520546"
"7437",143244,"ENSG00000253626","EIF5AL1","ENST00000520547"
"7438",153830,"ENSG00000145860","RNF145","ENST00000520548"
"7439",4325,"ENSG00000156103","MMP16","ENST00000520568"
"7440",339324,"ENSG00000254004","ZNF260","ENST00000520608"
"7441",1978,"ENSG00000187840","EIF4EBP1","ENST00000520657"
"7442",734,"ENSG00000164823","OSGIN2","ENST00000520659"
"7443",114825,"ENSG00000170234","PWWP2A","ENST00000520662"
"7444",10569,"ENSG00000164609","SLU7","ENST00000520664"
"7445",56146,"ENSG00000204969","PCDHA2","ENST00000520672"
"7446",28998,"ENSG00000172172","MRPL13","ENST00000520677"
"7447",2137,"ENSG00000012232","EXTL3","ENST00000520679"
"7448",10947,"ENSG00000070718","AP3M2","ENST00000520689"
"7449",6932,"ENSG00000081059","TCF7","ENST00000520699"
"7450",6641,"ENSG00000172164","SNTB1","ENST00000520717"
"7451",22898,"ENSG00000105339","DENND3","ENST00000520725"
"7452",54853,"ENSG00000120314","WDR55","ENST00000520764"
"7453",7013,"ENSG00000147601","TERF1","ENST00000520783"
"7454",56100,"ENSG00000253305","PCDHGB6","ENST00000520790"
"7455",8667,"ENSG00000147677","EIF3H","ENST00000520813"
"7456",55756,"ENSG00000104299","INTS9","ENST00000520831"
"7457",115908,"ENSG00000164932","CTHRC1","ENST00000520880"
"7458",374899,"ENSG00000185869","ZNF829","ENST00000520907"
"7459",57396,"ENSG00000113240","CLK4","ENST00000520957"
"7460",389677,"ENSG00000183808","RBM12B","ENST00000520961"
"7461",2890,"ENSG00000155511","GRIA1","ENST00000520966"
"7462",11030,"ENSG00000157110","RBPMS","ENST00000520971"
"7463",6873,"ENSG00000064313","TAF2","ENST00000521007"
"7464",157506,"ENSG00000121039","RDH10","ENST00000521013"
"7465",116447,"ENSG00000184428","TOP1MT","ENST00000521024"
"7466",137682,"ENSG00000156170","NDUFAF6","ENST00000521063"
"7467",157313,"ENSG00000184661","CDCA2","ENST00000521098"
"7468",6156,"ENSG00000156482","RPL30","ENST00000521112"
"7469",411,"ENSG00000113273","ARSB","ENST00000521117"
"7470",59339,"ENSG00000169499","PLEKHA2","ENST00000521123"
"7471",6586,"ENSG00000184347","SLIT3","ENST00000521130"
"7472",9108,"ENSG00000003987","MTMR7","ENST00000521177"
"7473",8323,"ENSG00000164930","FZD6","ENST00000521195"
"7474",55872,"ENSG00000168078","PBK","ENST00000521226"
"7475",90624,"ENSG00000186687","LYRM7","ENST00000521227"
"7476",6770,"ENSG00000147465","STAR","ENST00000521236"
"7477",22881,"ENSG00000135299","ANKRD6","ENST00000521240"
"7478",665,"ENSG00000104765","BNIP3L","ENST00000521254"
"7479",84886,"ENSG00000119280","C1orf198","ENST00000521263"
"7480",345462,"ENSG00000234284","ZNF879","ENST00000521285"
"7481",401466,"ENSG00000176731","RBIS","ENST00000521286"
"7482",9530,"ENSG00000156735","BAG4","ENST00000521311"
"7483",3574,"ENSG00000104432","IL7","ENST00000521323"
"7484",285267,"ENSG00000177873","ZNF619","ENST00000521353"
"7485",64168,"ENSG00000123119","NECAB1","ENST00000521366"
"7486",286,"ENSG00000029534","ANK1","ENST00000521407"
"7487",90362,"ENSG00000169122","FAM110B","ENST00000521413"
"7488",5423,"ENSG00000070501","POLB","ENST00000521418"
"7489",22900,"ENSG00000105483","CARD8","ENST00000521437"
"7490",84955,"ENSG00000120526","NUDCD1","ENST00000521439"
"7491",526,"ENSG00000147416","ATP6V1B2","ENST00000521442"
"7492",6575,"ENSG00000168575","SLC20A2","ENST00000521455"
"7493",286053,"ENSG00000156831","NSMCE2","ENST00000521460"
"7494",55696,"ENSG00000086589","RBM22","ENST00000521464"
"7495",2936,"ENSG00000104687","GSR","ENST00000521479"
"7496",9685,"ENSG00000113282","CLINT1","ENST00000521615"
"7497",7336,"ENSG00000169139","UBE2V2","ENST00000521628"
"7498",64172,"ENSG00000128694","OSGEPL1","ENST00000521630"
"7499",51312,"ENSG00000147454","SLC25A37","ENST00000521637"
"7500",79616,"ENSG00000135083","CCNJL","ENST00000521643"
"7501",91782,"ENSG00000147457","CHMP7","ENST00000521656"
"7502",5327,"ENSG00000104368","PLAT","ENST00000521694"
"7503",3423,"ENSG00000010404","IDS","ENST00000521702"
"7504",80346,"ENSG00000168476","REEP4","ENST00000521744"
"7505",3340,"ENSG00000070614","NDST1","ENST00000521752"
"7506",342538,"ENSG00000253506","NACA2","ENST00000521764"
"7507",9724,"ENSG00000253797","UTP14C","ENST00000521776"
"7508",79075,"ENSG00000136982","DSCC1","ENST00000521795"
"7509",137886,"ENSG00000215114","UBXN2B","ENST00000521796"
"7510",134492,"ENSG00000170584","NUDCD2","ENST00000521797"
"7511",57210,"ENSG00000022567","SLC45A4","ENST00000521804"
"7512",64901,"ENSG00000204764","RANBP17","ENST00000521834"
"7513",23362,"ENSG00000156011","PSD3","ENST00000521841"
"7514",120379,"ENSG00000150773","PIH1D2","ENST00000521853"
"7515",10434,"ENSG00000120992","LYPLA1","ENST00000521856"
"7516",3779,"ENSG00000145936","KCNMB1","ENST00000521859"
"7517",55074,"ENSG00000164830","OXR1","ENST00000521864"
"7518",10156,"ENSG00000105808","RASA4","ENST00000521892"
"7519",9639,"ENSG00000104728","ARHGEF10","ENST00000521927"
"7520",23167,"ENSG00000132294","EFR3A","ENST00000521940"
"7521",83696,"ENSG00000167632","TRAPPC9","ENST00000521944"
"7522",57531,"ENSG00000085382","HACE1","ENST00000521962"
"7523",257218,"ENSG00000146414","SHPRH","ENST00000521977"
"7524",23039,"ENSG00000130227","XPO7","ENST00000522015"
"7525",54921,"ENSG00000168802","CHTF8","ENST00000522091"
"7526",3551,"ENSG00000104365","IKBKB","ENST00000522103"
"7527",92140,"ENSG00000147649","MTDH","ENST00000522104"
"7528",389203,"ENSG00000250317","SMIM20","ENST00000522137"
"7529",9337,"ENSG00000155508","CNOT8","ENST00000522139"
"7530",972,"ENSG00000019582","CD74","ENST00000522153"
"7531",79646,"ENSG00000120137","PANK3","ENST00000522176"
"7532",206358,"ENSG00000123643","SLC36A1","ENST00000522185"
"7533",5368,"ENSG00000168081","PNOC","ENST00000522209"
"7534",90423,"ENSG00000250565","ATP6V1E2","ENST00000522219"
"7535",153743,"ENSG00000231989","PPP1R2B","ENST00000522232"
"7536",1191,"ENSG00000120885","CLU","ENST00000522238"
"7537",90459,"ENSG00000104626","ERI1","ENST00000522258"
"7538",55909,"ENSG00000147439","BIN3","ENST00000522268"
"7539",83940,"ENSG00000147687","TATDN1","ENST00000522280"
"7540",6482,"ENSG00000008513","ST3GAL1","ENST00000522285"
"7541",202459,"ENSG00000293101","OSTCP1","ENST00000522287"
"7542",11178,"ENSG00000061337","LZTS1","ENST00000522290"
"7543",23414,"ENSG00000169946","ZFPM2","ENST00000522296"
"7544",29781,"ENSG00000025770","NCAPH2","ENST00000522304"
"7545",26071,"ENSG00000203950","RTL8A","ENST00000522309"
"7546",51366,"ENSG00000104517","UBR5","ENST00000522327"
"7547",63898,"ENSG00000104611","SH2D4A","ENST00000522328"
"7548",649,"ENSG00000168487","BMP1","ENST00000522332"
"7549",444,"ENSG00000198363","ASPH","ENST00000522343"
"7550",79744,"ENSG00000105136","ZNF419","ENST00000522346"
"7551",6678,"ENSG00000113140","SPARC","ENST00000522348"
"7552",9415,"ENSG00000134824","FADS2","ENST00000522359"
"7553",79776,"ENSG00000091656","ZFHX4","ENST00000522409"
"7554",84933,"ENSG00000189376","C8orf76","ENST00000522477"
"7555",51265,"ENSG00000006837","CDKL3","ENST00000522501"
"7556",23291,"ENSG00000072803","FBXW11","ENST00000522507"
"7557",55039,"ENSG00000183665","TRMT12","ENST00000522518"
"7558",29088,"ENSG00000137547","MRPL15","ENST00000522521"
"7559",55290,"ENSG00000104221","BRF2","ENST00000522539"
"7560",6867,"ENSG00000147526","TACC1","ENST00000522548"
"7561",51110,"ENSG00000147592","LACTB2","ENST00000522558"
"7562",10656,"ENSG00000131773","KHDRBS3","ENST00000522578"
"7563",137835,"ENSG00000165071","TMEM71","ENST00000522594"
"7564",117608,"ENSG00000178338","ZNF354B","ENST00000522624"
"7565",286148,"ENSG00000156162","DPY19L4","ENST00000522669"
"7566",475,"ENSG00000177556","ATOX1","ENST00000522710"
"7567",760,"ENSG00000104267","CA2","ENST00000522742"
"7568",55806,"ENSG00000168453","HR","ENST00000522759"
"7569",26999,"ENSG00000055163","CYFIP2","ENST00000522775"
"7570",11212,"ENSG00000147471","PLPBP","ENST00000522808"
"7571",1070,"ENSG00000153140","CETN3","ENST00000522842"
"7572",23303,"ENSG00000197892","KIF13B","ENST00000522846"
"7573",79635,"ENSG00000176714","CCDC121","ENST00000522876"
"7574",114822,"ENSG00000158106","RHPN1","ENST00000522899"
"7575",10318,"ENSG00000145901","TNIP1","ENST00000522926"
"7576",114,"ENSG00000155897","ADCY8","ENST00000522949"
"7577",2027,"ENSG00000108515","ENO3","ENST00000522954"
"7578",78986,"ENSG00000133878","DUSP26","ENST00000522982"
"7579",28957,"ENSG00000147586","MRPS28","ENST00000522987"
"7580",2760,"ENSG00000196743","GM2A","ENST00000523004"
"7581",79752,"ENSG00000104231","ZFAND1","ENST00000523012"
"7582",1345,"ENSG00000164919","COX6C","ENST00000523016"
"7583",79139,"ENSG00000136986","DERL1","ENST00000523036"
"7584",57226,"ENSG00000083099","LYRM2","ENST00000523075"
"7585",51125,"ENSG00000147533","GOLGA7","ENST00000523128"
"7586",27067,"ENSG00000040341","STAU2","ENST00000523160"
"7587",153222,"ENSG00000164463","CREBRF","ENST00000523161"
"7588",285753,"ENSG00000183137","CEP57L1","ENST00000523174"
"7589",137695,"ENSG00000167904","TMEM68","ENST00000523180"
"7590",9892,"ENSG00000065609","SNAP91","ENST00000523199"
"7591",9373,"ENSG00000137055","PLAA","ENST00000523212"
"7592",63920,"ENSG00000221886","FAM200C","ENST00000523213"
"7593",57222,"ENSG00000113719","ERGIC1","ENST00000523215"
"7594",100287015,"ENSG00000246089","MCPH1-DT","ENST00000523225"
"7595",5157,"ENSG00000104213","PDGFRL","ENST00000523248"
"7596",4824,"ENSG00000167034","NKX3-1","ENST00000523261"
"7597",4603,"ENSG00000185697","MYBL1","ENST00000523304"
"7598",2053,"ENSG00000120915","EPHX2","ENST00000523326"
"7599",169270,"ENSG00000172748","ZNF596","ENST00000523333"
"7600",54845,"ENSG00000104413","ESRP1","ENST00000523347"
"7601",25929,"ENSG00000082516","GEMIN5","ENST00000523355"
"7602",6500,"ENSG00000113558","SKP1","ENST00000523359"
"7603",9699,"ENSG00000176406","RIMS2","ENST00000523362"
"7604",7903,"ENSG00000113532","ST8SIA4","ENST00000523381"
"7605",9897,"ENSG00000164961","WASHC5","ENST00000523397"
"7606",114112,"ENSG00000197763","TXNRD3","ENST00000523403"
"7607",2669,"ENSG00000164949","GEM","ENST00000523433"
"7608",5159,"ENSG00000113721","PDGFRB","ENST00000523456"
"7609",8836,"ENSG00000137563","GGH","ENST00000523479"
"7610",55819,"ENSG00000113269","RNF130","ENST00000523487"
"7611",168455,"ENSG00000253276","CCDC71L","ENST00000523505"
"7612",27257,"ENSG00000175324","LSM1","ENST00000523511"
"7613",54908,"ENSG00000040275","SPDL1","ENST00000523518"
"7614",892,"ENSG00000112237","CCNC","ENST00000523541"
"7615",54108,"ENSG00000104472","CHRAC1","ENST00000523569"
"7616",54974,"ENSG00000113272","THG1L","ENST00000523575"
"7617",645455,"ENSG00000143702","CEP170","ENST00000523581"
"7618",8895,"ENSG00000085719","CPNE3","ENST00000523588"
"7619",10687,"ENSG00000240694","PNMA2","ENST00000523616"
"7620",5533,"ENSG00000120910","PPP3CC","ENST00000523620"
"7621",64760,"ENSG00000158863","FHIP2B","ENST00000523633"
"7622",3084,"ENSG00000157168","NRG1","ENST00000523681"
"7623",81034,"ENSG00000164933","SLC25A32","ENST00000523701"
"7624",2561,"ENSG00000145864","GABRB2","ENST00000523730"
"7625",2738,"ENSG00000250571","GLI4","ENST00000523812"
"7626",79698,"ENSG00000165061","ZMAT4","ENST00000523823"
"7627",124989,"ENSG00000178852","EFCAB13","ENST00000523842"
"7628",6383,"ENSG00000169439","SDC2","ENST00000523877"
"7629",5108,"ENSG00000078674","PCM1","ENST00000523896"
"7630",255762,"ENSG00000155714","PDZD9","ENST00000523914"
"7631",55656,"ENSG00000164941","INTS8","ENST00000523998"
"7632",54984,"ENSG00000254093","PINX1","ENST00000524026"
"7633",51633,"ENSG00000155100","OTUD6B","ENST00000524027"
"7634",11156,"ENSG00000184489","PTP4A3","ENST00000524028"
"7635",285755,"ENSG00000185250","PPIL6","ENST00000524031"
"7636",4017,"ENSG00000134013","LOXL2","ENST00000524075"
"7637",199745,"ENSG00000161277","THAP8","ENST00000524106"
"7638",55790,"ENSG00000147408","CSGALNACT1","ENST00000524112"
"7639",80223,"ENSG00000156675","RAB11FIP1","ENST00000524118"
"7640",84294,"ENSG00000147679","UTP23","ENST00000524128"
"7641",8797,"ENSG00000104689","TNFRSF10A","ENST00000524158"
"7642",23367,"ENSG00000155506","LARP1","ENST00000524187"
"7643",4869,"ENSG00000181163","NPM1","ENST00000524204"
"7644",157695,"ENSG00000180190","TDRP","ENST00000524229"
"7645",10827,"ENSG00000055147","FAM114A2","ENST00000524246"
"7646",9443,"ENSG00000155868","MED7","ENST00000524289"
"7647",7419,"ENSG00000078668","VDAC3","ENST00000524291"
"7648",1729,"ENSG00000131504","DIAPH1","ENST00000524301"
"7649",667,"ENSG00000151914","DST","ENST00000524302"
"7650",157567,"ENSG00000186106","ANKRD46","ENST00000524319"
"7651",9551,"ENSG00000241468","ATP5MF","ENST00000524321"
"7652",6781,"ENSG00000159167","STC1","ENST00000524323"
"7653",100507316,"ENSG00000253716","MINCR","ENST00000524335"
"7654",10347,"ENSG00000064687","ABCA7","ENST00000524383"
"7655",84513,"ENSG00000147535","PLPP5","ENST00000524409"
"7656",79896,"ENSG00000185875","THNSL1","ENST00000524413"
"7657",55823,"ENSG00000160695","VPS11","ENST00000524454"
"7658",27034,"ENSG00000151498","ACAD8","ENST00000524502"
"7659",10944,"ENSG00000110696","C11orf58","ENST00000524508"
"7660",29763,"ENSG00000165912","PACSIN3","ENST00000524509"
"7661",5818,"ENSG00000110400","NECTIN1","ENST00000524510"
"7662",51160,"ENSG00000160948","VPS28","ENST00000524521"
"7663",23318,"ENSG00000134744","TUT4","ENST00000524582"
"7664",25839,"ENSG00000103051","COG4","ENST00000524584"
"7665",51286,"ENSG00000184524","CEND1","ENST00000524587"
"7666",392,"ENSG00000175220","ARHGAP1","ENST00000524594"
"7667",55327,"ENSG00000148943","LIN7C","ENST00000524596"
"7668",53340,"ENSG00000064199","SPA17","ENST00000524614"
"7669",219902,"ENSG00000181264","TLCD5","ENST00000524680"
"7670",84441,"ENSG00000184384","MAML2","ENST00000524717"
"7671",84074,"ENSG00000129646","QRICH2","ENST00000524722"
"7672",252969,"ENSG00000154328","NEIL2","ENST00000524741"
"7673",3732,"ENSG00000085117","CD82","ENST00000524750"
"7674",1479,"ENSG00000176102","CSTF3","ENST00000524775"
"7675",23032,"ENSG00000077254","USP33","ENST00000524778"
"7676",8487,"ENSG00000092208","GEMIN2","ENST00000524781"
"7677",143888,"ENSG00000178202","POGLUT3","ENST00000524787"
"7678",127700,"ENSG00000116885","OSCP1","ENST00000524789"
"7679",4054,"ENSG00000168056","LTBP3","ENST00000524798"
"7680",54843,"ENSG00000137501","SYTL2","ENST00000524830"
"7681",219833,"ENSG00000174370","KCNJ5-AS1","ENST00000524878"
"7682",91252,"ENSG00000165915","SLC39A13","ENST00000524886"
"7683",156,"ENSG00000173020","GRK2","ENST00000524899"
"7684",5824,"ENSG00000162735","PEX19","ENST00000524939"
"7685",81790,"ENSG00000120925","RNF170","ENST00000524954"
"7686",64787,"ENSG00000177106","EPS8L2","ENST00000524973"
"7687",114796,"ENSG00000230487","PSMG3-AS1","ENST00000524978"
"7688",54733,"ENSG00000110660","SLC35F2","ENST00000524991"
"7689",9235,"ENSG00000008517","IL32","ENST00000525003"
"7690",80198,"ENSG00000172732","MUS81","ENST00000525006"
"7691",10480,"ENSG00000149100","EIF3M","ENST00000525054"
"7692",23428,"ENSG00000092068","SLC7A8","ENST00000525062"
"7693",10767,"ENSG00000112339","HBS1L","ENST00000525067"
"7694",59307,"ENSG00000185187","SIGIRR","ENST00000525070"
"7695",50649,"ENSG00000136002","ARHGEF4","ENST00000525092"
"7696",56675,"ENSG00000175352","NRIP3","ENST00000525100"
"7697",1537,"ENSG00000179091","CYC1","ENST00000525122"
"7698",55635,"ENSG00000024526","DEPDC1","ENST00000525124"
"7699",91683,"ENSG00000173227","SYT12","ENST00000525149"
"7700",440028,"ENSG00000245522","LINC02709","ENST00000525154"
"7701",26519,"ENSG00000134809","TIMM10","ENST00000525158"
"7702",645332,"ENSG00000290994","","ENST00000525180"
"7703",977,"ENSG00000177697","CD151","ENST00000525181"
"7704",7405,"ENSG00000198382","UVRAG","ENST00000525183"
"7705",10589,"ENSG00000175550","DRAP1","ENST00000525190"
"7706",79792,"ENSG00000104518","GSDMD","ENST00000525208"
"7707",9743,"ENSG00000134909","ARHGAP32","ENST00000525234"
"7708",23410,"ENSG00000142082","SIRT3","ENST00000525237"
"7709",9793,"ENSG00000175216","CKAP5","ENST00000525248"
"7710",7296,"ENSG00000198431","TXNRD1","ENST00000525265"
"7711",6392,"ENSG00000204370","SDHD","ENST00000525291"
"7712",51700,"ENSG00000166394","CYB5R2","ENST00000525307"
"7713",1508,"ENSG00000164733","CTSB","ENST00000525315"
"7714",23647,"ENSG00000132254","ARFIP2","ENST00000525329"
"7715",100506068,"ENSG00000245598","DACT3-AS1","ENST00000525352"
"7716",26098,"ENSG00000107938","EDRF1","ENST00000525358"
"7717",8694,"ENSG00000185000","DGAT1","ENST00000525371"
"7718",54865,"ENSG00000160818","GPATCH4","ENST00000525375"
"7719",7753,"ENSG00000166261","ZNF202","ENST00000525391"
"7720",4297,"ENSG00000118058","KMT2A","ENST00000525408"
"7721",9973,"ENSG00000173992","CCS","ENST00000525435"
"7722",5140,"ENSG00000152270","PDE3B","ENST00000525439"
"7723",960,"ENSG00000026508","CD44","ENST00000525469"
"7724",9915,"ENSG00000172379","ARNT2","ENST00000525505"
"7725",65117,"ENSG00000111011","RSRC2","ENST00000525570"
"7726",149483,"ENSG00000159588","CCDC17","ENST00000525599"
"7727",334,"ENSG00000084234","APLP2","ENST00000525604"
"7728",23788,"ENSG00000109919","MTCH2","ENST00000525649"
"7729",102288414,"ENSG00000278615","C11orf98","ENST00000525675"
"7730",29087,"ENSG00000151500","THYN1","ENST00000525677"
"7731",51144,"ENSG00000149084","HSD17B12","ENST00000525736"
"7732",79780,"ENSG00000149231","CCDC82","ENST00000525786"
"7733",3964,"ENSG00000116977","LGALS8","ENST00000525789"
"7734",84881,"ENSG00000165526","RPUSD4","ENST00000525812"
"7735",5530,"ENSG00000138814","PPP3CA","ENST00000525819"
"7736",1500,"ENSG00000198561","CTNND1","ENST00000525821"
"7737",55814,"ENSG00000145734","BDP1","ENST00000525844"
"7738",54961,"ENSG00000172830","SSH3","ENST00000525913"
"7739",254359,"ENSG00000174165","ZDHHC24","ENST00000525925"
"7740",56141,"ENSG00000204963","PCDHA7","ENST00000525929"
"7741",90853,"ENSG00000134668","SPOCD1","ENST00000525930"
"7742",57476,"ENSG00000023171","GRAMD1B","ENST00000525945"
"7743",6094,"ENSG00000149489","ROM1","ENST00000525947"
"7744",1435,"ENSG00000184371","CSF1","ENST00000526001"
"7745",2626,"ENSG00000136574","GATA4","ENST00000526021"
"7746",219844,"ENSG00000198331","HYLS1","ENST00000526028"
"7747",7108,"ENSG00000149809","TM7SF2","ENST00000526048"
"7748",374378,"ENSG00000110328","GALNT18","ENST00000526064"
"7749",137994,"ENSG00000165046","LETM2","ENST00000526075"
"7750",57104,"ENSG00000177666","PNPLA2","ENST00000526083"
"7751",3784,"ENSG00000053918","KCNQ1","ENST00000526095"
"7752",51399,"ENSG00000196655","TRAPPC4","ENST00000526141"
"7753",1740,"ENSG00000150672","DLG2","ENST00000526147"
"7754",55758,"ENSG00000117625","RCOR3","ENST00000526255"
"7755",79703,"ENSG00000173715","C11orf80","ENST00000526270"
"7756",10658,"ENSG00000149187","CELF1","ENST00000526277"
"7757",2965,"ENSG00000110768","GTF2H1","ENST00000526282"
"7758",81930,"ENSG00000121621","KIF18A","ENST00000526288"
"7759",6050,"ENSG00000023191","RNH1","ENST00000526295"
"7760",10525,"ENSG00000149428","HYOU1","ENST00000526354"
"7761",65975,"ENSG00000130413","STK33","ENST00000526360"
"7762",3703,"ENSG00000134910","STT3A","ENST00000526364"
"7763",5436,"ENSG00000168002","POLR2G","ENST00000526368"
"7764",23682,"ENSG00000123892","RAB38","ENST00000526372"
"7765",6799,"ENSG00000197165","SULT1A2","ENST00000526384"
"7766",85458,"ENSG00000150764","DIXDC1","ENST00000526418"
"7767",23310,"ENSG00000151503","NCAPD3","ENST00000526422"
"7768",80199,"ENSG00000010361","FUZ","ENST00000526435"
"7769",10263,"ENSG00000167797","CDK2AP2","ENST00000526447"
"7770",84285,"ENSG00000175376","EIF1AD","ENST00000526449"
"7771",146857,"ENSG00000154760","SLFN13","ENST00000526483"
"7772",9776,"ENSG00000175224","ATG13","ENST00000526485"
"7773",3739,"ENSG00000182255","KCNA4","ENST00000526518"
"7774",283229,"ENSG00000177685","CRACR2B","ENST00000526531"
"7775",374395,"ENSG00000185475","TMEM179B","ENST00000526546"
"7776",7003,"ENSG00000187079","TEAD1","ENST00000526600"
"7777",728975,"ENSG00000254614","CAPN1-AS1","ENST00000526623"
"7778",60492,"ENSG00000137500","CCDC90B","ENST00000526631"
"7779",871,"ENSG00000149257","SERPINH1","ENST00000526638"
"7780",55630,"ENSG00000147804","SLC39A4","ENST00000526658"
"7781",9246,"ENSG00000156587","UBE2L6","ENST00000526659"
"7782",114908,"ENSG00000152558","TMEM123","ENST00000526676"
"7783",387597,"ENSG00000143195","ILDR2","ENST00000526687"
"7784",79731,"ENSG00000137513","NARS2","ENST00000526709"
"7785",29099,"ENSG00000110442","COMMD9","ENST00000526789"
"7786",143879,"ENSG00000182359","KBTBD3","ENST00000526805"
"7787",203054,"ENSG00000173137","ADCK5","ENST00000526833"
"7788",84866,"ENSG00000149582","TMEM25","ENST00000526853"
"7789",10522,"ENSG00000177030","DEAF1","ENST00000526857"
"7790",94015,"ENSG00000141540","TTYH2","ENST00000526858"
"7791",9789,"ENSG00000118363","SPCS2","ENST00000526883"
"7792",103,"ENSG00000160710","ADAR","ENST00000526905"
"7793",79053,"ENSG00000159063","ALG8","ENST00000526928"
"7794",10873,"ENSG00000151376","ME3","ENST00000526944"
"7795",26273,"ENSG00000110429","FBXO3","ENST00000526952"
"7796",5058,"ENSG00000149269","PAK1","ENST00000526968"
"7797",1072,"ENSG00000172757","CFL1","ENST00000526975"
"7798",7439,"ENSG00000167995","BEST1","ENST00000526988"
"7799",4162,"ENSG00000076706","MCAM","ENST00000526992"
"7800",79797,"ENSG00000175213","ZNF408","ENST00000527008"
"7801",5795,"ENSG00000149177","PTPRJ","ENST00000527026"
"7802",89792,"ENSG00000175229","GAL3ST3","ENST00000527048"
"7803",58500,"ENSG00000196150","ZNF250","ENST00000527049"
"7804",53826,"ENSG00000137726","FXYD6","ENST00000527053"
"7805",10482,"ENSG00000162231","NXF1","ENST00000527064"
"7806",114971,"ENSG00000110536","PTPMT1","ENST00000527079"
"7807",54472,"ENSG00000078902","TOLLIP","ENST00000527085"
"7808",9600,"ENSG00000110697","PITPNM1","ENST00000527103"
"7809",3263,"ENSG00000110169","HPX","ENST00000527105"
"7810",5606,"ENSG00000034152","MAP2K3","ENST00000527123"
"7811",726,"ENSG00000149260","CAPN5","ENST00000527129"
"7812",144132,"ENSG00000179532","DNHD1","ENST00000527143"
"7813",4722,"ENSG00000213619","NDUFS3","ENST00000527178"
"7814",6309,"ENSG00000109929","SC5D","ENST00000527183"
"7815",10632,"ENSG00000167283","ATP5MG","ENST00000527186"
"7816",22996,"ENSG00000085831","TTC39A","ENST00000527205"
"7817",85456,"ENSG00000149115","TNKS1BP1","ENST00000527207"
"7818",25794,"ENSG00000186765","FSCN2","ENST00000527221"
"7819",79659,"ENSG00000187240","DYNC2H1","ENST00000527252"
"7820",1207,"ENSG00000074201","CLNS1A","ENST00000527265"
"7821",283149,"ENSG00000186174","BCL9L","ENST00000527266"
"7822",254225,"ENSG00000166439","RNF169","ENST00000527301"
"7823",4296,"ENSG00000173327","MAP3K11","ENST00000527304"
"7824",1802,"ENSG00000132768","DPH2","ENST00000527319"
"7825",330,"ENSG00000023445","BIRC3","ENST00000527336"
"7826",113115,"ENSG00000146410","MTFR2","ENST00000527338"
"7827",3015,"ENSG00000164032","H2AZ1","ENST00000527366"
"7828",7748,"ENSG00000005801","ZNF195","ENST00000527386"
"7829",10534,"ENSG00000173465","ZNRD2","ENST00000527413"
"7830",1717,"ENSG00000172893","DHCR7","ENST00000527452"
"7831",29922,"ENSG00000143156","NME7","ENST00000527460"
"7832",414919,"ENSG00000213563","C8orf82","ENST00000527462"
"7833",23220,"ENSG00000110042","DTX4","ENST00000527475"
"7834",283212,"ENSG00000149243","KLHL35","ENST00000527491"
"7835",57535,"ENSG00000116299","ELAPOR1","ENST00000527501"
"7836",221,"ENSG00000006534","ALDH3B1","ENST00000527514"
"7837",6181,"ENSG00000177600","RPLP2","ENST00000527517"
"7838",92105,"ENSG00000149262","INTS4","ENST00000527522"
"7839",389,"ENSG00000155366","RHOC","ENST00000527563"
"7840",55638,"ENSG00000147642","SYBU","ENST00000527600"
"7841",55924,"ENSG00000197852","INKA2","ENST00000527621"
"7842",5536,"ENSG00000011485","PPP5C","ENST00000527623"
"7843",56142,"ENSG00000081842","PCDHA6","ENST00000527624"
"7844",5805,"ENSG00000150787","PTS","ENST00000527635"
"7845",100131213,"ENSG00000237149","ZNF503-AS2","ENST00000527641"
"7846",388536,"ENSG00000197863","ZNF790","ENST00000527645"
"7847",2113,"ENSG00000134954","ETS1","ENST00000527676"
"7848",79101,"ENSG00000166012","TAF1D","ENST00000527690"
"7849",128387,"ENSG00000203705","TATDN3","ENST00000527693"
"7850",120103,"ENSG00000180773","SLC36A4","ENST00000527743"
"7851",51074,"ENSG00000149089","APIP","ENST00000527830"
"7852",9099,"ENSG00000036672","USP2","ENST00000527843"
"7853",7746,"ENSG00000137185","ZSCAN9","ENST00000527844"
"7854",7465,"ENSG00000166483","WEE1","ENST00000527848"
"7855",84280,"ENSG00000148925","BTBD10","ENST00000527858"
"7856",80174,"ENSG00000161692","DBF4B","ENST00000527862"
"7857",124923,"ENSG00000167524","RSKR","ENST00000527863"
"7858",3276,"ENSG00000126457","PRMT1","ENST00000527866"
"7859",56912,"ENSG00000118096","IFT46","ENST00000527868"
"7860",25987,"ENSG00000182704","TSKU","ENST00000527881"
"7861",2628,"ENSG00000171766","GATM","ENST00000527933"
"7862",54512,"ENSG00000178896","EXOSC4","ENST00000527954"
"7863",582,"ENSG00000174483","BBS1","ENST00000527959"
"7864",2875,"ENSG00000167701","GPT","ENST00000527961"
"7865",112849,"ENSG00000126790","L3HYPDH","ENST00000527981"
"7866",79842,"ENSG00000185670","ZBTB3","ENST00000527994"
"7867",5933,"ENSG00000080839","RBL1","ENST00000527999"
"7868",10548,"ENSG00000100926","TM9SF1","ENST00000528010"
"7869",7553,"ENSG00000147789","ZNF7","ENST00000528017"
"7870",5682,"ENSG00000129084","PSMA1","ENST00000528018"
"7871",283232,"ENSG00000177042","TMEM80","ENST00000528024"
"7872",79832,"ENSG00000060749","QSER1","ENST00000528034"
"7873",51075,"ENSG00000213593","TMX2","ENST00000528042"
"7874",9659,"ENSG00000178104","PDE4DIP","ENST00000528060"
"7875",84364,"ENSG00000149182","ARFGAP2","ENST00000528072"
"7876",6207,"ENSG00000110700","RPS13","ENST00000528074"
"7877",387787,"ENSG00000175536","LIPT2","ENST00000528085"
"7878",81622,"ENSG00000110057","UNC93B1","ENST00000528096"
"7879",57586,"ENSG00000019505","SYT13","ENST00000528101"
"7880",143903,"ENSG00000204381","LAYN","ENST00000528102"
"7881",83648,"ENSG00000154319","FAM167A","ENST00000528111"
"7882",7542,"ENSG00000162300","ZFPL1","ENST00000528123"
"7883",114879,"ENSG00000021762","OSBPL5","ENST00000528124"
"7884",9092,"ENSG00000175467","SART1","ENST00000528137"
"7885",996,"ENSG00000004897","CDC27","ENST00000528147"
"7886",66005,"ENSG00000177830","CHID1","ENST00000528154"
"7887",4718,"ENSG00000151366","NDUFC2","ENST00000528164"
"7888",57822,"ENSG00000158055","GRHL3","ENST00000528181"
"7889",338699,"ENSG00000137494","ANKRD42","ENST00000528190"
"7890",8726,"ENSG00000074266","EED","ENST00000528250"
"7891",91893,"ENSG00000255561","FDXACB1","ENST00000528274"
"7892",1936,"ENSG00000104529","EEF1D","ENST00000528303"
"7893",51585,"ENSG00000165494","PCF11","ENST00000528336"
"7894",27314,"ENSG00000137502","RAB30","ENST00000528379"
"7895",66036,"ENSG00000104643","MTMR9","ENST00000528389"
"7896",2339,"ENSG00000168522","FNTA","ENST00000528400"
"7897",23144,"ENSG00000014164","ZC3H3","ENST00000528401"
"7898",8301,"ENSG00000073921","PICALM","ENST00000528411"
"7899",84988,"ENSG00000160972","PPP1R16A","ENST00000528430"
"7900",1512,"ENSG00000103811","CTSH","ENST00000528436"
"7901",6764,"ENSG00000166444","DENND2B","ENST00000528452"
"7902",6645,"ENSG00000168807","SNTB2","ENST00000528525"
"7903",27315,"ENSG00000148985","PGAP2","ENST00000528526"
"7904",5526,"ENSG00000068971","PPP2R5B","ENST00000528530"
"7905",84233,"ENSG00000171202","TMEM126A","ENST00000528531"
"7906",133,"ENSG00000148926","ADM","ENST00000528544"
"7907",6230,"ENSG00000118181","RPS25","ENST00000528547"
"7908",50626,"ENSG00000187954","ZFTRAF1","ENST00000528558"
"7909",9520,"ENSG00000141279","NPEPPS","ENST00000528565"
"7910",741,"ENSG00000174276","ZNHIT2","ENST00000528598"
"7911",1410,"ENSG00000109846","CRYAB","ENST00000528628"
"7912",5954,"ENSG00000049449","RCN1","ENST00000528630"
"7913",8815,"ENSG00000175334","BANF1","ENST00000528648"
"7914",1200,"ENSG00000166340","TPP1","ENST00000528657"
"7915",727957,"ENSG00000179832","MROH1","ENST00000528664"
"7916",30836,"ENSG00000067334","DNTTIP2","ENST00000528680"
"7917",23365,"ENSG00000196914","ARHGEF12","ENST00000528681"
"7918",744,"ENSG00000066382","MPPED2","ENST00000528686"
"7919",6494,"ENSG00000213445","SIPA1","ENST00000528699"
"7920",966,"ENSG00000085063","CD59","ENST00000528700"
"7921",22911,"ENSG00000085433","WDR47","ENST00000528747"
"7922",246330,"ENSG00000174516","PELI3","ENST00000528752"
"7923",283219,"ENSG00000188997","KCTD21","ENST00000528776"
"7924",1850,"ENSG00000184545","DUSP8","ENST00000528778"
"7925",2313,"ENSG00000151702","FLI1","ENST00000528790"
"7926",80728,"ENSG00000147799","ARHGAP39","ENST00000528810"
"7927",161,"ENSG00000183020","AP2A2","ENST00000528816"
"7928",159963,"ENSG00000148942","SLC5A12","ENST00000528822"
"7929",10413,"ENSG00000137693","YAP1","ENST00000528834"
"7930",3297,"ENSG00000185122","HSF1","ENST00000528842"
"7931",283106,"ENSG00000254598","CSNK2A3","ENST00000528848"
"7932",65084,"ENSG00000166575","TMEM135","ENST00000528861"
"7933",26580,"ENSG00000168000","BSCL2","ENST00000528874"
"7934",58487,"ENSG00000137504","CREBZF","ENST00000528889"
"7935",5007,"ENSG00000110048","OSBP","ENST00000528903"
"7936",89797,"ENSG00000166833","NAV2","ENST00000528923"
"7937",5999,"ENSG00000117152","RGS4","ENST00000528938"
"7938",271,"ENSG00000116337","AMPD2","ENST00000528958"
"7939",55346,"ENSG00000176148","TCP11L1","ENST00000528962"
"7940",56981,"ENSG00000019485","PRDM11","ENST00000528980"
"7941",3767,"ENSG00000187486","KCNJ11","ENST00000528992"
"7942",57804,"ENSG00000175482","POLD4","ENST00000529000"
"7943",6749,"ENSG00000149136","SSRP1","ENST00000529002"
"7944",10395,"ENSG00000164741","DLC1","ENST00000529018"
"7945",4978,"ENSG00000183715","OPCML","ENST00000529019"
"7946",9409,"ENSG00000121680","PEX16","ENST00000529030"
"7947",120227,"ENSG00000186104","CYP2R1","ENST00000529043"
"7948",254102,"ENSG00000173442","EHBP1L1","ENST00000529056"
"7949",84259,"ENSG00000137692","DCUN1D5","ENST00000529076"
"7950",283970,"ENSG00000196696","PDXDC2P-NPIPB14P","ENST00000529089"
"7951",6240,"ENSG00000167325","RRM1","ENST00000529109"
"7952",28960,"ENSG00000110063","DCPS","ENST00000529149"
"7953",7189,"ENSG00000175104","TRAF6","ENST00000529150"
"7954",85459,"ENSG00000166004","CEP295","ENST00000529185"
"7955",340390,"ENSG00000179698","WDR97","ENST00000529209"
"7956",1315,"ENSG00000129083","COPB1","ENST00000529210"
"7957",144100,"ENSG00000166689","PLEKHA7","ENST00000529213"
"7958",144110,"ENSG00000151117","TMEM86A","ENST00000529240"
"7959",402,"ENSG00000213465","ARL2","ENST00000529254"
"7960",80310,"ENSG00000170962","PDGFD","ENST00000529268"
"7961",64776,"ENSG00000137720","CFAP68","ENST00000529270"
"7962",8539,"ENSG00000166181","API5","ENST00000529334"
"7963",53838,"ENSG00000171067","C11orf24","ENST00000529339"
"7964",29068,"ENSG00000196323","ZBTB44","ENST00000529348"
"7965",347862,"ENSG00000177225","GATD1","ENST00000529362"
"7966",7564,"ENSG00000170631","ZNF16","ENST00000529378"
"7967",55014,"ENSG00000136874","STX17","ENST00000529385"
"7968",100507283,"ENSG00000245498","MSANTD2-AS1","ENST00000529392"
"7969",51501,"ENSG00000149196","HIKESHI","ENST00000529405"
"7970",340385,"ENSG00000197363","ZNF517","ENST00000529429"
"7971",283130,"ENSG00000162241","SLC25A45","ENST00000529431"
"7972",221120,"ENSG00000166199","ALKBH3","ENST00000529434"
"7973",25921,"ENSG00000156599","ZDHHC5","ENST00000529447"
"7974",7391,"ENSG00000158773","USF1","ENST00000529476"
"7975",4041,"ENSG00000162337","LRP5","ENST00000529481"
"7976",5702,"ENSG00000165916","PSMC3","ENST00000529500"
"7977",2222,"ENSG00000079459","FDFT1","ENST00000529521"
"7978",3995,"ENSG00000221968","FADS3","ENST00000529525"
"7979",10612,"ENSG00000110171","TRIM3","ENST00000529529"
"7980",64344,"ENSG00000124440","HIF3A","ENST00000529542"
"7981",25855,"ENSG00000174744","BRMS1","ENST00000529544"
"7982",2495,"ENSG00000167996","FTH1","ENST00000529548"
"7983",10404,"ENSG00000104324","CPQ","ENST00000529551"
"7984",8722,"ENSG00000174080","CTSF","ENST00000529561"
"7985",10196,"ENSG00000185238","PRMT3","ENST00000529592"
"7986",65265,"ENSG00000182307","C8orf33","ENST00000529593"
"7987",6876,"ENSG00000149591","TAGLN","ENST00000529622"
"7988",28971,"ENSG00000087884","AAMDC","ENST00000529666"
"7989",55690,"ENSG00000175115","PACS1","ENST00000529677"
"7990",5719,"ENSG00000185627","PSMD13","ENST00000529679"
"7991",272,"ENSG00000133805","AMPD3","ENST00000529744"
"7992",143458,"ENSG00000179241","LDLRAD3","ENST00000529759"
"7993",114780,"ENSG00000166473","PKD1L2","ENST00000529791"
"7994",83480,"ENSG00000110060","PUS3","ENST00000529801"
"7995",55031,"ENSG00000170242","USP47","ENST00000529813"
"7996",258010,"ENSG00000198168","SVIP","ENST00000529848"
"7997",23279,"ENSG00000030066","NUP160","ENST00000529863"
"7998",30008,"ENSG00000172638","EFEMP2","ENST00000529870"
"7999",23259,"ENSG00000085788","DDHD2","ENST00000529872"
"8000",9131,"ENSG00000156709","AIFM1","ENST00000529877"
"8001",81532,"ENSG00000182208","MOB2","ENST00000529897"
"8002",9404,"ENSG00000110031","LPXN","ENST00000529915"
"8003",767,"ENSG00000178538","CA8","ENST00000529918"
"8004",29979,"ENSG00000135018","UBQLN1","ENST00000529923"
"8005",56672,"ENSG00000166452","AKIP1","ENST00000529942"
"8006",642475,"ENSG00000204839","MROH6","ENST00000529971"
"8007",57604,"ENSG00000250305","TRMT9B","ENST00000529978"
"8008",9684,"ENSG00000160959","LRRC14","ENST00000529995"
"8009",81490,"ENSG00000174915","PTDSS2","ENST00000530029"
"8010",10527,"ENSG00000205339","IPO7","ENST00000530037"
"8011",29028,"ENSG00000156802","ATAD2","ENST00000530065"
"8012",2762,"ENSG00000112699","GMDS","ENST00000530075"
"8013",114900,"ENSG00000172247","C1QTNF4","ENST00000530097"
"8014",54503,"ENSG00000177054","ZDHHC13","ENST00000530100"
"8015",84437,"ENSG00000170903","MSANTD4","ENST00000530108"
"8016",710,"ENSG00000149131","SERPING1","ENST00000530113"
"8017",56674,"ENSG00000175348","TMEM9B","ENST00000530136"
"8018",50862,"ENSG00000110315","RNF141","ENST00000530156"
"8019",6188,"ENSG00000149273","RPS3","ENST00000530170"
"8020",83638,"ENSG00000175573","C11orf68","ENST00000530188"
"8021",84153,"ENSG00000172922","RNASEH2C","ENST00000530192"
"8022",8665,"ENSG00000175390","EIF3F","ENST00000530219"
"8023",6809,"ENSG00000166900","STX3","ENST00000530221"
"8024",54973,"ENSG00000127054","INTS11","ENST00000530233"
"8025",9159,"ENSG00000160613","PCSK7","ENST00000530269"
"8026",55800,"ENSG00000166257","SCN3B","ENST00000530277"
"8027",51317,"ENSG00000135365","PHF21A","ENST00000530312"
"8028",26007,"ENSG00000149476","TKFC","ENST00000530329"
"8029",5836,"ENSG00000100504","PYGL","ENST00000530336"
"8030",729013,"ENSG00000247271","ZBED5-AS1","ENST00000530344"
"8031",340371,"ENSG00000185189","NRBP2","ENST00000530347"
"8032",23625,"ENSG00000176973","FAM89B","ENST00000530349"
"8033",90987,"ENSG00000198169","ZNF251","ENST00000530353"
"8034",79751,"ENSG00000177542","SLC25A22","ENST00000530360"
"8035",6653,"ENSG00000137642","SORL1","ENST00000530365"
"8036",6768,"ENSG00000149418","ST14","ENST00000530376"
"8037",374383,"ENSG00000188211","NCR3LG1","ENST00000530403"
"8038",619383,"ENSG00000254911","SCARNA9","ENST00000530422"
"8039",79605,"ENSG00000177614","PGBD5","ENST00000530424"
"8040",57558,"ENSG00000118369","USP35","ENST00000530521"
"8041",9638,"ENSG00000149557","FEZ1","ENST00000530526"
"8042",9538,"ENSG00000149547","EI24","ENST00000530540"
"8043",196743,"ENSG00000148832","PAOX","ENST00000530555"
"8044",823,"ENSG00000014216","CAPN1","ENST00000530567"
"8045",58486,"ENSG00000236287","ZBED5","ENST00000530570"
"8046",84959,"ENSG00000154127","UBASH3B","ENST00000530578"
"8047",51773,"ENSG00000048649","RSF1","ENST00000530604"
"8048",79899,"ENSG00000135362","PRR5L","ENST00000530627"
"8049",738,"ENSG00000149823","VPS51","ENST00000530673"
"8050",6734,"ENSG00000182934","SRPRA","ENST00000530680"
"8051",26233,"ENSG00000182325","FBXL6","ENST00000530687"
"8052",91694,"ENSG00000154359","LONRF1","ENST00000530693"
"8053",2037,"ENSG00000079819","EPB41L2","ENST00000530707"
"8054",79796,"ENSG00000086848","ALG9","ENST00000530723"
"8055",1119,"ENSG00000110721","CHKA","ENST00000530730"
"8056",55291,"ENSG00000110075","PPP6R3","ENST00000530734"
"8057",113174,"ENSG00000166788","SAAL1","ENST00000530736"
"8058",55845,"ENSG00000254999","BRK1","ENST00000530758"
"8059",23378,"ENSG00000132275","RRP8","ENST00000530762"
"8060",10312,"ENSG00000110719","TCIRG1","ENST00000530802"
"8061",25841,"ENSG00000166016","ABTB2","ENST00000530814"
"8062",23621,"ENSG00000186318","BACE1","ENST00000530824"
"8063",655,"ENSG00000101144","BMP7","ENST00000530870"
"8064",124411,"ENSG00000197302","KRBOX5","ENST00000530881"
"8065",5866,"ENSG00000167994","RAB3IL1","ENST00000530888"
"8066",255512,"ENSG00000255153","TOLLIP-DT","ENST00000530897"
"8067",55367,"ENSG00000177595","PIDD1","ENST00000530911"
"8068",55331,"ENSG00000078124","ACER3","ENST00000530921"
"8069",91801,"ENSG00000137760","ALKBH8","ENST00000530933"
"8070",56255,"ENSG00000125827","TMX4","ENST00000530935"
"8071",26297,"ENSG00000129158","SERGEF","ENST00000530951"
"8072",58517,"ENSG00000119707","RBM25","ENST00000530978"
"8073",112464,"ENSG00000170955","CAVIN3","ENST00000530979"
"8074",7264,"ENSG00000104522","GFUS","ENST00000531006"
"8075",84897,"ENSG00000154144","TBRG1","ENST00000531033"
"8076",83759,"ENSG00000173914","RBM4B","ENST00000531036"
"8077",3312,"ENSG00000109971","HSPA8","ENST00000531063"
"8078",3619,"ENSG00000149503","INCENP","ENST00000531099"
"8079",6157,"ENSG00000166441","RPL27A","ENST00000531102"
"8080",8045,"ENSG00000099849","RASSF7","ENST00000531112"
"8081",63901,"ENSG00000166801","FAM111A","ENST00000531147"
"8082",83786,"ENSG00000126391","FRMD8","ENST00000531151"
"8083",29082,"ENSG00000254505","CHMP4A","ENST00000531158"
"8084",4714,"ENSG00000166136","NDUFB8","ENST00000531189"
"8085",55108,"ENSG00000160058","BSDC1","ENST00000531222"
"8086",8761,"ENSG00000090621","PABPC4","ENST00000531243"
"8087",55863,"ENSG00000171204","TMEM126B","ENST00000531274"
"8088",399909,"ENSG00000197136","PCNX3","ENST00000531280"
"8089",4728,"ENSG00000110717","NDUFS8","ENST00000531282"
"8090",388610,"ENSG00000253368","TRNP1","ENST00000531285"
"8091",10335,"ENSG00000072952","IRAG1","ENST00000531308"
"8092",8534,"ENSG00000175264","CHST1","ENST00000531322"
"8093",79026,"ENSG00000124942","AHNAK","ENST00000531324"
"8094",5519,"ENSG00000137713","PPP2R1B","ENST00000531373"
"8095",55216,"ENSG00000150776","NKAPD1","ENST00000531378"
"8096",8322,"ENSG00000174804","FZD4","ENST00000531380"
"8097",4863,"ENSG00000149308","NPAT","ENST00000531384"
"8098",23086,"ENSG00000110723","EXPH5","ENST00000531386"
"8099",57571,"ENSG00000172508","CARNS1","ENST00000531388"
"8100",81796,"ENSG00000137571","SLCO5A1","ENST00000531422"
"8101",90990,"ENSG00000167702","KIFC2","ENST00000531423"
"8102",56980,"ENSG00000170325","PRDM10","ENST00000531431"
"8103",81544,"ENSG00000158555","GDPD5","ENST00000531441"
"8104",219539,"ENSG00000166793","YPEL4","ENST00000531442"
"8105",114569,"ENSG00000147676","MAL2","ENST00000531508"
"8106",27087,"ENSG00000109956","B3GAT1","ENST00000531510"
"8107",11098,"ENSG00000150687","PRSS23","ENST00000531521"
"8108",54806,"ENSG00000135541","AHI1","ENST00000531527"
"8109",83540,"ENSG00000143228","NUF2","ENST00000531529"
"8110",60626,"ENSG00000177963","RIC8A","ENST00000531541"
"8111",148213,"ENSG00000196172","ZNF681","ENST00000531570"
"8112",26011,"ENSG00000149256","TENM4","ENST00000531583"
"8113",1111,"ENSG00000149554","CHEK1","ENST00000531607"
"8114",399979,"ENSG00000120451","SNX19","ENST00000531608"
"8115",51035,"ENSG00000162191","UBXN1","ENST00000531625"
"8116",57082,"ENSG00000137812","KNL1","ENST00000531626"
"8117",8500,"ENSG00000131626","PPFIA1","ENST00000531657"
"8118",80745,"ENSG00000138050","THUMPD2","ENST00000531687"
"8119",112936,"ENSG00000151502","VPS26B","ENST00000531741"
"8120",11095,"ENSG00000134917","ADAMTS8","ENST00000531752"
"8121",6199,"ENSG00000175634","RPS6KB2","ENST00000531765"
"8122",6132,"ENSG00000161016","RPL8","ENST00000531767"
"8123",10542,"ENSG00000134248","LAMTOR5","ENST00000531779"
"8124",56946,"ENSG00000158636","EMSY","ENST00000531793"
"8125",54948,"ENSG00000166902","MRPL16","ENST00000531802"
"8126",79647,"ENSG00000174574","AKIRIN1","ENST00000531822"
"8127",8065,"ENSG00000166266","CUL5","ENST00000531843"
"8128",9698,"ENSG00000134644","PUM1","ENST00000531867"
"8129",5612,"ENSG00000137492","THAP12","ENST00000531878"
"8130",27345,"ENSG00000135643","KCNMB4","ENST00000531884"
"8131",219988,"ENSG00000166889","PATL1","ENST00000531919"
"8132",254263,"ENSG00000174871","CNIH2","ENST00000531936"
"8133",5494,"ENSG00000100614","PPM1A","ENST00000531937"
"8134",23513,"ENSG00000180900","SCRIB","ENST00000531942"
"8135",5977,"ENSG00000133884","DPF2","ENST00000531989"
"8136",22827,"ENSG00000179950","PUF60","ENST00000531995"
"8137",322,"ENSG00000166313","APBB1","ENST00000532020"
"8138",203859,"ENSG00000171714","ANO5","ENST00000532043"
"8139",51092,"ENSG00000149577","SIDT2","ENST00000532062"
"8140",54765,"ENSG00000166326","TRIM44","ENST00000532066"
"8141",57562,"ENSG00000110318","CEP126","ENST00000532077"
"8142",91056,"ENSG00000254470","AP5B1","ENST00000532090"
"8143",55145,"ENSG00000131931","THAP1","ENST00000532093"
"8144",56851,"ENSG00000134153","EMC7","ENST00000532113"
"8145",55599,"ENSG00000185946","RNPC3","ENST00000532117"
"8146",6330,"ENSG00000177098","SCN4B","ENST00000532138"
"8147",7481,"ENSG00000085741","WNT11","ENST00000532150"
"8148",79696,"ENSG00000119703","ZC2HC1C","ENST00000532198"
"8149",6888,"ENSG00000177156","TALDO1","ENST00000532202"
"8150",63875,"ENSG00000158042","MRPL17","ENST00000532203"
"8151",9219,"ENSG00000149480","MTA2","ENST00000532239"
"8152",4925,"ENSG00000070081","NUCB2","ENST00000532240"
"8153",728741,"ENSG00000198156","NPIPB6","ENST00000532254"
"8154",29015,"ENSG00000134802","SLC43A3","ENST00000532278"
"8155",11191,"ENSG00000293199","PTENP1","ENST00000532280"
"8156",283254,"ENSG00000180423","HARBI1","ENST00000532281"
"8157",57410,"ENSG00000142186","SCYL1","ENST00000532290"
"8158",7702,"ENSG00000166478","ZNF143","ENST00000532305"
"8159",6881,"ENSG00000166337","TAF10","ENST00000532344"
"8160",5339,"ENSG00000178209","PLEC","ENST00000532346"
"8161",9646,"ENSG00000198730","CTR9","ENST00000532365"
"8162",6609,"ENSG00000166311","SMPD1","ENST00000532367"
"8163",55298,"ENSG00000137522","RNF121","ENST00000532379"
"8164",4928,"ENSG00000110713","NUP98","ENST00000532475"
"8165",8986,"ENSG00000162302","RPS6KA4","ENST00000532496"
"8166",84188,"ENSG00000197601","FAR1","ENST00000532502"
"8167",79716,"ENSG00000215440","NPEPL1","ENST00000532531"
"8168",57661,"ENSG00000070047","PHRF1","ENST00000532550"
"8169",29984,"ENSG00000173156","RHOD","ENST00000532559"
"8170",51071,"ENSG00000023697","DERA","ENST00000532573"
"8171",55572,"ENSG00000110074","FOXRED1","ENST00000532590"
"8172",143425,"ENSG00000170743","SYT9","ENST00000532592"
"8173",84875,"ENSG00000178685","PARP10","ENST00000532660"
"8174",126969,"ENSG00000143036","SLC44A3","ENST00000532670"
"8175",740,"ENSG00000149792","MRPL49","ENST00000532671"
"8176",83875,"ENSG00000197580","BCO2","ENST00000532673"
"8177",10003,"ENSG00000077616","NAALAD2","ENST00000532691"
"8178",23258,"ENSG00000184014","DENND5A","ENST00000532696"
"8179",81611,"ENSG00000143401","ANP32E","ENST00000532744"
"8180",84067,"ENSG00000051009","FHIP1B","ENST00000532797"
"8181",9658,"ENSG00000101493","ZNF516","ENST00000532857"
"8182",25988,"ENSG00000172273","HINFP","ENST00000532860"
"8183",1307,"ENSG00000084636","COL16A1","ENST00000532877"
"8184",24147,"ENSG00000179431","FJX1","ENST00000532914"
"8185",8525,"ENSG00000149091","DGKZ","ENST00000532941"
"8186",10714,"ENSG00000077514","POLD3","ENST00000532954"
"8187",1937,"ENSG00000254772","EEF1G","ENST00000532986"
"8188",81789,"ENSG00000164296","TIGD6","ENST00000532987"
"8189",6536,"ENSG00000196517","SLC6A9","ENST00000533007"
"8190",55128,"ENSG00000167333","TRIM68","ENST00000533021"
"8191",55761,"ENSG00000052841","TTC17","ENST00000533072"
"8192",684,"ENSG00000130303","BST2","ENST00000533098"
"8193",8934,"ENSG00000117280","RAB29","ENST00000533111"
"8194",55362,"ENSG00000137216","TMEM63B","ENST00000533121"
"8195",55326,"ENSG00000155189","AGPAT5","ENST00000533159"
"8196",219899,"ENSG00000154114","TBCEL","ENST00000533169"
"8197",81858,"ENSG00000179526","SHARPIN","ENST00000533184"
"8198",3665,"ENSG00000185507","IRF7","ENST00000533190"
"8199",391,"ENSG00000177105","RHOG","ENST00000533217"
"8200",6446,"ENSG00000118515","SGK1","ENST00000533224"
"8201",4684,"ENSG00000149294","NCAM1","ENST00000533226"
"8202",254122,"ENSG00000172803","SNX32","ENST00000533236"
"8203",4738,"ENSG00000129559","NEDD8","ENST00000533242"
"8204",408,"ENSG00000137486","ARRB1","ENST00000533255"
"8205",8501,"ENSG00000149150","SLC43A1","ENST00000533263"
"8206",28991,"ENSG00000170619","COMMD5","ENST00000533270"
"8207",89944,"ENSG00000149328","GLB1L2","ENST00000533324"
"8208",84376,"ENSG00000168172","HOOK3","ENST00000533338"
"8209",2907,"ENSG00000178719","GRINA","ENST00000533377"
"8210",26515,"ENSG00000132286","TIMM10B","ENST00000533379"
"8211",55742,"ENSG00000197702","PARVA","ENST00000533392"
"8212",10435,"ENSG00000149798","CDC42EP2","ENST00000533419"
"8213",22897,"ENSG00000110274","CEP164","ENST00000533433"
"8214",23529,"ENSG00000175505","CLCF1","ENST00000533438"
"8215",120534,"ENSG00000152219","ARL14EP","ENST00000533457"
"8216",9854,"ENSG00000172375","C2CD2L","ENST00000533458"
"8217",6169,"ENSG00000172809","RPL38","ENST00000533498"
"8218",85002,"ENSG00000186523","FAM86B1","ENST00000533513"
"8219",9869,"ENSG00000143379","SETDB1","ENST00000533529"
"8220",4076,"ENSG00000135387","CAPRIN1","ENST00000533562"
"8221",79570,"ENSG00000084628","NKAIN1","ENST00000533581"
"8222",10524,"ENSG00000172977","KAT5","ENST00000533596"
"8223",38,"ENSG00000075239","ACAT1","ENST00000533597"
"8224",3762,"ENSG00000120457","KCNJ5","ENST00000533599"
"8225",4013,"ENSG00000110002","VWA5A","ENST00000533623"
"8226",144453,"ENSG00000127325","BEST3","ENST00000533674"
"8227",5049,"ENSG00000168092","PAFAH1B2","ENST00000533677"
"8228",84447,"ENSG00000162298","SYVN1","ENST00000533685"
"8229",83700,"ENSG00000166086","JAM3","ENST00000533711"
"8230",440026,"ENSG00000166471","TMEM41B","ENST00000533723"
"8231",26973,"ENSG00000110172","CHORDC1","ENST00000533739"
"8232",5888,"ENSG00000051180","RAD51","ENST00000533741"
"8233",220042,"ENSG00000165490","DDIAS","ENST00000533750"
"8234",675,"ENSG00000139618","BRCA2","ENST00000533776"
"8235",338657,"ENSG00000186166","CENATAC","ENST00000533787"
"8236",84769,"ENSG00000254858","MPV17L2","ENST00000533807"
"8237",7812,"ENSG00000009307","CSDE1","ENST00000533818"
"8238",10629,"ENSG00000162227","TAF6L","ENST00000533823"
"8239",6484,"ENSG00000110080","ST3GAL4","ENST00000533826"
"8240",91408,"ENSG00000134717","BTF3L4","ENST00000533836"
"8241",7070,"ENSG00000154096","THY1","ENST00000533840"
"8242",79029,"ENSG00000171763","AFG2B","ENST00000533841"
"8243",23235,"ENSG00000170145","SIK2","ENST00000533868"
"8244",84792,"ENSG00000178397","FAM220A","ENST00000533877"
"8245",84456,"ENSG00000198945","L3MBTL3","ENST00000533890"
"8246",6547,"ENSG00000100678","SLC8A3","ENST00000533899"
"8247",10553,"ENSG00000109854","HTATIP2","ENST00000533914"
"8248",100506211,"ENSG00000247095","MIR210HG","ENST00000533920"
"8249",196294,"ENSG00000148950","IMMP1L","ENST00000533921"
"8250",2017,"ENSG00000085733","CTTN","ENST00000533931"
"8251",51008,"ENSG00000138303","ASCC1","ENST00000533958"
"8252",55657,"ENSG00000171163","ZNF692","ENST00000533976"
"8253",143570,"ENSG00000166435","XRRA1","ENST00000533990"
"8254",55829,"ENSG00000131871","SELENOS","ENST00000534014"
"8255",64837,"ENSG00000174996","KLC2","ENST00000534023"
"8256",23046,"ENSG00000116852","KIF21B","ENST00000534043"
"8257",254552,"ENSG00000167799","NUDT8","ENST00000534054"
"8258",8733,"ENSG00000197858","GPAA1","ENST00000534072"
"8259",79048,"ENSG00000187742","SECISBP2","ENST00000534113"
"8260",329,"ENSG00000110330","BIRC2","ENST00000534130"
"8261",60496,"ENSG00000149313","AASDHPPT","ENST00000534152"
"8262",372,"ENSG00000095139","ARCN1","ENST00000534182"
"8263",5091,"ENSG00000173599","PC","ENST00000534194"
"8264",1662,"ENSG00000178105","DDX10","ENST00000534221"
"8265",8061,"ENSG00000175592","FOSL1","ENST00000534222"
"8266",55531,"ENSG00000110675","ELMOD1","ENST00000534236"
"8267",55709,"ENSG00000123444","KBTBD4","ENST00000534239"
"8268",1982,"ENSG00000110321","EIF4G2","ENST00000534246"
"8269",22882,"ENSG00000178764","ZHX2","ENST00000534247"
"8270",51236,"ENSG00000235173","HGH1","ENST00000534255"
"8271",10114,"ENSG00000110422","HIPK3","ENST00000534262"
"8272",9401,"ENSG00000160957","RECQL4","ENST00000534270"
"8273",5970,"ENSG00000173039","RELA","ENST00000534283"
"8274",57758,"ENSG00000175356","SCUBE2","ENST00000534295"
"8275",493900,"ENSG00000254860","TMEM9B-AS1","ENST00000534349"
"8276",4723,"ENSG00000167792","NDUFV1","ENST00000534352"
"8277",79864,"ENSG00000109944","JHY","ENST00000534362"
"8278",92285,"ENSG00000245680","ZNF585B","ENST00000534363"
"8279",4676,"ENSG00000205531","NAP1L4","ENST00000534372"
"8280",10897,"ENSG00000174851","YIF1A","ENST00000534374"
"8281",2542,"ENSG00000137700","SLC37A4","ENST00000534384"
"8282",64137,"ENSG00000172350","ABCG4","ENST00000534402"
"8283",4038,"ENSG00000134569","LRP4","ENST00000534404"
"8284",23193,"ENSG00000089597","GANAB","ENST00000534419"
"8285",113655,"ENSG00000167700","MFSD3","ENST00000534427"
"8286",80778,"ENSG00000196378","ZNF34","ENST00000534445"
"8287",4595,"ENSG00000132781","MUTYH","ENST00000534453"
"8288",84823,"ENSG00000176619","LMNB2","ENST00000534495"
"8289",55226,"ENSG00000135372","NAT10","ENST00000534509"
"8290",54904,"ENSG00000147548","NSD3","ENST00000534539"
"8291",8495,"ENSG00000166387","PPFIBP2","ENST00000534552"
"8292",23075,"ENSG00000133789","SWAP70","ENST00000534562"
"8293",8814,"ENSG00000100490","CDKL1","ENST00000534566"
"8294",93035,"ENSG00000205038","PKHD1L1","ENST00000534623"
"8295",10825,"ENSG00000162139","NEU3","ENST00000534628"
"8296",9986,"ENSG00000173653","RCE1","ENST00000534645"
"8297",10038,"ENSG00000129484","PARP2","ENST00000534664"
"8298",219541,"ENSG00000156603","MED19","ENST00000534677"
"8299",3611,"ENSG00000166333","ILK","ENST00000534706"
"8300",6786,"ENSG00000167323","STIM1","ENST00000534707"
"8301",257160,"ENSG00000167257","RNF214","ENST00000534709"
"8302",847,"ENSG00000121691","CAT","ENST00000534710"
"8303",26229,"ENSG00000149541","B3GAT3","ENST00000534715"
"8304",220323,"ENSG00000184232","OAF","ENST00000534735"
"8305",10992,"ENSG00000087365","SF3B2","ENST00000534765"
"8306",338707,"ENSG00000182272","B4GALNT4","ENST00000534778"
"8307",25891,"ENSG00000149090","PAMR1","ENST00000534803"
"8308",84232,"ENSG00000179632","MAF1","ENST00000534811"
"8309",9846,"ENSG00000033327","GAB2","ENST00000534823"
"8310",3371,"ENSG00000041982","TNC","ENST00000534839"
"8311",3430,"ENSG00000068079","IFI35","ENST00000534876"
"8312",5744,"ENSG00000087494","PTHLH","ENST00000534890"
"8313",84186,"ENSG00000147905","ZCCHC7","ENST00000534928"
"8314",84304,"ENSG00000149761","NUDT22","ENST00000534929"
"8315",8623,"ENSG00000169093","ASMTL","ENST00000534940"
"8316",285315,"ENSG00000174928","C3orf33","ENST00000534941"
"8317",55022,"ENSG00000153823","PID1","ENST00000534952"
"8318",2026,"ENSG00000111674","ENO2","ENST00000534977"
"8319",9735,"ENSG00000184445","KNTC1","ENST00000534995"
"8320",57102,"ENSG00000047621","C12orf4","ENST00000535030"
"8321",7162,"ENSG00000146242","TPBG","ENST00000535040"
"8322",7251,"ENSG00000074319","TSG101","ENST00000535077"
"8323",3945,"ENSG00000111716","LDHB","ENST00000535112"
"8324",220002,"ENSG00000162144","CYB561A3","ENST00000535152"
"8325",57120,"ENSG00000047932","GOPC","ENST00000535237"
"8326",121260,"ENSG00000139370","SLC15A4","ENST00000535272"
"8327",55248,"ENSG00000065600","PACC1","ENST00000535273"
"8328",9847,"ENSG00000111731","C2CD5","ENST00000535304"
"8329",2237,"ENSG00000168496","FEN1","ENST00000535307"
"8330",8462,"ENSG00000172059","KLF11","ENST00000535335"
"8331",90806,"ENSG00000174606","ANGEL2","ENST00000535388"
"8332",283358,"ENSG00000139044","B4GALNT3","ENST00000535402"
"8333",9761,"ENSG00000110917","MLEC","ENST00000535413"
"8334",2135,"ENSG00000162694","EXTL2","ENST00000535414"
"8335",1871,"ENSG00000112242","E2F3","ENST00000535432"
"8336",54972,"ENSG00000006118","TMEM132A","ENST00000535480"
"8337",8082,"ENSG00000123096","SSPN","ENST00000535504"
"8338",2086,"ENSG00000213462","ERV3-1","ENST00000535538"
"8339",100,"ENSG00000196839","ADA","ENST00000535573"
"8340",27336,"ENSG00000102241","HTATSF1","ENST00000535601"
"8341",1622,"ENSG00000155368","DBI","ENST00000535617"
"8342",5883,"ENSG00000172613","RAD9A","ENST00000535644"
"8343",55035,"ENSG00000198000","NOL8","ENST00000535649"
"8344",160777,"ENSG00000183273","CCDC60","ENST00000535685"
"8345",9456,"ENSG00000152413","HOMER1","ENST00000535690"
"8346",641649,"ENSG00000142046","TMEM91","ENST00000535712"
"8347",23426,"ENSG00000155974","GRIP1","ENST00000535721"
"8348",51202,"ENSG00000213782","DDX47","ENST00000535722"
"8349",55729,"ENSG00000171681","ATF7IP","ENST00000535738"
"8350",25923,"ENSG00000184743","ATL3","ENST00000535789"
"8351",8099,"ENSG00000111328","CDK2AP1","ENST00000535796"
"8352",55010,"ENSG00000185480","PARPBP","ENST00000535811"
"8353",51643,"ENSG00000155957","TMBIM4","ENST00000535812"
"8354",54881,"ENSG00000136891","TEX10","ENST00000535814"
"8355",55048,"ENSG00000167987","VPS37C","ENST00000535818"
"8356",144097,"ENSG00000168005","SPINDOC","ENST00000535820"
"8357",196513,"ENSG00000151065","DCP1B","ENST00000535873"
"8358",114795,"ENSG00000139364","TMEM132B","ENST00000535886"
"8359",80227,"ENSG00000175575","PAAF1","ENST00000535936"
"8360",9562,"ENSG00000107789","MINPP1","ENST00000536010"
"8361",90550,"ENSG00000156026","MCU","ENST00000536019"
"8362",7745,"ENSG00000198315","ZKSCAN8","ENST00000536028"
"8363",148137,"ENSG00000167595","PROSER3","ENST00000536037"
"8364",94240,"ENSG00000133106","EPSTI1","ENST00000536042"
"8365",7761,"ENSG00000149050","ZNF214","ENST00000536068"
"8366",51329,"ENSG00000182196","ARL6IP4","ENST00000536073"
"8367",715,"ENSG00000159403","C1R","ENST00000536092"
"8368",4361,"ENSG00000020922","MRE11","ENST00000536144"
"8369",10370,"ENSG00000164442","CITED2","ENST00000536159"
"8370",80233,"ENSG00000185504","FAAP100","ENST00000536161"
"8371",80824,"ENSG00000111266","DUSP16","ENST00000536236"
"8372",5331,"ENSG00000149782","PLCB3","ENST00000536243"
"8373",222658,"ENSG00000112078","KCTD20","ENST00000536244"
"8374",9749,"ENSG00000112419","PHACTR2","ENST00000536245"
"8375",8079,"ENSG00000089693","MLF2","ENST00000536249"
"8376",8625,"ENSG00000064490","RFXANK","ENST00000536253"
"8377",158405,"ENSG00000165185","KIAA1958","ENST00000536272"
"8378",56834,"ENSG00000173264","GPR137","ENST00000536282"
"8379",377,"ENSG00000134287","ARF3","ENST00000536283"
"8380",9833,"ENSG00000165304","MELK","ENST00000536329"
"8381",347735,"ENSG00000168528","SERINC2","ENST00000536384"
"8382",51228,"ENSG00000139433","GLTP","ENST00000536390"
"8383",6996,"ENSG00000139372","TDG","ENST00000536395"
"8384",6416,"ENSG00000065559","MAP2K4","ENST00000536413"
"8385",79676,"ENSG00000111325","OGFOD2","ENST00000536439"
"8386",5138,"ENSG00000186642","PDE2A","ENST00000536458"
"8387",196500,"ENSG00000139200","PIANP","ENST00000536467"
"8388",5870,"ENSG00000175582","RAB6A","ENST00000536566"
"8389",3709,"ENSG00000123104","ITPR2","ENST00000536627"
"8390",219927,"ENSG00000197345","MRPL21","ENST00000536637"
"8391",10163,"ENSG00000158195","WASF2","ENST00000536657"
"8392",10615,"ENSG00000076382","SPAG5","ENST00000536674"
"8393",126282,"ENSG00000185361","TNFAIP8L1","ENST00000536716"
"8394",23705,"ENSG00000182985","CADM1","ENST00000536781"
"8395",58516,"ENSG00000139146","SINHCAF","ENST00000536836"
"8396",92797,"ENSG00000127311","HELB","ENST00000536862"
"8397",51019,"ENSG00000120860","WASHC3","ENST00000536930"
"8398",50865,"ENSG00000013583","HEBP1","ENST00000536942"
"8399",55611,"ENSG00000167770","OTUB1","ENST00000536943"
"8400",5564,"ENSG00000111725","PRKAB1","ENST00000537057"
"8401",105376752,"ENSG00000183426","NPIPA1","ENST00000537062"
"8402",7556,"ENSG00000256223","ZNF10","ENST00000537119"
"8403",51566,"ENSG00000102401","ARMCX3","ENST00000537169"
"8404",79602,"ENSG00000006831","ADIPOR2","ENST00000537190"
"8405",154810,"ENSG00000166025","AMOTL1","ENST00000537191"
"8406",326625,"ENSG00000139428","MMAB","ENST00000537236"
"8407",57103,"ENSG00000078237","TIGAR","ENST00000537251"
"8408",9972,"ENSG00000124789","NUP153","ENST00000537253"
"8409",32,"ENSG00000076555","ACACB","ENST00000537279"
"8410",84318,"ENSG00000120647","CCDC77","ENST00000537286"
"8411",9026,"ENSG00000130787","HIP1R","ENST00000537322"
"8412",55726,"ENSG00000064102","INTS13","ENST00000537336"
"8413",100874249,"ENSG00000255867","DENND5B-AS1","ENST00000537346"
"8414",92241,"ENSG00000198771","RCSD1","ENST00000537350"
"8415",221687,"ENSG00000180537","RNF182","ENST00000537388"
"8416",4815,"ENSG00000171840","NINJ2","ENST00000537416"
"8417",143689,"ENSG00000134627","PIWIL4","ENST00000537419"
"8418",55721,"ENSG00000160051","IQCC","ENST00000537469"
"8419",143686,"ENSG00000149212","SESN3","ENST00000537480"
"8420",1822,"ENSG00000111676","ATN1","ENST00000537488"
"8421",5777,"ENSG00000111679","PTPN6","ENST00000537533"
"8422",286144,"ENSG00000205133","TRIQK","ENST00000537541"
"8423",7343,"ENSG00000108312","UBTF","ENST00000537550"
"8424",79674,"ENSG00000197415","VEPH1","ENST00000537559"
"8425",131870,"ENSG00000198585","NUDT16","ENST00000537561"
"8426",51287,"ENSG00000181924","COA4","ENST00000537581"
"8427",6433,"ENSG00000061936","SFSWAP","ENST00000537582"
"8428",27147,"ENSG00000146966","DENND2A","ENST00000537639"
"8429",55907,"ENSG00000111726","CMAS","ENST00000537658"
"8430",22800,"ENSG00000133818","RRAS2","ENST00000537760"
"8431",84957,"ENSG00000054967","RELT","ENST00000537771"
"8432",57666,"ENSG00000112787","FBRSL1","ENST00000537804"
"8433",26230,"ENSG00000146426","TIAM2","ENST00000537845"
"8434",7373,"ENSG00000187955","COL14A1","ENST00000537875"
"8435",8799,"ENSG00000131779","PEX11B","ENST00000537888"
"8436",23409,"ENSG00000089163","SIRT4","ENST00000537892"
"8437",3764,"ENSG00000121361","KCNJ8","ENST00000537950"
"8438",8562,"ENSG00000139726","DENR","ENST00000537955"
"8439",6345,"ENSG00000185739","SRL","ENST00000537996"
"8440",144404,"ENSG00000188735","TMEM120B","ENST00000538055"
"8441",5763,"ENSG00000159335","PTMS","ENST00000538057"
"8442",54663,"ENSG00000133316","WDR74","ENST00000538098"
"8443",11275,"ENSG00000109466","KLHL2","ENST00000538127"
"8444",10179,"ENSG00000076053","RBM7","ENST00000538134"
"8445",9702,"ENSG00000166037","CEP57","ENST00000538158"
"8446",114327,"ENSG00000096093","EFHC1","ENST00000538167"
"8447",26127,"ENSG00000111790","FGFR1OP2","ENST00000538172"
"8448",23479,"ENSG00000136003","ISCU","ENST00000538193"
"8449",9183,"ENSG00000086827","ZW10","ENST00000538209"
"8450",100499405,"ENSG00000237248","LINC00987","ENST00000538219"
"8451",8406,"ENSG00000101955","SRPX","ENST00000538295"
"8452",10019,"ENSG00000111252","SH2B3","ENST00000538307"
"8453",143684,"ENSG00000077458","FAM76B","ENST00000538316"
"8454",338799,"ENSG00000212694","LINC01089","ENST00000538335"
"8455",10526,"ENSG00000133704","IPO8","ENST00000538338"
"8456",7132,"ENSG00000067182","TNFRSF1A","ENST00000538363"
"8457",22920,"ENSG00000075945","KIFAP3","ENST00000538366"
"8458",83892,"ENSG00000110906","KCTD10","ENST00000538377"
"8459",254013,"ENSG00000139160","ETFBKMT","ENST00000538391"
"8460",57631,"ENSG00000130224","LRCH2","ENST00000538422"
"8461",3939,"ENSG00000134333","LDHA","ENST00000538451"
"8462",57799,"ENSG00000197562","RAB40C","ENST00000538492"
"8463",55596,"ENSG00000033030","ZCCHC8","ENST00000538493"
"8464",54851,"ENSG00000168876","ANKRD49","ENST00000538535"
"8465",80194,"ENSG00000172663","TMEM134","ENST00000538561"
"8466",220001,"ENSG00000167992","VWCE","ENST00000538579"
"8467",28992,"ENSG00000133315","MACROD1","ENST00000538595"
"8468",79912,"ENSG00000121350","PYROXD1","ENST00000538615"
"8469",678655,"ENSG00000215039","CD27-AS1","ENST00000538616"
"8470",177,"ENSG00000204305","AGER","ENST00000538695"
"8471",7289,"ENSG00000078246","TULP3","ENST00000538704"
"8472",79050,"ENSG00000184967","NOC4L","ENST00000538784"
"8473",54916,"ENSG00000070269","TMEM260","ENST00000538838"
"8474",8659,"ENSG00000159423","ALDH4A1","ENST00000538839"
"8475",440345,"ENSG00000185864","NPIPB4","ENST00000538859"
"8476",118,"ENSG00000087274","ADD1","ENST00000538860"
"8477",8732,"ENSG00000111880","RNGTT","ENST00000538899"
"8478",6660,"ENSG00000134532","SOX5","ENST00000538905"
"8479",10162,"ENSG00000111684","LPCAT3","ENST00000538910"
"8480",2040,"ENSG00000148175","STOM","ENST00000538954"
"8481",23398,"ENSG00000113593","PPWD1","ENST00000538977"
"8482",196385,"ENSG00000197653","DNAH10","ENST00000538983"
"8483",51400,"ENSG00000214517","PPME1","ENST00000539021"
"8484",10924,"ENSG00000172594","SMPDL3A","ENST00000539041"
"8485",3145,"ENSG00000256269","HMBS","ENST00000539045"
"8486",6843,"ENSG00000139190","VAMP1","ENST00000539047"
"8487",64844,"ENSG00000136536","MARCHF7","ENST00000539065"
"8488",6249,"ENSG00000130779","CLIP1","ENST00000539080"
"8489",10072,"ENSG00000254986","DPP3","ENST00000539085"
"8490",2321,"ENSG00000102755","FLT1","ENST00000539099"
"8491",55810,"ENSG00000065970","FOXJ2","ENST00000539192"
"8492",10436,"ENSG00000126749","EMG1","ENST00000539196"
"8493",4942,"ENSG00000065154","OAT","ENST00000539214"
"8494",688,"ENSG00000102554","KLF5","ENST00000539231"
"8495",8412,"ENSG00000137936","BCAR3","ENST00000539242"
"8496",7351,"ENSG00000175567","UCP2","ENST00000539330"
"8497",5426,"ENSG00000177084","POLE","ENST00000539357"
"8498",624,"ENSG00000168398","BDKRB2","ENST00000539359"
"8499",745,"ENSG00000124920","MYRF","ENST00000539361"
"8500",27246,"ENSG00000265491","RNF115","ENST00000539368"
"8501",25906,"ENSG00000110200","ANAPC15","ENST00000539395"
"8502",51768,"ENSG00000064115","TM7SF3","ENST00000539399"
"8503",283431,"ENSG00000139354","GAS2L3","ENST00000539410"
"8504",2967,"ENSG00000111358","GTF2H3","ENST00000539429"
"8505",51776,"ENSG00000091436","MAP3K20","ENST00000539448"
"8506",84816,"ENSG00000130347","RTN4IP1","ENST00000539449"
"8507",5901,"ENSG00000132341","RAN","ENST00000539498"
"8508",4898,"ENSG00000078618","NRDC","ENST00000539524"
"8509",1657,"ENSG00000172869","DMXL1","ENST00000539542"
"8510",11228,"ENSG00000123094","RASSF8","ENST00000539545"
"8511",4216,"ENSG00000085511","MAP3K4","ENST00000539610"
"8512",84747,"ENSG00000175970","UNC119B","ENST00000539658"
"8513",8091,"ENSG00000149948","HMGA2","ENST00000539662"
"8514",9865,"ENSG00000255690","TRIL","ENST00000539664"
"8515",5965,"ENSG00000004700","RECQL","ENST00000539672"
"8516",55313,"ENSG00000103381","CPPED1","ENST00000539677"
"8517",126382,"ENSG00000184162","NR2C2AP","ENST00000539678"
"8518",4319,"ENSG00000166670","MMP10","ENST00000539681"
"8519",6235,"ENSG00000213741","RPS29","ENST00000539688"
"8520",1663,"ENSG00000013573","DDX11","ENST00000539702"
"8521",51367,"ENSG00000167272","POP5","ENST00000539716"
"8522",100289635,"ENSG00000196458","ZNF605","ENST00000539809"
"8523",51504,"ENSG00000173113","TRMT112","ENST00000539854"
"8524",9918,"ENSG00000010292","NCAPD2","ENST00000539885"
"8525",11171,"ENSG00000023734","STRAP","ENST00000539887"
"8526",6646,"ENSG00000057252","SOAT1","ENST00000539888"
"8527",10574,"ENSG00000135624","CCT7","ENST00000539919"
"8528",51279,"ENSG00000139178","C1RL","ENST00000539927"
"8529",54621,"ENSG00000176834","VSIG10","ENST00000539956"
"8530",7185,"ENSG00000056558","TRAF1","ENST00000540010"
"8531",284352,"ENSG00000104866","PPP1R37","ENST00000540059"
"8532",8076,"ENSG00000197614","MFAP5","ENST00000540087"
"8533",283349,"ENSG00000153179","RASSF3","ENST00000540088"
"8534",121665,"ENSG00000157837","SPPL3","ENST00000540091"
"8535",28970,"ENSG00000182919","C11orf54","ENST00000540113"
"8536",9052,"ENSG00000013588","GPRC5A","ENST00000540125"
"8537",221092,"ENSG00000214753","HNRNPUL2","ENST00000540127"
"8538",283383,"ENSG00000111452","ADGRD1","ENST00000540207"
"8539",124565,"ENSG00000157637","SLC38A10","ENST00000540233"
"8540",4751,"ENSG00000117650","NEK2","ENST00000540251"
"8541",8496,"ENSG00000110841","PPFIBP1","ENST00000540256"
"8542",5236,"ENSG00000079739","PGM1","ENST00000540265"
"8543",203447,"ENSG00000123572","NRK","ENST00000540278"
"8544",79073,"ENSG00000110108","TMEM109","ENST00000540280"
"8545",57542,"ENSG00000087448","KLHL42","ENST00000540301"
"8546",57529,"ENSG00000243978","RTL9","ENST00000540313"
"8547",55762,"ENSG00000167562","ZNF701","ENST00000540331"
"8548",1495,"ENSG00000044115","CTNNA1","ENST00000540387"
"8549",7764,"ENSG00000171940","ZNF217","ENST00000540425"
"8550",746,"ENSG00000134825","TMEM258","ENST00000540434"
"8551",84700,"ENSG00000133454","MYO18B","ENST00000540454"
"8552",57613,"ENSG00000084444","FAM234B","ENST00000540455"
"8553",83707,"ENSG00000149743","TRPT1","ENST00000540472"
"8554",2766,"ENSG00000137198","GMPR","ENST00000540478"
"8555",144348,"ENSG00000179195","ZNF664","ENST00000540498"
"8556",3418,"ENSG00000182054","IDH2","ENST00000540499"
"8557",113246,"ENSG00000111678","C12orf57","ENST00000540506"
"8558",1894,"ENSG00000114346","ECT2","ENST00000540509"
"8559",8408,"ENSG00000177169","ULK1","ENST00000540568"
"8560",79887,"ENSG00000121316","PLBD1","ENST00000540572"
"8561",10809,"ENSG00000214530","STARD10","ENST00000540587"
"8562",93436,"ENSG00000105676","ARMC6","ENST00000540634"
"8563",9814,"ENSG00000198089","SFI1","ENST00000540643"
"8564",4704,"ENSG00000139180","NDUFA9","ENST00000540688"
"8565",747,"ENSG00000134780","DAGLA","ENST00000540717"
"8566",8531,"ENSG00000060138","YBX3","ENST00000540747"
"8567",10520,"ENSG00000121417","ZNF211","ENST00000540780"
"8568",11069,"ENSG00000091428","RAPGEF4","ENST00000540783"
"8569",11021,"ENSG00000111737","RAB35","ENST00000540803"
"8570",1911,"ENSG00000111752","PHC1","ENST00000540809"
"8571",201292,"ENSG00000141569","TRIM65","ENST00000540812"
"8572",5591,"ENSG00000253729","PRKDC","ENST00000540819"
"8573",1950,"ENSG00000138798","EGF","ENST00000540840"
"8574",30846,"ENSG00000024422","EHD2","ENST00000540884"
"8575",65125,"ENSG00000060237","WNK1","ENST00000540885"
"8576",2309,"ENSG00000118689","FOXO3","ENST00000540898"
"8577",23642,"ENSG00000255717","SNHG1","ENST00000540904"
"8578",84460,"ENSG00000166432","ZMAT1","ENST00000540921"
"8579",3338,"ENSG00000110011","DNAJC4","ENST00000540945"
"8580",51258,"ENSG00000111639","MRPL51","ENST00000540949"
"8581",6908,"ENSG00000112592","TBP","ENST00000540980"
"8582",36,"ENSG00000196177","ACADSB","ENST00000541070"
"8583",83541,"ENSG00000125898","FAM110A","ENST00000541082"
"8584",56890,"ENSG00000111554","MDM1","ENST00000541087"
"8585",10672,"ENSG00000120063","GNA13","ENST00000541118"
"8586",10197,"ENSG00000131467","PSME3","ENST00000541124"
"8587",3096,"ENSG00000095951","HIVEP1","ENST00000541134"
"8588",9798,"ENSG00000182149","IST1","ENST00000541180"
"8589",158866,"ENSG00000102383","ZDHHC15","ENST00000541184"
"8590",54997,"ENSG00000088992","TESC","ENST00000541210"
"8591",4908,"ENSG00000185652","NTF3","ENST00000541234"
"8592",57605,"ENSG00000090975","PITPNM2","ENST00000541244"
"8593",51339,"ENSG00000165617","DACT1","ENST00000541264"
"8594",79365,"ENSG00000123095","BHLHE41","ENST00000541271"
"8595",9542,"ENSG00000158458","NRG2","ENST00000541337"
"8596",23514,"ENSG00000164808","SPIDR","ENST00000541342"
"8597",79736,"ENSG00000172171","TEFM","ENST00000541382"
"8598",55004,"ENSG00000149357","LAMTOR1","ENST00000541403"
"8599",116154,"ENSG00000087495","PHACTR3","ENST00000541461"
"8600",51259,"ENSG00000187049","TMEM216","ENST00000541473"
"8601",10631,"ENSG00000133110","POSTN","ENST00000541481"
"8602",53373,"ENSG00000186815","TPCN1","ENST00000541517"
"8603",894,"ENSG00000118971","CCND2","ENST00000541542"
"8604",83605,"ENSG00000136280","CCM2","ENST00000541586"
"8605",140730,"ENSG00000101098","RIMS4","ENST00000541604"
"8606",26267,"ENSG00000147912","FBXO10","ENST00000541607"
"8607",5893,"ENSG00000002016","RAD52","ENST00000541619"
"8608",949,"ENSG00000073060","SCARB1","ENST00000541661"
"8609",7423,"ENSG00000173511","VEGFB","ENST00000541681"
"8610",3992,"ENSG00000149485","FADS1","ENST00000541683"
"8611",6936,"ENSG00000005436","GCFC2","ENST00000541687"
"8612",9444,"ENSG00000112531","QKI","ENST00000541696"
"8613",1821,"ENSG00000102385","DRP2","ENST00000541709"
"8614",9581,"ENSG00000138078","PREPL","ENST00000541738"
"8615",2064,"ENSG00000141736","ERBB2","ENST00000541774"
"8616",8339,"ENSG00000273802","H2BC8","ENST00000541790"
"8617",11260,"ENSG00000184575","XPOT","ENST00000541842"
"8618",5830,"ENSG00000139197","PEX5","ENST00000541850"
"8619",84920,"ENSG00000139133","ALG10","ENST00000541875"
"8620",22862,"ENSG00000102531","FNDC3A","ENST00000541916"
"8621",90378,"ENSG00000141858","SAMD1","ENST00000541938"
"8622",5255,"ENSG00000067177","PHKA1","ENST00000541944"
"8623",286262,"ENSG00000176058","TPRN","ENST00000541945"
"8624",6297,"ENSG00000165821","SALL2","ENST00000541965"
"8625",5908,"ENSG00000127314","RAP1B","ENST00000541968"
"8626",730013,"ENSG00000290943","ABCC6P2","ENST00000542005"
"8627",7448,"ENSG00000109072","VTN","ENST00000542029"
"8628",51514,"ENSG00000143476","DTL","ENST00000542077"
"8629",85019,"ENSG00000134490","TMEM241","ENST00000542162"
"8630",51503,"ENSG00000150316","CWC15","ENST00000542165"
"8631",51026,"ENSG00000111711","GOLT1B","ENST00000542194"
"8632",60488,"ENSG00000061794","MRPS35","ENST00000542199"
"8633",283417,"ENSG00000177990","DPY19L2","ENST00000542209"
"8634",57415,"ENSG00000114405","CEP15","ENST00000542214"
"8635",26472,"ENSG00000173457","PPP1R14B","ENST00000542235"
"8636",116985,"ENSG00000186635","ARAP1","ENST00000542264"
"8637",397,"ENSG00000111348","ARHGDIB","ENST00000542276"
"8638",11331,"ENSG00000215021","PHB2","ENST00000542294"
"8639",27239,"ENSG00000250510","GPR162","ENST00000542330"
"8640",1642,"ENSG00000167986","DDB1","ENST00000542337"
"8641",595,"ENSG00000110092","CCND1","ENST00000542367"
"8642",8078,"ENSG00000111667","USP5","ENST00000542371"
"8643",83714,"ENSG00000053702","NRIP2","ENST00000542386"
"8644",56938,"ENSG00000029153","BMAL2","ENST00000542388"
"8645",7316,"ENSG00000150991","UBC","ENST00000542416"
"8646",22877,"ENSG00000175727","MLXIP","ENST00000542417"
"8647",7576,"ENSG00000198538","ZNF28","ENST00000542421"
"8648",240,"ENSG00000012779","ALOX5","ENST00000542434"
"8649",10345,"ENSG00000186439","TRDN","ENST00000542443"
"8650",89849,"ENSG00000168010","ATG16L2","ENST00000542481"
"8651",8445,"ENSG00000127334","DYRK2","ENST00000542503"
"8652",81570,"ENSG00000162129","CLPB","ENST00000542555"
"8653",9612,"ENSG00000196498","NCOR2","ENST00000542565"
"8654",171017,"ENSG00000126746","ZNF384","ENST00000542605"
"8655",1813,"ENSG00000149295","DRD2","ENST00000542616"
"8656",50813,"ENSG00000111652","COPS7A","ENST00000542630"
"8657",79829,"ENSG00000110583","NAA40","ENST00000542633"
"8658",60481,"ENSG00000012660","ELOVL5","ENST00000542638"
"8659",22821,"ENSG00000185989","RASA3","ENST00000542651"
"8660",51347,"ENSG00000135090","TAOK3","ENST00000542692"
"8661",6710,"ENSG00000070182","SPTB","ENST00000542694"
"8662",2289,"ENSG00000096060","FKBP5","ENST00000542713"
"8663",9113,"ENSG00000131023","LATS1","ENST00000542720"
"8664",373863,"ENSG00000256453","DND1","ENST00000542735"
"8665",55655,"ENSG00000022556","NLRP2","ENST00000542755"
"8666",25976,"ENSG00000163659","TIPARP","ENST00000542783"
"8667",6520,"ENSG00000168003","SLC3A2","ENST00000542793"
"8668",388722,"ENSG00000203724","C1orf53","ENST00000542800"
"8669",23281,"ENSG00000132938","MTUS2","ENST00000542829"
"8670",57522,"ENSG00000196935","SRGAP1","ENST00000542841"
"8671",3987,"ENSG00000169756","LIMS1","ENST00000542845"
"8672",5499,"ENSG00000172531","PPP1CA","ENST00000542876"
"8673",221037,"ENSG00000171988","JMJD1C","ENST00000542921"
"8674",26005,"ENSG00000168014","C2CD3","ENST00000542930"
"8675",135138,"ENSG00000112530","PACRG","ENST00000542936"
"8676",5037,"ENSG00000089220","PEBP1","ENST00000542939"
"8677",1316,"ENSG00000067082","KLF6","ENST00000542957"
"8678",23360,"ENSG00000109920","FNBP4","ENST00000542975"
"8679",10536,"ENSG00000110811","P3H3","ENST00000542976"
"8680",220064,"ENSG00000149716","LTO1","ENST00000543023"
"8681",84166,"ENSG00000140853","NLRC5","ENST00000543049"
"8682",8887,"ENSG00000106052","TAX1BP1","ENST00000543117"
"8683",7637,"ENSG00000198040","ZNF84","ENST00000543124"
"8684",9139,"ENSG00000078699","CBFA2T2","ENST00000543126"
"8685",23085,"ENSG00000082805","ERC1","ENST00000543151"
"8686",5985,"ENSG00000111445","RFC5","ENST00000543153"
"8687",4074,"ENSG00000003056","M6PR","ENST00000543159"
"8688",54949,"ENSG00000167985","SDHAF2","ENST00000543265"
"8689",144699,"ENSG00000171823","FBXL14","ENST00000543278"
"8690",54462,"ENSG00000107771","CCSER2","ENST00000543283"
"8691",51729,"ENSG00000084463","WBP11","ENST00000543316"
"8692",1603,"ENSG00000129562","DAD1","ENST00000543337"
"8693",4973,"ENSG00000173391","OLR1","ENST00000543414"
"8694",4926,"ENSG00000137497","NUMA1","ENST00000543450"
"8695",26750,"ENSG00000136643","RPS6KC1","ENST00000543470"
"8696",5927,"ENSG00000073614","KDM5A","ENST00000543507"
"8697",9828,"ENSG00000110237","ARHGEF17","ENST00000543530"
"8698",10494,"ENSG00000115694","STK25","ENST00000543554"
"8699",79720,"ENSG00000139722","VPS37B","ENST00000543590"
"8700",5638,"ENSG00000130962","PRRG1","ENST00000543642"
"8701",23545,"ENSG00000185344","ATP6V0A2","ENST00000543687"
"8702",57552,"ENSG00000144959","NCEH1","ENST00000543711"
"8703",80324,"ENSG00000177192","PUS1","ENST00000543754"
"8704",55196,"ENSG00000174718","RESF1","ENST00000543763"
"8705",144108,"ENSG00000179119","SPTY2D1","ENST00000543776"
"8706",100288332,"ENSG00000183793","NPIPA5","ENST00000543801"
"8707",144608,"ENSG00000182993","C12orf60","ENST00000543822"
"8708",51524,"ENSG00000149483","TMEM138","ENST00000543833"
"8709",23491,"ENSG00000172828","CES3","ENST00000543856"
"8710",494470,"ENSG00000141622","ARK2C","ENST00000543885"
"8711",10219,"ENSG00000139187","KLRG1","ENST00000543895"
"8712",1967,"ENSG00000111361","EIF2B1","ENST00000543940"
"8713",5784,"ENSG00000152104","PTPN14","ENST00000543945"
"8714",10391,"ENSG00000103647","CORO2B","ENST00000543950"
"8715",57647,"ENSG00000150990","DHX37","ENST00000543962"
"8716",23012,"ENSG00000211455","STK38L","ENST00000543992"
"8717",3760,"ENSG00000162989","KCNJ3","ENST00000544049"
"8718",8798,"ENSG00000010219","DYRK4","ENST00000544050"
"8719",8313,"ENSG00000168646","AXIN2","ENST00000544103"
"8720",948,"ENSG00000135218","CD36","ENST00000544133"
"8721",23117,"ENSG00000169246","NPIPB3","ENST00000544154"
"8722",55884,"ENSG00000176871","WSB2","ENST00000544233"
"8723",11145,"ENSG00000176485","PLAAT3","ENST00000544269"
"8724",572,"ENSG00000002330","BAD","ENST00000544271"
"8725",55250,"ENSG00000134759","ELP2","ENST00000544274"
"8726",6625,"ENSG00000104852","SNRNP70","ENST00000544278"
"8727",58473,"ENSG00000021300","PLEKHB1","ENST00000544282"
"8728",55080,"ENSG00000139192","TAPBPL","ENST00000544289"
"8729",2048,"ENSG00000133216","EPHB2","ENST00000544305"
"8730",5139,"ENSG00000172572","PDE3A","ENST00000544307"
"8731",2288,"ENSG00000004478","FKBP4","ENST00000544366"
"8732",80207,"ENSG00000125741","OPA3","ENST00000544371"
"8733",401505,"ENSG00000175768","TOMM5","ENST00000544379"
"8734",65983,"ENSG00000155324","GRAMD2B","ENST00000544396"
"8735",65095,"ENSG00000129347","KRI1","ENST00000544397"
"8736",10478,"ENSG00000100372","SLC25A17","ENST00000544408"
"8737",220074,"ENSG00000284922","LRTOMT","ENST00000544409"
"8738",113026,"ENSG00000161714","PLCD3","ENST00000544446"
"8739",115294,"ENSG00000168300","PCMTD1","ENST00000544451"
"8740",283848,"ENSG00000172824","CES4A","ENST00000544478"
"8741",10645,"ENSG00000110931","CAMKK2","ENST00000544485"
"8742",25996,"ENSG00000076043","REXO2","ENST00000544507"
"8743",3508,"ENSG00000132740","IGHMBP2","ENST00000544521"
"8744",1993,"ENSG00000107105","ELAVL2","ENST00000544538"
"8745",643236,"ENSG00000187783","TMEM72","ENST00000544540"
"8746",5962,"ENSG00000137710","RDX","ENST00000544551"
"8747",55832,"ENSG00000111530","CAND1","ENST00000544619"
"8748",7004,"ENSG00000197905","TEAD4","ENST00000544666"
"8749",160518,"ENSG00000170456","DENND5B","ENST00000544698"
"8750",54495,"ENSG00000166479","TMX3","ENST00000544714"
"8751",5291,"ENSG00000051382","PIK3CB","ENST00000544716"
"8752",2494,"ENSG00000116833","NR5A2","ENST00000544748"
"8753",57646,"ENSG00000048028","USP28","ENST00000544750"
"8754",5594,"ENSG00000100030","MAPK1","ENST00000544786"
"8755",4607,"ENSG00000134571","MYBPC3","ENST00000544791"
"8756",100093631,"ENSG00000293241","","ENST00000544802"
"8757",80856,"ENSG00000144320","LNPK","ENST00000544803"
"8758",9921,"ENSG00000022840","RNF10","ENST00000544805"
"8759",9024,"ENSG00000174672","BRSK2","ENST00000544817"
"8760",593,"ENSG00000248098","BCKDHA","ENST00000544905"
"8761",55610,"ENSG00000004766","VPS50","ENST00000544910"
"8762",10635,"ENSG00000111247","RAD51AP1","ENST00000544931"
"8763",9412,"ENSG00000152944","MED21","ENST00000544998"
"8764",57175,"ENSG00000172725","CORO1B","ENST00000545016"
"8765",23592,"ENSG00000174106","LEMD3","ENST00000545026"
"8766",2101,"ENSG00000173153","ESRRA","ENST00000545035"
"8767",80212,"ENSG00000119242","CCDC92","ENST00000545037"
"8768",2305,"ENSG00000111206","FOXM1","ENST00000545049"
"8769",101059953,"ENSG00000214940","NPIPA8","ENST00000545050"
"8770",9066,"ENSG00000011347","SYT7","ENST00000545053"
"8771",51157,"ENSG00000213015","ZNF580","ENST00000545125"
"8772",79699,"ENSG00000162378","ZYG11B","ENST00000545132"
"8773",58525,"ENSG00000011451","WIZ","ENST00000545156"
"8774",4837,"ENSG00000166741","NNMT","ENST00000545255"
"8775",1314,"ENSG00000122218","COPA","ENST00000545266"
"8776",2799,"ENSG00000135677","GNS","ENST00000545273"
"8777",203111,"ENSG00000177459","ERICH5","ENST00000545282"
"8778",9354,"ENSG00000110344","UBE4A","ENST00000545354"
"8779",79979,"ENSG00000188917","TRMT2B","ENST00000545398"
"8780",22894,"ENSG00000083520","DIS3","ENST00000545453"
"8781",55846,"ENSG00000111203","ITFG2","ENST00000545509"
"8782",54509,"ENSG00000139725","RHOF","ENST00000545544"
"8783",79080,"ENSG00000110104","CCDC86","ENST00000545580"
"8784",11237,"ENSG00000101236","RNF24","ENST00000545616"
"8785",114801,"ENSG00000164484","TMEM200A","ENST00000545622"
"8786",81571,"ENSG00000236901","MIR600HG","ENST00000545631"
"8787",51669,"ENSG00000133872","SARAF","ENST00000545648"
"8788",83445,"ENSG00000111305","GSG1","ENST00000545699"
"8789",23670,"ENSG00000135048","CEMIP2","ENST00000545719"
"8790",81029,"ENSG00000111186","WNT5B","ENST00000545747"
"8791",54414,"ENSG00000110013","SIAE","ENST00000545756"
"8792",55733,"ENSG00000054392","HHAT","ENST00000545781"
"8793",56339,"ENSG00000165819","METTL3","ENST00000545788"
"8794",4772,"ENSG00000131196","NFATC1","ENST00000545796"
"8795",51433,"ENSG00000089053","ANAPC5","ENST00000545801"
"8796",3032,"ENSG00000138029","HADHB","ENST00000545822"
"8797",10742,"ENSG00000131831","RAI2","ENST00000545871"
"8798",144406,"ENSG00000158023","CFAP251","ENST00000545988"
"8799",2059,"ENSG00000151491","EPS8","ENST00000545999"
"8800",6950,"ENSG00000120438","TCP1","ENST00000546023"
"8801",3177,"ENSG00000174669","SLC29A2","ENST00000546034"
"8802",283463,"ENSG00000205592","MUC19","ENST00000546043"
"8803",4839,"ENSG00000111641","NOP2","ENST00000546053"
"8804",317781,"ENSG00000185163","DDX51","ENST00000546058"
"8805",23141,"ENSG00000176915","ANKLE2","ENST00000546061"
"8806",5858,"ENSG00000126838","PZP","ENST00000546116"
"8807",200205,"ENSG00000181873","IBA57","ENST00000546123"
"8808",65981,"ENSG00000110888","CAPRIN2","ENST00000546129"
"8809",27339,"ENSG00000110107","PRPF19","ENST00000546152"
"8810",9564,"ENSG00000050820","BCAR1","ENST00000546196"
"8811",64799,"ENSG00000103599","IQCH","ENST00000546225"
"8812",65998,"ENSG00000188070","ZFTA","ENST00000546282"
"8813",56603,"ENSG00000003137","CYP26B1","ENST00000546307"
"8814",2012,"ENSG00000134531","EMP1","ENST00000546357"
"8815",10330,"ENSG00000257727","CNPY2","ENST00000546388"
"8816",4633,"ENSG00000111245","MYL2","ENST00000546404"
"8817",100128191,"ENSG00000257167","TMPO-AS1","ENST00000546421"
"8818",84329,"ENSG00000122986","HVCN1","ENST00000546425"
"8819",11153,"ENSG00000198855","FICD","ENST00000546448"
"8820",64786,"ENSG00000121749","TBC1D15","ENST00000546450"
"8821",967,"ENSG00000135404","CD63","ENST00000546457"
"8822",10961,"ENSG00000089248","ERP29","ENST00000546477"
"8823",10988,"ENSG00000111142","METAP2","ENST00000546478"
"8824",283643,"ENSG00000185347","TEDC1","ENST00000546492"
"8825",51134,"ENSG00000173588","CEP83","ENST00000546527"
"8826",728568,"ENSG00000204954","UQCC6","ENST00000546540"
"8827",256281,"ENSG00000183828","NUDT14","ENST00000546553"
"8828",83857,"ENSG00000133687","TMTC1","ENST00000546582"
"8829",51184,"ENSG00000111231","GPN3","ENST00000546592"
"8830",9733,"ENSG00000075856","SART3","ENST00000546611"
"8831",4440,"ENSG00000135097","MSI1","ENST00000546622"
"8832",9671,"ENSG00000075035","WSCD2","ENST00000546629"
"8833",4060,"ENSG00000139329","LUM","ENST00000546642"
"8834",29095,"ENSG00000123353","ORMDL2","ENST00000546645"
"8835",79611,"ENSG00000111058","ACSS3","ENST00000546664"
"8836",91419,"ENSG00000166896","ATP23","ENST00000546709"
"8837",55332,"ENSG00000136048","DRAM1","ENST00000546729"
"8838",57609,"ENSG00000066084","DIP2B","ENST00000546732"
"8839",5318,"ENSG00000057294","PKP2","ENST00000546741"
"8840",6895,"ENSG00000139546","TARBP2","ENST00000546763"
"8841",57658,"ENSG00000012822","CALCOCO1","ENST00000546774"
"8842",10138,"ENSG00000015153","YAF2","ENST00000546782"
"8843",10220,"ENSG00000135414","GDF11","ENST00000546799"
"8844",54434,"ENSG00000084112","SSH1","ENST00000546812"
"8845",282809,"ENSG00000139323","POC1B","ENST00000546830"
"8846",92558,"ENSG00000135127","BICDL1","ENST00000546857"
"8847",79039,"ENSG00000123064","DDX54","ENST00000546869"
"8848",9904,"ENSG00000122965","RBM19","ENST00000546876"
"8849",197335,"ENSG00000161996","WDR90","ENST00000546896"
"8850",84872,"ENSG00000135482","ZC3H10","ENST00000546903"
"8851",3856,"ENSG00000170421","KRT8","ENST00000546921"
"8852",6302,"ENSG00000135452","TSPAN31","ENST00000546922"
"8853",11163,"ENSG00000173598","NUDT4","ENST00000546925"
"8854",55089,"ENSG00000139209","SLC38A4","ENST00000546940"
"8855",8683,"ENSG00000111786","SRSF9","ENST00000546942"
"8856",55591,"ENSG00000028203","VEZT","ENST00000546951"
"8857",84216,"ENSG00000139173","TMEM117","ENST00000546978"
"8858",65244,"ENSG00000123352","SPATS2","ENST00000547003"
"8859",8315,"ENSG00000089234","BRAP","ENST00000547043"
"8860",80298,"ENSG00000120832","MTERF2","ENST00000547115"
"8861",11137,"ENSG00000136045","PWP1","ENST00000547120"
"8862",196463,"ENSG00000151176","PLBD2","ENST00000547163"
"8863",11108,"ENSG00000110851","PRDM4","ENST00000547188"
"8864",9815,"ENSG00000139436","GIT2","ENST00000547267"
"8865",4327,"ENSG00000123342","MMP19","ENST00000547299"
"8866",8549,"ENSG00000139292","LGR5","ENST00000547310"
"8867",144455,"ENSG00000165891","E2F7","ENST00000547316"
"8868",6601,"ENSG00000139613","SMARCC2","ENST00000547356"
"8869",4857,"ENSG00000139910","NOVA1","ENST00000547415"
"8870",23074,"ENSG00000111647","BLTP3B","ENST00000547428"
"8871",84274,"ENSG00000110871","COQ5","ENST00000547448"
"8872",91298,"ENSG00000133641","RLIG1","ENST00000547468"
"8873",7181,"ENSG00000120798","NR2C1","ENST00000547469"
"8874",11052,"ENSG00000111605","CPSF6","ENST00000547486"
"8875",60314,"ENSG00000139637","MYG1","ENST00000547490"
"8876",1649,"ENSG00000175197","DDIT3","ENST00000547526"
"8877",29902,"ENSG00000204856","FAM216A","ENST00000547539"
"8878",64375,"ENSG00000123411","IKZF4","ENST00000547556"
"8879",83468,"ENSG00000120820","GLT8D2","ENST00000547583"
"8880",4323,"ENSG00000157227","MMP14","ENST00000547596"
"8881",79794,"ENSG00000111412","SPRING1","ENST00000547606"
"8882",91612,"ENSG00000258289","CHURC1","ENST00000547625"
"8883",23515,"ENSG00000159256","MORC3","ENST00000547657"
"8884",317,"ENSG00000120868","APAF1","ENST00000547666"
"8885",23390,"ENSG00000186908","ZDHHC17","ENST00000547673"
"8886",5787,"ENSG00000127329","PTPRB","ENST00000547715"
"8887",55681,"ENSG00000136021","SCYL2","ENST00000547735"
"8888",3678,"ENSG00000161638","ITGA5","ENST00000547744"
"8889",5829,"ENSG00000089159","PXN","ENST00000547772"
"8890",5502,"ENSG00000135447","PPP1R1A","ENST00000547826"
"8891",114785,"ENSG00000166987","MBD6","ENST00000547844"
"8892",91012,"ENSG00000139624","CERS5","ENST00000547852"
"8893",1019,"ENSG00000135446","CDK4","ENST00000547853"
"8894",5463,"ENSG00000184271","POU6F1","ENST00000547854"
"8895",57460,"ENSG00000111110","PPM1H","ENST00000547857"
"8896",5250,"ENSG00000075415","SLC25A3","ENST00000547869"
"8897",89795,"ENSG00000067798","NAV3","ENST00000547884"
"8898",8550,"ENSG00000089022","MAPKAPK5","ENST00000547915"
"8899",10024,"ENSG00000135451","TROAP","ENST00000547923"
"8900",5026,"ENSG00000083454","P2RX5","ENST00000547933"
"8901",5756,"ENSG00000151239","TWF1","ENST00000547961"
"8902",84698,"ENSG00000180881","CAPS2","ENST00000548035"
"8903",400,"ENSG00000120805","ARL1","ENST00000548070"
"8904",4666,"ENSG00000196531","NACA","ENST00000548084"
"8905",7024,"ENSG00000135457","TFCP2","ENST00000548108"
"8906",4891,"ENSG00000110911","SLC11A2","ENST00000548150"
"8907",122616,"ENSG00000140104","CLBA1","ENST00000548178"
"8908",29091,"ENSG00000168952","STXBP6","ENST00000548182"
"8909",9994,"ENSG00000118412","CASP8AP2","ENST00000548224"
"8910",144245,"ENSG00000175548","ALG10B","ENST00000548240"
"8911",79837,"ENSG00000166908","PIP4K2C","ENST00000548264"
"8912",10906,"ENSG00000135148","TRAFD1","ENST00000548277"
"8913",54934,"ENSG00000139620","KANSL2","ENST00000548304"
"8914",8738,"ENSG00000169372","CRADD","ENST00000548330"
"8915",6128,"ENSG00000089009","RPL6","ENST00000548343"
"8916",92979,"ENSG00000139266","MARCHF9","ENST00000548358"
"8917",2972,"ENSG00000185024","BRF1","ENST00000548421"
"8918",51290,"ENSG00000087502","ERGIC2","ENST00000548441"
"8919",9194,"ENSG00000118596","SLC16A7","ENST00000548444"
"8920",84301,"ENSG00000197312","DDI2","ENST00000548451"
"8921",84790,"ENSG00000167553","TUBA1C","ENST00000548470"
"8922",1272,"ENSG00000018236","CNTN1","ENST00000548481"
"8923",51067,"ENSG00000139131","YARS2","ENST00000548490"
"8924",1606,"ENSG00000065357","DGKA","ENST00000548491"
"8925",3875,"ENSG00000111057","KRT18","ENST00000548496"
"8926",160622,"ENSG00000161835","TAMALIN","ENST00000548505"
"8927",80024,"ENSG00000089060","SLC8B1","ENST00000548518"
"8928",2647,"ENSG00000135441","BLOC1S1","ENST00000548556"
"8929",6667,"ENSG00000185591","SP1","ENST00000548560"
"8930",7786,"ENSG00000139625","MAP3K12","ENST00000548565"
"8931",121053,"ENSG00000151131","NOPCHAP1","ENST00000548583"
"8932",6231,"ENSG00000197728","RPS26","ENST00000548590"
"8933",80018,"ENSG00000111300","NAA25","ENST00000548627"
"8934",647310,"ENSG00000226174","TEX22","ENST00000548638"
"8935",506,"ENSG00000110955","ATP5F1B","ENST00000548647"
"8936",7421,"ENSG00000111424","VDR","ENST00000548664"
"8937",160760,"ENSG00000196850","PPTC7","ENST00000548721"
"8938",1848,"ENSG00000139318","DUSP6","ENST00000548755"
"8939",1634,"ENSG00000011465","DCN","ENST00000548768"
"8940",112,"ENSG00000174233","ADCY6","ENST00000548820"
"8941",10985,"ENSG00000089154","GCN1","ENST00000548821"
"8942",55870,"ENSG00000116539","ASH1L","ENST00000548830"
"8943",10677,"ENSG00000135407","AVIL","ENST00000548843"
"8944",9891,"ENSG00000074590","NUAK1","ENST00000548902"
"8945",60673,"ENSG00000123395","ATG101","ENST00000548915"
"8946",121227,"ENSG00000139263","LRIG3","ENST00000548968"
"8947",55716,"ENSG00000139636","LMBR1L","ENST00000548983"
"8948",5204,"ENSG00000123349","PFDN5","ENST00000548984"
"8949",84987,"ENSG00000178449","COX14","ENST00000548985"
"8950",50515,"ENSG00000171310","CHST11","ENST00000549016"
"8951",55198,"ENSG00000136044","APPL2","ENST00000549056"
"8952",55738,"ENSG00000101199","ARFGAP1","ENST00000549076"
"8953",27293,"ENSG00000130768","SMPDL3B","ENST00000549094"
"8954",9958,"ENSG00000135655","USP15","ENST00000549101"
"8955",54458,"ENSG00000205352","PRR13","ENST00000549135"
"8956",55632,"ENSG00000092140","G2E3","ENST00000549159"
"8957",79158,"ENSG00000111670","GNPTAB","ENST00000549165"
"8958",25938,"ENSG00000129493","HEATR5A","ENST00000549184"
"8959",10154,"ENSG00000136040","PLXNC1","ENST00000549187"
"8960",55703,"ENSG00000013503","POLR3B","ENST00000549195"
"8961",9665,"ENSG00000166783","MARF1","ENST00000549219"
"8962",79022,"ENSG00000134291","TMEM106C","ENST00000549287"
"8963",140465,"ENSG00000196465","MYL6B","ENST00000549380"
"8964",196441,"ENSG00000133858","ZFC3H1","ENST00000549407"
"8965",10094,"ENSG00000111229","ARPC3","ENST00000549408"
"8966",6490,"ENSG00000185664","PMEL","ENST00000549413"
"8967",7103,"ENSG00000127324","TSPAN8","ENST00000549421"
"8968",5587,"ENSG00000184304","PRKD1","ENST00000549503"
"8969",1337,"ENSG00000111775","COX6A1","ENST00000549525"
"8970",6602,"ENSG00000066117","SMARCD1","ENST00000549526"
"8971",2004,"ENSG00000111145","ELK3","ENST00000549529"
"8972",6857,"ENSG00000067715","SYT1","ENST00000549559"
"8973",6636,"ENSG00000139343","SNRPF","ENST00000549580"
"8974",490,"ENSG00000070961","ATP2B1","ENST00000549585"
"8975",1975,"ENSG00000063046","EIF4B","ENST00000549592"
"8976",3489,"ENSG00000167779","IGFBP6","ENST00000549628"
"8977",3855,"ENSG00000135480","KRT7","ENST00000549638"
"8978",4848,"ENSG00000111596","CNOT2","ENST00000549705"
"8979",10540,"ENSG00000175203","DCTN2","ENST00000549712"
"8980",4234,"ENSG00000037897","METTL1","ENST00000549773"
"8981",112487,"ENSG00000129480","DTD2","ENST00000549850"
"8982",440107,"ENSG00000187510","PLEKHG7","ENST00000549856"
"8983",83448,"ENSG00000129317","PUS7L","ENST00000549868"
"8984",29843,"ENSG00000079387","SENP1","ENST00000549882"
"8985",160335,"ENSG00000179104","TMTC2","ENST00000549919"
"8986",29953,"ENSG00000072657","TRHDE","ENST00000549922"
"8987",9924,"ENSG00000135473","PAN2","ENST00000549964"
"8988",5878,"ENSG00000108774","RAB5C","ENST00000550013"
"8989",121601,"ENSG00000151572","ANO4","ENST00000550015"
"8990",23325,"ENSG00000136051","WASHC4","ENST00000550036"
"8991",1431,"ENSG00000062485","CS","ENST00000550044"
"8992",23371,"ENSG00000111077","TNS2","ENST00000550048"
"8993",6821,"ENSG00000139531","SUOX","ENST00000550065"
"8994",100381270,"ENSG00000257315","ZBED6","ENST00000550078"
"8995",160428,"ENSG00000136010","ALDH1L2","ENST00000550088"
"8996",25840,"ENSG00000185432","TMT1A","ENST00000550097"
"8997",11253,"ENSG00000177239","MAN1B1","ENST00000550113"
"8998",2819,"ENSG00000167588","GPD1","ENST00000550172"
"8999",283310,"ENSG00000165899","OTOGL","ENST00000550182"
"9000",55967,"ENSG00000184752","NDUFA12","ENST00000550187"
"9001",84926,"ENSG00000167778","SPRYD3","ENST00000550252"
"9002",7846,"ENSG00000167552","TUBA1A","ENST00000550254"
"9003",51699,"ENSG00000111237","VPS29","ENST00000550267"
"9004",5869,"ENSG00000111540","RAB5B","ENST00000550283"
"9005",196403,"ENSG00000178498","DTX3","ENST00000550300"
"9006",121274,"ENSG00000167528","ZNF641","ENST00000550342"
"9007",1763,"ENSG00000138346","DNA2","ENST00000550357"
"9008",55785,"ENSG00000180263","FGD6","ENST00000550368"
"9009",10193,"ENSG00000181852","RNF41","ENST00000550379"
"9010",10000,"ENSG00000117020","AKT3","ENST00000550388"
"9011",338811,"ENSG00000198673","TAFA2","ENST00000550396"
"9012",91010,"ENSG00000161791","FMNL3","ENST00000550424"
"9013",904,"ENSG00000129315","CCNT1","ENST00000550457"
"9014",81566,"ENSG00000110925","CSRNP2","ENST00000550461"
"9015",1743,"ENSG00000119689","DLST","ENST00000550473"
"9016",5558,"ENSG00000146143","PRIM2","ENST00000550475"
"9017",11010,"ENSG00000139278","GLIPR1","ENST00000550491"
"9018",23344,"ENSG00000139641","ESYT1","ENST00000550515"
"9019",80095,"ENSG00000166704","ZNF606","ENST00000550560"
"9020",51474,"ENSG00000050405","LIMA1","ENST00000550592"
"9021",1407,"ENSG00000008405","CRY1","ENST00000550633"
"9022",10576,"ENSG00000166226","CCT2","ENST00000550653"
"9023",6141,"ENSG00000063177","RPL18","ENST00000550671"
"9024",22818,"ENSG00000111481","COPZ1","ENST00000550713"
"9025",283450,"ENSG00000173064","HECTD4","ENST00000550724"
"9026",11176,"ENSG00000076108","BAZ2A","ENST00000550730"
"9027",5094,"ENSG00000197111","PCBP2","ENST00000550733"
"9028",28981,"ENSG00000122970","IFT81","ENST00000550748"
"9029",84260,"ENSG00000139437","TCHP","ENST00000550780"
"9030",55266,"ENSG00000139291","TMEM19","ENST00000550787"
"9031",23241,"ENSG00000179364","PACS2","ENST00000550790"
"9032",269,"ENSG00000135409","AMHR2","ENST00000550839"
"9033",4752,"ENSG00000136098","NEK3","ENST00000550841"
"9034",144233,"ENSG00000186666","BCDIN3D","ENST00000550861"
"9035",144402,"ENSG00000139117","CPNE8","ENST00000550863"
"9036",4922,"ENSG00000133636","NTS","ENST00000550879"
"9037",4801,"ENSG00000120837","NFYB","ENST00000550881"
"9038",11103,"ENSG00000111615","KRR1","ENST00000550898"
"9039",203,"ENSG00000106992","AK1","ENST00000550992"
"9040",23603,"ENSG00000110880","CORO1C","ENST00000551059"
"9041",160418,"ENSG00000139324","TMTC3","ENST00000551088"
"9042",85437,"ENSG00000139168","ZCRB1","ENST00000551102"
"9043",4141,"ENSG00000166986","MARS1","ENST00000551172"
"9044",90488,"ENSG00000151135","TMEM263","ENST00000551237"
"9045",83591,"ENSG00000173451","THAP2","ENST00000551238"
"9046",27289,"ENSG00000172602","RND1","ENST00000551243"
"9047",84900,"ENSG00000135119","RNFT2","ENST00000551251"
"9048",25766,"ENSG00000110844","PRPF40B","ENST00000551269"
"9049",79657,"ENSG00000005175","RPAP3","ENST00000551293"
"9050",6175,"ENSG00000089157","RPLP0","ENST00000551336"
"9051",27340,"ENSG00000120800","UTP20","ENST00000551345"
"9052",23041,"ENSG00000061987","MON2","ENST00000551397"
"9053",5727,"ENSG00000185920","PTCH1","ENST00000551425"
"9054",217,"ENSG00000111275","ALDH2","ENST00000551450"
"9055",23014,"ENSG00000135108","FBXO21","ENST00000551458"
"9056",4673,"ENSG00000187109","NAP1L1","ENST00000551500"
"9057",283337,"ENSG00000139651","ZNF740","ENST00000551514"
"9058",23316,"ENSG00000111249","CUX2","ENST00000551604"
"9059",55117,"ENSG00000072041","SLC6A15","ENST00000551612"
"9060",64431,"ENSG00000075089","ACTR6","ENST00000551617"
"9061",84190,"ENSG00000127720","METTL25","ENST00000551645"
"9062",196527,"ENSG00000177119","ANO6","ENST00000551667"
"9063",5501,"ENSG00000186298","PPP1CC","ENST00000551690"
"9064",8086,"ENSG00000094914","AAAS","ENST00000551724"
"9065",1466,"ENSG00000175183","CSRP2","ENST00000551725"
"9066",410,"ENSG00000100299","ARSA","ENST00000551731"
"9067",1397,"ENSG00000182809","CRIP2","ENST00000551738"
"9068",10523,"ENSG00000085872","CHERP","ENST00000551747"
"9069",25834,"ENSG00000182050","MGAT4C","ENST00000551751"
"9070",55188,"ENSG00000111785","RIC8B","ENST00000551756"
"9071",113675,"ENSG00000139410","SDSL","ENST00000551760"
"9072",100131998,"ENSG00000290865","RRN3P3","ENST00000551766"
"9073",26259,"ENSG00000174989","FBXW8","ENST00000551773"
"9074",51303,"ENSG00000134285","FKBP11","ENST00000551807"
"9075",93058,"ENSG00000135469","COQ10A","ENST00000551814"
"9076",25946,"ENSG00000161642","ZNF385A","ENST00000551864"
"9077",374569,"ENSG00000166183","ASPG","ENST00000551871"
"9078",4637,"ENSG00000092841","MYL6","ENST00000551954"
"9079",7184,"ENSG00000166598","HSP90B1","ENST00000551983"
"9080",7112,"ENSG00000120802","TMPO","ENST00000551987"
"9081",3213,"ENSG00000120093","HOXB3","ENST00000552000"
"9082",29127,"ENSG00000161800","RACGAP1","ENST00000552004"
"9083",80757,"ENSG00000184986","TMEM121","ENST00000552019"
"9084",4254,"ENSG00000049130","KITLG","ENST00000552044"
"9085",6926,"ENSG00000135111","TBX3","ENST00000552054"
"9086",4048,"ENSG00000111144","LTA4H","ENST00000552091"
"9087",8825,"ENSG00000111052","LIN7A","ENST00000552093"
"9088",84975,"ENSG00000182544","MFSD5","ENST00000552097"
"9089",517,"ENSG00000135390","ATP5MC2","ENST00000552120"
"9090",642799,"ENSG00000224712","NPIPA3","ENST00000552140"
"9091",10445,"ENSG00000187778","MCRS1","ENST00000552206"
"9092",84324,"ENSG00000205323","SARNP","ENST00000552207"
"9093",56994,"ENSG00000111666","CHPT1","ENST00000552213"
"9094",5939,"ENSG00000076067","RBMS2","ENST00000552228"
"9095",57458,"ENSG00000057704","TMCC3","ENST00000552239"
"9096",5128,"ENSG00000059758","CDK17","ENST00000552262"
"9097",5036,"ENSG00000170515","PA2G4","ENST00000552266"
"9098",10106,"ENSG00000175215","CTDSP2","ENST00000552294"
"9099",6171,"ENSG00000229117","RPL41","ENST00000552314"
"9100",694,"ENSG00000133639","BTG1","ENST00000552315"
"9101",8655,"ENSG00000088986","DYNLL1","ENST00000552316"
"9102",440400,"ENSG00000219200","RNASEK","ENST00000552321"
"9103",29915,"ENSG00000111727","HCFC2","ENST00000552343"
"9104",255783,"ENSG00000257704","INAFM1","ENST00000552360"
"9105",5557,"ENSG00000198056","PRIM1","ENST00000552408"
"9106",29080,"ENSG00000133773","CCDC59","ENST00000552412"
"9107",7334,"ENSG00000177889","UBE2N","ENST00000552442"
"9108",784,"ENSG00000167535","CACNB3","ENST00000552480"
"9109",466,"ENSG00000123268","ATF1","ENST00000552487"
"9110",9416,"ENSG00000174243","DDX23","ENST00000552555"
"9111",9700,"ENSG00000135476","ESPL1","ENST00000552600"
"9112",117177,"ENSG00000127328","RAB3IP","ENST00000552610"
"9113",41,"ENSG00000110881","ASIC1","ENST00000552633"
"9114",5074,"ENSG00000177425","PAWR","ENST00000552637"
"9115",79962,"ENSG00000178401","DNAJC22","ENST00000552651"
"9116",5571,"ENSG00000181929","PRKAG1","ENST00000552657"
"9117",23011,"ENSG00000080371","RAB21","ENST00000552686"
"9118",255394,"ENSG00000166046","TCP11L2","ENST00000552690"
"9119",2065,"ENSG00000065361","ERBB3","ENST00000552691"
"9120",160762,"ENSG00000173093","CCDC63","ENST00000552694"
"9121",84292,"ENSG00000123154","WDR83","ENST00000552700"
"9122",6910,"ENSG00000089225","TBX5","ENST00000552726"
"9123",5213,"ENSG00000152556","PFKM","ENST00000552818"
"9124",84312,"ENSG00000100916","BRMS1L","ENST00000552849"
"9125",637,"ENSG00000015475","BID","ENST00000552886"
"9126",80224,"ENSG00000151413","NUBPL","ENST00000552888"
"9127",55605,"ENSG00000139116","KIF21A","ENST00000552908"
"9128",28977,"ENSG00000198015","MRPL42","ENST00000552938"
"9129",8089,"ENSG00000127337","YEATS4","ENST00000552955"
"9130",10376,"ENSG00000123416","TUBA1B","ENST00000552984"
"9131",8411,"ENSG00000102189","EEA1","ENST00000553019"
"9132",10059,"ENSG00000087470","DNM1L","ENST00000553031"
"9133",83729,"ENSG00000139269","INHBE","ENST00000553033"
"9134",10970,"ENSG00000136026","CKAP4","ENST00000553039"
"9135",3714,"ENSG00000184916","JAG2","ENST00000553051"
"9136",488,"ENSG00000174437","ATP2A2","ENST00000553144"
"9137",88455,"ENSG00000076513","ANKRD13A","ENST00000553246"
"9138",6778,"ENSG00000166888","STAT6","ENST00000553275"
"9139",23256,"ENSG00000092108","SCFD1","ENST00000553280"
"9140",97,"ENSG00000119640","ACYP1","ENST00000553302"
"9141",2009,"ENSG00000066629","EML1","ENST00000553313"
"9142",677,"ENSG00000185650","ZFP36L1","ENST00000553375"
"9143",7539,"ENSG00000136866","ZFP37","ENST00000553380"
"9144",56252,"ENSG00000119596","YLPM1","ENST00000553381"
"9145",23503,"ENSG00000072121","ZFYVE26","ENST00000553399"
"9146",51637,"ENSG00000087302","RTRAF","ENST00000553479"
"9147",57697,"ENSG00000187790","FANCM","ENST00000553551"
"9148",122786,"ENSG00000139926","FRMD6","ENST00000553556"
"9149",23588,"ENSG00000165516","KLHDC2","ENST00000553579"
"9150",9056,"ENSG00000155465","SLC7A7","ENST00000553632"
"9151",23768,"ENSG00000185070","FLRT2","ENST00000553650"
"9152",23306,"ENSG00000166881","NEMP1","ENST00000553654"
"9153",3705,"ENSG00000100605","ITPK1","ENST00000553655"
"9154",78990,"ENSG00000089723","OTUB2","ENST00000553723"
"9155",9899,"ENSG00000185518","SV2B","ENST00000553727"
"9156",79789,"ENSG00000165959","CLMN","ENST00000553733"
"9157",84962,"ENSG00000129474","AJUBA","ENST00000553736"
"9158",23368,"ENSG00000088808","PPP1R13B","ENST00000553739"
"9159",55147,"ENSG00000100461","RBM23","ENST00000553777"
"9160",56967,"ENSG00000227051","C14orf132","ENST00000553782"
"9161",5427,"ENSG00000100479","POLE2","ENST00000553805"
"9162",145482,"ENSG00000140043","PTGR2","ENST00000553813"
"9163",54813,"ENSG00000179454","KLHL28","ENST00000553817"
"9164",91875,"ENSG00000136319","TTC5","ENST00000553828"
"9165",122525,"ENSG00000179476","C14orf28","ENST00000553841"
"9166",11177,"ENSG00000198604","BAZ1A","ENST00000553853"
"9167",8812,"ENSG00000090061","CCNK","ENST00000553865"
"9168",64430,"ENSG00000126773","PCNX4","ENST00000553898"
"9169",56948,"ENSG00000100445","SDR39U1","ENST00000553937"
"9170",8816,"ENSG00000139990","DCAF5","ENST00000553943"
"9171",91754,"ENSG00000119638","NEK9","ENST00000553945"
"9172",2764,"ENSG00000197045","GMFB","ENST00000553952"
"9173",161436,"ENSG00000165521","EML5","ENST00000553962"
"9174",122704,"ENSG00000172590","MRPL52","ENST00000553965"
"9175",93487,"ENSG00000168175","MAPK1IP1L","ENST00000553976"
"9176",64841,"ENSG00000100522","GNPNAT1","ENST00000553987"
"9177",1152,"ENSG00000166165","CKB","ENST00000553994"
"9178",55334,"ENSG00000029364","SLC39A9","ENST00000554023"
"9179",4293,"ENSG00000006432","MAP3K9","ENST00000554024"
"9180",64403,"ENSG00000139880","CDH24","ENST00000554034"
"9181",11183,"ENSG00000012983","MAP4K5","ENST00000554066"
"9182",9787,"ENSG00000126787","DLGAP5","ENST00000554067"
"9183",400451,"ENSG00000185442","FAM174B","ENST00000554082"
"9184",2558,"ENSG00000186297","GABRA5","ENST00000554083"
"9185",8846,"ENSG00000100601","ALKBH1","ENST00000554097"
"9186",5527,"ENSG00000078304","PPP2R5C","ENST00000554147"
"9187",83544,"ENSG00000119661","DNAL1","ENST00000554159"
"9188",9147,"ENSG00000165525","NEMF","ENST00000554162"
"9189",7517,"ENSG00000126215","XRCC3","ENST00000554170"
"9190",55017,"ENSG00000179933","C14orf119","ENST00000554203"
"9191",55333,"ENSG00000213463","SYNJ2BP","ENST00000554216"
"9192",145407,"ENSG00000139971","ARMH4","ENST00000554218"
"9193",112752,"ENSG00000119650","IFT43","ENST00000554233"
"9194",53349,"ENSG00000165861","ZFYVE1","ENST00000554250"
"9195",161145,"ENSG00000198133","TMEM229B","ENST00000554278"
"9196",22795,"ENSG00000087303","NID2","ENST00000554284"
"9197",91750,"ENSG00000205659","LIN52","ENST00000554289"
"9198",379025,"ENSG00000257621","PSMA3-AS1","ENST00000554309"
"9199",1965,"ENSG00000134001","EIF2S1","ENST00000554332"
"9200",4522,"ENSG00000100714","MTHFD1","ENST00000554353"
"9201",3679,"ENSG00000135424","ITGA7","ENST00000554359"
"9202",54930,"ENSG00000092036","HAUS4","ENST00000554406"
"9203",5687,"ENSG00000100902","PSMA6","ENST00000554457"
"9204",10516,"ENSG00000140092","FBLN5","ENST00000554468"
"9205",23093,"ENSG00000119685","TTLL5","ENST00000554487"
"9206",145389,"ENSG00000139974","SLC38A6","ENST00000554498"
"9207",57523,"ENSG00000205978","NYNRIN","ENST00000554505"
"9208",55671,"ENSG00000100796","PPP4R3A","ENST00000554511"
"9209",122773,"ENSG00000197776","KLHDC1","ENST00000554512"
"9210",89932,"ENSG00000100767","PAPLN","ENST00000554527"
"9211",9556,"ENSG00000156411","ATP5MJ","ENST00000554528"
"9212",1017,"ENSG00000123374","CDK2","ENST00000554545"
"9213",57578,"ENSG00000133958","UNC79","ENST00000554549"
"9214",122509,"ENSG00000165948","IFI27L1","ENST00000554562"
"9215",7528,"ENSG00000100811","YY1","ENST00000554579"
"9216",55860,"ENSG00000131966","ACTR10","ENST00000554642"
"9217",100996485,"ENSG00000224186","PITX1-AS1","ENST00000554670"
"9218",9950,"ENSG00000066455","GOLGA5","ENST00000554700"
"9219",122481,"ENSG00000140057","AK7","ENST00000554706"
"9220",22985,"ENSG00000100813","ACIN1","ENST00000554708"
"9221",4149,"ENSG00000125952","MAX","ENST00000554709"
"9222",85439,"ENSG00000140022","STON2","ENST00000554710"
"9223",112840,"ENSG00000140006","WDR89","ENST00000554717"
"9224",9472,"ENSG00000151320","AKAP6","ENST00000554740"
"9225",22846,"ENSG00000071246","VASH1","ENST00000554743"
"9226",79038,"ENSG00000100711","ZFYVE21","ENST00000554757"
"9227",2530,"ENSG00000033170","FUT8","ENST00000554765"
"9228",8906,"ENSG00000213983","AP1G2","ENST00000554816"
"9229",145282,"ENSG00000151338","MIPOL1","ENST00000554829"
"9230",4665,"ENSG00000166886","NAB2","ENST00000554839"
"9231",23224,"ENSG00000054654","SYNE2","ENST00000554928"
"9232",6430,"ENSG00000100650","SRSF5","ENST00000554929"
"9233",254170,"ENSG00000165355","FBXO33","ENST00000554932"
"9234",55727,"ENSG00000011114","BTBD7","ENST00000554968"
"9235",51077,"ENSG00000119616","FCF1","ENST00000554973"
"9236",26520,"ENSG00000100575","TIMM9","ENST00000555097"
"9237",9321,"ENSG00000100815","TRIP11","ENST00000555105"
"9238",3183,"ENSG00000092199","HNRNPC","ENST00000555127"
"9239",122961,"ENSG00000165898","ISCA2","ENST00000555139"
"9240",4157,"ENSG00000258839","MC1R","ENST00000555147"
"9241",29966,"ENSG00000196792","STRN3","ENST00000555152"
"9242",11247,"ENSG00000182379","NXPH4","ENST00000555154"
"9243",7043,"ENSG00000119699","TGFB3","ENST00000555193"
"9244",4033,"ENSG00000118308","IRAG2","ENST00000555194"
"9245",85457,"ENSG00000198894","CIPC","ENST00000555200"
"9246",79446,"ENSG00000176473","WDR25","ENST00000555201"
"9247",2954,"ENSG00000100577","GSTZ1","ENST00000555208"
"9248",57143,"ENSG00000063761","ADCK1","ENST00000555217"
"9249",5228,"ENSG00000119630","PGF","ENST00000555234"
"9250",4140,"ENSG00000075413","MARK3","ENST00000555235"
"9251",53981,"ENSG00000165934","CPSF2","ENST00000555244"
"9252",376267,"ENSG00000139998","RAB15","ENST00000555256"
"9253",51241,"ENSG00000133983","COX16","ENST00000555276"
"9254",55030,"ENSG00000178974","FBXO34","ENST00000555280"
"9255",8106,"ENSG00000100836","PABPN1","ENST00000555295"
"9256",57062,"ENSG00000089737","DDX24","ENST00000555324"
"9257",55148,"ENSG00000012963","UBR7","ENST00000555329"
"9258",85446,"ENSG00000136367","ZFHX2","ENST00000555334"
"9259",2353,"ENSG00000170345","FOS","ENST00000555347"
"9260",283554,"ENSG00000180998","GPR137C","ENST00000555369"
"9261",2079,"ENSG00000100632","ERH","ENST00000555373"
"9262",51676,"ENSG00000100628","ASB2","ENST00000555374"
"9263",207,"ENSG00000142208","AKT1","ENST00000555380"
"9264",57570,"ENSG00000126814","TRMT5","ENST00000555420"
"9265",90141,"ENSG00000140025","EFCAB11","ENST00000555430"
"9266",643866,"ENSG00000139899","CBLN3","ENST00000555436"
"9267",7453,"ENSG00000140105","WARS1","ENST00000555464"
"9268",8110,"ENSG00000205683","DPF3","ENST00000555469"
"9269",116173,"ENSG00000166091","CMTM5","ENST00000555487"
"9270",10914,"ENSG00000090060","PAPOLA","ENST00000555508"
"9271",10490,"ENSG00000100568","VTI1B","ENST00000555543"
"9272",113146,"ENSG00000185567","AHNAK2","ENST00000555544"
"9273",400236,"ENSG00000258920","FOXN3-AS1","ENST00000555562"
"9274",10577,"ENSG00000119655","NPC2","ENST00000555592"
"9275",6038,"ENSG00000258818","RNASE4","ENST00000555597"
"9276",4792,"ENSG00000100906","NFKBIA","ENST00000555629"
"9277",6773,"ENSG00000170581","STAT2","ENST00000555646"
"9278",23002,"ENSG00000100592","DAAM1","ENST00000555651"
"9279",122622,"ENSG00000185100","ADSS1","ENST00000555674"
"9280",55837,"ENSG00000129518","EAPP","ENST00000555683"
"9281",283624,"ENSG00000258441","LINC00641","ENST00000555688"
"9282",23034,"ENSG00000020577","SAMD4A","ENST00000555719"
"9283",22990,"ENSG00000100731","PCNX1","ENST00000555780"
"9284",5700,"ENSG00000100764","PSMC1","ENST00000555787"
"9285",8914,"ENSG00000111602","TIMELESS","ENST00000555808"
"9286",4776,"ENSG00000100968","NFATC4","ENST00000555821"
"9287",11198,"ENSG00000092201","SUPT16H","ENST00000555943"
"9288",2581,"ENSG00000054983","GALC","ENST00000555956"
"9289",57820,"ENSG00000100814","CCNB1IP1","ENST00000555963"
"9290",26094,"ENSG00000119599","DCAF4","ENST00000555992"
"9291",9369,"ENSG00000021645","NRXN3","ENST00000556003"
"9292",8788,"ENSG00000185559","DLK1","ENST00000556051"
"9293",55775,"ENSG00000042088","TDP1","ENST00000556063"
"9294",5104,"ENSG00000188488","SERPINA5","ENST00000556064"
"9295",90809,"ENSG00000165782","PIP4P1","ENST00000556093"
"9296",10175,"ENSG00000100528","CNIH1","ENST00000556113"
"9297",9055,"ENSG00000198901","PRC1","ENST00000556129"
"9298",3845,"ENSG00000133703","KRAS","ENST00000556131"
"9299",1073,"ENSG00000165410","CFL2","ENST00000556161"
"9300",10668,"ENSG00000100532","CGRRF1","ENST00000556172"
"9301",253959,"ENSG00000174373","RALGAPA1","ENST00000556192"
"9302",10572,"ENSG00000184990","SIVA1","ENST00000556195"
"9303",144363,"ENSG00000205707","ETFRF1","ENST00000556198"
"9304",87,"ENSG00000072110","ACTN1","ENST00000556203"
"9305",2287,"ENSG00000100442","FKBP3","ENST00000556231"
"9306",9786,"ENSG00000100578","KIAA0586","ENST00000556235"
"9307",10243,"ENSG00000171723","GPHN","ENST00000556240"
"9308",5583,"ENSG00000027075","PRKCH","ENST00000556245"
"9309",5890,"ENSG00000182185","RAD51B","ENST00000556251"
"9310",55644,"ENSG00000092094","OSGEP","ENST00000556252"
"9311",55012,"ENSG00000092020","PPP2R3C","ENST00000556254"
"9312",23351,"ENSG00000100441","KHNYN","ENST00000556255"
"9313",51466,"ENSG00000196405","EVL","ENST00000556258"
"9314",3958,"ENSG00000131981","LGALS3","ENST00000556263"
"9315",2957,"ENSG00000165417","GTF2A1","ENST00000556268"
"9316",10640,"ENSG00000070367","EXOC5","ENST00000556318"
"9317",317762,"ENSG00000205476","CCDC85C","ENST00000556348"
"9318",4035,"ENSG00000123384","LRP1","ENST00000556356"
"9319",7135,"ENSG00000159173","TNNI1","ENST00000556362"
"9320",55668,"ENSG00000089916","GPATCH2L","ENST00000556372"
"9321",55745,"ENSG00000053770","AP5M1","ENST00000556377"
"9322",8128,"ENSG00000140557","ST8SIA2","ENST00000556382"
"9323",79944,"ENSG00000087299","L2HGDH","ENST00000556393"
"9324",10001,"ENSG00000133997","MED6","ENST00000556423"
"9325",10419,"ENSG00000100462","PRMT5","ENST00000556426"
"9326",6655,"ENSG00000100485","SOS2","ENST00000556452"
"9327",57718,"ENSG00000119698","PPP4R4","ENST00000556470"
"9328",25831,"ENSG00000092148","HECTD1","ENST00000556474"
"9329",11154,"ENSG00000100478","AP4S1","ENST00000556480"
"9330",643246,"ENSG00000258102","MAP1LC3B2","ENST00000556529"
"9331",79178,"ENSG00000259431","THTPA","ENST00000556545"
"9332",7011,"ENSG00000129566","TEP1","ENST00000556549"
"9333",10202,"ENSG00000100867","DHRS2","ENST00000556550"
"9334",83982,"ENSG00000119632","IFI27L2","ENST00000556552"
"9335",4707,"ENSG00000183648","NDUFB1","ENST00000556555"
"9336",84520,"ENSG00000170270","GON7","ENST00000556566"
"9337",25983,"ENSG00000129460","NGDN","ENST00000556580"
"9338",9252,"ENSG00000100784","RPS6KA5","ENST00000556594"
"9339",599,"ENSG00000129473","BCL2L2","ENST00000556599"
"9340",8650,"ENSG00000133961","NUMB","ENST00000556600"
"9341",100129794,"ENSG00000258708","SLC25A21-AS1","ENST00000556667"
"9342",8892,"ENSG00000119718","EIF2B2","ENST00000556668"
"9343",81542,"ENSG00000139921","TMX1","ENST00000556683"
"9344",51109,"ENSG00000072042","RDH11","ENST00000556692"
"9345",55015,"ENSG00000185246","PRPF39","ENST00000556718"
"9346",801,"ENSG00000198668","CALM1","ENST00000556721"
"9347",64745,"ENSG00000165792","METTL17","ENST00000556733"
"9348",60485,"ENSG00000151748","SAV1","ENST00000556735"
"9349",55640,"ENSG00000119686","FLVCR2","ENST00000556745"
"9350",122553,"ENSG00000182400","TRAPPC6B","ENST00000556765"
"9351",440193,"ENSG00000015133","CCDC88C","ENST00000556767"
"9352",83694,"ENSG00000198208","RPS6KL1","ENST00000556776"
"9353",6472,"ENSG00000182199","SHMT2","ENST00000556798"
"9354",51310,"ENSG00000092096","SLC22A17","ENST00000556803"
"9355",10858,"ENSG00000036530","CYP46A1","ENST00000556822"
"9356",23116,"ENSG00000198718","TOGARAM1","ENST00000556823"
"9357",3091,"ENSG00000100644","HIF1A","ENST00000556827"
"9358",57452,"ENSG00000100626","GALNT16","ENST00000556829"
"9359",57680,"ENSG00000100888","CHD8","ENST00000556833"
"9360",123096,"ENSG00000197119","SLC25A29","ENST00000556844"
"9361",4329,"ENSG00000119711","ALDH6A1","ENST00000556852"
"9362",9870,"ENSG00000119682","AREL1","ENST00000556860"
"9363",6815,"ENSG00000198252","STYX","ENST00000556861"
"9364",64112,"ENSG00000165943","MOAP1","ENST00000556883"
"9365",60686,"ENSG00000100802","C14orf93","ENST00000556896"
"9366",63894,"ENSG00000151445","VIPAS39","ENST00000556909"
"9367",100506433,"ENSG00000259129","LINC00648","ENST00000556923"
"9368",56963,"ENSG00000182175","RGMA","ENST00000556950"
"9369",51804,"ENSG00000100625","SIX4","ENST00000556952"
"9370",81892,"ENSG00000119705","SLIRP","ENST00000556956"
"9371",26037,"ENSG00000197555","SIPA1L1","ENST00000556959"
"9372",27109,"ENSG00000125375","DMAC2L","ENST00000556962"
"9373",3831,"ENSG00000126214","KLC1","ENST00000556986"
"9374",6729,"ENSG00000100883","SRP54","ENST00000556992"
"9375",9766,"ENSG00000100647","SUSD6","ENST00000556993"
"9376",5641,"ENSG00000100600","LGMN","ENST00000557034"
"9377",84334,"ENSG00000256053","COA8","ENST00000557079"
"9378",5265,"ENSG00000197249","SERPINA1","ENST00000557093"
"9379",5308,"ENSG00000164093","PITX2","ENST00000557119"
"9380",4331,"ENSG00000020426","MNAT1","ENST00000557134"
"9381",57447,"ENSG00000165795","NDRG2","ENST00000557167"
"9382",51635,"ENSG00000100612","DHRS7","ENST00000557185"
"9383",145567,"ENSG00000165914","TTC7B","ENST00000557187"
"9384",57862,"ENSG00000119725","ZNF410","ENST00000557214"
"9385",51382,"ENSG00000100554","ATP6V1D","ENST00000557244"
"9386",5684,"ENSG00000100567","PSMA3","ENST00000557290"
"9387",2342,"ENSG00000257365","FNTB","ENST00000557300"
"9388",384,"ENSG00000081181","ARG2","ENST00000557319"
"9389",26276,"ENSG00000184056","VPS33B","ENST00000557358"
"9390",161424,"ENSG00000196943","NOP9","ENST00000557362"
"9391",6400,"ENSG00000071537","SEL1L","ENST00000557372"
"9392",57544,"ENSG00000087301","TXNDC16","ENST00000557374"
"9393",10009,"ENSG00000177485","ZBTB33","ENST00000557385"
"9394",26499,"ENSG00000100558","PLEK2","ENST00000557388"
"9395",9692,"ENSG00000100890","PRORP","ENST00000557404"
"9396",4053,"ENSG00000119681","LTBP2","ENST00000557425"
"9397",10484,"ENSG00000100934","SEC23A","ENST00000557437"
"9398",80821,"ENSG00000100523","DDHD1","ENST00000557445"
"9399",4624,"ENSG00000197616","MYH6","ENST00000557461"
"9400",10598,"ENSG00000100591","AHSA1","ENST00000557476"
"9401",79882,"ENSG00000100722","ZC3H14","ENST00000557491"
"9402",23357,"ENSG00000013523","ANGEL1","ENST00000557497"
"9403",55701,"ENSG00000165801","ARHGEF40","ENST00000557498"
"9404",57156,"ENSG00000165548","TMEM63C","ENST00000557504"
"9405",112399,"ENSG00000129521","EGLN3","ENST00000557521"
"9406",122769,"ENSG00000165501","LRR1","ENST00000557531"
"9407",641371,"ENSG00000184227","ACOT1","ENST00000557556"
"9408",10979,"ENSG00000073712","FERMT2","ENST00000557562"
"9409",9517,"ENSG00000100596","SPTLC2","ENST00000557566"
"9410",123016,"ENSG00000165533","TTC8","ENST00000557580"
"9411",89874,"ENSG00000183032","SLC25A21","ENST00000557611"
"9412",27030,"ENSG00000119684","MLH3","ENST00000557648"
"9413",22938,"ENSG00000100603","SNW1","ENST00000557663"
"9414",5411,"ENSG00000100941","PNN","ENST00000557680"
"9415",957,"ENSG00000187097","ENTPD5","ENST00000557681"
"9416",51218,"ENSG00000182512","GLRX5","ENST00000557731"
"9417",83881,"ENSG00000185155","MIXL1","ENST00000557734"
"9418",91433,"ENSG00000166965","RCCD1","ENST00000557750"
"9419",51004,"ENSG00000119723","COQ6","ENST00000557780"
"9420",56924,"ENSG00000137843","PAK6","ENST00000557808"
"9421",84952,"ENSG00000128849","CGNL1","ENST00000557813"
"9422",4734,"ENSG00000069869","NEDD4","ENST00000557845"
"9423",10965,"ENSG00000119673","ACOT2","ENST00000557857"
"9424",80208,"ENSG00000104133","SPG11","ENST00000557866"
"9425",196951,"ENSG00000166262","FAM227B","ENST00000557892"
"9426",122416,"ENSG00000156381","ANKRD9","ENST00000557902"
"9427",9728,"ENSG00000138593","SECISBP2L","ENST00000557923"
"9428",64782,"ENSG00000181026","AEN","ENST00000557927"
"9429",123606,"ENSG00000170113","NIPA1","ENST00000557930"
"9430",4240,"ENSG00000140545","MFGE8","ENST00000557944"
"9431",3419,"ENSG00000166411","IDH3A","ENST00000557960"
"9432",5106,"ENSG00000100889","PCK2","ENST00000557969"
"9433",388115,"ENSG00000188549","CCDC9B","ENST00000557973"
"9434",54469,"ENSG00000086666","ZFAND6","ENST00000557983"
"9435",5607,"ENSG00000137764","MAP2K5","ENST00000558021"
"9436",647042,"ENSG00000278662","GOLGA6L10","ENST00000558035"
"9437",90427,"ENSG00000104081","BMF","ENST00000558057"
"9438",57538,"ENSG00000136383","ALPK3","ENST00000558077"
"9439",5685,"ENSG00000041357","PSMA4","ENST00000558094"
"9440",5720,"ENSG00000092010","PSME1","ENST00000558112"
"9441",115817,"ENSG00000157379","DHRS1","ENST00000558114"
"9442",256586,"ENSG00000140280","LYSMD2","ENST00000558126"
"9443",84206,"ENSG00000183496","MEX3B","ENST00000558133"
"9444",57099,"ENSG00000169857","AVEN","ENST00000558136"
"9445",701,"ENSG00000156970","BUB1B","ENST00000558151"
"9446",64784,"ENSG00000140577","CRTC3","ENST00000558167"
"9447",79191,"ENSG00000177508","IRX3","ENST00000558180"
"9448",22863,"ENSG00000126775","ATG14","ENST00000558189"
"9449",23478,"ENSG00000140612","SEC11A","ENST00000558196"
"9450",51016,"ENSG00000100908","EMC9","ENST00000558200"
"9451",9716,"ENSG00000021776","AQR","ENST00000558202"
"9452",57475,"ENSG00000054690","PLEKHH1","ENST00000558214"
"9453",51621,"ENSG00000169926","KLF13","ENST00000558225"
"9454",2200,"ENSG00000166147","FBN1","ENST00000558230"
"9455",51755,"ENSG00000167258","CDK12","ENST00000558240"
"9456",6727,"ENSG00000140319","SRP14","ENST00000558243"
"9457",9768,"ENSG00000166803","PCLAF","ENST00000558250"
"9458",57594,"ENSG00000290292","HOMEZ","ENST00000558278"
"9459",4901,"ENSG00000129535","NRL","ENST00000558280"
"9460",10363,"ENSG00000140382","HMG20A","ENST00000558288"
"9461",390637,"ENSG00000183208","GDPGP1","ENST00000558291"
"9462",728635,"ENSG00000285467","","ENST00000558293"
"9463",29766,"ENSG00000138594","TMOD3","ENST00000558300"
"9464",283659,"ENSG00000166450","PRTG","ENST00000558349"
"9465",8669,"ENSG00000104131","EIF3J","ENST00000558353"
"9466",9985,"ENSG00000100918","REC8","ENST00000558381"
"9467",642366,"ENSG00000259663","ISL1-DT","ENST00000558403"
"9468",50506,"ENSG00000140279","DUOX2","ENST00000558416"
"9469",60436,"ENSG00000118707","TGIF2","ENST00000558465"
"9470",2644,"ENSG00000137880","GCHFR","ENST00000558467"
"9471",57617,"ENSG00000104142","VPS18","ENST00000558474"
"9472",55930,"ENSG00000128833","MYO5C","ENST00000558479"
"9473",5479,"ENSG00000166794","PPIB","ENST00000558492"
"9474",23312,"ENSG00000104093","DMXL2","ENST00000558507"
"9475",26277,"ENSG00000092330","TINF2","ENST00000558510"
"9476",51550,"ENSG00000100865","CINP","ENST00000558523"
"9477",26589,"ENSG00000259494","MRPL46","ENST00000558531"
"9478",100134869,"ENSG00000290945","UBE2Q2P2","ENST00000558542"
"9479",9318,"ENSG00000166200","COPS2","ENST00000558545"
"9480",23423,"ENSG00000166557","TMED3","ENST00000558562"
"9481",342132,"ENSG00000196391","ZNF774","ENST00000558586"
"9482",5452,"ENSG00000028277","POU2F2","ENST00000558596"
"9483",10265,"ENSG00000176842","IRX5","ENST00000558597"
"9484",3320,"ENSG00000080824","HSP90AA1","ENST00000558600"
"9485",4643,"ENSG00000157483","MYO1E","ENST00000558646"
"9486",55329,"ENSG00000138587","MNS1","ENST00000558694"
"9487",3480,"ENSG00000140443","IGF1R","ENST00000558751"
"9488",6158,"ENSG00000108107","RPL28","ENST00000558752"
"9489",4088,"ENSG00000166949","SMAD3","ENST00000558763"
"9490",51292,"ENSG00000100938","GMPR2","ENST00000558788"
"9491",57722,"ENSG00000103742","IGDCC4","ENST00000558819"
"9492",440275,"ENSG00000128829","EIF2AK4","ENST00000558823"
"9493",220,"ENSG00000184254","ALDH1A3","ENST00000558869"
"9494",54956,"ENSG00000138617","PARP16","ENST00000558873"
"9495",6095,"ENSG00000069667","RORA","ENST00000558904"
"9496",170691,"ENSG00000140470","ADAMTS17","ENST00000558930"
"9497",4091,"ENSG00000137834","SMAD6","ENST00000558937"
"9498",123169,"ENSG00000166477","LEO1","ENST00000558949"
"9499",5316,"ENSG00000160199","PKNOX1","ENST00000558955"
"9500",79631,"ENSG00000140598","EFL1","ENST00000558974"
"9501",51762,"ENSG00000166128","RAB8B","ENST00000559006"
"9502",10081,"ENSG00000090470","PDCD7","ENST00000559051"
"9503",10518,"ENSG00000136425","CIB2","ENST00000559054"
"9504",3658,"ENSG00000136381","IREB2","ENST00000559091"
"9505",5283,"ENSG00000100564","PIGH","ENST00000559097"
"9506",7168,"ENSG00000140416","TPM1","ENST00000559108"
"9507",9895,"ENSG00000196663","TECPR2","ENST00000559124"
"9508",4212,"ENSG00000134138","MEIS2","ENST00000559129"
"9509",64410,"ENSG00000183655","KLHL25","ENST00000559131"
"9510",55323,"ENSG00000166173","LARP6","ENST00000559140"
"9511",113201,"ENSG00000166734","GOLM2","ENST00000559151"
"9512",8800,"ENSG00000166821","PEX11A","ENST00000559170"
"9513",83660,"ENSG00000171914","TLN2","ENST00000559174"
"9514",51496,"ENSG00000137770","CTDSPL2","ENST00000559175"
"9515",101,"ENSG00000151651","ADAM8","ENST00000559180"
"9516",4916,"ENSG00000140538","NTRK3","ENST00000559188"
"9517",2184,"ENSG00000103876","FAH","ENST00000559217"
"9518",10845,"ENSG00000166855","CLPX","ENST00000559218"
"9519",6218,"ENSG00000182774","RPS17","ENST00000559273"
"9520",399694,"ENSG00000185634","SHC4","ENST00000559289"
"9521",161247,"ENSG00000139914","FITM1","ENST00000559294"
"9522",23051,"ENSG00000174306","ZHX3","ENST00000559296"
"9523",414,"ENSG00000006756","ARSD","ENST00000559324"
"9524",23060,"ENSG00000180357","ZNF609","ENST00000559364"
"9525",26057,"ENSG00000132466","ANKRD17","ENST00000559367"
"9526",10099,"ENSG00000140391","TSPAN3","ENST00000559373"
"9527",22856,"ENSG00000131873","CHSY1","ENST00000559384"
"9528",283742,"ENSG00000171262","FAM98B","ENST00000559431"
"9529",80381,"ENSG00000103855","CD276","ENST00000559465"
"9530",80344,"ENSG00000100897","DCAF11","ENST00000559472"
"9531",9990,"ENSG00000140199","SLC12A6","ENST00000559484"
"9532",26035,"ENSG00000138604","GLCE","ENST00000559500"
"9533",723972,"ENSG00000259516","ANP32AP1","ENST00000559548"
"9534",4947,"ENSG00000180304","OAZ2","ENST00000559555"
"9535",54989,"ENSG00000198146","ZNF770","ENST00000559564"
"9536",7090,"ENSG00000140332","TLE3","ENST00000559574"
"9537",1138,"ENSG00000169684","CHRNA5","ENST00000559576"
"9538",22995,"ENSG00000103995","CEP152","ENST00000559630"
"9539",123263,"ENSG00000103707","MTFMT","ENST00000559633"
"9540",5330,"ENSG00000137841","PLCB2","ENST00000559634"
"9541",5451,"ENSG00000143190","POU2F1","ENST00000559648"
"9542",7782,"ENSG00000104154","SLC30A4","ENST00000559667"
"9543",54629,"ENSG00000128923","MINDY2","ENST00000559745"
"9544",7057,"ENSG00000137801","THBS1","ENST00000559746"
"9545",9325,"ENSG00000103671","TRIP4","ENST00000559777"
"9546",114294,"ENSG00000103642","LACTB","ENST00000559782"
"9547",388135,"ENSG00000205363","INSYN1","ENST00000559817"
"9548",55180,"ENSG00000140471","LINS1","ENST00000559827"
"9549",1854,"ENSG00000128951","DUT","ENST00000559852"
"9550",388165,"ENSG00000291027","UBE2Q2P1","ENST00000559871"
"9551",55897,"ENSG00000166823","MESP1","ENST00000559894"
"9552",9493,"ENSG00000137807","KIF23","ENST00000559944"
"9553",9543,"ENSG00000174498","IGDCC3","ENST00000559947"
"9554",84191,"ENSG00000166797","CIAO2A","ENST00000559950"
"9555",57214,"ENSG00000103888","CEMIP","ENST00000559966"
"9556",10901,"ENSG00000157326","DHRS4","ENST00000559975"
"9557",440300,"ENSG00000291211","","ENST00000559989"
"9558",113189,"ENSG00000169105","CHST14","ENST00000559991"
"9559",53339,"ENSG00000064726","BTBD1","ENST00000560015"
"9560",23359,"ENSG00000104059","ENTREP2","ENST00000560050"
"9561",55802,"ENSG00000272886","DCP1A","ENST00000560076"
"9562",54778,"ENSG00000157450","RNF111","ENST00000560080"
"9563",348110,"ENSG00000242498","ARPIN","ENST00000560096"
"9564",10681,"ENSG00000069966","GNB5","ENST00000560116"
"9565",58489,"ENSG00000136379","ABHD17C","ENST00000560126"
"9566",123283,"ENSG00000185418","TARS3","ENST00000560150"
"9567",55075,"ENSG00000137831","UACA","ENST00000560167"
"9568",147912,"ENSG00000177045","SIX5","ENST00000560168"
"9569",5875,"ENSG00000100949","RABGGTA","ENST00000560207"
"9570",79711,"ENSG00000196497","IPO4","ENST00000560222"
"9571",317749,"ENSG00000187630","DHRS4L2","ENST00000560276"
"9572",84888,"ENSG00000138600","SPPL2A","ENST00000560288"
"9573",100128108,"ENSG00000290760","UBE2Q2P13","ENST00000560292"
"9574",771,"ENSG00000074410","CA12","ENST00000560293"
"9575",54816,"ENSG00000137871","ZNF280D","ENST00000560298"
"9576",8925,"ENSG00000103657","HERC1","ENST00000560316"
"9577",51203,"ENSG00000137804","NUSAP1","ENST00000560318"
"9578",283807,"ENSG00000197361","FBXL22","ENST00000560325"
"9579",9101,"ENSG00000138592","USP8","ENST00000560379"
"9580",100505573,"ENSG00000259330","INAFM2","ENST00000560415"
"9581",23186,"ENSG00000089902","RCOR1","ENST00000560472"
"9582",23741,"ENSG00000255302","EID1","ENST00000560490"
"9583",302,"ENSG00000182718","ANXA2","ENST00000560495"
"9584",79664,"ENSG00000128915","ICE2","ENST00000560520"
"9585",89978,"ENSG00000134146","DPH6","ENST00000560526"
"9586",2585,"ENSG00000156958","GALK2","ENST00000560528"
"9587",90416,"ENSG00000128891","CCDC32","ENST00000560535"
"9588",145853,"ENSG00000189227","C15orf61","ENST00000560547"
"9589",374618,"ENSG00000151575","TEX9","ENST00000560582"
"9590",145783,"ENSG00000285331","TCF12-DT","ENST00000560587"
"9591",56906,"ENSG00000129028","THAP10","ENST00000560604"
"9592",3949,"ENSG00000130164","LDLR","ENST00000560628"
"9593",55072,"ENSG00000092098","RNF31","ENST00000560631"
"9594",54822,"ENSG00000092439","TRPM7","ENST00000560638"
"9595",11339,"ENSG00000104147","OIP5","ENST00000560640"
"9596",54878,"ENSG00000074603","DPP8","ENST00000560665"
"9597",2252,"ENSG00000140285","FGF7","ENST00000560704"
"9598",10933,"ENSG00000185787","MORF4L1","ENST00000560710"
"9599",83464,"ENSG00000138613","APH1B","ENST00000560716"
"9600",11245,"ENSG00000166073","GPR176","ENST00000560729"
"9601",5597,"ENSG00000069956","MAPK6","ENST00000560774"
"9602",64864,"ENSG00000181827","RFX7","ENST00000560792"
"9603",641,"ENSG00000197299","BLM","ENST00000560821"
"9604",5955,"ENSG00000117906","RCN2","ENST00000560833"
"9605",6642,"ENSG00000028528","SNX1","ENST00000560861"
"9606",55177,"ENSG00000137824","RMDN3","ENST00000560905"
"9607",374655,"ENSG00000140548","ZNF710","ENST00000560908"
"9608",6935,"ENSG00000148516","ZEB1","ENST00000560909"
"9609",79768,"ENSG00000134152","KATNBL1","ENST00000560915"
"9610",10588,"ENSG00000136371","MTHFS","ENST00000560919"
"9611",10125,"ENSG00000172575","RASGRP1","ENST00000560929"
"9612",51234,"ENSG00000128463","EMC4","ENST00000560947"
"9613",6938,"ENSG00000140262","TCF12","ENST00000560948"
"9614",123720,"ENSG00000156232","WHAMM","ENST00000560964"
"9615",11261,"ENSG00000187446","CHP1","ENST00000560965"
"9616",79856,"ENSG00000157734","SNX22","ENST00000560997"
"9617",57161,"ENSG00000139946","PELI2","ENST00000561019"
"9618",56917,"ENSG00000105419","MEIS3","ENST00000561040"
"9619",7051,"ENSG00000092295","TGM1","ENST00000561067"
"9620",23168,"ENSG00000137815","RTF1","ENST00000561076"
"9621",8826,"ENSG00000140575","IQGAP1","ENST00000561086"
"9622",51324,"ENSG00000090487","SPG21","ENST00000561088"
"9623",2108,"ENSG00000140374","ETFA","ENST00000561092"
"9624",90381,"ENSG00000140534","TICRR","ENST00000561095"
"9625",5721,"ENSG00000100911","PSME2","ENST00000561103"
"9626",5923,"ENSG00000058335","RASGRF1","ENST00000561112"
"9627",4205,"ENSG00000068305","MEF2A","ENST00000561125"
"9628",50804,"ENSG00000104177","MYEF2","ENST00000561151"
"9629",140691,"ENSG00000185880","TRIM69","ENST00000561170"
"9630",6627,"ENSG00000131876","SNRPA1","ENST00000561187"
"9631",140460,"ENSG00000183475","ASB7","ENST00000561192"
"9632",22850,"ENSG00000101544","ADNP2","ENST00000561195"
"9633",7127,"ENSG00000185215","TNFAIP2","ENST00000561217"
"9634",79719,"ENSG00000103591","AAGAB","ENST00000561229"
"9635",54852,"ENSG00000137819","PAQR5","ENST00000561250"
"9636",54832,"ENSG00000129003","VPS13C","ENST00000561258"
"9637",85455,"ENSG00000140323","DISP2","ENST00000561261"
"9638",64963,"ENSG00000181991","MRPS11","ENST00000561262"
"9639",9578,"ENSG00000198752","CDC42BPB","ENST00000561271"
"9640",90525,"ENSG00000138606","SHF","ENST00000561278"
"9641",161742,"ENSG00000166068","SPRED1","ENST00000561317"
"9642",10509,"ENSG00000185033","SEMA4B","ENST00000561321"
"9643",80349,"ENSG00000140395","SKIC8","ENST00000561347"
"9644",80213,"ENSG00000184277","TM2D3","ENST00000561356"
"9645",145773,"ENSG00000157470","FAM81A","ENST00000561361"
"9646",90417,"ENSG00000128944","KNSTRN","ENST00000561367"
"9647",123722,"ENSG00000186628","FSD2","ENST00000561368"
"9648",79618,"ENSG00000147421","HMBOX1","ENST00000561377"
"9649",23431,"ENSG00000081014","AP4E1","ENST00000561397"
"9650",1983,"ENSG00000100664","EIF5","ENST00000561406"
"9651",29767,"ENSG00000128872","TMOD2","ENST00000561407"
"9652",123355,"ENSG00000168904","LRRC28","ENST00000561431"
"9653",84942,"ENSG00000177082","WDR73","ENST00000561434"
"9654",90673,"ENSG00000235194","PPP1R3E","ENST00000561437"
"9655",22893,"ENSG00000140320","BAHD1","ENST00000561464"
"9656",57546,"ENSG00000172840","PDP2","ENST00000561475"
"9657",51673,"ENSG00000159713","TPPP3","ENST00000561537"
"9658",5873,"ENSG00000069974","RAB27A","ENST00000561545"
"9659",53346,"ENSG00000136404","TM6SF1","ENST00000561551"
"9660",57139,"ENSG00000205517","RGL3","ENST00000561570"
"9661",80790,"ENSG00000153815","CMIP","ENST00000561605"
"9662",5531,"ENSG00000149923","PPP4C","ENST00000561610"
"9663",7284,"ENSG00000178952","TUFM","ENST00000561644"
"9664",91862,"ENSG00000140832","MARVELD3","ENST00000561682"
"9665",1632,"ENSG00000167969","ECI1","ENST00000561688"
"9666",55565,"ENSG00000102984","ZNF821","ENST00000561700"
"9667",5261,"ENSG00000156873","PHKG2","ENST00000561712"
"9668",5780,"ENSG00000169410","PTPN9","ENST00000561731"
"9669",51495,"ENSG00000074696","HACD3","ENST00000561763"
"9670",54962,"ENSG00000075131","TIPIN","ENST00000561773"
"9671",29904,"ENSG00000103319","EEF2K","ENST00000561791"
"9672",7385,"ENSG00000140740","UQCRC2","ENST00000561798"
"9673",386757,"ENSG00000290985","","ENST00000561837"
"9674",64779,"ENSG00000103248","MTHFSD","ENST00000561848"
"9675",6693,"ENSG00000197471","SPN","ENST00000561857"
"9676",79613,"ENSG00000103047","TANGO6","ENST00000561931"
"9677",5170,"ENSG00000140992","PDPK1","ENST00000561962"
"9678",79905,"ENSG00000170537","TMC7","ENST00000561963"
"9679",1374,"ENSG00000110090","CPT1A","ENST00000561996"
"9680",283871,"ENSG00000184207","PGP","ENST00000562001"
"9681",348180,"ENSG00000174177","CTU2","ENST00000562011"
"9682",150967,"ENSG00000260804","LINC01963","ENST00000562038"
"9683",10423,"ENSG00000103502","CDIPT","ENST00000562041"
"9684",80153,"ENSG00000179151","EDC3","ENST00000562047"
"9685",57524,"ENSG00000167971","CASKIN1","ENST00000562055"
"9686",999,"ENSG00000039068","CDH1","ENST00000562118"
"9687",55308,"ENSG00000168872","DDX19A","ENST00000562140"
"9688",146227,"ENSG00000166546","BEAN1","ENST00000562146"
"9689",2935,"ENSG00000103342","GSPT1","ENST00000562169"
"9690",100507050,"ENSG00000261594","TPBGL","ENST00000562197"
"9691",1535,"ENSG00000051523","CYBA","ENST00000562209"
"9692",3428,"ENSG00000163565","IFI16","ENST00000562225"
"9693",64223,"ENSG00000167965","MLST8","ENST00000562239"
"9694",81488,"ENSG00000255529","POLR2M","ENST00000562260"
"9695",29109,"ENSG00000135723","FHOD1","ENST00000562266"
"9696",283899,"ENSG00000169592","INO80E","ENST00000562291"
"9697",54947,"ENSG00000087253","LPCAT2","ENST00000562299"
"9698",1012,"ENSG00000140945","CDH13","ENST00000562307"
"9699",102723728,"ENSG00000185164","NOMO2","ENST00000562312"
"9700",56204,"ENSG00000047346","ATOSA","ENST00000562351"
"9701",1459,"ENSG00000070770","CSNK2A2","ENST00000562367"
"9702",23536,"ENSG00000065457","ADAT1","ENST00000562374"
"9703",9764,"ENSG00000135709","KIAA0513","ENST00000562388"
"9704",80011,"ENSG00000172775","PSME3IP1","ENST00000562400"
"9705",28987,"ENSG00000141101","NOB1","ENST00000562416"
"9706",254531,"ENSG00000176454","LPCAT4","ENST00000562431"
"9707",161882,"ENSG00000179588","ZFPM1","ENST00000562437"
"9708",92017,"ENSG00000048471","SNX29","ENST00000562510"
"9709",51388,"ENSG00000132603","NIP7","ENST00000562523"
"9710",10300,"ENSG00000140854","KATNB1","ENST00000562542"
"9711",90861,"ENSG00000206053","JPT2","ENST00000562569"
"9712",146330,"ENSG00000127585","FBXL16","ENST00000562585"
"9713",57519,"ENSG00000159433","STARD9","ENST00000562619"
"9714",6299,"ENSG00000103449","SALL1","ENST00000562674"
"9715",93129,"ENSG00000175938","ORAI3","ENST00000562699"
"9716",80004,"ENSG00000103067","ESRP2","ENST00000562724"
"9717",197322,"ENSG00000176715","ACSF3","ENST00000562750"
"9718",9488,"ENSG00000069943","PIGB","ENST00000562751"
"9719",124359,"ENSG00000166446","CDYL2","ENST00000562753"
"9720",124454,"ENSG00000103356","EARS2","ENST00000562799"
"9721",79724,"ENSG00000169957","ZNF768","ENST00000562803"
"9722",83440,"ENSG00000159322","ADPGK","ENST00000562823"
"9723",23450,"ENSG00000189091","SF3B3","ENST00000562874"
"9724",22909,"ENSG00000198690","FAN1","ENST00000562881"
"9725",5073,"ENSG00000140694","PARN","ENST00000562896"
"9726",57567,"ENSG00000166188","ZNF319","ENST00000562909"
"9727",1327,"ENSG00000131143","COX4I1","ENST00000562929"
"9728",55839,"ENSG00000166451","CENPN","ENST00000562943"
"9729",100288637,"ENSG00000187951","","ENST00000562954"
"9730",89941,"ENSG00000140983","RHOT2","ENST00000562957"
"9731",1445,"ENSG00000103653","CSK","ENST00000563010"
"9732",89970,"ENSG00000159579","RSPRY1","ENST00000563073"
"9733",81831,"ENSG00000171208","NETO2","ENST00000563078"
"9734",84993,"ENSG00000138629","UBL7","ENST00000563081"
"9735",51283,"ENSG00000103429","BFAR","ENST00000563082"
"9736",105371414,"ENSG00000260279","","ENST00000563087"
"9737",91,"ENSG00000135503","ACVR1B","ENST00000563121"
"9738",5713,"ENSG00000103035","PSMD7","ENST00000563150"
"9739",100130958,"ENSG00000205078","SYCE1L","ENST00000563157"
"9740",84529,"ENSG00000186073","CDIN1","ENST00000563167"
"9741",10198,"ENSG00000051825","MPHOSPH9","ENST00000563178"
"9742",6187,"ENSG00000140988","RPS2","ENST00000563194"
"9743",65009,"ENSG00000103034","NDRG4","ENST00000563209"
"9744",653720,"ENSG00000188626","GOLGA8M","ENST00000563213"
"9745",23568,"ENSG00000102931","ARL2BP","ENST00000563234"
"9746",729597,"ENSG00000260097","SPDYE6","ENST00000563237"
"9747",146059,"ENSG00000140326","CDAN1","ENST00000563260"
"9748",29890,"ENSG00000259956","RBM15B","ENST00000563281"
"9749",60490,"ENSG00000138621","PPCDC","ENST00000563298"
"9750",25820,"ENSG00000166233","ARIH1","ENST00000563310"
"9751",8773,"ENSG00000092531","SNAP23","ENST00000563333"
"9752",57019,"ENSG00000005194","CIAPIN1","ENST00000563341"
"9753",64131,"ENSG00000103489","XYLT1","ENST00000563403"
"9754",50810,"ENSG00000166503","HDGFL3","ENST00000563404"
"9755",100507421,"ENSG00000261115","TMEM178B","ENST00000563442"
"9756",51005,"ENSG00000162066","AMDHD2","ENST00000563453"
"9757",9688,"ENSG00000102900","NUP93","ENST00000563465"
"9758",401613,"ENSG00000260802","SERTM2","ENST00000563467"
"9759",8140,"ENSG00000103257","SLC7A5","ENST00000563489"
"9760",84936,"ENSG00000166140","ZFYVE19","ENST00000563497"
"9761",146050,"ENSG00000140265","ZSCAN29","ENST00000563508"
"9762",51693,"ENSG00000167515","TRAPPC2L","ENST00000563514"
"9763",57478,"ENSG00000103404","USP31","ENST00000563525"
"9764",113000,"ENSG00000007376","RPUSD1","ENST00000563560"
"9765",9674,"ENSG00000235750","KIAA0040","ENST00000563563"
"9766",10620,"ENSG00000179361","ARID3B","ENST00000563567"
"9767",79874,"ENSG00000177548","RABEP2","ENST00000563577"
"9768",145957,"ENSG00000169752","NRG4","ENST00000563582"
"9769",5432,"ENSG00000102978","POLR2C","ENST00000563589"
"9770",57338,"ENSG00000154118","JPH3","ENST00000563609"
"9771",84516,"ENSG00000166847","DCTN5","ENST00000563614"
"9772",548593,"ENSG00000132207","SLX1A","ENST00000563616"
"9773",146542,"ENSG00000229809","ZNF688","ENST00000563707"
"9774",26108,"ENSG00000171016","PYGO1","ENST00000563719"
"9775",81533,"ENSG00000129636","ITFG1","ENST00000563730"
"9776",283932,"ENSG00000260852","FBXL19-AS1","ENST00000563777"
"9777",9605,"ENSG00000075399","VPS9D1","ENST00000563798"
"9778",145864,"ENSG00000140511","HAPLN3","ENST00000563808"
"9779",10101,"ENSG00000095906","NUBP2","ENST00000563821"
"9780",57687,"ENSG00000171724","VAT1L","ENST00000563850"
"9781",23162,"ENSG00000138834","MAPK8IP3","ENST00000563868"
"9782",10073,"ENSG00000169371","SNUPN","ENST00000563875"
"9783",3566,"ENSG00000077238","IL4R","ENST00000563886"
"9784",51332,"ENSG00000137877","SPTBN5","ENST00000563899"
"9785",123879,"ENSG00000188215","DCUN1D3","ENST00000563934"
"9786",8924,"ENSG00000128731","HERC2","ENST00000563945"
"9787",146223,"ENSG00000183723","CMTM4","ENST00000563952"
"9788",92912,"ENSG00000140367","UBE2Q2","ENST00000563966"
"9789",283951,"ENSG00000174109","UQCC4","ENST00000563974"
"9790",55737,"ENSG00000069329","VPS35","ENST00000563984"
"9791",8824,"ENSG00000172831","CES2","ENST00000563988"
"9792",51090,"ENSG00000102934","PLLP","ENST00000564018"
"9793",57184,"ENSG00000178761","FAM219B","ENST00000564019"
"9794",9351,"ENSG00000065054","NHERF2","ENST00000564033"
"9795",2635,"ENSG00000117226","GBP3","ENST00000564037"
"9796",84894,"ENSG00000169783","LINGO1","ENST00000564066"
"9797",1783,"ENSG00000135720","DYNC1LI2","ENST00000564090"
"9798",9236,"ENSG00000260916","CCPG1","ENST00000564092"
"9799",487,"ENSG00000196296","ATP2A1","ENST00000564112"
"9800",54700,"ENSG00000085721","RRN3","ENST00000564131"
"9801",54550,"ENSG00000103154","NECAB2","ENST00000564166"
"9802",197342,"ENSG00000197774","EME2","ENST00000564182"
"9803",6524,"ENSG00000140675","SLC5A2","ENST00000564197"
"9804",613037,"ENSG00000198064","NPIPB13","ENST00000564219"
"9805",26263,"ENSG00000167196","FBXO22","ENST00000564220"
"9806",899,"ENSG00000162063","CCNF","ENST00000564236"
"9807",123920,"ENSG00000140931","CMTM3","ENST00000564247"
"9808",388272,"ENSG00000155330","C16orf87","ENST00000564250"
"9809",4832,"ENSG00000103024","NME3","ENST00000564252"
"9810",79801,"ENSG00000171241","SHCBP1","ENST00000564272"
"9811",267,"ENSG00000159461","AMFR","ENST00000564283"
"9812",6810,"ENSG00000103496","STX4","ENST00000564368"
"9813",54849,"ENSG00000140995","DEF8","ENST00000564379"
"9814",57035,"ENSG00000117616","RSRP1","ENST00000564413"
"9815",283849,"ENSG00000179044","EXOC3L1","ENST00000564418"
"9816",27132,"ENSG00000178773","CPNE7","ENST00000564421"
"9817",51704,"ENSG00000167191","GPRC5B","ENST00000564449"
"9818",18,"ENSG00000183044","ABAT","ENST00000564453"
"9819",79759,"ENSG00000167394","ZNF668","ENST00000564456"
"9820",2653,"ENSG00000140905","GCSH","ENST00000564477"
"9821",400506,"ENSG00000103550","KNOP1","ENST00000564480"
"9822",64400,"ENSG00000166971","AKTIP","ENST00000564497"
"9823",6124,"ENSG00000174444","RPL4","ENST00000564517"
"9824",10421,"ENSG00000169217","CD2BP2","ENST00000564525"
"9825",51333,"ENSG00000179965","ZNF771","ENST00000564550"
"9826",1265,"ENSG00000064666","CNN2","ENST00000564572"
"9827",7571,"ENSG00000167377","ZNF23","ENST00000564588"
"9828",5934,"ENSG00000103479","RBL2","ENST00000564605"
"9829",22874,"ENSG00000143850","PLEKHA6","ENST00000564627"
"9830",81631,"ENSG00000140941","MAP1LC3B","ENST00000564638"
"9831",80205,"ENSG00000177200","CHD9","ENST00000564641"
"9832",9143,"ENSG00000127561","SYNGR3","ENST00000564642"
"9833",29100,"ENSG00000168701","TMEM208","ENST00000564649"
"9834",55783,"ENSG00000180917","CMTR2","ENST00000564690"
"9835",4351,"ENSG00000178802","MPI","ENST00000564692"
"9836",9683,"ENSG00000102921","N4BP1","ENST00000564710"
"9837",5257,"ENSG00000102893","PHKB","ENST00000564711"
"9838",51108,"ENSG00000197006","METTL9","ENST00000564733"
"9839",26258,"ENSG00000104164","BLOC1S6","ENST00000564765"
"9840",869,"ENSG00000102924","CBLN1","ENST00000564786"
"9841",54893,"ENSG00000166912","MTMR10","ENST00000564787"
"9842",5347,"ENSG00000166851","PLK1","ENST00000564794"
"9843",2775,"ENSG00000087258","GNAO1","ENST00000564798"
"9844",7041,"ENSG00000140682","TGFB1I1","ENST00000564804"
"9845",9377,"ENSG00000178741","COX5A","ENST00000564811"
"9846",353,"ENSG00000198931","APRT","ENST00000564858"
"9847",8996,"ENSG00000140939","NOL3","ENST00000564860"
"9848",9824,"ENSG00000198826","ARHGAP11A","ENST00000564918"
"9849",51172,"ENSG00000103174","NAGPA","ENST00000564922"
"9850",4649,"ENSG00000066933","MYO9A","ENST00000564931"
"9851",63922,"ENSG00000127586","CHTF18","ENST00000564940"
"9852",55027,"ENSG00000155393","HEATR3","ENST00000564942"
"9853",55238,"ENSG00000103042","SLC38A7","ENST00000564964"
"9854",23475,"ENSG00000103485","QPRT","ENST00000564967"
"9855",527,"ENSG00000185883","ATP6V0C","ENST00000564973"
"9856",4501,"ENSG00000187193","MT1X","ENST00000564974"
"9857",83693,"ENSG00000103160","HSDL1","ENST00000564998"
"9858",56905,"ENSG00000167173","C15orf39","ENST00000565074"
"9859",3029,"ENSG00000063854","HAGH","ENST00000565097"
"9860",164,"ENSG00000166747","AP1G1","ENST00000565161"
"9861",83752,"ENSG00000102910","LONP2","ENST00000565185"
"9862",55239,"ENSG00000087263","OGFOD1","ENST00000565209"
"9863",123775,"ENSG00000166455","C16orf46","ENST00000565253"
"9864",105274304,"ENSG00000261335","","ENST00000565271"
"9865",5371,"ENSG00000140464","PML","ENST00000565317"
"9866",226,"ENSG00000149925","ALDOA","ENST00000565355"
"9867",9289,"ENSG00000205336","ADGRG1","ENST00000565391"
"9868",6925,"ENSG00000196628","TCF4","ENST00000565393"
"9869",197320,"ENSG00000170100","ZNF778","ENST00000565414"
"9870",80152,"ENSG00000102901","CENPT","ENST00000565436"
"9871",80063,"ENSG00000166669","ATF7IP2","ENST00000565450"
"9872",23659,"ENSG00000103066","PLA2G15","ENST00000565460"
"9873",1339,"ENSG00000156885","COX6A2","ENST00000565462"
"9874",8558,"ENSG00000185324","CDK10","ENST00000565470"
"9875",752014,"ENSG00000205923","CEMP1","ENST00000565480"
"9876",647979,"ENSG00000260032","NORAD","ENST00000565493"
"9877",56942,"ENSG00000103121","CMC2","ENST00000565514"
"9878",9013,"ENSG00000103168","TAF1C","ENST00000565544"
"9879",55815,"ENSG00000102904","TSNAXIP1","ENST00000565558"
"9880",105378828,"ENSG00000236915","CLCA4-AS1","ENST00000565575"
"9881",342357,"ENSG00000155592","ZKSCAN2","ENST00000565590"
"9882",84501,"ENSG00000204991","SPIRE2","ENST00000565628"
"9883",653075,"ENSG00000261247","GOLGA8T","ENST00000565649"
"9884",4123,"ENSG00000140400","MAN2C1","ENST00000565652"
"9885",342371,"ENSG00000224470","ATXN1L","ENST00000565676"
"9886",79567,"ENSG00000039523","RIPOR1","ENST00000565679"
"9887",115509,"ENSG00000156853","ZNF689","ENST00000565710"
"9888",123207,"ENSG00000169609","C15orf40","ENST00000565725"
"9889",3735,"ENSG00000065427","KARS1","ENST00000565738"
"9890",4775,"ENSG00000072736","NFATC3","ENST00000565750"
"9891",79077,"ENSG00000179958","DCTPP1","ENST00000565758"
"9892",57707,"ENSG00000140950","MEAK7","ENST00000565765"
"9893",4150,"ENSG00000103495","MAZ","ENST00000565777"
"9894",84326,"ENSG00000130731","METTL26","ENST00000565799"
"9895",10273,"ENSG00000103266","STUB1","ENST00000565813"
"9896",4597,"ENSG00000167508","MVD","ENST00000565842"
"9897",3164,"ENSG00000123358","NR4A1","ENST00000565848"
"9898",51187,"ENSG00000137876","RSL24D1","ENST00000565854"
"9899",22980,"ENSG00000141002","TCF25","ENST00000565860"
"9900",3801,"ENSG00000140859","KIFC3","ENST00000565871"
"9901",23015,"ENSG00000175265","GOLGA8A","ENST00000565885"
"9902",6687,"ENSG00000197912","SPG7","ENST00000565891"
"9903",27316,"ENSG00000147274","RBMX","ENST00000565907"
"9904",6376,"ENSG00000006210","CX3CL1","ENST00000565912"
"9905",89927,"ENSG00000166780","BMERB1","ENST00000565913"
"9906",54620,"ENSG00000099364","FBXL19","ENST00000565939"
"9907",112869,"ENSG00000176476","SGF29","ENST00000565945"
"9908",23582,"ENSG00000166946","CCNDBP1","ENST00000565958"
"9909",78994,"ENSG00000156858","PRR14","ENST00000565977"
"9910",54920,"ENSG00000167264","DUS2","ENST00000565980"
"9911",11345,"ENSG00000034713","GABARAPL2","ENST00000565985"
"9912",23042,"ENSG00000179889","PDXDC1","ENST00000565986"
"9913",58472,"ENSG00000137767","SQOR","ENST00000565997"
"9914",10116,"ENSG00000169018","FEM1B","ENST00000566008"
"9915",283870,"ENSG00000182685","BRICD5","ENST00000566018"
"9916",23214,"ENSG00000169180","XPO6","ENST00000566073"
"9917",79650,"ENSG00000103005","USB1","ENST00000566082"
"9918",728689,"ENSG00000184110","EIF3C","ENST00000566086"
"9919",255919,"ENSG00000205423","CNEP1R1","ENST00000566093"
"9920",51741,"ENSG00000186153","WWOX","ENST00000566103"
"9921",8717,"ENSG00000102871","TRADD","ENST00000566104"
"9922",729993,"ENSG00000237515","SHISA9","ENST00000566106"
"9923",80021,"ENSG00000137842","TMEM62","ENST00000566122"
"9924",56061,"ENSG00000103353","UBFD1","ENST00000566136"
"9925",64755,"ENSG00000140688","RUSF1","ENST00000566148"
"9926",161823,"ENSG00000168803","ADAL","ENST00000566154"
"9927",83716,"ENSG00000103196","CRISPLD2","ENST00000566165"
"9928",100507588,"ENSG00000260001","TGFBR3L","ENST00000566166"
"9929",112755,"ENSG00000099365","STX1B","ENST00000566211"
"9930",7874,"ENSG00000187555","USP7","ENST00000566224"
"9931",27229,"ENSG00000137822","TUBGCP4","ENST00000566251"
"9932",10428,"ENSG00000153774","CFDP1","ENST00000566254"
"9933",652276,"ENSG00000291228","","ENST00000566272"
"9934",115939,"ENSG00000007520","TSR3","ENST00000566296"
"9935",27183,"ENSG00000132612","VPS4A","ENST00000566354"
"9936",23204,"ENSG00000170540","ARL6IP1","ENST00000566391"
"9937",85407,"ENSG00000140807","NKD1","ENST00000566396"
"9938",83719,"ENSG00000090238","YPEL3","ENST00000566401"
"9939",283869,"ENSG00000183971","NPW","ENST00000566435"
"9940",22879,"ENSG00000103111","MON1B","ENST00000566455"
"9941",28232,"ENSG00000176463","SLCO3A1","ENST00000566477"
"9942",23300,"ENSG00000166454","ATMIN","ENST00000566488"
"9943",83886,"ENSG00000172382","PRSS27","ENST00000566492"
"9944",29070,"ENSG00000103021","CCDC113","ENST00000566498"
"9945",23062,"ENSG00000103365","GGA2","ENST00000566547"
"9946",1066,"ENSG00000198848","CES1","ENST00000566555"
"9947",4313,"ENSG00000087245","MMP2","ENST00000566564"
"9948",4504,"ENSG00000087250","MT3","ENST00000566576"
"9949",6236,"ENSG00000166592","RRAD","ENST00000566577"
"9950",80178,"ENSG00000162062","TEDC2","ENST00000566580"
"9951",64788,"ENSG00000103227","LMF1","ENST00000566609"
"9952",55697,"ENSG00000103043","VAC14","ENST00000566655"
"9953",10302,"ENSG00000174446","SNAPC5","ENST00000566658"
"9954",124245,"ENSG00000158545","ZC3H18","ENST00000566660"
"9955",583,"ENSG00000125124","BBS2","ENST00000566689"
"9956",2595,"ENSG00000214013","GANC","ENST00000566690"
"9957",100134229,"ENSG00000260231","KDM7A-DT","ENST00000566699"
"9958",25837,"ENSG00000167964","RAB26","ENST00000566724"
"9959",728498,"ENSG00000261794","GOLGA8H","ENST00000566740"
"9960",389432,"ENSG00000203727","SAMD5","ENST00000566741"
"9961",10921,"ENSG00000205937","RNPS1","ENST00000566783"
"9962",1186,"ENSG00000103249","CLCN7","ENST00000566812"
"9963",23420,"ENSG00000103512","NOMO1","ENST00000566823"
"9964",57020,"ENSG00000103544","VPS35L","ENST00000566850"
"9965",124045,"ENSG00000167523","SPATA33","ENST00000566857"
"9966",6650,"ENSG00000103326","CAPN15","ENST00000566977"
"9967",23594,"ENSG00000091651","ORC6","ENST00000567000"
"9968",79728,"ENSG00000083093","PALB2","ENST00000567003"
"9969",221184,"ENSG00000140848","CPNE2","ENST00000567011"
"9970",84219,"ENSG00000127580","WDR24","ENST00000567014"
"9971",11273,"ENSG00000168488","ATXN2L","ENST00000567024"
"9972",92806,"ENSG00000293473","CENPBD1P","ENST00000567035"
"9973",9836,"ENSG00000168806","LCMT2","ENST00000567039"
"9974",64397,"ENSG00000103994","ZNF106","ENST00000567041"
"9975",11051,"ENSG00000167005","NUDT21","ENST00000567110"
"9976",1877,"ENSG00000167967","E4F1","ENST00000567111"
"9977",25894,"ENSG00000196155","PLEKHG4","ENST00000567136"
"9978",64785,"ENSG00000181938","GINS3","ENST00000567143"
"9979",64428,"ENSG00000103245","CIAO3","ENST00000567172"
"9980",55715,"ENSG00000125170","DOK4","ENST00000567175"
"9981",642658,"ENSG00000260428","SCX","ENST00000567180"
"9982",27020,"ENSG00000156642","NPTN","ENST00000567198"
"9983",3073,"ENSG00000213614","HEXA","ENST00000567213"
"9984",1874,"ENSG00000205250","E2F4","ENST00000567228"
"9985",84916,"ENSG00000141076","UTP4","ENST00000567287"
"9986",4502,"ENSG00000125148","MT2A","ENST00000567300"
"9987",11060,"ENSG00000198373","WWP2","ENST00000567303"
"9988",9057,"ENSG00000103064","SLC7A6","ENST00000567325"
"9989",8139,"ENSG00000261609","GAN","ENST00000567335"
"9990",5336,"ENSG00000197943","PLCG2","ENST00000567356"
"9991",197370,"ENSG00000169189","NSMCE1","ENST00000567375"
"9992",123803,"ENSG00000157045","NTAN1","ENST00000567420"
"9993",9738,"ENSG00000103540","CCP110","ENST00000567451"
"9994",124056,"ENSG00000196408","NOXO1","ENST00000567471"
"9995",162239,"ENSG00000184517","ZFP1","ENST00000567481"
"9996",146057,"ENSG00000128881","TTBK2","ENST00000567485"
"9997",6817,"ENSG00000196502","SULT1A1","ENST00000567512"
"9998",9100,"ENSG00000103194","USP10","ENST00000567526"
"9999",6483,"ENSG00000157350","ST3GAL2","ENST00000567586"
"10000",10607,"ENSG00000183751","TBL3","ENST00000567615"
"10001",79791,"ENSG00000103264","FBXO31","ENST00000567622"
"10002",90850,"ENSG00000167962","ZNF598","ENST00000567625"
"10003",23589,"ENSG00000153048","CARHSP1","ENST00000567626"
"10004",56965,"ENSG00000137817","PARP6","ENST00000567633"
"10005",441818,"ENSG00000293029","","ENST00000567636"
"10006",29105,"ENSG00000070761","CFAP20","ENST00000567660"
"10007",8766,"ENSG00000103769","RAB11A","ENST00000567671"
"10008",4494,"ENSG00000198417","MT1F","ENST00000567672"
"10009",4016,"ENSG00000129038","LOXL1","ENST00000567675"
"10010",10295,"ENSG00000103507","BCKDK","ENST00000567682"
"10011",29948,"ENSG00000140961","OSGIN1","ENST00000567707"
"10012",57188,"ENSG00000156218","ADAMTSL3","ENST00000567716"
"10013",2671,"ENSG00000127554","GFER","ENST00000567719"
"10014",10200,"ENSG00000135698","MPHOSPH6","ENST00000567729"
"10015",23049,"ENSG00000157106","SMG1","ENST00000567737"
"10016",4706,"ENSG00000004779","NDUFAB1","ENST00000567761"
"10017",146540,"ENSG00000197162","ZNF785","ENST00000567773"
"10018",79875,"ENSG00000187720","THSD4","ENST00000567776"
"10019",1731,"ENSG00000180096","SEPTIN1","ENST00000567783"
"10020",23406,"ENSG00000103187","COTL1","ENST00000567786"
"10021",825,"ENSG00000092529","CAPN3","ENST00000567817"
"10022",91949,"ENSG00000168434","COG7","ENST00000567821"
"10023",29117,"ENSG00000166164","BRD7","ENST00000567826"
"10024",10776,"ENSG00000128989","ARPP19","ENST00000567830"
"10025",5652,"ENSG00000052344","PRSS8","ENST00000567833"
"10026",7014,"ENSG00000132604","TERF2","ENST00000567841"
"10027",26873,"ENSG00000178814","OPLAH","ENST00000567871"
"10028",55066,"ENSG00000090857","PDPR","ENST00000567896"
"10029",339123,"ENSG00000161999","JMJD8","ENST00000567901"
"10030",21,"ENSG00000167972","ABCA3","ENST00000567910"
"10031",54939,"ENSG00000140365","COMMD4","ENST00000567935"
"10032",2175,"ENSG00000187741","FANCA","ENST00000567943"
"10033",100134444,"ENSG00000260458","KCNJ18","ENST00000567955"
"10034",6477,"ENSG00000196470","SIAH1","ENST00000567973"
"10035",65988,"ENSG00000169955","ZNF747","ENST00000568028"
"10036",730094,"ENSG00000185716","MOSMO","ENST00000568049"
"10037",124152,"ENSG00000174628","IQCK","ENST00000568061"
"10038",9961,"ENSG00000013364","MVP","ENST00000568068"
"10039",192683,"ENSG00000198794","SCAMP5","ENST00000568081"
"10040",23090,"ENSG00000102935","ZNF423","ENST00000568094"
"10041",84901,"ENSG00000176953","NFATC2IP","ENST00000568148"
"10042",197257,"ENSG00000166816","LDHD","ENST00000568164"
"10043",653319,"ENSG00000196123","MATCAP1","ENST00000568165"
"10044",6692,"ENSG00000166145","SPINT1","ENST00000568200"
"10045",83481,"ENSG00000261150","EPPK1","ENST00000568225"
"10046",1198,"ENSG00000179335","CLK3","ENST00000568232"
"10047",9894,"ENSG00000100726","TELO2","ENST00000568240"
"10048",112479,"ENSG00000196678","ERI2","ENST00000568251"
"10049",2622,"ENSG00000141013","GAS8","ENST00000568284"
"10050",4493,"ENSG00000169715","MT1E","ENST00000568293"
"10051",9114,"ENSG00000159720","ATP6V0D1","ENST00000568298"
"10052",11057,"ENSG00000140526","ABHD2","ENST00000568308"
"10053",79007,"ENSG00000003249","DBNDD1","ENST00000568330"
"10054",92595,"ENSG00000169951","ZNF764","ENST00000568333"
"10055",81691,"ENSG00000005189","REXO5","ENST00000568334"
"10056",23339,"ENSG00000166887","VPS39","ENST00000568357"
"10057",26470,"ENSG00000174938","SEZ6L2","ENST00000568380"
"10058",79006,"ENSG00000103260","METRN","ENST00000568415"
"10059",90864,"ENSG00000162032","SPSB3","ENST00000568416"
"10060",25963,"ENSG00000103978","TMEM87A","ENST00000568432"
"10061",51760,"ENSG00000103528","SYT17","ENST00000568433"
"10062",7301,"ENSG00000092445","TYRO3","ENST00000568490"
"10063",730183,"ENSG00000261840","","ENST00000568500"
"10064",10260,"ENSG00000174485","DENND4A","ENST00000568515"
"10065",585,"ENSG00000140463","BBS4","ENST00000568535"
"10066",84138,"ENSG00000103061","SLC7A6OS","ENST00000568538"
"10067",89839,"ENSG00000285077","ARHGAP11B","ENST00000568574"
"10068",23247,"ENSG00000047578","KATNIP","ENST00000568622"
"10069",728392,"ENSG00000286190","","ENST00000568641"
"10070",29800,"ENSG00000159714","ZDHHC1","ENST00000568650"
"10071",4495,"ENSG00000125144","MT1G","ENST00000568675"
"10072",22801,"ENSG00000137809","ITGA11","ENST00000568677"
"10073",11173,"ENSG00000136378","ADAMTS7","ENST00000568712"
"10074",253980,"ENSG00000174943","KCTD13","ENST00000568721"
"10075",1540,"ENSG00000083799","CYLD","ENST00000568744"
"10076",9709,"ENSG00000051108","HERPUD1","ENST00000568814"
"10077",83985,"ENSG00000169682","SPNS1","ENST00000568829"
"10078",10725,"ENSG00000102908","NFAT5","ENST00000568832"
"10079",84937,"ENSG00000186187","ZNRF1","ENST00000568844"
"10080",865,"ENSG00000067955","CBFB","ENST00000568858"
"10081",9655,"ENSG00000171150","SOCS5","ENST00000568862"
"10082",25970,"ENSG00000178188","SH2B1","ENST00000568868"
"10083",115752,"ENSG00000166938","DIS3L","ENST00000568874"
"10084",8479,"ENSG00000149929","HIRIP3","ENST00000568880"
"10085",25942,"ENSG00000169375","SIN3A","ENST00000568919"
"10086",10056,"ENSG00000116120","FARSB","ENST00000568928"
"10087",113,"ENSG00000121281","ADCY7","ENST00000568930"
"10088",100507290,"ENSG00000261221","ZNF865","ENST00000568956"
"10089",55625,"ENSG00000153786","ZDHHC7","ENST00000569017"
"10090",23417,"ENSG00000103150","MLYCD","ENST00000569024"
"10091",1039,"ENSG00000140743","CDR2","ENST00000569045"
"10092",5315,"ENSG00000067225","PKM","ENST00000569050"
"10093",92922,"ENSG00000135736","CCDC102A","ENST00000569068"
"10094",1001,"ENSG00000062038","CDH3","ENST00000569117"
"10095",1728,"ENSG00000181019","NQO1","ENST00000569118"
"10096",10066,"ENSG00000140497","SCAMP2","ENST00000569124"
"10097",81620,"ENSG00000167513","CDT1","ENST00000569140"
"10098",257364,"ENSG00000173548","SNX33","ENST00000569152"
"10099",1775,"ENSG00000167968","DNASE1L2","ENST00000569184"
"10100",84706,"ENSG00000166123","GPT2","ENST00000569193"
"10101",30844,"ENSG00000103966","EHD4","ENST00000569223"
"10102",11269,"ENSG00000157349","DDX19B","ENST00000569224"
"10103",440248,"ENSG00000291082","HERC2P9","ENST00000569226"
"10104",10229,"ENSG00000167186","COQ7","ENST00000569259"
"10105",23019,"ENSG00000125107","CNOT1","ENST00000569263"
"10106",124491,"ENSG00000166822","TMEM170A","ENST00000569276"
"10107",80262,"ENSG00000125149","PHAF1","ENST00000569277"
"10108",4058,"ENSG00000062524","LTK","ENST00000569283"
"10109",51647,"ENSG00000166595","CIAO2B","ENST00000569299"
"10110",170692,"ENSG00000140873","ADAMTS18","ENST00000569309"
"10111",101928728,"ENSG00000260063","","ENST00000569378"
"10112",79726,"ENSG00000103091","WDR59","ENST00000569421"
"10113",2588,"ENSG00000141012","GALNS","ENST00000569433"
"10114",115992,"ENSG00000158717","RNF166","ENST00000569478"
"10115",124446,"ENSG00000149932","TMEM219","ENST00000569481"
"10116",55055,"ENSG00000174442","ZWILCH","ENST00000569489"
"10117",79892,"ENSG00000197771","MCMBP","ENST00000569515"
"10118",81556,"ENSG00000138614","INTS14","ENST00000569565"
"10119",65993,"ENSG00000074071","MRPS34","ENST00000569585"
"10120",79831,"ENSG00000155666","KDM8","ENST00000569592"
"10121",79091,"ENSG00000067365","METTL22","ENST00000569597"
"10122",84264,"ENSG00000103253","HAGHL","ENST00000569604"
"10123",8482,"ENSG00000138623","SEMA7A","ENST00000569617"
"10124",29957,"ENSG00000085491","SLC25A24","ENST00000569674"
"10125",54442,"ENSG00000167977","KCTD5","ENST00000569689"
"10126",23246,"ENSG00000261236","BOP1","ENST00000569712"
"10127",23322,"ENSG00000103494","RPGRIP1L","ENST00000569716"
"10128",79661,"ENSG00000140398","NEIL1","ENST00000569758"
"10129",54957,"ENSG00000140830","TXNL4B","ENST00000569767"
"10130",55623,"ENSG00000066654","THUMPD1","ENST00000569768"
"10131",51573,"ENSG00000006007","GDE1","ENST00000569773"
"10132",1009,"ENSG00000140937","CDH11","ENST00000569783"
"10133",91807,"ENSG00000140795","MYLK3","ENST00000569810"
"10134",440270,"ENSG00000215252","GOLGA8B","ENST00000569811"
"10135",9742,"ENSG00000187535","IFT140","ENST00000569812"
"10136",146167,"ENSG00000166558","SLC38A8","ENST00000569816"
"10137",26015,"ENSG00000103932","RPAP1","ENST00000569829"
"10138",92822,"ENSG00000158805","ZNF276","ENST00000569901"
"10139",124044,"ENSG00000158792","SPATA2L","ENST00000569918"
"10140",9785,"ENSG00000140829","DHX38","ENST00000569952"
"10141",8883,"ENSG00000159593","NAE1","ENST00000569963"
"10142",57017,"ENSG00000088682","COQ9","ENST00000569980"
"10143",863,"ENSG00000129993","CBFA2T3","ENST00000570046"
"10144",4324,"ENSG00000102996","MMP15","ENST00000570065"
"10145",89832,"ENSG00000166664","CHRFAM7A","ENST00000570098"
"10146",79798,"ENSG00000140691","ARMC5","ENST00000570119"
"10147",2975,"ENSG00000077235","GTF3C1","ENST00000570129"
"10148",5310,"ENSG00000008710","PKD1","ENST00000570150"
"10149",255252,"ENSG00000180979","LRRC57","ENST00000570160"
"10150",84231,"ENSG00000131653","TRAF7","ENST00000570169"
"10151",4716,"ENSG00000140990","NDUFB10","ENST00000570172"
"10152",5930,"ENSG00000122257","RBBP6","ENST00000570185"
"10153",54715,"ENSG00000078328","RBFOX1","ENST00000570188"
"10154",65990,"ENSG00000103254","ANTKMT","ENST00000570237"
"10155",9552,"ENSG00000091640","SPAG7","ENST00000570341"
"10156",408050,"ENSG00000103226","NOMO3","ENST00000570346"
"10157",10131,"ENSG00000126602","TRAP1","ENST00000570403"
"10158",2618,"ENSG00000262473","GART","ENST00000570410"
"10159",28955,"ENSG00000182108","DEXI","ENST00000570440"
"10160",11248,"ENSG00000182575","NXPH3","ENST00000570453"
"10161",9851,"ENSG00000198920","KIAA0753","ENST00000570455"
"10162",59342,"ENSG00000121064","SCPEP1","ENST00000570479"
"10163",22994,"ENSG00000141577","CEP131","ENST00000570482"
"10164",342527,"ENSG00000188176","SMTNL2","ENST00000570526"
"10165",8402,"ENSG00000108528","SLC25A11","ENST00000570543"
"10166",84316,"ENSG00000183011","NAA38","ENST00000570555"
"10167",3163,"ENSG00000103415","HMOX2","ENST00000570622"
"10168",23135,"ENSG00000132510","KDM6B","ENST00000570632"
"10169",23293,"ENSG00000070366","SMG6","ENST00000570668"
"10170",4635,"ENSG00000198336","MYL4","ENST00000570671"
"10171",64122,"ENSG00000167363","FN3K","ENST00000570734"
"10172",8526,"ENSG00000153933","DGKE","ENST00000570738"
"10173",7442,"ENSG00000196689","TRPV1","ENST00000570742"
"10174",145788,"ENSG00000261652","PIERCE2","ENST00000570794"
"10175",9344,"ENSG00000149930","TAOK2","ENST00000570844"
"10176",79850,"ENSG00000167695","TLCD3A","ENST00000570892"
"10177",7755,"ENSG00000122386","ZNF205","ENST00000570935"
"10178",57555,"ENSG00000169992","NLGN2","ENST00000570940"
"10179",124976,"ENSG00000183018","SPNS2","ENST00000570979"
"10180",10514,"ENSG00000132382","MYBBP1A","ENST00000570986"
"10181",64132,"ENSG00000015532","XYLT2","ENST00000571021"
"10182",84817,"ENSG00000129235","TXNDC17","ENST00000571029"
"10183",23152,"ENSG00000079432","CIC","ENST00000571033"
"10184",79228,"ENSG00000131652","THOC6","ENST00000571046"
"10185",6448,"ENSG00000181523","SGSH","ENST00000571075"
"10186",7775,"ENSG00000167840","ZNF232","ENST00000571076"
"10187",64359,"ENSG00000167693","NXN","ENST00000571080"
"10188",339229,"ENSG00000204237","OXLD1","ENST00000571092"
"10189",51087,"ENSG00000006047","YBX2","ENST00000571127"
"10190",201140,"ENSG00000184544","DHRS7C","ENST00000571134"
"10191",55178,"ENSG00000171861","MRM3","ENST00000571157"
"10192",4239,"ENSG00000166482","MFAP4","ENST00000571210"
"10193",146712,"ENSG00000175711","B3GNTL1","ENST00000571218"
"10194",84461,"ENSG00000215041","NEURL4","ENST00000571243"
"10195",3212,"ENSG00000173917","HOXB2","ENST00000571287"
"10196",220134,"ENSG00000262634","SKA1","ENST00000571318"
"10197",10594,"ENSG00000174231","PRPF8","ENST00000571346"
"10198",27043,"ENSG00000141456","PELP1","ENST00000571347"
"10199",51330,"ENSG00000006327","TNFRSF12A","ENST00000571351"
"10200",7157,"ENSG00000141510","TP53","ENST00000571370"
"10201",1723,"ENSG00000102967","DHODH","ENST00000571392"
"10202",23399,"ENSG00000175826","CTDNEP1","ENST00000571409"
"10203",79643,"ENSG00000176108","CHMP6","ENST00000571457"
"10204",757,"ENSG00000263160","TMEM50B","ENST00000571497"
"10205",4629,"ENSG00000133392","MYH11","ENST00000571505"
"10206",29,"ENSG00000159842","ABR","ENST00000571543"
"10207",23277,"ENSG00000132361","CLUH","ENST00000571566"
"10208",54478,"ENSG00000129195","PIMREG","ENST00000571572"
"10209",1353,"ENSG00000166260","COX11","ENST00000571584"
"10210",79672,"ENSG00000141560","FN3KRP","ENST00000571594"
"10211",9513,"ENSG00000129245","FXR2","ENST00000571597"
"10212",146705,"ENSG00000167302","TEPSIN","ENST00000571601"
"10213",5023,"ENSG00000108405","P2RX1","ENST00000571637"
"10214",79767,"ENSG00000102890","ELMO3","ENST00000571638"
"10215",7164,"ENSG00000111907","TPD52L1","ENST00000571678"
"10216",91151,"ENSG00000140993","TIGD7","ENST00000571748"
"10217",4335,"ENSG00000070444","MNT","ENST00000571836"
"10218",11216,"ENSG00000108599","AKAP10","ENST00000571858"
"10219",125058,"ENSG00000167291","TBC1D16","ENST00000571872"
"10220",9526,"ENSG00000129255","MPDU1","ENST00000571877"
"10221",54925,"ENSG00000140987","ZSCAN32","ENST00000571906"
"10222",51009,"ENSG00000072849","DERL2","ENST00000571968"
"10223",23587,"ENSG00000170291","ELP5","ENST00000572104"
"10224",3682,"ENSG00000083457","ITGAE","ENST00000572121"
"10225",79585,"ENSG00000262246","CORO7","ENST00000572140"
"10226",1398,"ENSG00000167193","CRK","ENST00000572145"
"10227",9074,"ENSG00000184697","CLDN6","ENST00000572154"
"10228",5833,"ENSG00000185813","PCYT2","ENST00000572157"
"10229",124641,"ENSG00000262664","OVCA2","ENST00000572195"
"10230",9135,"ENSG00000029725","RABEP1","ENST00000572250"
"10231",115,"ENSG00000162104","ADCY9","ENST00000572288"
"10232",4927,"ENSG00000108559","NUP88","ENST00000572290"
"10233",5216,"ENSG00000108518","PFN1","ENST00000572383"
"10234",7023,"ENSG00000090447","TFAP4","ENST00000572393"
"10235",54820,"ENSG00000072864","NDE1","ENST00000572503"
"10236",5176,"ENSG00000132386","SERPINF1","ENST00000572517"
"10237",339230,"ENSG00000185298","CCDC137","ENST00000572531"
"10238",58488,"ENSG00000141179","PCTP","ENST00000572536"
"10239",7727,"ENSG00000103343","ZNF174","ENST00000572544"
"10240",57407,"ENSG00000153406","NMRAL1","ENST00000572559"
"10241",8165,"ENSG00000121057","AKAP1","ENST00000572560"
"10242",10966,"ENSG00000141542","RAB40B","ENST00000572603"
"10243",147650,"ENSG00000182310","SPACA6","ENST00000572609"
"10244",644246,"ENSG00000214401","KANSL1-AS1","ENST00000572634"
"10245",474170,"ENSG00000238083","LRRC37A2","ENST00000572638"
"10246",9088,"ENSG00000127564","PKMYT1","ENST00000572658"
"10247",5598,"ENSG00000166484","MAPK7","ENST00000572716"
"10248",114984,"ENSG00000162076","FLYWCH2","ENST00000572786"
"10249",11073,"ENSG00000163781","TOPBP1","ENST00000572787"
"10250",9625,"ENSG00000181409","AATK","ENST00000572798"
"10251",55159,"ENSG00000168411","RFWD3","ENST00000572840"
"10252",9501,"ENSG00000181031","RPH3AL","ENST00000572866"
"10253",9905,"ENSG00000141258","SGSM2","ENST00000572925"
"10254",339231,"ENSG00000214087","ARL16","ENST00000572937"
"10255",8161,"ENSG00000121058","COIL","ENST00000573008"
"10256",8725,"ENSG00000105176","URI1","ENST00000573052"
"10257",5306,"ENSG00000174238","PITPNA","ENST00000573056"
"10258",9482,"ENSG00000170310","STX8","ENST00000573077"
"10259",432,"ENSG00000141505","ASGR1","ENST00000573083"
"10260",58191,"ENSG00000161921","CXCL16","ENST00000573123"
"10261",84981,"ENSG00000186594","MIR22HG","ENST00000573127"
"10262",84148,"ENSG00000103510","KAT8","ENST00000573144"
"10263",57521,"ENSG00000141564","RPTOR","ENST00000573163"
"10264",440465,"ENSG00000226137","BAIAP2-DT","ENST00000573167"
"10265",284184,"ENSG00000224877","NDUFAF8","ENST00000573173"
"10266",51061,"ENSG00000153066","TXNDC11","ENST00000573174"
"10267",1468,"ENSG00000183048","SLC25A10","ENST00000573246"
"10268",4831,"ENSG00000243678","NME2","ENST00000573262"
"10269",3690,"ENSG00000259207","ITGB3","ENST00000573377"
"10270",64220,"ENSG00000137868","STRA6","ENST00000573391"
"10271",83547,"ENSG00000167705","RILP","ENST00000573398"
"10272",84254,"ENSG00000004660","CAMKK1","ENST00000573483"
"10273",224,"ENSG00000072210","ALDH3A2","ENST00000573505"
"10274",6210,"ENSG00000134419","RPS15A","ENST00000573554"
"10275",2548,"ENSG00000171298","GAA","ENST00000573556"
"10276",23524,"ENSG00000167978","SRRM2","ENST00000573583"
"10277",4682,"ENSG00000103274","NUBP1","ENST00000573663"
"10278",57146,"ENSG00000011638","LDAF1","ENST00000573688"
"10279",400569,"ENSG00000161920","MED11","ENST00000573708"
"10280",100996746,"ENSG00000275976","SPDYE11","ENST00000573748"
"10281",10749,"ENSG00000129250","KIF1C","ENST00000573815"
"10282",54985,"ENSG00000103145","HCFC1R1","ENST00000573842"
"10283",8578,"ENSG00000074660","SCARF1","ENST00000573867"
"10284",55036,"ENSG00000141519","CCDC40","ENST00000573903"
"10285",57674,"ENSG00000173821","RNF213","ENST00000573919"
"10286",11337,"ENSG00000170296","GABARAP","ENST00000573928"
"10287",112483,"ENSG00000141504","SAT2","ENST00000573930"
"10288",124739,"ENSG00000154914","USP43","ENST00000573955"
"10289",51529,"ENSG00000141552","ANAPC11","ENST00000573956"
"10290",58485,"ENSG00000170043","TRAPPC1","ENST00000573989"
"10291",6117,"ENSG00000132383","RPA1","ENST00000573994"
"10292",84268,"ENSG00000129197","RPAIN","ENST00000574003"
"10293",56919,"ENSG00000005100","DHX33","ENST00000574023"
"10294",374443,"ENSG00000291107","","ENST00000574035"
"10295",147166,"ENSG00000291110","","ENST00000574042"
"10296",284207,"ENSG00000176845","METRNL","ENST00000574053"
"10297",7326,"ENSG00000132388","UBE2G1","ENST00000574059"
"10298",55666,"ENSG00000182446","NPLOC4","ENST00000574095"
"10299",10403,"ENSG00000080986","NDC80","ENST00000574096"
"10300",94104,"ENSG00000263141","PAXBP1","ENST00000574159"
"10301",124637,"ENSG00000182224","CYB5D1","ENST00000574196"
"10302",2874,"ENSG00000132522","GPS2","ENST00000574201"
"10303",5048,"ENSG00000007168","PAFAH1B1","ENST00000574213"
"10304",63826,"ENSG00000167720","SRR","ENST00000574229"
"10305",29035,"ENSG00000182831","HAPSTR1","ENST00000574285"
"10306",26156,"ENSG00000171490","RSL1D1","ENST00000574287"
"10307",10040,"ENSG00000141198","TOM1L1","ENST00000574318"
"10308",9093,"ENSG00000103423","DNAJA3","ENST00000574393"
"10309",80270,"ENSG00000099377","HSD3B7","ENST00000574447"
"10310",51451,"ENSG00000205629","LCMT1","ENST00000574450"
"10311",55040,"ENSG00000049283","EPN3","ENST00000574464"
"10312",23140,"ENSG00000074755","ZZEF1","ENST00000574474"
"10313",26001,"ENSG00000108523","RNF167","ENST00000574548"
"10314",7760,"ENSG00000085644","ZNF213","ENST00000574575"
"10315",10127,"ENSG00000006194","ZNF263","ENST00000574674"
"10316",64863,"ENSG00000101574","METTL4","ENST00000574676"
"10317",4097,"ENSG00000197063","MAFG","ENST00000574686"
"10318",3607,"ENSG00000141568","FOXK2","ENST00000574694"
"10319",23108,"ENSG00000132359","RAP1GAP2","ENST00000574709"
"10320",162514,"ENSG00000167723","TRPV3","ENST00000574773"
"10321",1428,"ENSG00000103316","CRYM","ENST00000574787"
"10322",56270,"ENSG00000141580","WDR45B","ENST00000574828"
"10323",79142,"ENSG00000040633","PHF23","ENST00000574899"
"10324",51547,"ENSG00000187531","SIRT7","ENST00000574915"
"10325",51763,"ENSG00000132376","INPP5K","ENST00000574955"
"10326",50628,"ENSG00000179409","GEMIN4","ENST00000574958"
"10327",23035,"ENSG00000040199","PHLPP2","ENST00000574977"
"10328",124222,"ENSG00000162073","PAQR4","ENST00000574988"
"10329",29066,"ENSG00000122299","ZC3H7A","ENST00000574995"
"10330",7706,"ENSG00000121060","TRIM25","ENST00000574997"
"10331",284129,"ENSG00000181045","SLC26A11","ENST00000575019"
"10332",23644,"ENSG00000038358","EDC4","ENST00000575033"
"10333",348262,"ENSG00000225663","MCRIP1","ENST00000575061"
"10334",5681,"ENSG00000159792","PSKH1","ENST00000575198"
"10335",83394,"ENSG00000091622","PITPNM3","ENST00000575201"
"10336",7627,"ENSG00000162086","ZNF75A","ENST00000575253"
"10337",3931,"ENSG00000213398","LCAT","ENST00000575277"
"10338",1506,"ENSG00000141086","CTRL","ENST00000575302"
"10339",3460,"ENSG00000262795","IFNGR2","ENST00000575304"
"10340",23059,"ENSG00000103351","CLUAP1","ENST00000575323"
"10341",4641,"ENSG00000197879","MYO1C","ENST00000575335"
"10342",1140,"ENSG00000170175","CHRNB1","ENST00000575379"
"10343",124936,"ENSG00000167740","CYB5D2","ENST00000575411"
"10344",9744,"ENSG00000072818","ACAP1","ENST00000575415"
"10345",55114,"ENSG00000140750","ARHGAP17","ENST00000575447"
"10346",10308,"ENSG00000185947","ZNF267","ENST00000575471"
"10347",1773,"ENSG00000213918","DNASE1","ENST00000575479"
"10348",51003,"ENSG00000108590","MED31","ENST00000575519"
"10349",5699,"ENSG00000205220","PSMB10","ENST00000575556"
"10350",23125,"ENSG00000108509","CAMTA2","ENST00000575580"
"10351",5694,"ENSG00000142507","PSMB6","ENST00000575643"
"10352",84256,"ENSG00000059122","FLYWCH1","ENST00000575679"
"10353",368,"ENSG00000091262","ABCC6","ENST00000575728"
"10354",79412,"ENSG00000131650","KREMEN2","ENST00000575769"
"10355",201232,"ENSG00000174327","SLC16A13","ENST00000575844"
"10356",84331,"ENSG00000172366","MCRIP2","ENST00000575894"
"10357",123811,"ENSG00000133393","CEP20","ENST00000575938"
"10358",51025,"ENSG00000217930","PAM16","ENST00000575942"
"10359",124935,"ENSG00000167703","SLC43A2","ENST00000575944"
"10360",5338,"ENSG00000129219","PLD2","ENST00000575945"
"10361",51479,"ENSG00000185722","ANKFY1","ENST00000575955"
"10362",9775,"ENSG00000141543","EIF4A3","ENST00000575957"
"10363",71,"ENSG00000184009","ACTG1","ENST00000575994"
"10364",254863,"ENSG00000205544","TMEM256","ENST00000576017"
"10365",50488,"ENSG00000141503","MINK1","ENST00000576037"
"10366",708,"ENSG00000108561","C1QBP","ENST00000576122"
"10367",55720,"ENSG00000167721","TSR1","ENST00000576202"
"10368",727758,"ENSG00000290877","","ENST00000576266"
"10369",2256,"ENSG00000161958","FGF11","ENST00000576328"
"10370",9516,"ENSG00000189067","LITAF","ENST00000576334"
"10371",92154,"ENSG00000132613","MTSS2","ENST00000576338"
"10372",55379,"ENSG00000108829","LRRC59","ENST00000576448"
"10373",7473,"ENSG00000108379","WNT3","ENST00000576471"
"10374",116840,"ENSG00000170037","CNTROB","ENST00000576536"
"10375",5430,"ENSG00000181222","POLR2A","ENST00000576553"
"10376",114826,"ENSG00000186532","SMYD4","ENST00000576633"
"10377",6462,"ENSG00000129214","SHBG","ENST00000576747"
"10378",84622,"ENSG00000180626","ZNF594","ENST00000576772"
"10379",79903,"ENSG00000122390","NAA60","ENST00000576819"
"10380",388324,"ENSG00000196388","INCA1","ENST00000576820"
"10381",23302,"ENSG00000179314","WSCD1","ENST00000576947"
"10382",1856,"ENSG00000004975","DVL2","ENST00000576949"
"10383",1497,"ENSG00000040531","CTNS","ENST00000576979"
"10384",10458,"ENSG00000175866","BAIAP2","ENST00000576995"
"10385",7752,"ENSG00000010539","ZNF200","ENST00000577015"
"10386",23531,"ENSG00000108960","MMD","ENST00000577038"
"10387",409,"ENSG00000141480","ARRB2","ENST00000577054"
"10388",482,"ENSG00000129244","ATP1B2","ENST00000577113"
"10389",79066,"ENSG00000127804","METTL16","ENST00000577148"
"10390",55421,"ENSG00000074356","NCBP3","ENST00000577169"
"10391",81832,"ENSG00000166342","NETO1","ENST00000577184"
"10392",9772,"ENSG00000177728","TMEM94","ENST00000577194"
"10393",283989,"ENSG00000182173","TSEN54","ENST00000577197"
"10394",3993,"ENSG00000073350","LLGL2","ENST00000577211"
"10395",10928,"ENSG00000017797","RALBP1","ENST00000577221"
"10396",11031,"ENSG00000168461","RAB31","ENST00000577284"
"10397",8736,"ENSG00000101605","MYOM1","ENST00000577294"
"10398",29916,"ENSG00000002919","SNX11","ENST00000577310"
"10399",201134,"ENSG00000154240","CEP112","ENST00000577322"
"10400",9989,"ENSG00000154845","PPP4R1","ENST00000577393"
"10401",55748,"ENSG00000133313","CNDP2","ENST00000577409"
"10402",22878,"ENSG00000153339","TRAPPC8","ENST00000577426"
"10403",25925,"ENSG00000198795","ZNF521","ENST00000577461"
"10404",28964,"ENSG00000108262","GIT1","ENST00000577466"
"10405",83450,"ENSG00000171962","DRC3","ENST00000577477"
"10406",7126,"ENSG00000109079","TNFAIP1","ENST00000577535"
"10407",9218,"ENSG00000101558","VAPA","ENST00000577539"
"10408",79665,"ENSG00000108406","DHX40","ENST00000577549"
"10409",6638,"ENSG00000128739","SNRPN","ENST00000577565"
"10410",404093,"ENSG00000180891","CUEDC1","ENST00000577589"
"10411",8787,"ENSG00000108370","RGS9","ENST00000577595"
"10412",79701,"ENSG00000181396","OGFOD3","ENST00000577606"
"10413",220164,"ENSG00000206052","DOK6","ENST00000577609"
"10414",7067,"ENSG00000126351","THRA","ENST00000577637"
"10415",55890,"ENSG00000170412","GPRC5C","ENST00000577663"
"10416",2885,"ENSG00000177885","GRB2","ENST00000577711"
"10417",11201,"ENSG00000101751","POLI","ENST00000577727"
"10418",399512,"ENSG00000125434","SLC25A35","ENST00000577745"
"10419",54808,"ENSG00000141627","DYM","ENST00000577836"
"10420",2186,"ENSG00000171634","BPTF","ENST00000577837"
"10421",6632,"ENSG00000167088","SNRPD1","ENST00000577906"
"10422",64118,"ENSG00000169718","DUS1L","ENST00000577907"
"10423",782,"ENSG00000067191","CACNB1","ENST00000577926"
"10424",6603,"ENSG00000108604","SMARCD2","ENST00000577990"
"10425",51444,"ENSG00000134758","RNF138","ENST00000577999"
"10426",5718,"ENSG00000197170","PSMD12","ENST00000578015"
"10427",37,"ENSG00000072778","ACADVL","ENST00000578033"
"10428",10627,"ENSG00000101608","MYL12A","ENST00000578038"
"10429",60528,"ENSG00000006744","ELAC2","ENST00000578071"
"10430",147011,"ENSG00000167525","PROCA1","ENST00000578097"
"10431",54902,"ENSG00000011295","TTC19","ENST00000578103"
"10432",23512,"ENSG00000178691","SUZ12","ENST00000578106"
"10433",6154,"ENSG00000161970","RPL26","ENST00000578115"
"10434",84440,"ENSG00000131242","RAB11FIP4","ENST00000578148"
"10435",81565,"ENSG00000166579","NDEL1","ENST00000578172"
"10436",6613,"ENSG00000188612","SUMO2","ENST00000578238"
"10437",8557,"ENSG00000173991","TCAP","ENST00000578283"
"10438",3691,"ENSG00000132470","ITGB4","ENST00000578318"
"10439",91603,"ENSG00000198783","ZNF830","ENST00000578339"
"10440",6426,"ENSG00000136450","SRSF1","ENST00000578430"
"10441",9094,"ENSG00000109103","UNC119","ENST00000578434"
"10442",92335,"ENSG00000266173","STRADA","ENST00000578507"
"10443",23580,"ENSG00000179604","CDC42EP4","ENST00000578516"
"10444",26207,"ENSG00000154217","PITPNC1","ENST00000578527"
"10445",9955,"ENSG00000153976","HS3ST3A1","ENST00000578576"
"10446",64762,"ENSG00000141441","GAREM1","ENST00000578619"
"10447",147179,"ENSG00000171475","WIPF2","ENST00000578623"
"10448",57551,"ENSG00000160551","TAOK1","ENST00000578653"
"10449",91133,"ENSG00000154655","L3MBTL4","ENST00000578677"
"10450",10948,"ENSG00000131748","STARD3","ENST00000578686"
"10451",125111,"ENSG00000183153","GJD3","ENST00000578689"
"10452",9097,"ENSG00000101557","USP14","ENST00000578786"
"10453",26502,"ENSG00000141562","NARF","ENST00000578820"
"10454",57335,"ENSG00000187607","ZNF286A","ENST00000578920"
"10455",8844,"ENSG00000141068","KSR1","ENST00000578981"
"10456",80279,"ENSG00000108465","CDK5RAP3","ENST00000578996"
"10457",11232,"ENSG00000256525","POLG2","ENST00000578997"
"10458",29115,"ENSG00000161526","SAP30BP","ENST00000579005"
"10459",8031,"ENSG00000266412","NCOA4","ENST00000579039"
"10460",1528,"ENSG00000166347","CYB5A","ENST00000579064"
"10461",29090,"ENSG00000075336","TIMM21","ENST00000579071"
"10462",284161,"ENSG00000153982","GDPD1","ENST00000579076"
"10463",30833,"ENSG00000125458","NT5C","ENST00000579082"
"10464",79637,"ENSG00000125449","ARMC7","ENST00000579096"
"10465",55629,"ENSG00000189266","PNRC2","ENST00000579103"
"10466",3927,"ENSG00000002834","LASP1","ENST00000579123"
"10467",51655,"ENSG00000108551","RASD1","ENST00000579152"
"10468",100616408,"ENSG00000284368","MIR5047","ENST00000579212"
"10469",60386,"ENSG00000125454","SLC25A19","ENST00000579228"
"10470",23510,"ENSG00000180901","KCTD2","ENST00000579230"
"10471",9400,"ENSG00000108469","RECQL5","ENST00000579274"
"10472",6827,"ENSG00000213246","SUPT4H1","ENST00000579289"
"10473",9331,"ENSG00000118276","B4GALT6","ENST00000579372"
"10474",55731,"ENSG00000173065","FAM222B","ENST00000579381"
"10475",6341,"ENSG00000133028","SCO1","ENST00000579396"
"10476",554313,"ENSG00000270276","H4C15","ENST00000579512"
"10477",26115,"ENSG00000170921","TANC2","ENST00000579541"
"10478",146691,"ENSG00000175662","TOM1L2","ENST00000579586"
"10479",1030,"ENSG00000147883","CDKN2B","ENST00000579591"
"10480",23098,"ENSG00000004139","SARM1","ENST00000579593"
"10481",162681,"ENSG00000166845","C18orf54","ENST00000579594"
"10482",10626,"ENSG00000221926","TRIM16","ENST00000579630"
"10483",57532,"ENSG00000108256","NUFIP2","ENST00000579665"
"10484",147495,"ENSG00000154856","APCDD1","ENST00000579685"
"10485",441263,"ENSG00000265479","DTX2P1-UPK3BP1-PMS2P11","ENST00000579700"
"10486",124930,"ENSG00000198720","ANKRD13B","ENST00000579719"
"10487",55352,"ENSG00000172301","COPRS","ENST00000579741"
"10488",23163,"ENSG00000125447","GGA3","ENST00000579743"
"10489",114659,"ENSG00000185158","LRRC37B","ENST00000579766"
"10490",51649,"ENSG00000181610","MRPS23","ENST00000579768"
"10491",7700,"ENSG00000131127","ZNF141","ENST00000579770"
"10492",283987,"ENSG00000167861","HID1","ENST00000579818"
"10493",26151,"ENSG00000109065","NAT9","ENST00000579837"
"10494",9931,"ENSG00000198265","HELZ","ENST00000579861"
"10495",79018,"ENSG00000141034","GID4","ENST00000579871"
"10496",55813,"ENSG00000108651","UTP6","ENST00000579878"
"10497",51651,"ENSG00000141378","PTRH2","ENST00000579915"
"10498",83593,"ENSG00000266094","RASSF5","ENST00000579942"
"10499",85464,"ENSG00000141298","SSH2","ENST00000579954"
"10500",125150,"ENSG00000214941","ZSWIM7","ENST00000579955"
"10501",171586,"ENSG00000158201","ABHD3","ENST00000579982"
"10502",140735,"ENSG00000264364","DYNLL2","ENST00000579991"
"10503",9988,"ENSG00000135164","DMTF1","ENST00000580010"
"10504",54894,"ENSG00000108375","RNF43","ENST00000580014"
"10505",100287932,"ENSG00000265354","TIMM23","ENST00000580018"
"10506",55364,"ENSG00000154059","IMPACT","ENST00000580035"
"10507",8522,"ENSG00000007237","GAS7","ENST00000580043"
"10508",9618,"ENSG00000076604","TRAF4","ENST00000580073"
"10509",57513,"ENSG00000177303","CASKIN2","ENST00000580075"
"10510",339287,"ENSG00000188895","MSL1","ENST00000580086"
"10511",57409,"ENSG00000125457","MIF4GD","ENST00000580099"
"10512",114799,"ENSG00000141446","ESCO1","ENST00000580101"
"10513",644815,"ENSG00000188522","FAM83G","ENST00000580115"
"10514",9706,"ENSG00000083290","ULK2","ENST00000580118"
"10515",51226,"ENSG00000005243","COPZ2","ENST00000580174"
"10516",11011,"ENSG00000146872","TLK2","ENST00000580203"
"10517",64750,"ENSG00000108854","SMURF2","ENST00000580246"
"10518",5198,"ENSG00000178921","PFAS","ENST00000580251"
"10519",80022,"ENSG00000266714","MYO15B","ENST00000580262"
"10520",64149,"ENSG00000108666","C17orf75","ENST00000580294"
"10521",117246,"ENSG00000108592","FTSJ3","ENST00000580295"
"10522",9862,"ENSG00000008838","MED24","ENST00000580302"
"10523",10666,"ENSG00000150637","CD226","ENST00000580335"
"10524",80000,"ENSG00000141449","GREB1L","ENST00000580384"
"10525",1362,"ENSG00000108582","CPD","ENST00000580396"
"10526",90507,"ENSG00000141295","SCRN2","ENST00000580428"
"10527",102724532,"ENSG00000264920","SP2-DT","ENST00000580459"
"10528",116238,"ENSG00000160606","TLCD1","ENST00000580518"
"10529",9984,"ENSG00000079134","THOC1","ENST00000580544"
"10530",201456,"ENSG00000141665","FBXO15","ENST00000580552"
"10531",1534,"ENSG00000008283","CYB561","ENST00000580592"
"10532",7156,"ENSG00000177302","TOP3A","ENST00000580713"
"10533",6147,"ENSG00000198242","RPL23A","ENST00000580755"
"10534",29098,"ENSG00000108961","RANGRF","ENST00000580777"
"10535",729096,"ENSG00000271816","","ENST00000580790"
"10536",55181,"ENSG00000167447","SMG8","ENST00000580798"
"10537",54941,"ENSG00000101695","RNF125","ENST00000580863"
"10538",9969,"ENSG00000108510","MED13","ENST00000580896"
"10539",7566,"ENSG00000154957","ZNF18","ENST00000580903"
"10540",9902,"ENSG00000011028","MRC2","ENST00000580916"
"10541",126526,"ENSG00000160392","C19orf47","ENST00000580977"
"10542",57003,"ENSG00000108588","CCDC47","ENST00000580986"
"10543",201475,"ENSG00000206418","RAB12","ENST00000580987"
"10544",90410,"ENSG00000109083","IFT20","ENST00000580991"
"10545",26168,"ENSG00000161956","SENP3","ENST00000581010"
"10546",7153,"ENSG00000131747","TOP2A","ENST00000581055"
"10547",54460,"ENSG00000266472","MRPS21","ENST00000581066"
"10548",101929693,"ENSG00000265666","RARA-AS1","ENST00000581080"
"10549",100616387,"ENSG00000284564","MIR3064","ENST00000581130"
"10550",56155,"ENSG00000121101","TEX14","ENST00000581147"
"10551",54903,"ENSG00000011143","MKS1","ENST00000581180"
"10552",8780,"ENSG00000101782","RIOK3","ENST00000581220"
"10553",117584,"ENSG00000092871","RFFL","ENST00000581265"
"10554",6139,"ENSG00000265681","RPL17","ENST00000581305"
"10555",4779,"ENSG00000082641","NFE2L1","ENST00000581319"
"10556",55556,"ENSG00000132199","ENOSF1","ENST00000581332"
"10557",5469,"ENSG00000125686","MED1","ENST00000581334"
"10558",114876,"ENSG00000141447","OSBPL1A","ENST00000581343"
"10559",645369,"ENSG00000206432","TMEM200C","ENST00000581347"
"10560",9368,"ENSG00000109062","NHERF1","ENST00000581356"
"10561",374875,"ENSG00000167733","HSD11B1L","ENST00000581423"
"10562",5409,"ENSG00000141744","PNMT","ENST00000581428"
"10563",25979,"ENSG00000109016","DHRS7B","ENST00000581463"
"10564",2658,"ENSG00000263761","GDF2","ENST00000581492"
"10565",2319,"ENSG00000132589","FLOT2","ENST00000581509"
"10566",113235,"ENSG00000076351","SLC46A1","ENST00000581516"
"10567",26811,"ENSG00000264294","SNORD55","ENST00000581525"
"10568",55244,"ENSG00000142494","SLC47A1","ENST00000581558"
"10569",9663,"ENSG00000101577","LPIN2","ENST00000581568"
"10570",208,"ENSG00000105221","AKT2","ENST00000581582"
"10571",284273,"ENSG00000180011","PTGR3","ENST00000581620"
"10572",57045,"ENSG00000128791","TWSG1","ENST00000581641"
"10573",1453,"ENSG00000141551","CSNK1D","ENST00000581655"
"10574",23255,"ENSG00000168502","MTCL1","ENST00000581670"
"10575",5932,"ENSG00000101773","RBBP8","ENST00000581687"
"10576",2627,"ENSG00000141448","GATA6","ENST00000581694"
"10577",4215,"ENSG00000198909","MAP3K3","ENST00000581732"
"10578",147015,"ENSG00000167536","DHRS13","ENST00000581759"
"10579",11325,"ENSG00000198231","DDX42","ENST00000581767"
"10580",51321,"ENSG00000196704","AMZ2","ENST00000581779"
"10581",103504731,"ENSG00000264462","MIR3648-2","ENST00000581792"
"10582",7298,"ENSG00000176890","TYMS","ENST00000581920"
"10583",388335,"ENSG00000187824","TMEM220","ENST00000581949"
"10584",7525,"ENSG00000176105","YES1","ENST00000581960"
"10585",90799,"ENSG00000258890","CEP95","ENST00000581980"
"10586",23164,"ENSG00000133030","MPRIP","ENST00000581989"
"10587",55771,"ENSG00000068489","PRR11","ENST00000582004"
"10588",339175,"ENSG00000087995","METTL2A","ENST00000582027"
"10589",94103,"ENSG00000172057","ORMDL3","ENST00000582052"
"10590",201255,"ENSG00000169683","LRRC45","ENST00000582083"
"10591",92659,"ENSG00000265688","MILIP","ENST00000582106"
"10592",136,"ENSG00000170425","ADORA2B","ENST00000582124"
"10593",3837,"ENSG00000108424","KPNB1","ENST00000582126"
"10594",284004,"ENSG00000169660","HEXD","ENST00000582131"
"10595",81035,"ENSG00000158270","COLEC12","ENST00000582147"
"10596",51096,"ENSG00000011260","UTP18","ENST00000582150"
"10597",1636,"ENSG00000159640","ACE","ENST00000582244"
"10598",396,"ENSG00000141522","ARHGDIA","ENST00000582309"
"10599",9306,"ENSG00000170677","SOCS6","ENST00000582322"
"10600",10476,"ENSG00000167863","ATP5PD","ENST00000582341"
"10601",201229,"ENSG00000232859","LYRM9","ENST00000582343"
"10602",230,"ENSG00000109107","ALDOC","ENST00000582381"
"10603",497661,"ENSG00000177576","C18orf32","ENST00000582392"
"10604",51686,"ENSG00000143450","OAZ3","ENST00000582415"
"10605",6093,"ENSG00000067900","ROCK1","ENST00000582445"
"10606",79415,"ENSG00000178927","CYBC1","ENST00000582456"
"10607",10743,"ENSG00000108557","RAI1","ENST00000582514"
"10608",4621,"ENSG00000109063","MYH3","ENST00000582580"
"10609",114897,"ENSG00000173918","C1QTNF1","ENST00000582625"
"10610",55679,"ENSG00000072163","LIMS2","ENST00000582671"
"10611",57597,"ENSG00000266074","BAHCC1","ENST00000582709"
"10612",642,"ENSG00000108578","BLMH","ENST00000582749"
"10613",55028,"ENSG00000141219","C17orf80","ENST00000582793"
"10614",388403,"ENSG00000175155","YPEL2","ENST00000582813"
"10615",9120,"ENSG00000108932","SLC16A6","ENST00000582867"
"10616",284001,"ENSG00000176155","CCDC57","ENST00000582885"
"10617",3838,"ENSG00000182481","KPNA2","ENST00000582898"
"10618",9703,"ENSG00000007202","BLTP2","ENST00000582901"
"10619",83871,"ENSG00000109113","RAB34","ENST00000582934"
"10620",9382,"ENSG00000166685","COG1","ENST00000582973"
"10621",1006,"ENSG00000150394","CDH8","ENST00000582980"
"10622",84923,"ENSG00000133193","FAM104A","ENST00000583024"
"10623",9123,"ENSG00000141526","SLC16A3","ENST00000583025"
"10624",8932,"ENSG00000134046","MBD2","ENST00000583046"
"10625",57508,"ENSG00000108506","INTS2","ENST00000583076"
"10626",26118,"ENSG00000109046","WSB1","ENST00000583096"
"10627",26022,"ENSG00000006042","TMEM98","ENST00000583120"
"10628",9212,"ENSG00000178999","AURKB","ENST00000583124"
"10629",100505576,"ENSG00000263874","LASP1NB","ENST00000583195"
"10630",9110,"ENSG00000108389","MTMR4","ENST00000583243"
"10631",6830,"ENSG00000109111","SUPT6H","ENST00000583340"
"10632",8774,"ENSG00000134265","NAPG","ENST00000583367"
"10633",40,"ENSG00000108684","ASIC2","ENST00000583395"
"10634",2873,"ENSG00000169727","GPS1","ENST00000583486"
"10635",26284,"ENSG00000132591","ERAL1","ENST00000583487"
"10636",201266,"ENSG00000133195","SLC39A11","ENST00000583507"
"10637",51477,"ENSG00000105655","ISYNA1","ENST00000583534"
"10638",6760,"ENSG00000141380","SS18","ENST00000583595"
"10639",4642,"ENSG00000176658","MYO1D","ENST00000583621"
"10640",9256,"ENSG00000005379","TSPOAP1","ENST00000583624"
"10641",55852,"ENSG00000136478","TEX2","ENST00000583738"
"10642",57649,"ENSG00000109118","PHF12","ENST00000583747"
"10643",3396,"ENSG00000167862","MRPL58","ENST00000583772"
"10644",5578,"ENSG00000154229","PRKCA","ENST00000583775"
"10645",84034,"ENSG00000132205","EMILIN2","ENST00000583776"
"10646",23347,"ENSG00000101596","SMCHD1","ENST00000583800"
"10647",51379,"ENSG00000176390","CRLF3","ENST00000583805"
"10648",6427,"ENSG00000161547","SRSF2","ENST00000583836"
"10649",7716,"ENSG00000136451","VEZF1","ENST00000583932"
"10650",25926,"ENSG00000130935","NOL11","ENST00000584032"
"10651",9349,"ENSG00000125691","RPL23","ENST00000584056"
"10652",348235,"ENSG00000182628","SKA2","ENST00000584089"
"10653",125488,"ENSG00000168234","TTC39C","ENST00000584095"
"10654",9121,"ENSG00000170190","SLC16A5","ENST00000584118"
"10655",79902,"ENSG00000125450","NUP85","ENST00000584155"
"10656",54868,"ENSG00000109066","TMEM104","ENST00000584171"
"10657",968,"ENSG00000129226","CD68","ENST00000584180"
"10658",5187,"ENSG00000179094","PER1","ENST00000584202"
"10659",201161,"ENSG00000166582","CENPV","ENST00000584214"
"10660",10194,"ENSG00000179981","TSHZ1","ENST00000584217"
"10661",94005,"ENSG00000087111","PIGS","ENST00000584413"
"10662",7756,"ENSG00000010244","ZNF207","ENST00000584416"
"10663",5986,"ENSG00000169733","RFNG","ENST00000584463"
"10664",2905,"ENSG00000161509","GRIN2C","ENST00000584496"
"10665",1655,"ENSG00000108654","DDX5","ENST00000584500"
"10666",23326,"ENSG00000124422","USP22","ENST00000584538"
"10667",103910,"ENSG00000118680","MYL12B","ENST00000584539"
"10668",84940,"ENSG00000167549","CORO6","ENST00000584602"
"10669",80774,"ENSG00000136490","LIMD2","ENST00000584645"
"10670",5705,"ENSG00000087191","PSMC5","ENST00000584657"
"10671",125206,"ENSG00000154025","SLC5A10","ENST00000584658"
"10672",51081,"ENSG00000125445","MRPS7","ENST00000584678"
"10673",8851,"ENSG00000176749","CDK5R1","ENST00000584716"
"10674",8834,"ENSG00000178307","TMEM11","ENST00000584732"
"10675",55163,"ENSG00000108439","PNPO","ENST00000584806"
"10676",80169,"ENSG00000178971","CTC1","ENST00000584842"
"10677",51701,"ENSG00000087095","NLK","ENST00000584878"
"10678",10846,"ENSG00000112541","PDE10A","ENST00000584911"
"10679",22905,"ENSG00000072134","EPN2","ENST00000584954"
"10680",9912,"ENSG00000006740","ARHGAP44","ENST00000584974"
"10681",1825,"ENSG00000134762","DSC3","ENST00000584980"
"10682",5881,"ENSG00000169750","RAC3","ENST00000585014"
"10683",147007,"ENSG00000244045","TMEM199","ENST00000585027"
"10684",114881,"ENSG00000006025","OSBPL7","ENST00000585051"
"10685",10693,"ENSG00000132141","CCT6B","ENST00000585073"
"10686",201254,"ENSG00000169689","CENPX","ENST00000585091"
"10687",79915,"ENSG00000176208","ATAD5","ENST00000585133"
"10688",79058,"ENSG00000169696","ASPSCR1","ENST00000585140"
"10689",27098,"ENSG00000079101","CLUL1","ENST00000585155"
"10690",64772,"ENSG00000167280","ENGASE","ENST00000585160"
"10691",51181,"ENSG00000169738","DCXR","ENST00000585164"
"10692",284217,"ENSG00000101680","LAMA1","ENST00000585178"
"10693",5831,"ENSG00000183010","PYCR1","ENST00000585244"
"10694",653598,"ENSG00000288867","PPIAL4C","ENST00000585245"
"10695",5717,"ENSG00000108671","PSMD11","ENST00000585265"
"10696",54549,"ENSG00000069188","SDK2","ENST00000585283"
"10697",5205,"ENSG00000081923","ATP8B1","ENST00000585322"
"10698",54811,"ENSG00000171466","ZNF562","ENST00000585350"
"10699",10513,"ENSG00000062725","APPBP2","ENST00000585368"
"10700",84514,"ENSG00000167925","GHDC","ENST00000585375"
"10701",5193,"ENSG00000108733","PEX12","ENST00000585380"
"10702",124801,"ENSG00000161654","LSM12","ENST00000585388"
"10703",25850,"ENSG00000251247","ZNF345","ENST00000585396"
"10704",255043,"ENSG00000180089","TMEM86B","ENST00000585416"
"10705",125061,"ENSG00000183077","AFMID","ENST00000585419"
"10706",115106,"ENSG00000152240","HAUS1","ENST00000585425"
"10707",6388,"ENSG00000132581","SDF2","ENST00000585428"
"10708",84971,"ENSG00000130734","ATG4D","ENST00000585437"
"10709",57794,"ENSG00000105705","SUGP1","ENST00000585444"
"10710",84911,"ENSG00000161298","ZNF382","ENST00000585467"
"10711",2879,"ENSG00000167468","GPX4","ENST00000585480"
"10712",147841,"ENSG00000161888","SPC24","ENST00000585486"
"10713",7773,"ENSG00000159882","ZNF230","ENST00000585491"
"10714",4077,"ENSG00000188554","NBR1","ENST00000585505"
"10715",26330,"ENSG00000105679","GAPDHS","ENST00000585510"
"10716",51629,"ENSG00000013306","SLC25A39","ENST00000585523"
"10717",83538,"ENSG00000204815","ODAD4","ENST00000585530"
"10718",8506,"ENSG00000108797","CNTNAP1","ENST00000585534"
"10719",84807,"ENSG00000167604","NFKBID","ENST00000585544"
"10720",1147,"ENSG00000213341","CHUK","ENST00000585551"
"10721",80206,"ENSG00000134775","FHOD3","ENST00000585579"
"10722",83983,"ENSG00000178093","TSSK6","ENST00000585580"
"10723",4298,"ENSG00000130382","MLLT1","ENST00000585588"
"10724",147949,"ENSG00000198440","ZNF583","ENST00000585612"
"10725",163115,"ENSG00000290988","","ENST00000585624"
"10726",85415,"ENSG00000131941","RHPN2","ENST00000585641"
"10727",112939,"ENSG00000160877","NACC1","ENST00000585663"
"10728",6209,"ENSG00000115268","RPS15","ENST00000585665"
"10729",23335,"ENSG00000091157","WDR7","ENST00000585669"
"10730",10975,"ENSG00000127540","UQCR11","ENST00000585671"
"10731",146909,"ENSG00000186185","KIF18B","ENST00000585687"
"10732",63897,"ENSG00000068097","HEATR6","ENST00000585712"
"10733",55009,"ENSG00000228300","FAM174C","ENST00000585716"
"10734",22983,"ENSG00000105613","MAST1","ENST00000585791"
"10735",339366,"ENSG00000185761","ADAMTSL5","ENST00000585804"
"10736",148046,"ENSG00000267493","CIRBP-AS1","ENST00000585832"
"10737",8504,"ENSG00000034693","PEX3","ENST00000585848"
"10738",5725,"ENSG00000011304","PTBP1","ENST00000585856"
"10739",105371789,"ENSG00000267638","","ENST00000585899"
"10740",5573,"ENSG00000108946","PRKAR1A","ENST00000585907"
"10741",147463,"ENSG00000154065","ANKRD29","ENST00000585908"
"10742",126374,"ENSG00000142279","WTIP","ENST00000585928"
"10743",1054,"ENSG00000153879","CEBPG","ENST00000585933"
"10744",9150,"ENSG00000060069","CTDP1","ENST00000585951"
"10745",1455,"ENSG00000133275","CSNK1G2","ENST00000585957"
"10746",26048,"ENSG00000103199","ZNF500","ENST00000585977"
"10747",166,"ENSG00000104964","TLE5","ENST00000586003"
"10748",4645,"ENSG00000167306","MYO5B","ENST00000586036"
"10749",5802,"ENSG00000105426","PTPRS","ENST00000586065"
"10750",54850,"ENSG00000127452","FBXL12","ENST00000586073"
"10751",2821,"ENSG00000105220","GPI","ENST00000586077"
"10752",9352,"ENSG00000091164","TXNL1","ENST00000586079"
"10753",1786,"ENSG00000130816","DNMT1","ENST00000586086"
"10754",100128252,"ENSG00000166770","ZNF667-AS1","ENST00000586091"
"10755",752,"ENSG00000184922","FMNL1","ENST00000586092"
"10756",10449,"ENSG00000167315","ACAA2","ENST00000586100"
"10757",53345,"ENSG00000213996","TM6SF2","ENST00000586107"
"10758",440503,"ENSG00000214456","PLIN5","ENST00000586133"
"10759",79713,"ENSG00000126246","IGFLR1","ENST00000586140"
"10760",51295,"ENSG00000130159","ECSIT","ENST00000586149"
"10761",29855,"ENSG00000118900","UBN1","ENST00000586152"
"10762",158880,"ENSG00000247746","USP51","ENST00000586165"
"10763",390927,"ENSG00000188227","ZNF793","ENST00000586187"
"10764",83473,"ENSG00000167216","KATNAL2","ENST00000586198"
"10765",101927755,"ENSG00000267302","RNFT1-DT","ENST00000586209"
"10766",7266,"ENSG00000168259","DNAJC7","ENST00000586240"
"10767",2896,"ENSG00000030582","GRN","ENST00000586242"
"10768",4089,"ENSG00000141646","SMAD4","ENST00000586253"
"10769",10052,"ENSG00000182963","GJC1","ENST00000586267"
"10770",6155,"ENSG00000131469","RPL27","ENST00000586277"
"10771",7138,"ENSG00000105048","TNNT1","ENST00000586282"
"10772",3959,"ENSG00000108679","LGALS3BP","ENST00000586300"
"10773",6929,"ENSG00000071564","TCF3","ENST00000586318"
"10774",10025,"ENSG00000175221","MED16","ENST00000586342"
"10775",54929,"ENSG00000064545","TMEM161A","ENST00000586357"
"10776",126321,"ENSG00000161091","MFSD12","ENST00000586402"
"10777",196483,"ENSG00000118894","EEF2KMT","ENST00000586444"
"10778",7137,"ENSG00000129991","TNNI3","ENST00000586446"
"10779",7711,"ENSG00000204920","ZNF155","ENST00000586454"
"10780",25999,"ENSG00000105270","CLIP3","ENST00000586457"
"10781",7087,"ENSG00000105376","ICAM5","ENST00000586480"
"10782",91107,"ENSG00000132481","TRIM47","ENST00000586495"
"10783",63893,"ENSG00000175931","UBE2O","ENST00000586505"
"10784",147923,"ENSG00000197050","ZNF420","ENST00000586540"
"10785",3609,"ENSG00000129351","ILF3","ENST00000586544"
"10786",1777,"ENSG00000105612","DNASE2","ENST00000586547"
"10787",8193,"ENSG00000011332","DPF1","ENST00000586624"
"10788",147929,"ENSG00000196357","ZNF565","ENST00000586648"
"10789",22847,"ENSG00000168813","ZNF507","ENST00000586664"
"10790",113277,"ENSG00000184988","TMEM106A","ENST00000586685"
"10791",84617,"ENSG00000176014","TUBB6","ENST00000586691"
"10792",10209,"ENSG00000173812","EIF1","ENST00000586699"
"10793",6449,"ENSG00000104969","SGTA","ENST00000586711"
"10794",55337,"ENSG00000130813","SHFL","ENST00000586730"
"10795",94039,"ENSG00000181896","ZNF101","ENST00000586745"
"10796",2118,"ENSG00000175832","ETV4","ENST00000586764"
"10797",811,"ENSG00000179218","CALR","ENST00000586803"
"10798",55062,"ENSG00000070540","WIPI1","ENST00000586815"
"10799",25800,"ENSG00000141424","SLC39A6","ENST00000586829"
"10800",2068,"ENSG00000104884","ERCC2","ENST00000586856"
"10801",352909,"ENSG00000167646","DNAAF3","ENST00000586877"
"10802",9489,"ENSG00000087157","PGS1","ENST00000586880"
"10803",79959,"ENSG00000101624","CEP76","ENST00000586887"
"10804",79156,"ENSG00000166289","PLEKHF1","ENST00000586888"
"10805",5989,"ENSG00000132005","RFX1","ENST00000586913"
"10806",1209,"ENSG00000104853","CLPTM1","ENST00000586915"
"10807",6597,"ENSG00000127616","SMARCA4","ENST00000586921"
"10808",2774,"ENSG00000141404","GNAL","ENST00000586926"
"10809",8739,"ENSG00000135116","HRK","ENST00000586941"
"10810",6909,"ENSG00000121068","TBX2","ENST00000586986"
"10811",54776,"ENSG00000125503","PPP1R12C","ENST00000586992"
"10812",90522,"ENSG00000167645","YIF1B","ENST00000587039"
"10813",9050,"ENSG00000152229","PSTPIP2","ENST00000587042"
"10814",101927720,"ENSG00000266916","ZNF793-AS1","ENST00000587060"
"10815",6198,"ENSG00000108443","RPS6KB1","ENST00000587061"
"10816",10493,"ENSG00000108828","VAT1","ENST00000587062"
"10817",768206,"ENSG00000214140","PRCD","ENST00000587063"
"10818",3589,"ENSG00000095752","IL11","ENST00000587093"
"10819",4836,"ENSG00000136448","NMT1","ENST00000587120"
"10820",653645,"ENSG00000267104","TBC1D3P1-DHX40P1","ENST00000587125"
"10821",8877,"ENSG00000176170","SPHK1","ENST00000587167"
"10822",51291,"ENSG00000089639","GMIP","ENST00000587205"
"10823",147947,"ENSG00000290720","","ENST00000587208"
"10824",4864,"ENSG00000141458","NPC1","ENST00000587223"
"10825",10775,"ENSG00000105171","POP4","ENST00000587232"
"10826",85451,"ENSG00000132478","UNK","ENST00000587258"
"10827",29893,"ENSG00000131470","PSMC3IP","ENST00000587268"
"10828",11338,"ENSG00000063244","U2AF2","ENST00000587275"
"10829",126208,"ENSG00000142409","ZNF787","ENST00000587279"
"10830",7705,"ENSG00000167635","ZNF146","ENST00000587285"
"10831",57711,"ENSG00000186020","ZNF529","ENST00000587286"
"10832",2531,"ENSG00000119537","KDSR","ENST00000587292"
"10833",535,"ENSG00000033627","ATP6V0A1","ENST00000587299"
"10834",5289,"ENSG00000078142","PIK3C3","ENST00000587328"
"10835",10653,"ENSG00000167642","SPINT2","ENST00000587334"
"10836",84503,"ENSG00000189164","ZNF527","ENST00000587349"
"10837",26017,"ENSG00000105058","FAM32A","ENST00000587351"
"10838",2354,"ENSG00000125740","FOSB","ENST00000587358"
"10839",4677,"ENSG00000134440","NARS1","ENST00000587366"
"10840",30827,"ENSG00000154832","CXXC1","ENST00000587396"
"10841",374868,"ENSG00000166377","ATP9B","ENST00000587410"
"10842",84922,"ENSG00000179943","FIZ1","ENST00000587414"
"10843",252884,"ENSG00000186496","ZNF396","ENST00000587422"
"10844",10892,"ENSG00000172175","MALT1","ENST00000587438"
"10845",7408,"ENSG00000125753","VASP","ENST00000587444"
"10846",10226,"ENSG00000105355","PLIN3","ENST00000587462"
"10847",7064,"ENSG00000172009","THOP1","ENST00000587468"
"10848",9717,"ENSG00000103184","SEC14L5","ENST00000587469"
"10849",81671,"ENSG00000062716","VMP1","ENST00000587470"
"10850",11322,"ENSG00000141524","TMC6","ENST00000587480"
"10851",10204,"ENSG00000102898","NUTF2","ENST00000587481"
"10852",8629,"ENSG00000234616","JRK","ENST00000587499"
"10853",5064,"ENSG00000099864","PALM","ENST00000587513"
"10854",57455,"ENSG00000079313","REXO1","ENST00000587524"
"10855",23640,"ENSG00000133265","HSPBP1","ENST00000587551"
"10856",3998,"ENSG00000074695","LMAN1","ENST00000587561"
"10857",57572,"ENSG00000130158","DOCK6","ENST00000587572"
"10858",101928674,"ENSG00000266970","SOCS3-DT","ENST00000587575"
"10859",9021,"ENSG00000184557","SOCS3","ENST00000587578"
"10860",6633,"ENSG00000125743","SNRPD2","ENST00000587579"
"10861",79990,"ENSG00000068137","PLEKHH3","ENST00000587627"
"10862",79089,"ENSG00000168591","TMUB2","ENST00000587630"
"10863",8175,"ENSG00000104897","SF3A2","ENST00000587637"
"10864",6776,"ENSG00000126561","STAT5A","ENST00000587646"
"10865",5794,"ENSG00000080031","PTPRH","ENST00000587662"
"10866",199720,"ENSG00000179168","GGN","ENST00000587676"
"10867",8792,"ENSG00000141655","TNFRSF11A","ENST00000587697"
"10868",55851,"ENSG00000205155","PSENEN","ENST00000587708"
"10869",54869,"ENSG00000131037","EPS8L1","ENST00000587715"
"10870",10650,"ENSG00000141391","PRELID3A","ENST00000587735"
"10871",65266,"ENSG00000126562","WNK4","ENST00000587745"
"10872",51313,"ENSG00000164125","GASK1B","ENST00000587787"
"10873",79090,"ENSG00000007255","TRAPPC6A","ENST00000587818"
"10874",2788,"ENSG00000176533","GNG7","ENST00000587867"
"10875",7089,"ENSG00000065717","TLE2","ENST00000587893"
"10876",253039,"ENSG00000293514","CUTALP","ENST00000587916"
"10877",29924,"ENSG00000063245","EPN1","ENST00000587937"
"10878",84261,"ENSG00000132004","FBXW9","ENST00000587955"
"10879",54531,"ENSG00000105556","MIER2","ENST00000587966"
"10880",2193,"ENSG00000179115","FARSA","ENST00000587981"
"10881",115703,"ENSG00000004777","ARHGAP33","ENST00000587984"
"10882",3909,"ENSG00000053747","LAMA3","ENST00000588004"
"10883",201501,"ENSG00000184828","ZBTB7C","ENST00000588028"
"10884",126308,"ENSG00000172081","MOB3A","ENST00000588048"
"10885",58492,"ENSG00000175691","ZNF77","ENST00000588050"
"10886",7771,"ENSG00000062370","ZNF112","ENST00000588057"
"10887",11129,"ENSG00000104859","CLASRP","ENST00000588070"
"10888",78995,"ENSG00000125319","HROB","ENST00000588073"
"10889",51343,"ENSG00000105325","FZR1","ENST00000588084"
"10890",10982,"ENSG00000166974","MAPRE2","ENST00000588085"
"10891",342908,"ENSG00000176222","ZNF404","ENST00000588094"
"10892",148252,"ENSG00000176490","DIRAS1","ENST00000588128"
"10893",55034,"ENSG00000075643","MOCOS","ENST00000588132"
"10894",9424,"ENSG00000099337","KCNK6","ENST00000588137"
"10895",140612,"ENSG00000196867","ZFP28","ENST00000588163"
"10896",9592,"ENSG00000160888","IER2","ENST00000588173"
"10897",199692,"ENSG00000198551","ZNF627","ENST00000588174"
"10898",4092,"ENSG00000101665","SMAD7","ENST00000588190"
"10899",2639,"ENSG00000105607","GCDH","ENST00000588242"
"10900",91978,"ENSG00000141933","TPGS1","ENST00000588278"
"10901",57132,"ENSG00000255112","CHMP1B","ENST00000588284"
"10902",6945,"ENSG00000108788","MLX","ENST00000588320"
"10903",148113,"ENSG00000160161","CILP2","ENST00000588333"
"10904",116444,"ENSG00000116032","GRIN3B","ENST00000588335"
"10905",374879,"ENSG00000196110","ZNF699","ENST00000588336"
"10906",199704,"ENSG00000196967","ZNF585A","ENST00000588354"
"10907",55111,"ENSG00000104886","PLEKHJ1","ENST00000588356"
"10908",64748,"ENSG00000105520","PLPPR2","ENST00000588360"
"10909",4185,"ENSG00000073670","ADAM11","ENST00000588363"
"10910",57602,"ENSG00000055483","USP36","ENST00000588365"
"10911",498,"ENSG00000152234","ATP5F1A","ENST00000588390"
"10912",55643,"ENSG00000133243","BTBD2","ENST00000588395"
"10913",220441,"ENSG00000176641","RNF152","ENST00000588396"
"10914",55197,"ENSG00000141425","RPRD1A","ENST00000588459"
"10915",85302,"ENSG00000188878","FBF1","ENST00000588478"
"10916",115196,"ENSG00000172006","ZNF554","ENST00000588534"
"10917",51545,"ENSG00000171425","ZNF581","ENST00000588537"
"10918",23131,"ENSG00000186566","GPATCH8","ENST00000588554"
"10919",5493,"ENSG00000118898","PPL","ENST00000588556"
"10920",10900,"ENSG00000108309","RUNDC3A","ENST00000588564"
"10921",10266,"ENSG00000131477","RAMP2","ENST00000588576"
"10922",84446,"ENSG00000160469","BRSK1","ENST00000588584"
"10923",10054,"ENSG00000126261","UBA2","ENST00000588585"
"10924",9141,"ENSG00000105185","PDCD5","ENST00000588622"
"10925",54475,"ENSG00000073536","NLE1","ENST00000588642"
"10926",100507373,"ENSG00000267169","ADGRL1-AS1","ENST00000588658"
"10927",4784,"ENSG00000008441","NFIX","ENST00000588680"
"10928",4059,"ENSG00000187244","BCAM","ENST00000588714"
"10929",54828,"ENSG00000141376","BCAS3","ENST00000588720"
"10930",6397,"ENSG00000129657","SEC14L1","ENST00000588721"
"10931",201294,"ENSG00000092929","UNC13D","ENST00000588774"
"10932",148103,"ENSG00000153896","ZNF599","ENST00000588788"
"10933",284071,"ENSG00000180336","MEIOC","ENST00000588805"
"10934",284459,"ENSG00000181666","ZNF875","ENST00000588820"
"10935",56984,"ENSG00000128789","PSMG2","ENST00000588824"
"10936",100101467,"ENSG00000186814","ZSCAN30","ENST00000588832"
"10937",828,"ENSG00000105519","CAPS","ENST00000588865"
"10938",11140,"ENSG00000105401","CDC37","ENST00000588869"
"10939",1264,"ENSG00000130176","CNN1","ENST00000588935"
"10940",65258,"ENSG00000154889","MPPE1","ENST00000588939"
"10941",112724,"ENSG00000160439","RDH13","ENST00000588941"
"10942",124512,"ENSG00000181038","METTL23","ENST00000588964"
"10943",9710,"ENSG00000166398","GARRE1","ENST00000588974"
"10944",57106,"ENSG00000090971","NAT14","ENST00000588985"
"10945",1659,"ENSG00000067596","DHX8","ENST00000588996"
"10946",284297,"ENSG00000179954","SSC5D","ENST00000589020"
"10947",147965,"ENSG00000130244","FAM98C","ENST00000589027"
"10948",2584,"ENSG00000108479","GALK1","ENST00000589030"
"10949",162993,"ENSG00000196605","ZNF846","ENST00000589038"
"10950",125476,"ENSG00000153391","INO80C","ENST00000589053"
"10951",5438,"ENSG00000105258","POLR2I","ENST00000589069"
"10952",439921,"ENSG00000182534","MXRA7","ENST00000589082"
"10953",79763,"ENSG00000063241","ISOC2","ENST00000589108"
"10954",114757,"ENSG00000161544","CYGB","ENST00000589145"
"10955",826,"ENSG00000126247","CAPNS1","ENST00000589162"
"10956",116541,"ENSG00000183617","MRPL54","ENST00000589174"
"10957",2067,"ENSG00000012061","ERCC1","ENST00000589214"
"10958",54862,"ENSG00000132024","CC2D1A","ENST00000589224"
"10959",7770,"ENSG00000131115","ZNF227","ENST00000589237"
"10960",283991,"ENSG00000185262","UBALD2","ENST00000589240"
"10961",10801,"ENSG00000184640","SEPTIN9","ENST00000589246"
"10962",57677,"ENSG00000142065","ZFP14","ENST00000589280"
"10963",5566,"ENSG00000072062","PRKACA","ENST00000589284"
"10964",163255,"ENSG00000171817","ZNF540","ENST00000589285"
"10965",84245,"ENSG00000037757","MRI1","ENST00000589290"
"10966",9170,"ENSG00000064547","LPAR2","ENST00000589311"
"10967",268,"ENSG00000104899","AMH","ENST00000589313"
"10968",59286,"ENSG00000198258","UBL5","ENST00000589372"
"10969",6253,"ENSG00000125744","RTN2","ENST00000589384"
"10970",2057,"ENSG00000187266","EPOR","ENST00000589402"
"10971",29919,"ENSG00000141452","RMC1","ENST00000589409"
"10972",147372,"ENSG00000183287","CCBE1","ENST00000589419"
"10973",148223,"ENSG00000119559","C19orf25","ENST00000589421"
"10974",25959,"ENSG00000197256","KANK2","ENST00000589427"
"10975",80148,"ENSG00000122490","SLC66A2","ENST00000589452"
"10976",5892,"ENSG00000185379","RAD51D","ENST00000589506"
"10977",56928,"ENSG00000005206","SPPL2B","ENST00000589515"
"10978",84313,"ENSG00000131475","VPS25","ENST00000589520"
"10979",353355,"ENSG00000159915","ZNF233","ENST00000589522"
"10980",2872,"ENSG00000099875","MKNK2","ENST00000589534"
"10981",11234,"ENSG00000110756","HPS5","ENST00000589545"
"10982",3385,"ENSG00000076662","ICAM3","ENST00000589580"
"10983",84306,"ENSG00000126249","PDCD2L","ENST00000589589"
"10984",79002,"ENSG00000123144","TRIR","ENST00000589590"
"10985",23461,"ENSG00000154265","ABCA5","ENST00000589609"
"10986",92591,"ENSG00000161664","ASB16","ENST00000589618"
"10987",23383,"ENSG00000129933","MAU2","ENST00000589637"
"10988",11018,"ENSG00000099203","TMED1","ENST00000589638"
"10989",5990,"ENSG00000087903","RFX2","ENST00000589641"
"10990",10036,"ENSG00000167670","CHAF1A","ENST00000589648"
"10991",63934,"ENSG00000198046","ZNF667","ENST00000589652"
"10992",9545,"ENSG00000105514","RAB3D","ENST00000589655"
"10993",56242,"ENSG00000256771","ZNF253","ENST00000589668"
"10994",81576,"ENSG00000104957","YJU2B","ENST00000589669"
"10995",146923,"ENSG00000198863","RUNDC1","ENST00000589705"
"10996",148268,"ENSG00000171827","ZNF570","ENST00000589725"
"10997",11016,"ENSG00000170653","ATF7","ENST00000589726"
"10998",4946,"ENSG00000104904","OAZ1","ENST00000589739"
"10999",4152,"ENSG00000141644","MBD1","ENST00000589758"
"11000",22835,"ENSG00000120784","ZFP30","ENST00000589789"
"11001",56970,"ENSG00000087152","ATXN7L3","ENST00000589805"
"11002",91304,"ENSG00000182087","TMEM259","ENST00000589831"
"11003",56931,"ENSG00000141994","DUS3L","ENST00000589854"
"11004",147081,"ENSG00000293460","","ENST00000589868"
"11005",79171,"ENSG00000126254","RBM42","ENST00000589871"
"11006",26528,"ENSG00000071626","DAZAP1","ENST00000589874"
"11007",10501,"ENSG00000167680","SEMA6B","ENST00000589889"
"11008",332,"ENSG00000089685","BIRC5","ENST00000589892"
"11009",81931,"ENSG00000184635","ZNF93","ENST00000589903"
"11010",10907,"ENSG00000141759","TXNL4A","ENST00000589926"
"11011",9546,"ENSG00000011132","APBA3","ENST00000589934"
"11012",596,"ENSG00000171791","BCL2","ENST00000589955"
"11013",114819,"ENSG00000290842","","ENST00000589964"
"11014",4782,"ENSG00000141905","NFIC","ENST00000589969"
"11015",5971,"ENSG00000104856","RELB","ENST00000589972"
"11016",23210,"ENSG00000070495","JMJD6","ENST00000589982"
"11017",81929,"ENSG00000085415","SEH1L","ENST00000590032"
"11018",79157,"ENSG00000092931","MFSD11","ENST00000590070"
"11019",125988,"ENSG00000174917","MICOS13","ENST00000590075"
"11020",2145,"ENSG00000108799","EZH1","ENST00000590082"
"11021",9343,"ENSG00000108883","EFTUD2","ENST00000590105"
"11022",25759,"ENSG00000129946","SHC2","ENST00000590113"
"11023",4066,"ENSG00000104903","LYL1","ENST00000590120"
"11024",27335,"ENSG00000178982","EIF3K","ENST00000590134"
"11025",90007,"ENSG00000167470","MIDN","ENST00000590136"
"11026",64219,"ENSG00000181191","PJA1","ENST00000590146"
"11027",22859,"ENSG00000072071","ADGRL1","ENST00000590223"
"11028",9667,"ENSG00000130254","SAFB2","ENST00000590262"
"11029",4037,"ENSG00000130881","LRP3","ENST00000590278"
"11030",84669,"ENSG00000170832","USP32","ENST00000590297"
"11031",126295,"ENSG00000171970","ZNF57","ENST00000590305"
"11032",5714,"ENSG00000099341","PSMD8","ENST00000590331"
"11033",7733,"ENSG00000167384","ZNF180","ENST00000590366"
"11034",51276,"ENSG00000180479","ZNF571","ENST00000590390"
"11035",27175,"ENSG00000037042","TUBG2","ENST00000590396"
"11036",5141,"ENSG00000065989","PDE4A","ENST00000590407"
"11037",93145,"ENSG00000105088","OLFM2","ENST00000590410"
"11038",26065,"ENSG00000257103","LSM14A","ENST00000590416"
"11039",9811,"ENSG00000134030","CTIF","ENST00000590422"
"11040",55205,"ENSG00000074657","ZNF532","ENST00000590442"
"11041",6567,"ENSG00000147100","SLC16A2","ENST00000590447"
"11042",84309,"ENSG00000168101","NUDT16L1","ENST00000590460"
"11043",5348,"ENSG00000266964","FXYD1","ENST00000590462"
"11044",57153,"ENSG00000129353","SLC44A2","ENST00000590475"
"11045",29906,"ENSG00000101638","ST8SIA5","ENST00000590488"
"11046",10609,"ENSG00000141696","P3H4","ENST00000590496"
"11047",9361,"ENSG00000196365","LONP1","ENST00000590511"
"11048",84079,"ENSG00000105186","ANKRD27","ENST00000590519"
"11049",162427,"ENSG00000141699","RETREG3","ENST00000590541"
"11050",399687,"ENSG00000196535","MYO18A","ENST00000590565"
"11051",440498,"ENSG00000226742","HSBP1L1","ENST00000590571"
"11052",5366,"ENSG00000141682","PMAIP1","ENST00000590596"
"11053",1340,"ENSG00000126267","COX6B1","ENST00000590618"
"11054",92579,"ENSG00000141349","G6PC3","ENST00000590639"
"11055",115701,"ENSG00000198796","ALPK2","ENST00000590642"
"11056",199746,"ENSG00000161265","U2AF1L4","ENST00000590650"
"11057",2589,"ENSG00000141429","GALNT1","ENST00000590654"
"11058",7596,"ENSG00000124459","ZNF45","ENST00000590655"
"11059",22901,"ENSG00000141337","ARSG","ENST00000590690"
"11060",51073,"ENSG00000105364","MRPL4","ENST00000590702"
"11061",10780,"ENSG00000263002","ZNF234","ENST00000590748"
"11062",1820,"ENSG00000116017","ARID3A","ENST00000590749"
"11063",728485,"ENSG00000267260","","ENST00000590750"
"11064",7769,"ENSG00000167380","ZNF226","ENST00000590759"
"11065",113230,"ENSG00000141854","MISP3","ENST00000590772"
"11066",6774,"ENSG00000168610","STAT3","ENST00000590776"
"11067",30000,"ENSG00000105576","TNPO2","ENST00000590781"
"11068",374882,"ENSG00000105518","TMEM205","ENST00000590788"
"11069",10849,"ENSG00000117877","POLR1G","ENST00000590794"
"11070",54877,"ENSG00000141664","ZCCHC2","ENST00000590840"
"11071",29985,"ENSG00000141873","SLC39A3","ENST00000590875"
"11072",55957,"ENSG00000267796","LIN37","ENST00000590890"
"11073",57787,"ENSG00000007047","MARK4","ENST00000590897"
"11074",9063,"ENSG00000078043","PIAS2","ENST00000590944"
"11075",399473,"ENSG00000188766","SPRED3","ENST00000590962"
"11076",400617,"ENSG00000267365","KCNJ2-AS1","ENST00000590966"
"11077",80816,"ENSG00000141431","ASXL3","ENST00000590973"
"11078",284406,"ENSG00000181007","ZFP82","ENST00000590993"
"11079",23354,"ENSG00000249115","HAUS5","ENST00000590994"
"11080",118738,"ENSG00000265763","ZNF488","ENST00000591025"
"11081",9817,"ENSG00000079999","KEAP1","ENST00000591039"
"11082",147807,"ENSG00000171443","ZNF524","ENST00000591046"
"11083",146862,"ENSG00000141161","UNC45B","ENST00000591048"
"11084",56926,"ENSG00000125912","NCLN","ENST00000591062"
"11085",148266,"ENSG00000196437","ZNF569","ENST00000591073"
"11086",23239,"ENSG00000081913","PHLPP1","ENST00000591106"
"11087",124402,"ENSG00000153443","UBALD1","ENST00000591113"
"11088",6794,"ENSG00000118046","STK11","ENST00000591133"
"11089",79777,"ENSG00000181513","ACBD4","ENST00000591136"
"11090",147138,"ENSG00000167895","TMC8","ENST00000591144"
"11091",57418,"ENSG00000065268","WDR18","ENST00000591155"
"11092",84656,"ENSG00000140632","GLYR1","ENST00000591159"
"11093",126328,"ENSG00000174886","NDUFA11","ENST00000591160"
"11094",84336,"ENSG00000091947","TMEM101","ENST00000591162"
"11095",89887,"ENSG00000197483","ZNF628","ENST00000591164"
"11096",333,"ENSG00000105290","APLP1","ENST00000591165"
"11097",23526,"ENSG00000180448","ARHGAP45","ENST00000591169"
"11098",100507433,"ENSG00000267470","ZNF571-AS1","ENST00000591177"
"11099",8677,"ENSG00000104915","STX10","ENST00000591197"
"11100",10781,"ENSG00000174652","ZNF266","ENST00000591213"
"11101",7171,"ENSG00000167460","TPM4","ENST00000591226"
"11102",29903,"ENSG00000173581","CCDC106","ENST00000591241"
"11103",125228,"ENSG00000177150","FAM210A","ENST00000591269"
"11104",8943,"ENSG00000065000","AP3D1","ENST00000591284"
"11105",2767,"ENSG00000088256","GNA11","ENST00000591301"
"11106",163081,"ENSG00000189042","ZNF567","ENST00000591308"
"11107",342892,"ENSG00000267041","ZNF850","ENST00000591344"
"11108",374291,"ENSG00000115286","NDUFS7","ENST00000591358"
"11109",90379,"ENSG00000132017","DCAF15","ENST00000591385"
"11110",90701,"ENSG00000166562","SEC11C","ENST00000591406"
"11111",55520,"ENSG00000141642","ELAC1","ENST00000591429"
"11112",7675,"ENSG00000197961","ZNF121","ENST00000591447"
"11113",84939,"ENSG00000160953","PWWP3A","ENST00000591453"
"11114",9653,"ENSG00000153936","HS2ST1","ENST00000591456"
"11115",5886,"ENSG00000179262","RAD23A","ENST00000591467"
"11116",147808,"ENSG00000179922","ZNF784","ENST00000591479"
"11117",60680,"ENSG00000161082","CELF5","ENST00000591483"
"11118",147727,"ENSG00000267100","ILF3-DT","ENST00000591501"
"11119",84307,"ENSG00000186812","ZNF397","ENST00000591505"
"11120",57693,"ENSG00000130803","ZNF317","ENST00000591508"
"11121",5589,"ENSG00000130175","PRKCSH","ENST00000591510"
"11122",9525,"ENSG00000119541","VPS4B","ENST00000591519"
"11123",7767,"ENSG00000267680","ZNF224","ENST00000591551"
"11124",976,"ENSG00000123146","ADGRE5","ENST00000591565"
"11125",2826,"ENSG00000184451","CCR10","ENST00000591568"
"11126",388552,"ENSG00000189114","BLOC1S3","ENST00000591569"
"11127",80347,"ENSG00000068120","COASY","ENST00000591583"
"11128",94274,"ENSG00000167641","PPP1R14A","ENST00000591585"
"11129",9310,"ENSG00000159917","ZNF235","ENST00000591609"
"11130",1845,"ENSG00000108861","DUSP3","ENST00000591618"
"11131",84527,"ENSG00000188321","ZNF559","ENST00000591652"
"11132",84775,"ENSG00000198182","ZNF607","ENST00000591664"
"11133",84064,"ENSG00000167220","HDHD2","ENST00000591671"
"11134",23403,"ENSG00000177051","FBXO46","ENST00000591686"
"11135",54760,"ENSG00000115257","PCSK4","ENST00000591687"
"11136",126075,"ENSG00000183401","CCDC159","ENST00000591691"
"11137",23217,"ENSG00000105278","ZFR2","ENST00000591712"
"11138",124583,"ENSG00000171302","CANT1","ENST00000591732"
"11139",51690,"ENSG00000130332","LSM7","ENST00000591745"
"11140",57573,"ENSG00000196263","ZNF471","ENST00000591759"
"11141",5300,"ENSG00000127445","PIN1","ENST00000591777"
"11142",10418,"ENSG00000262655","SPON1","ENST00000591785"
"11143",2593,"ENSG00000130005","GAMT","ENST00000591788"
"11144",100505715,"ENSG00000267058","","ENST00000591815"
"11145",1785,"ENSG00000079805","DNM2","ENST00000591818"
"11146",10939,"ENSG00000141385","AFG3L2","ENST00000591848"
"11147",7766,"ENSG00000178386","ZNF223","ENST00000591850"
"11148",26517,"ENSG00000099800","TIMM13","ENST00000591871"
"11149",374900,"ENSG00000198453","ZNF568","ENST00000591887"
"11150",3021,"ENSG00000132475","H3-3B","ENST00000591893"
"11151",8731,"ENSG00000101654","RNMT","ENST00000591922"
"11152",4200,"ENSG00000082212","ME2","ENST00000591925"
"11153",58509,"ENSG00000105298","CACTIN","ENST00000591978"
"11154",162655,"ENSG00000175322","ZNF519","ENST00000591987"
"11155",10365,"ENSG00000127528","KLF2","ENST00000592003"
"11156",103689912,"ENSG00000267280","TBX2-AS1","ENST00000592009"
"11157",5819,"ENSG00000130202","NECTIN2","ENST00000592018"
"11158",10452,"ENSG00000130204","TOMM40","ENST00000592041"
"11159",2235,"ENSG00000066926","FECH","ENST00000592111"
"11160",79641,"ENSG00000067836","ROGDI","ENST00000592112"
"11161",7083,"ENSG00000167900","TK1","ENST00000592126"
"11162",10848,"ENSG00000104881","PPP1R13L","ENST00000592134"
"11163",51174,"ENSG00000108423","TUBD1","ENST00000592145"
"11164",55311,"ENSG00000167685","ZNF444","ENST00000592171"
"11165",341,"ENSG00000130208","APOC1","ENST00000592176"
"11166",65249,"ENSG00000132003","ZSWIM4","ENST00000592227"
"11167",163033,"ENSG00000218891","ZNF579","ENST00000592239"
"11168",22870,"ENSG00000105063","PPP6R1","ENST00000592242"
"11169",3980,"ENSG00000005156","LIG3","ENST00000592244"
"11170",55094,"ENSG00000076650","GPATCH1","ENST00000592262"
"11171",8498,"ENSG00000031823","RANBP3","ENST00000592266"
"11172",114804,"ENSG00000141576","RNF157","ENST00000592271"
"11173",7772,"ENSG00000278318","ZNF229","ENST00000592308"
"11174",2648,"ENSG00000108773","KAT2A","ENST00000592310"
"11175",83855,"ENSG00000129911","KLF16","ENST00000592313"
"11176",162394,"ENSG00000166750","SLFN5","ENST00000592325"
"11177",51,"ENSG00000161533","ACOX1","ENST00000592329"
"11178",124808,"ENSG00000180329","CCDC43","ENST00000592333"
"11179",5874,"ENSG00000041353","RAB27B","ENST00000592334"
"11180",163175,"ENSG00000153902","LGI4","ENST00000592346"
"11181",5608,"ENSG00000108984","MAP2K6","ENST00000592348"
"11182",7768,"ENSG00000256294","ZNF225","ENST00000592360"
"11183",84902,"ENSG00000121289","CEP89","ENST00000592401"
"11184",51320,"ENSG00000176624","MEX3C","ENST00000592416"
"11185",1837,"ENSG00000134769","DTNA","ENST00000592449"
"11186",4669,"ENSG00000108784","NAGLU","ENST00000592454"
"11187",9144,"ENSG00000108639","SYNGR2","ENST00000592456"
"11188",8666,"ENSG00000130811","EIF3G","ENST00000592485"
"11189",92283,"ENSG00000197808","ZNF461","ENST00000592496"
"11190",9267,"ENSG00000108669","CYTH1","ENST00000592497"
"11191",78992,"ENSG00000130733","YIPF2","ENST00000592505"
"11192",10610,"ENSG00000070731","ST6GALNAC2","ENST00000592508"
"11193",284086,"ENSG00000160602","NEK8","ENST00000592510"
"11194",29911,"ENSG00000095066","HOOK2","ENST00000592512"
"11195",80700,"ENSG00000167671","UBXN6","ENST00000592515"
"11196",10498,"ENSG00000142453","CARM1","ENST00000592516"
"11197",81890,"ENSG00000213339","QTRT1","ENST00000592531"
"11198",6294,"ENSG00000160633","SAFB","ENST00000592555"
"11199",284069,"ENSG00000161682","FAM171A2","ENST00000592560"
"11200",57690,"ENSG00000078687","TNRC6C","ENST00000592566"
"11201",27338,"ENSG00000108106","UBE2S","ENST00000592570"
"11202",5434,"ENSG00000099817","POLR2E","ENST00000592597"
"11203",55621,"ENSG00000104907","TRMT1","ENST00000592606"
"11204",55658,"ENSG00000070423","RNF126","ENST00000592626"
"11205",400684,"ENSG00000267213","DPY19L3-DT","ENST00000592680"
"11206",3383,"ENSG00000090339","ICAM1","ENST00000592686"
"11207",124790,"ENSG00000168517","HEXIM2","ENST00000592695"
"11208",8907,"ENSG00000072958","AP1M1","ENST00000592703"
"11209",81926,"ENSG00000129968","ABHD17A","ENST00000592757"
"11210",54814,"ENSG00000011478","QPCTL","ENST00000592769"
"11211",23558,"ENSG00000132471","WBP2","ENST00000592802"
"11212",54757,"ENSG00000108950","FAM20A","ENST00000592847"
"11213",404037,"ENSG00000187664","HAPLN4","ENST00000592862"
"11214",5442,"ENSG00000099821","POLRMT","ENST00000592863"
"11215",24139,"ENSG00000125746","EML2","ENST00000592901"
"11216",162417,"ENSG00000161653","NAGS","ENST00000592915"
"11217",5585,"ENSG00000123143","PKN1","ENST00000592960"
"11218",53615,"ENSG00000071655","MBD3","ENST00000592965"
"11219",47,"ENSG00000131473","ACLY","ENST00000592970"
"11220",4218,"ENSG00000167461","RAB8A","ENST00000592971"
"11221",80054,"ENSG00000267296","CEBPA-DT","ENST00000592982"
"11222",126393,"ENSG00000004776","HSPB6","ENST00000592984"
"11223",753,"ENSG00000168675","LDLRAD4","ENST00000592991"
"11224",79863,"ENSG00000101546","RBFA","ENST00000593019"
"11225",997,"ENSG00000099804","CDC34","ENST00000593036"
"11226",4616,"ENSG00000099860","GADD45B","ENST00000593043"
"11227",84337,"ENSG00000130165","ELOF1","ENST00000593077"
"11228",79651,"ENSG00000129667","RHBDF2","ENST00000593103"
"11229",386758,"ENSG00000267454","ZNF582-DT","ENST00000593109"
"11230",2696,"ENSG00000010310","GIPR","ENST00000593127"
"11231",7572,"ENSG00000172466","ZNF24","ENST00000593130"
"11232",147948,"ENSG00000018869","ZNF582","ENST00000593145"
"11233",90580,"ENSG00000142444","TIMM29","ENST00000593162"
"11234",5184,"ENSG00000124299","PEPD","ENST00000593163"
"11235",2670,"ENSG00000131095","GFAP","ENST00000593179"
"11236",113177,"ENSG00000099840","IZUMO4","ENST00000593185"
"11237",115950,"ENSG00000161914","ZNF653","ENST00000593191"
"11238",57614,"ENSG00000134444","RELCH","ENST00000593217"
"11239",23556,"ENSG00000197563","PIGN","ENST00000593225"
"11240",28974,"ENSG00000104979","C19orf53","ENST00000593274"
"11241",256949,"ENSG00000186994","KANK3","ENST00000593331"
"11242",51070,"ENSG00000142546","NOSIP","ENST00000593345"
"11243",25865,"ENSG00000105287","PRKD2","ENST00000593363"
"11244",57662,"ENSG00000076826","CAMSAP3","ENST00000593434"
"11245",1725,"ENSG00000095059","DHPS","ENST00000593473"
"11246",57333,"ENSG00000142552","RCN3","ENST00000593483"
"11247",100996763,"ENSG00000286019","NOTCH2NLB","ENST00000593495"
"11248",199731,"ENSG00000105767","CADM4","ENST00000593506"
"11249",558,"ENSG00000167601","AXL","ENST00000593513"
"11250",56915,"ENSG00000077348","EXOSC5","ENST00000593523"
"11251",81794,"ENSG00000142303","ADAMTS10","ENST00000593534"
"11252",4909,"ENSG00000225950","NTF4","ENST00000593537"
"11253",92960,"ENSG00000104883","PEX11G","ENST00000593547"
"11254",25804,"ENSG00000130520","LSM4","ENST00000593564"
"11255",163131,"ENSG00000128000","ZNF780B","ENST00000593605"
"11256",10998,"ENSG00000083807","SLC27A5","ENST00000593745"
"11257",54938,"ENSG00000104835","SARS2","ENST00000593754"
"11258",9040,"ENSG00000130725","UBE2M","ENST00000593801"
"11259",29944,"ENSG00000183837","PNMA3","ENST00000593810"
"11260",79709,"ENSG00000130309","COLGALT1","ENST00000593832"
"11261",1613,"ENSG00000167657","DAPK3","ENST00000593844"
"11262",126433,"ENSG00000161243","FBXO27","ENST00000593847"
"11263",57479,"ENSG00000126464","PRR12","ENST00000593853"
"11264",29785,"ENSG00000167600","CYP2S1","ENST00000593890"
"11265",148156,"ENSG00000167785","ZNF558","ENST00000593891"
"11266",79147,"ENSG00000181027","FKRP","ENST00000593902"
"11267",374920,"ENSG00000185453","ZSWIM9","ENST00000593921"
"11268",25799,"ENSG00000083812","ZNF324","ENST00000593925"
"11269",2109,"ENSG00000105379","ETFB","ENST00000593992"
"11270",64857,"ENSG00000090924","PLEKHG2","ENST00000594124"
"11271",84954,"ENSG00000008382","MPND","ENST00000594162"
"11272",79575,"ENSG00000127220","ABHD8","ENST00000594194"
"11273",388569,"ENSG00000249471","ZNF324B","ENST00000594214"
"11274",9230,"ENSG00000185236","RAB11B","ENST00000594216"
"11275",54922,"ENSG00000105538","RASIP1","ENST00000594232"
"11276",23309,"ENSG00000127511","SIN3B","ENST00000594235"
"11277",8398,"ENSG00000184381","PLA2G6","ENST00000594306"
"11278",51548,"ENSG00000077463","SIRT6","ENST00000594341"
"11279",353088,"ENSG00000197013","ZNF429","ENST00000594385"
"11280",55850,"ENSG00000053501","USE1","ENST00000594399"
"11281",27106,"ENSG00000105643","ARRDC2","ENST00000594411"
"11282",79187,"ENSG00000105255","FSD1","ENST00000594438"
"11283",10147,"ENSG00000064607","SUGP2","ENST00000594445"
"11284",79016,"ENSG00000130311","DDA1","ENST00000594501"
"11285",284361,"ENSG00000161671","EMC10","ENST00000594508"
"11286",7515,"ENSG00000073050","XRCC1","ENST00000594511"
"11287",7311,"ENSG00000221983","UBA52","ENST00000594527"
"11288",2901,"ENSG00000105737","GRIK5","ENST00000594528"
"11289",126133,"ENSG00000161618","ALDH16A1","ENST00000594549"
"11290",65982,"ENSG00000121413","ZSCAN18","ENST00000594567"
"11291",8497,"ENSG00000143847","PPFIA4","ENST00000594572"
"11292",84449,"ENSG00000160961","ZNF333","ENST00000594592"
"11293",10945,"ENSG00000105438","KDELR1","ENST00000594643"
"11294",100506012,"ENSG00000291145","","ENST00000594701"
"11295",25789,"ENSG00000105696","TMEM59L","ENST00000594709"
"11296",751071,"ENSG00000214756","CSKMT","ENST00000594728"
"11297",93343,"ENSG00000141971","MVB12A","ENST00000594784"
"11298",4294,"ENSG00000130758","MAP3K10","ENST00000594791"
"11299",83596,"ENSG00000126453","BCL2L12","ENST00000594793"
"11300",51257,"ENSG00000099785","MARCHF2","ENST00000594796"
"11301",170959,"ENSG00000196705","ZNF431","ENST00000594821"
"11302",51129,"ENSG00000167772","ANGPTL4","ENST00000594875"
"11303",1938,"ENSG00000167658","EEF2","ENST00000594885"
"11304",100293516,"ENSG00000269343","ZNF587B","ENST00000594901"
"11305",28968,"ENSG00000063127","SLC6A16","ENST00000594917"
"11306",9518,"ENSG00000130513","GDF15","ENST00000594925"
"11307",58491,"ENSG00000197951","ZNF71","ENST00000594944"
"11308",9524,"ENSG00000099797","TECR","ENST00000594958"
"11309",81857,"ENSG00000104973","MED25","ENST00000594998"
"11310",10856,"ENSG00000183207","RUVBL2","ENST00000595002"
"11311",79177,"ENSG00000124444","ZNF576","ENST00000595041"
"11312",4854,"ENSG00000074181","NOTCH3","ENST00000595045"
"11313",112398,"ENSG00000269858","EGLN2","ENST00000595051"
"11314",55049,"ENSG00000006015","REX1BD","ENST00000595077"
"11315",170961,"ENSG00000089847","ANKRD24","ENST00000595096"
"11316",400713,"ENSG00000221923","ZNF880","ENST00000595099"
"11317",284370,"ENSG00000197619","ZNF615","ENST00000595114"
"11318",23474,"ENSG00000105755","ETHE1","ENST00000595115"
"11319",10782,"ENSG00000171606","ZNF274","ENST00000595146"
"11320",3270,"ENSG00000130528","HRC","ENST00000595167"
"11321",84705,"ENSG00000130299","GTPBP3","ENST00000595194"
"11322",339327,"ENSG00000187187","ZNF546","ENST00000595225"
"11323",8463,"ENSG00000074219","TEAD2","ENST00000595233"
"11324",58506,"ENSG00000126461","SCAF1","ENST00000595242"
"11325",342926,"ENSG00000197928","ZNF677","ENST00000595293"
"11326",126299,"ENSG00000131116","ZNF428","ENST00000595304"
"11327",23211,"ENSG00000130749","ZC3H4","ENST00000595341"
"11328",10270,"ENSG00000105127","AKAP8","ENST00000595416"
"11329",1994,"ENSG00000066044","ELAVL1","ENST00000595499"
"11330",7644,"ENSG00000167232","ZNF91","ENST00000595533"
"11331",55011,"ENSG00000104872","PIH1D1","ENST00000595550"
"11332",54858,"ENSG00000130517","PGPEP1","ENST00000595552"
"11333",162972,"ENSG00000251369","ZNF550","ENST00000595560"
"11334",23370,"ENSG00000104880","ARHGEF18","ENST00000595600"
"11335",57731,"ENSG00000160460","SPTBN4","ENST00000595690"
"11336",126119,"ENSG00000161677","JOSD2","ENST00000595718"
"11337",162968,"ENSG00000174586","ZNF497","ENST00000595763"
"11338",51171,"ENSG00000087076","HSD17B14","ENST00000595764"
"11339",90576,"ENSG00000196466","ZNF799","ENST00000595766"
"11340",9138,"ENSG00000076928","ARHGEF1","ENST00000595770"
"11341",11100,"ENSG00000105323","HNRNPUL1","ENST00000595806"
"11342",90075,"ENSG00000168661","ZNF30","ENST00000595818"
"11343",440515,"ENSG00000081665","ZNF506","ENST00000595825"
"11344",58513,"ENSG00000127527","EPS15L1","ENST00000595845"
"11345",2077,"ENSG00000105722","ERF","ENST00000595941"
"11346",93323,"ENSG00000131351","HAUS8","ENST00000595958"
"11347",126003,"ENSG00000181029","TRAPPC5","ENST00000595985"
"11348",56005,"ENSG00000074842","MYDGF","ENST00000596031"
"11349",7593,"ENSG00000099326","MZF1","ENST00000596039"
"11350",10715,"ENSG00000223802","CERS1","ENST00000596048"
"11351",55786,"ENSG00000170954","ZNF415","ENST00000596051"
"11352",770,"ENSG00000063180","CA11","ENST00000596080"
"11353",90233,"ENSG00000204519","ZNF551","ENST00000596085"
"11354",91661,"ENSG00000196417","ZNF765","ENST00000596086"
"11355",115098,"ENSG00000007080","CCDC124","ENST00000596123"
"11356",56949,"ENSG00000076924","XAB2","ENST00000596134"
"11357",139065,"ENSG00000179542","SLITRK4","ENST00000596188"
"11358",162967,"ENSG00000182986","ZNF320","ENST00000596215"
"11359",5424,"ENSG00000062822","POLD1","ENST00000596221"
"11360",51659,"ENSG00000131153","GINS2","ENST00000596233"
"11361",51293,"ENSG00000167775","CD320","ENST00000596246"
"11362",55095,"ENSG00000179134","SAMD4B","ENST00000596271"
"11363",55588,"ENSG00000063322","MED29","ENST00000596297"
"11364",55713,"ENSG00000198185","ZNF334","ENST00000596323"
"11365",79934,"ENSG00000123815","COQ8B","ENST00000596357"
"11366",90338,"ENSG00000170949","ZNF160","ENST00000596388"
"11367",23094,"ENSG00000105738","SIPA1L3","ENST00000596403"
"11368",84914,"ENSG00000198466","ZNF587","ENST00000596433"
"11369",163227,"ENSG00000197020","ZNF100","ENST00000596452"
"11370",29946,"ENSG00000167565","SERTAD3","ENST00000596456"
"11371",55702,"ENSG00000105248","YJU2","ENST00000596496"
"11372",54555,"ENSG00000105671","DDX49","ENST00000596502"
"11373",646817,"ENSG00000230667","SETSIP","ENST00000596516"
"11374",6618,"ENSG00000104976","SNAPC2","ENST00000596520"
"11375",100289341,"ENSG00000268996","MAN1B1-DT","ENST00000596585"
"11376",388559,"ENSG00000213793","ZNF888","ENST00000596623"
"11377",22809,"ENSG00000169136","ATF5","ENST00000596658"
"11378",56935,"ENSG00000166002","SMCO4","ENST00000596676"
"11379",65251,"ENSG00000198093","ZNF649","ENST00000596690"
"11380",84878,"ENSG00000119574","ZBTB45","ENST00000596739"
"11381",10597,"ENSG00000256060","TRAPPC2B","ENST00000596755"
"11382",81856,"ENSG00000213020","ZNF611","ENST00000596776"
"11383",100129842,"ENSG00000237440","ZNF737","ENST00000596797"
"11384",284439,"ENSG00000181035","SLC25A42","ENST00000596819"
"11385",55295,"ENSG00000167487","KLHL26","ENST00000596843"
"11386",10328,"ENSG00000131148","EMC8","ENST00000596852"
"11387",6626,"ENSG00000077312","SNRPA","ENST00000596860"
"11388",2063,"ENSG00000160113","NR2F6","ENST00000596878"
"11389",8178,"ENSG00000105656","ELL","ENST00000596915"
"11390",587,"ENSG00000105552","BCAT2","ENST00000596981"
"11391",80271,"ENSG00000086544","ITPKC","ENST00000597003"
"11392",91039,"ENSG00000142002","DPP9","ENST00000597024"
"11393",56927,"ENSG00000125734","GPR108","ENST00000597043"
"11394",2014,"ENSG00000142227","EMP3","ENST00000597057"
"11395",79784,"ENSG00000105357","MYH14","ENST00000597072"
"11396",90649,"ENSG00000256229","ZNF486","ENST00000597083"
"11397",7376,"ENSG00000131408","NR1H2","ENST00000597085"
"11398",126129,"ENSG00000169169","CPT1C","ENST00000597099"
"11399",8775,"ENSG00000105402","NAPA","ENST00000597160"
"11400",3661,"ENSG00000126456","IRF3","ENST00000597180"
"11401",10908,"ENSG00000032444","PNPLA6","ENST00000597202"
"11402",140467,"ENSG00000198816","ZNF358","ENST00000597229"
"11403",84518,"ENSG00000105427","CNFN","ENST00000597255"
"11404",79085,"ENSG00000125648","SLC25A23","ENST00000597307"
"11405",54795,"ENSG00000130529","TRPM4","ENST00000597316"
"11406",100507567,"ENSG00000269386","RAB11B-AS1","ENST00000597407"
"11407",1175,"ENSG00000042753","AP2S1","ENST00000597421"
"11408",51599,"ENSG00000105699","LSR","ENST00000597446"
"11409",7040,"ENSG00000105329","TGFB1","ENST00000597453"
"11410",56961,"ENSG00000105251","SHD","ENST00000597466"
"11411",284306,"ENSG00000152433","ZNF547","ENST00000597567"
"11412",147694,"ENSG00000188785","ZNF548","ENST00000597576"
"11413",116412,"ENSG00000152475","ZNF837","ENST00000597582"
"11414",55101,"ENSG00000105341","DMAC2","ENST00000597608"
"11415",8570,"ENSG00000088247","KHSRP","ENST00000597704"
"11416",53635,"ENSG00000104960","PTOV1","ENST00000597730"
"11417",730051,"ENSG00000204514","ZNF814","ENST00000597807"
"11418",645,"ENSG00000090013","BLVRB","ENST00000597870"
"11419",27231,"ENSG00000077009","NMRK2","ENST00000597889"
"11420",116115,"ENSG00000167625","ZNF526","ENST00000597945"
"11421",80110,"ENSG00000142556","ZNF614","ENST00000597952"
"11422",55260,"ENSG00000161558","TMEM143","ENST00000598012"
"11423",6510,"ENSG00000105281","SLC1A5","ENST00000598022"
"11424",126432,"ENSG00000187994","RINL","ENST00000598048"
"11425",2217,"ENSG00000104870","FCGRT","ENST00000598076"
"11426",286527,"ENSG00000269226","TMSB15C","ENST00000598087"
"11427",54623,"ENSG00000006712","PAF1","ENST00000598127"
"11428",8425,"ENSG00000090006","LTBP4","ENST00000598166"
"11429",55769,"ENSG00000167766","ZNF83","ENST00000598190"
"11430",162989,"ENSG00000160570","DEDD2","ENST00000598200"
"11431",6455,"ENSG00000141985","SH3GL1","ENST00000598219"
"11432",1762,"ENSG00000185800","DMWD","ENST00000598237"
"11433",29997,"ENSG00000105373","NOP53","ENST00000598285"
"11434",348327,"ENSG00000183647","ZNF530","ENST00000598297"
"11435",10155,"ENSG00000130726","TRIM28","ENST00000598355"
"11436",100505761,"ENSG00000269609","C10orf95-AS1","ENST00000598368"
"11437",162966,"ENSG00000189190","ZNF600","ENST00000598369"
"11438",6223,"ENSG00000105372","RPS19","ENST00000598399"
"11439",79788,"ENSG00000197497","ZNF665","ENST00000598440"
"11440",94027,"ENSG00000196337","CGB7","ENST00000598442"
"11441",9668,"ENSG00000256087","ZNF432","ENST00000598446"
"11442",84436,"ENSG00000167555","ZNF528","ENST00000598479"
"11443",8605,"ENSG00000105499","PLA2G4C","ENST00000598488"
"11444",56848,"ENSG00000063176","SPHK2","ENST00000598574"
"11445",2962,"ENSG00000125651","GTF2F1","ENST00000598607"
"11446",10382,"ENSG00000104833","TUBB4A","ENST00000598635"
"11447",27113,"ENSG00000105327","BBC3","ENST00000598636"
"11448",11133,"ENSG00000118162","KPTN","ENST00000598699"
"11449",51398,"ENSG00000105583","WDR83OS","ENST00000598732"
"11450",57343,"ENSG00000131845","ZNF304","ENST00000598744"
"11451",9253,"ENSG00000105245","NUMBL","ENST00000598759"
"11452",25888,"ENSG00000142528","ZNF473","ENST00000598802"
"11453",25796,"ENSG00000130313","PGLS","ENST00000598811"
"11454",9322,"ENSG00000125733","TRIP10","ENST00000598843"
"11455",131965,"ENSG00000206562","METTL6","ENST00000598878"
"11456",56006,"ENSG00000105771","SMG9","ENST00000598886"
"11457",163071,"ENSG00000178150","ZNF114","ENST00000598898"
"11458",114783,"ENSG00000142235","LMTK3","ENST00000598924"
"11459",10172,"ENSG00000152454","ZNF256","ENST00000598928"
"11460",100130086,"ENSG00000268738","HSFX2","ENST00000598963"
"11461",84258,"ENSG00000213023","SYT3","ENST00000598997"
"11462",84671,"ENSG00000197937","ZNF347","ENST00000599096"
"11463",9454,"ENSG00000051128","HOMER3","ENST00000599097"
"11464",2091,"ENSG00000105202","FBL","ENST00000599134"
"11465",7691,"ENSG00000131849","ZNF132","ENST00000599148"
"11466",171392,"ENSG00000197372","ZNF675","ENST00000599168"
"11467",10567,"ENSG00000105404","RABAC1","ENST00000599219"
"11468",6193,"ENSG00000083845","RPS5","ENST00000599232"
"11469",91120,"ENSG00000197124","ZNF682","ENST00000599240"
"11470",147687,"ENSG00000173480","ZNF417","ENST00000599251"
"11471",59348,"ENSG00000256683","ZNF350","ENST00000599258"
"11472",79603,"ENSG00000090661","CERS4","ENST00000599275"
"11473",6813,"ENSG00000076944","STXBP2","ENST00000599278"
"11474",2909,"ENSG00000160007","ARHGAP35","ENST00000599284"
"11475",10994,"ENSG00000105135","ILVBL","ENST00000599324"
"11476",10148,"ENSG00000105246","EBI3","ENST00000599339"
"11477",5605,"ENSG00000126934","MAP2K2","ENST00000599345"
"11478",80131,"ENSG00000171017","LRRC8E","ENST00000599367"
"11479",1760,"ENSG00000104936","DMPK","ENST00000599392"
"11480",284371,"ENSG00000197608","ZNF841","ENST00000599430"
"11481",101928649,"ENSG00000233937","","ENST00000599439"
"11482",284307,"ENSG00000171649","ZIK1","ENST00000599456"
"11483",79041,"ENSG00000072954","TMEM38A","ENST00000599479"
"11484",284443,"ENSG00000196268","ZNF493","ENST00000599517"
"11485",57469,"ENSG00000204851","PNMA8B","ENST00000599531"
"11486",10794,"ENSG00000197714","ZNF460","ENST00000599602"
"11487",9422,"ENSG00000083844","ZNF264","ENST00000599653"
"11488",170463,"ENSG00000130511","SSBP4","ENST00000599699"
"11489",6217,"ENSG00000105193","RPS16","ENST00000599705"
"11490",5143,"ENSG00000105650","PDE4C","ENST00000599754"
"11491",5050,"ENSG00000079462","PAFAH1B3","ENST00000599778"
"11492",1954,"ENSG00000105429","MEGF8","ENST00000599787"
"11493",23636,"ENSG00000213024","NUP62","ENST00000599830"
"11494",84266,"ENSG00000125652","ALKBH7","ENST00000599849"
"11495",641516,"ENSG00000267313","","ENST00000599934"
"11496",83743,"ENSG00000105447","GRWD1","ENST00000599949"
"11497",79891,"ENSG00000083814","ZNF671","ENST00000599961"
"11498",11316,"ENSG00000105669","COPE","ENST00000599964"
"11499",376497,"ENSG00000130304","SLC27A1","ENST00000599965"
"11500",284323,"ENSG00000197782","ZNF780A","ENST00000599972"
"11501",6320,"ENSG00000105472","CLEC11A","ENST00000599973"
"11502",10469,"ENSG00000104980","TIMM44","ENST00000600000"
"11503",90321,"ENSG00000196214","ZNF766","ENST00000600016"
"11504",7538,"ENSG00000128016","ZFP36","ENST00000600033"
"11505",9441,"ENSG00000105085","MED26","ENST00000600060"
"11506",79036,"ENSG00000105700","KXD1","ENST00000600099"
"11507",26093,"ENSG00000105321","CCDC9","ENST00000600117"
"11508",284325,"ENSG00000188493","ACTMAP","ENST00000600139"
"11509",6142,"ENSG00000105640","RPL18A","ENST00000600238"
"11510",4125,"ENSG00000104774","MAN2B1","ENST00000600281"
"11511",90317,"ENSG00000204611","ZNF616","ENST00000600282"
"11512",112703,"ENSG00000142530","GARIN5A","ENST00000600330"
"11513",10298,"ENSG00000130669","PAK4","ENST00000600350"
"11514",4861,"ENSG00000130751","NPAS1","ENST00000600352"
"11515",147686,"ENSG00000196724","ZNF418","ENST00000600353"
"11516",79735,"ENSG00000104946","TBC1D17","ENST00000600354"
"11517",94030,"ENSG00000131409","LRRC4B","ENST00000600381"
"11518",79818,"ENSG00000178935","ZNF552","ENST00000600397"
"11519",7728,"ENSG00000105497","ZNF175","ENST00000600460"
"11520",10437,"ENSG00000216490","IFI30","ENST00000600463"
"11521",3643,"ENSG00000171105","INSR","ENST00000600492"
"11522",148206,"ENSG00000160352","ZNF714","ENST00000600535"
"11523",9266,"ENSG00000105443","CYTH2","ENST00000600597"
"11524",3249,"ENSG00000105707","HPN","ENST00000600675"
"11525",5976,"ENSG00000005007","UPF1","ENST00000600689"
"11526",388567,"ENSG00000186230","ZNF749","ENST00000600697"
"11527",29888,"ENSG00000090372","STRN4","ENST00000600710"
"11528",57719,"ENSG00000074855","ANO8","ENST00000600711"
"11529",3191,"ENSG00000104824","HNRNPL","ENST00000600741"
"11530",718,"ENSG00000125730","C3","ENST00000600744"
"11531",27243,"ENSG00000130724","CHMP2A","ENST00000600804"
"11532",6829,"ENSG00000196235","SUPT5H","ENST00000600818"
"11533",79629,"ENSG00000099330","OCEL1","ENST00000600826"
"11534",100131801,"ENSG00000229833","PET100","ENST00000600836"
"11535",92609,"ENSG00000105197","TIMM50","ENST00000600878"
"11536",7693,"ENSG00000213762","ZNF134","ENST00000600883"
"11537",7392,"ENSG00000105698","USF2","ENST00000600898"
"11538",84330,"ENSG00000133250","ZNF414","ENST00000600906"
"11539",90324,"ENSG00000142039","CCDC97","ENST00000600918"
"11540",1,"ENSG00000121410","A1BG","ENST00000600966"
"11541",3727,"ENSG00000130522","JUND","ENST00000600972"
"11542",283237,"ENSG00000162222","TTC9C","ENST00000601045"
"11543",55201,"ENSG00000130479","MAP1S","ENST00000601097"
"11544",1628,"ENSG00000105516","DBP","ENST00000601104"
"11545",147660,"ENSG00000258405","ZNF578","ENST00000601120"
"11546",26993,"ENSG00000011243","AKAP8L","ENST00000601147"
"11547",3991,"ENSG00000079435","LIPE","ENST00000601189"
"11548",5704,"ENSG00000013275","PSMC4","ENST00000601194"
"11549",4701,"ENSG00000267855","NDUFA7","ENST00000601258"
"11550",84167,"ENSG00000105072","C19orf44","ENST00000601288"
"11551",6205,"ENSG00000142534","RPS11","ENST00000601306"
"11552",160,"ENSG00000196961","AP2A1","ENST00000601356"
"11553",374907,"ENSG00000177191","B3GNT8","ENST00000601379"
"11554",115290,"ENSG00000269190","FBXO17","ENST00000601394"
"11555",125875,"ENSG00000160318","CLDND2","ENST00000601435"
"11556",57536,"ENSG00000150477","KIAA1328","ENST00000601437"
"11557",51588,"ENSG00000105229","PIAS4","ENST00000601439"
"11558",55620,"ENSG00000178078","STAP2","ENST00000601482"
"11559",126298,"ENSG00000167378","IRGQ","ENST00000601520"
"11560",6237,"ENSG00000126458","RRAS","ENST00000601532"
"11561",51341,"ENSG00000178951","ZBTB7A","ENST00000601588"
"11562",80776,"ENSG00000123810","B9D2","ENST00000601597"
"11563",8189,"ENSG00000125755","SYMPK","ENST00000601600"
"11564",27151,"ENSG00000160111","CPAMD8","ENST00000601637"
"11565",653583,"ENSG00000176531","PHLDB3","ENST00000601646"
"11566",729440,"ENSG00000104983","CCDC61","ENST00000601763"
"11567",115704,"ENSG00000142459","EVI5L","ENST00000601766"
"11568",170958,"ENSG00000203326","ZNF525","ENST00000601790"
"11569",79898,"ENSG00000176024","ZNF613","ENST00000601794"
"11570",126272,"ENSG00000176401","EID2B","ENST00000601837"
"11571",147837,"ENSG00000188868","ZNF563","ENST00000601858"
"11572",5329,"ENSG00000011422","PLAUR","ENST00000601876"
"11573",79673,"ENSG00000181894","ZNF329","ENST00000601887"
"11574",23373,"ENSG00000105662","CRTC1","ENST00000601916"
"11575",23476,"ENSG00000141867","BRD4","ENST00000601941"
"11576",374928,"ENSG00000152439","ZNF773","ENST00000601958"
"11577",9149,"ENSG00000105204","DYRK1B","ENST00000601972"
"11578",90333,"ENSG00000204604","ZNF468","ENST00000601980"
"11579",7562,"ENSG00000182141","ZNF708","ENST00000602023"
"11580",51231,"ENSG00000105053","VRK3","ENST00000602029"
"11581",7565,"ENSG00000186272","ZNF17","ENST00000602050"
"11582",1891,"ENSG00000104823","ECH1","ENST00000602115"
"11583",256051,"ENSG00000121406","ZNF549","ENST00000602149"
"11584",6415,"ENSG00000178980","SELENOW","ENST00000602163"
"11585",100505812,"ENSG00000268001","CARD8-AS1","ENST00000602172"
"11586",162962,"ENSG00000196267","ZNF836","ENST00000602187"
"11587",85360,"ENSG00000105137","SYDE1","ENST00000602203"
"11588",4670,"ENSG00000099783","HNRNPM","ENST00000602219"
"11589",57192,"ENSG00000090674","MCOLN1","ENST00000602227"
"11590",92799,"ENSG00000160410","SHKBP1","ENST00000602239"
"11591",55228,"ENSG00000182013","PNMA8A","ENST00000602246"
"11592",29998,"ENSG00000063169","BICRA","ENST00000602258"
"11593",81559,"ENSG00000154370","TRIM11","ENST00000602308"
"11594",55892,"ENSG00000085274","MYNN","ENST00000602391"
"11595",55000,"ENSG00000253352","TUG1","ENST00000602393"
"11596",55206,"ENSG00000139697","SBNO1","ENST00000602398"
"11597",10092,"ENSG00000162704","ARPC5","ENST00000602490"
"11598",23028,"ENSG00000004487","KDM1A","ENST00000602503"
"11599",84080,"ENSG00000124074","ENKD1","ENST00000602531"
"11600",171220,"ENSG00000290712","","ENST00000602547"
"11601",90161,"ENSG00000171004","HS6ST2","ENST00000602570"
"11602",139201,"ENSG00000293351","","ENST00000602584"
"11603",51100,"ENSG00000097033","SH3GLB1","ENST00000602603"
"11604",8334,"ENSG00000180573","H2AC6","ENST00000602637"
"11605",8975,"ENSG00000058056","USP13","ENST00000602704"
"11606",50855,"ENSG00000102981","PARD6A","ENST00000602727"
"11607",26047,"ENSG00000174469","CNTNAP2","ENST00000602734"
"11608",404550,"ENSG00000154102","C16orf74","ENST00000602766"
"11609",8541,"ENSG00000177380","PPFIA3","ENST00000602783"
"11610",9810,"ENSG00000103549","RNF40","ENST00000602784"
"11611",54987,"ENSG00000162384","CZIB","ENST00000602807"
"11612",152217,"ENSG00000270170","NCBP2AS2","ENST00000602845"
"11613",81577,"ENSG00000141098","GFOD2","ENST00000602855"
"11614",118980,"ENSG00000156398","SFXN2","ENST00000602868"
"11615",57610,"ENSG00000141084","RANBP10","ENST00000602887"
"11616",50848,"ENSG00000158769","F11R","ENST00000602966"
"11617",4968,"ENSG00000114026","OGG1","ENST00000602976"
"11618",388284,"ENSG00000159761","C16orf86","ENST00000602987"
"11619",644353,"ENSG00000166707","ZCCHC18","ENST00000603049"
"11620",197358,"ENSG00000167984","NLRC3","ENST00000603055"
"11621",79817,"ENSG00000120162","MOB3B","ENST00000603061"
"11622",103091865,"ENSG00000255568","BRWD1-AS2","ENST00000603064"
"11623",259,"ENSG00000106927","AMBP","ENST00000603230"
"11624",166815,"ENSG00000180346","TIGD2","ENST00000603357"
"11625",8292,"ENSG00000206561","COLQ","ENST00000603469"
"11626",8644,"ENSG00000196139","AKR1C3","ENST00000603484"
"11627",91608,"ENSG00000270885","RASL10B","ENST00000603498"
"11628",9481,"ENSG00000153291","SLC25A27","ENST00000603501"
"11629",54874,"ENSG00000137942","FNBP1L","ENST00000603526"
"11630",101410533,"ENSG00000270673","YTHDF3-DT","ENST00000603538"
"11631",54914,"ENSG00000188352","FOCAD","ENST00000603631"
"11632",159371,"ENSG00000176273","SLC35G1","ENST00000603665"
"11633",7412,"ENSG00000162692","VCAM1","ENST00000603679"
"11634",51175,"ENSG00000074935","TUBE1","ENST00000603722"
"11635",64224,"ENSG00000122557","HERPUD2","ENST00000603731"
"11636",84649,"ENSG00000062282","DGAT2","ENST00000603865"
"11637",414224,"ENSG00000290898","","ENST00000603888"
"11638",100506599,"ENSG00000225361","PPP1R26-AS1","ENST00000603893"
"11639",57655,"ENSG00000089351","GRAMD1A","ENST00000603907"
"11640",128077,"ENSG00000271601","LIX1L","ENST00000604000"
"11641",10367,"ENSG00000107745","MICU1","ENST00000604025"
"11642",55294,"ENSG00000109670","FBXW7","ENST00000604095"
"11643",54553,"ENSG00000268471","MIR4453HG","ENST00000604157"
"11644",51562,"ENSG00000151332","MBIP","ENST00000604160"
"11645",11118,"ENSG00000186470","BTN3A2","ENST00000604202"
"11646",100527978,"ENSG00000271092","TLCD4-RWDD3","ENST00000604203"
"11647",23380,"ENSG00000266028","SRGAP2","ENST00000604247"
"11648",619208,"ENSG00000203778","FAM229B","ENST00000604268"
"11649",100288198,"ENSG00000270362","HMGN3-AS1","ENST00000604516"
"11650",55717,"ENSG00000120008","WDR11","ENST00000604714"
"11651",100507032,"ENSG00000271270","TMCC1-DT","ENST00000604747"
"11652",401548,"ENSG00000148158","SNX30","ENST00000604751"
"11653",102723508,"ENSG00000232593","KANTR","ENST00000604849"
"11654",10383,"ENSG00000188229","TUBB4B","ENST00000604929"
"11655",9577,"ENSG00000158019","BABAM2","ENST00000604932"
"11656",7169,"ENSG00000198467","TPM2","ENST00000604975"
"11657",56940,"ENSG00000112679","DUSP22","ENST00000604988"
"11658",5305,"ENSG00000150867","PIP4K2A","ENST00000605011"
"11659",89910,"ENSG00000151148","UBE3B","ENST00000605142"
"11660",266655,"ENSG00000235106","BRD3OS","ENST00000605164"
"11661",399664,"ENSG00000181588","MEX3D","ENST00000605173"
"11662",80256,"ENSG00000005238","ATOSB","ENST00000605392"
"11663",2800,"ENSG00000136935","GOLGA1","ENST00000605438"
"11664",126375,"ENSG00000180884","ZNF792","ENST00000605484"
"11665",339929,"ENSG00000270959","LPP-AS2","ENST00000605573"
"11666",23552,"ENSG00000156345","CDK20","ENST00000605591"
"11667",9858,"ENSG00000196422","PPP1R26","ENST00000605660"
"11668",643699,"ENSG00000232653","GOLGA8N","ENST00000605665"
"11669",11226,"ENSG00000139629","GALNT6","ENST00000605720"
"11670",9641,"ENSG00000263528","IKBKE","ENST00000605726"
"11671",101930085,"ENSG00000271122","HERPUD2-AS1","ENST00000605778"
"11672",642361,"ENSG00000272447","","ENST00000605920"
"11673",10272,"ENSG00000070404","FSTL3","ENST00000605925"
"11674",3710,"ENSG00000096433","ITPR3","ENST00000605930"
"11675",5476,"ENSG00000064601","CTSA","ENST00000606000"
"11676",100133941,"ENSG00000272398","CD24","ENST00000606017"
"11677",63976,"ENSG00000142611","PRDM16","ENST00000606170"
"11678",64419,"ENSG00000163719","MTMR14","ENST00000606184"
"11679",9603,"ENSG00000050344","NFE2L3","ENST00000606261"
"11680",101927352,"ENSG00000271826","PLS3-AS1","ENST00000606397"
"11681",283481,"ENSG00000272143","FGF14-AS2","ENST00000606448"
"11682",4835,"ENSG00000124588","NQO2","ENST00000606474"
"11683",10299,"ENSG00000145495","MARCHF6","ENST00000606497"
"11684",79933,"ENSG00000166317","SYNPO2L","ENST00000606523"
"11685",51256,"ENSG00000145979","TBC1D7","ENST00000606530"
"11686",100505538,"ENSG00000227354","RBM26-AS1","ENST00000606584"
"11687",8341,"ENSG00000233822","H2BC15","ENST00000606613"
"11688",100887750,"ENSG00000291010","","ENST00000606619"
"11689",9096,"ENSG00000112837","TBX18","ENST00000606621"
"11690",29940,"ENSG00000111817","DSE","ENST00000606712"
"11691",51079,"ENSG00000186010","NDUFA13","ENST00000606722"
"11692",98,"ENSG00000170634","ACYP2","ENST00000606865"
"11693",25832,"ENSG00000270629","NBPF14","ENST00000606877"
"11694",2081,"ENSG00000178607","ERN1","ENST00000606895"
"11695",134728,"ENSG00000146243","IRAK1BP1","ENST00000606929"
"11696",84634,"ENSG00000116014","KISS1R","ENST00000606939"
"11697",8705,"ENSG00000235863","B3GALT4","ENST00000606990"
"11698",11165,"ENSG00000272325","NUDT3","ENST00000607016"
"11699",55917,"ENSG00000143079","CTTNBP2NL","ENST00000607039"
"11700",63941,"ENSG00000125967","NECAB3","ENST00000607055"
"11701",23632,"ENSG00000118298","CA14","ENST00000607082"
"11702",55220,"ENSG00000162873","KLHDC8A","ENST00000607193"
"11703",92106,"ENSG00000154814","OXNAD1","ENST00000607329"
"11704",7347,"ENSG00000118939","UCHL3","ENST00000607339"
"11705",723790,"ENSG00000288859","H2AC19","ENST00000607355"
"11706",5629,"ENSG00000117707","PROX1","ENST00000607425"
"11707",55142,"ENSG00000137814","HAUS2","ENST00000607467"
"11708",88745,"ENSG00000124541","RRP36","ENST00000607555"
"11709",729092,"ENSG00000172650","AGAP5","ENST00000607663"
"11710",388789,"ENSG00000232388","SMIM26","ENST00000608034"
"11711",259230,"ENSG00000198964","SGMS1","ENST00000608287"
"11712",202781,"ENSG00000273344","PAXIP1-DT","ENST00000608317"
"11713",9792,"ENSG00000179833","SERTAD2","ENST00000608423"
"11714",51807,"ENSG00000183785","TUBA8","ENST00000608634"
"11715",100506394,"ENSG00000272695","GAS6-DT","ENST00000608651"
"11716",3303,"ENSG00000204389","HSPA1A","ENST00000608703"
"11717",5435,"ENSG00000100142","POLR2F","ENST00000608713"
"11718",79812,"ENSG00000173269","MMRN2","ENST00000608753"
"11719",81621,"ENSG00000107821","KAZALD1","ENST00000608812"
"11720",80023,"ENSG00000125841","NRSN2","ENST00000608875"
"11721",6874,"ENSG00000130699","TAF4","ENST00000608887"
"11722",206412,"ENSG00000203872","C6orf163","ENST00000608891"
"11723",3693,"ENSG00000082781","ITGB5","ENST00000608945"
"11724",80854,"ENSG00000145391","SETD7","ENST00000608958"
"11725",23031,"ENSG00000099308","MAST3","ENST00000609076"
"11726",10910,"ENSG00000165416","SUGT1","ENST00000609175"
"11727",84989,"ENSG00000272767","JMJD1C-AS1","ENST00000609436"
"11728",100130705,"ENSG00000272899","SPMIP1","ENST00000609480"
"11729",56985,"ENSG00000170222","ADPRM","ENST00000609540"
"11730",51020,"ENSG00000111906","HDDC2","ENST00000609574"
"11731",23770,"ENSG00000105701","FKBP8","ENST00000609656"
"11732",100009676,"ENSG00000256628","ZBTB11-AS1","ENST00000609682"
"11733",51430,"ENSG00000094975","SUCO","ENST00000609685"
"11734",129138,"ENSG00000100124","ANKRD54","ENST00000609706"
"11735",2665,"ENSG00000057608","GDI2","ENST00000609712"
"11736",255403,"ENSG00000250312","ZNF718","ENST00000609714"
"11737",165055,"ENSG00000163006","CCDC138","ENST00000609740"
"11738",254048,"ENSG00000157741","UBN2","ENST00000609762"
"11739",340526,"ENSG00000242732","RTL5","ENST00000609883"
"11740",25786,"ENSG00000273311","DGCR11","ENST00000609958"
"11741",51275,"ENSG00000234608","MAPKAPK5-AS1","ENST00000609983"
"11742",51060,"ENSG00000117862","TXNDC12","ENST00000610127"
"11743",100129550,"ENSG00000273033","LINC02035","ENST00000610128"
"11744",100506286,"ENSG00000272902","TBC1D8-AS1","ENST00000610202"
"11745",11319,"ENSG00000122882","ECD","ENST00000610256"
"11746",79982,"ENSG00000164031","DNAJB14","ENST00000610281"
"11747",10699,"ENSG00000145244","CORIN","ENST00000610355"
"11748",5567,"ENSG00000142875","PRKACB","ENST00000610457"
"11749",23345,"ENSG00000131018","SYNE1","ENST00000610489"
"11750",8263,"ENSG00000288722","F8A1","ENST00000610495"
"11751",400720,"ENSG00000197128","ZNF772","ENST00000610548"
"11752",2130,"ENSG00000182944","EWSR1","ENST00000610553"
"11753",7762,"ENSG00000149054","ZNF215","ENST00000610573"
"11754",441250,"ENSG00000277149","TYW1B","ENST00000610600"
"11755",102724594,"ENSG00000275895","","ENST00000610664"
"11756",5253,"ENSG00000197724","PHF2","ENST00000610682"
"11757",149465,"ENSG00000243710","CFAP57","ENST00000610710"
"11758",25941,"ENSG00000134779","TPGS2","ENST00000610723"
"11759",5099,"ENSG00000169851","PCDH7","ENST00000610830"
"11760",9314,"ENSG00000136826","KLF4","ENST00000610832"
"11761",6619,"ENSG00000164975","SNAPC3","ENST00000610884"
"11762",100507003,"ENSG00000261949","GFY","ENST00000610896"
"11763",79960,"ENSG00000077684","JADE1","ENST00000610919"
"11764",2232,"ENSG00000161513","FDXR","ENST00000610946"
"11765",25998,"ENSG00000005700","IBTK","ENST00000610980"
"11766",102724951,"ENSG00000276077","","ENST00000610988"
"11767",79739,"ENSG00000137941","TTLL7","ENST00000610996"
"11768",102724219,"ENSG00000274333","","ENST00000611026"
"11769",159090,"ENSG00000156504","PABIR2","ENST00000611027"
"11770",27344,"ENSG00000102109","PCSK1N","ENST00000611033"
"11771",28989,"ENSG00000148335","NTMT1","ENST00000611055"
"11772",57634,"ENSG00000183495","EP400","ENST00000611118"
"11773",84548,"ENSG00000269556","TMEM185A","ENST00000611119"
"11774",375190,"ENSG00000219626","FAM228B","ENST00000611138"
"11775",7549,"ENSG00000275111","ZNF2","ENST00000611147"
"11776",94059,"ENSG00000275183","LENG9","ENST00000611161"
"11777",84678,"ENSG00000089094","KDM2B","ENST00000611216"
"11778",9767,"ENSG00000102221","JADE3","ENST00000611250"
"11779",348094,"ENSG00000166839","ANKDD1A","ENST00000611260"
"11780",114882,"ENSG00000091039","OSBPL8","ENST00000611266"
"11781",8554,"ENSG00000033800","PIAS1","ENST00000611270"
"11782",25902,"ENSG00000120254","MTHFD1L","ENST00000611279"
"11783",4007,"ENSG00000012211","PRICKLE3","ENST00000611313"
"11784",146198,"ENSG00000184939","ZFP90","ENST00000611381"
"11785",25879,"ENSG00000164934","DCAF13","ENST00000611541"
"11786",256302,"ENSG00000274180","NATD1","ENST00000611551"
"11787",79873,"ENSG00000275074","NUDT18","ENST00000611621"
"11788",23030,"ENSG00000127663","KDM4B","ENST00000611640"
"11789",9223,"ENSG00000151276","MAGI1","ENST00000611645"
"11790",9406,"ENSG00000132485","ZRANB2","ENST00000611683"
"11791",84803,"ENSG00000138678","GPAT3","ENST00000611707"
"11792",84876,"ENSG00000276045","ORAI1","ENST00000611718"
"11793",160857,"ENSG00000151773","CCDC122","ENST00000611737"
"11794",30851,"ENSG00000213977","TAX1BP3","ENST00000611779"
"11795",1102,"ENSG00000136161","RCBTB2","ENST00000611827"
"11796",81031,"ENSG00000197496","SLC2A10","ENST00000611837"
"11797",653145,"ENSG00000265190","ANXA8","ENST00000611843"
"11798",80167,"ENSG00000164074","ABHD18","ENST00000611882"
"11799",1654,"ENSG00000215301","DDX3X","ENST00000611968"
"11800",139189,"ENSG00000274588","DGKK","ENST00000611977"
"11801",9308,"ENSG00000112149","CD83","ENST00000612003"
"11802",387882,"ENSG00000235162","C12orf75","ENST00000612117"
"11803",222183,"ENSG00000177679","SRRM3","ENST00000612155"
"11804",81539,"ENSG00000111371","SLC38A1","ENST00000612161"
"11805",22904,"ENSG00000278788","SBNO2","ENST00000612198"
"11806",54407,"ENSG00000134294","SLC38A2","ENST00000612232"
"11807",2246,"ENSG00000113578","FGF1","ENST00000612258"
"11808",7639,"ENSG00000278091","ZNF85","ENST00000612293"
"11809",6742,"ENSG00000106028","SSBP1","ENST00000612337"
"11810",54438,"ENSG00000145990","GFOD1","ENST00000612338"
"11811",10891,"ENSG00000109819","PPARGC1A","ENST00000612355"
"11812",23435,"ENSG00000120948","TARDBP","ENST00000612387"
"11813",5706,"ENSG00000100519","PSMC6","ENST00000612399"
"11814",221504,"ENSG00000213588","ZBTB9","ENST00000612407"
"11815",80725,"ENSG00000277363","SRCIN1","ENST00000612431"
"11816",8618,"ENSG00000163618","CADPS","ENST00000612439"
"11817",896,"ENSG00000112576","CCND3","ENST00000612455"
"11818",100287896,"ENSG00000254837","LIPT2-AS1","ENST00000612462"
"11819",27291,"ENSG00000166024","R3HCC1L","ENST00000612478"
"11820",100132406,"ENSG00000271425","NBPF10","ENST00000612520"
"11821",2690,"ENSG00000112964","GHR","ENST00000612626"
"11822",8678,"ENSG00000126581","BECN1","ENST00000612631"
"11823",4082,"ENSG00000277443","MARCKS","ENST00000612661"
"11824",57223,"ENSG00000275052","PPP4R3B","ENST00000612688"
"11825",60312,"ENSG00000196526","AFAP1","ENST00000612691"
"11826",101060376,"ENSG00000274512","TBC1D3L","ENST00000612727"
"11827",9701,"ENSG00000100239","PPP6R2","ENST00000612753"
"11828",79922,"ENSG00000278619","MRM1","ENST00000612760"
"11829",23331,"ENSG00000100154","TTC28","ENST00000612946"
"11830",84081,"ENSG00000126653","NSRP1","ENST00000612959"
"11831",7993,"ENSG00000104691","UBXN8","ENST00000613013"
"11832",440348,"ENSG00000196436","NPIPB15","ENST00000613038"
"11833",9534,"ENSG00000213096","ZNF254","ENST00000613065"
"11834",283927,"ENSG00000140876","NUDT7","ENST00000613075"
"11835",1545,"ENSG00000138061","CYP1B1","ENST00000613082"
"11836",136227,"ENSG00000160963","COL26A1","ENST00000613091"
"11837",467,"ENSG00000162772","ATF3","ENST00000613104"
"11838",7175,"ENSG00000047410","TPR","ENST00000613151"
"11839",91283,"ENSG00000066697","MSANTD3","ENST00000613183"
"11840",58505,"ENSG00000198856","OSTC","ENST00000613215"
"11841",100996758,"ENSG00000264717","NPY4R2","ENST00000613306"
"11842",3420,"ENSG00000101365","IDH3B","ENST00000613370"
"11843",56995,"ENSG00000130338","TULP4","ENST00000613390"
"11844",8370,"ENSG00000270882","H4C14","ENST00000613412"
"11845",7582,"ENSG00000196693","ZNF33B","ENST00000613419"
"11846",102724428,"ENSG00000275993","","ENST00000613488"
"11847",9750,"ENSG00000111913","RIPOR2","ENST00000613507"
"11848",197407,"ENSG00000180035","ZNF48","ENST00000613509"
"11849",80196,"ENSG00000170633","RNF34","ENST00000613529"
"11850",54741,"ENSG00000213625","LEPROT","ENST00000613538"
"11851",5100,"ENSG00000136099","PCDH8","ENST00000613548"
"11852",54901,"ENSG00000145996","CDKAL1","ENST00000613575"
"11853",140883,"ENSG00000275004","ZNF280B","ENST00000613655"
"11854",84311,"ENSG00000278845","MRPL45","ENST00000613675"
"11855",56134,"ENSG00000243232","PCDHAC2","ENST00000613766"
"11856",79866,"ENSG00000136122","BORA","ENST00000613797"
"11857",80185,"ENSG00000129696","TTI2","ENST00000613904"
"11858",9474,"ENSG00000057663","ATG5","ENST00000613993"
"11859",63929,"ENSG00000196236","XPNPEP3","ENST00000614001"
"11860",636,"ENSG00000151746","BICD1","ENST00000614004"
"11861",2969,"ENSG00000263001","GTF2I","ENST00000614048"
"11862",5134,"ENSG00000071994","PDCD2","ENST00000614056"
"11863",6428,"ENSG00000112081","SRSF3","ENST00000614136"
"11864",23250,"ENSG00000068650","ATP11A","ENST00000614170"
"11865",93185,"ENSG00000162729","IGSF8","ENST00000614243"
"11866",642938,"ENSG00000188916","INSYN2A","ENST00000614311"
"11867",22808,"ENSG00000158186","MRAS","ENST00000614350"
"11868",643650,"ENSG00000285294","LINC00842","ENST00000614356"
"11869",7314,"ENSG00000170315","UBB","ENST00000614404"
"11870",11072,"ENSG00000276023","DUSP14","ENST00000614411"
"11871",80896,"ENSG00000135838","NPL","ENST00000614468"
"11872",66004,"ENSG00000180155","LYNX1","ENST00000614491"
"11873",541565,"ENSG00000241852","C8orf58","ENST00000614574"
"11874",22849,"ENSG00000107864","CPEB3","ENST00000614585"
"11875",253827,"ENSG00000174099","MSRB3","ENST00000614640"
"11876",3429,"ENSG00000165949","IFI27","ENST00000614648"
"11877",9751,"ENSG00000101298","SNPH","ENST00000614659"
"11878",513,"ENSG00000099624","ATP5F1D","ENST00000614837"
"11879",2280,"ENSG00000088832","FKBP1A","ENST00000614856"
"11880",10208,"ENSG00000132952","USPL1","ENST00000614860"
"11881",1643,"ENSG00000134574","DDB2","ENST00000614884"
"11882",8353,"ENSG00000274750","H3C6","ENST00000614911"
"11883",728888,"ENSG00000254206","NPIPB11","ENST00000614927"
"11884",9928,"ENSG00000118193","KIF14","ENST00000614960"
"11885",84934,"ENSG00000139405","RITA1","ENST00000615042"
"11886",51282,"ENSG00000171222","SCAND1","ENST00000615116"
"11887",8367,"ENSG00000276966","H4C5","ENST00000615164"
"11888",81554,"ENSG00000274523","RCC1L","ENST00000615250"
"11889",26574,"ENSG00000275700","AATF","ENST00000615319"
"11890",1112,"ENSG00000053254","FOXN3","ENST00000615335"
"11891",347734,"ENSG00000157593","SLC35B2","ENST00000615337"
"11892",27253,"ENSG00000118946","PCDH17","ENST00000615375"
"11893",7541,"ENSG00000198081","ZBTB14","ENST00000615385"
"11894",26269,"ENSG00000164117","FBXO8","ENST00000615392"
"11895",79583,"ENSG00000205084","TMEM231","ENST00000615437"
"11896",4302,"ENSG00000275023","MLLT6","ENST00000615441"
"11897",84342,"ENSG00000213380","COG8","ENST00000615447"
"11898",7743,"ENSG00000136870","ZNF189","ENST00000615466"
"11899",170954,"ENSG00000146112","PPP1R18","ENST00000615527"
"11900",10611,"ENSG00000163110","PDLIM5","ENST00000615540"
"11901",100862671,"ENSG00000281991","TMEM265","ENST00000615541"
"11902",147339,"ENSG00000152242","ARK2N","ENST00000615553"
"11903",4646,"ENSG00000196586","MYO6","ENST00000615563"
"11904",10464,"ENSG00000083535","PIBF1","ENST00000615625"
"11905",2297,"ENSG00000251493","FOXD1","ENST00000615637"
"11906",157285,"ENSG00000275342","PRAG1","ENST00000615670"
"11907",55056,"ENSG00000285410","GABPB1-IT1","ENST00000615671"
"11908",54943,"ENSG00000262911","DNAJC28","ENST00000615701"
"11909",388021,"ENSG00000258986","TMEM179","ENST00000615704"
"11910",2730,"ENSG00000023909","GCLM","ENST00000615724"
"11911",7321,"ENSG00000072401","UBE2D1","ENST00000615793"
"11912",102724843,"ENSG00000277067","","ENST00000615804"
"11913",119587,"ENSG00000121898","CPXM2","ENST00000615851"
"11914",55718,"ENSG00000058600","POLR3E","ENST00000615879"
"11915",55317,"ENSG00000125843","AP5S1","ENST00000615891"
"11916",54331,"ENSG00000186469","GNG2","ENST00000615906"
"11917",3608,"ENSG00000143621","ILF2","ENST00000615950"
"11918",100500862,"ENSG00000275708","MIR3648-1","ENST00000615959"
"11919",4747,"ENSG00000277586","NEFL","ENST00000615973"
"11920",80164,"ENSG00000183248","PRR36","ENST00000615988"
"11921",144577,"ENSG00000174206","KICS2","ENST00000615991"
"11922",90993,"ENSG00000157613","CREB3L1","ENST00000616094"
"11923",101060389,"ENSG00000274419","TBC1D3D","ENST00000616101"
"11924",284106,"ENSG00000277972","CISD3","ENST00000616128"
"11925",23054,"ENSG00000198646","NCOA6","ENST00000616167"
"11926",3897,"ENSG00000198910","L1CAM","ENST00000616195"
"11927",11186,"ENSG00000068028","RASSF1","ENST00000616212"
"11928",29128,"ENSG00000276043","UHRF1","ENST00000616255"
"11929",283131,"ENSG00000245532","NEAT1","ENST00000616315"
"11930",27079,"ENSG00000166133","RPUSD2","ENST00000616318"
"11931",81619,"ENSG00000108219","TSPAN14","ENST00000616406"
"11932",162963,"ENSG00000167554","ZNF610","ENST00000616431"
"11933",728233,"ENSG00000290425","","ENST00000616531"
"11934",445571,"ENSG00000196873","ZNG1C","ENST00000616550"
"11935",10557,"ENSG00000152464","RPP38","ENST00000616640"
"11936",414062,"ENSG00000276085","CCL3L3","ENST00000616702"
"11937",3953,"ENSG00000116678","LEPR","ENST00000616738"
"11938",10409,"ENSG00000176788","BASP1","ENST00000616743"
"11939",653820,"ENSG00000188610","FAM72B","ENST00000616749"
"11940",9832,"ENSG00000176049","JAKMIP2","ENST00000616793"
"11941",6311,"ENSG00000204842","ATXN2","ENST00000616825"
"11942",23213,"ENSG00000137573","SULF1","ENST00000616868"
"11943",1896,"ENSG00000158813","EDA","ENST00000616899"
"11944",653689,"ENSG00000278695","GSTT2B","ENST00000616938"
"11945",4735,"ENSG00000168385","SEPTIN2","ENST00000616972"
"11946",84679,"ENSG00000065923","SLC9A7","ENST00000616978"
"11947",144195,"ENSG00000173262","SLC2A14","ENST00000616981"
"11948",4507,"ENSG00000099810","MTAP","ENST00000616982"
"11949",10294,"ENSG00000069345","DNAJA2","ENST00000617000"
"11950",10239,"ENSG00000157823","AP3S2","ENST00000617003"
"11951",641467,"ENSG00000278156","TSC22D1-AS1","ENST00000617014"
"11952",11033,"ENSG00000105963","ADAP1","ENST00000617043"
"11953",64783,"ENSG00000162775","RBM15","ENST00000617047"
"11954",55615,"ENSG00000186654","PRR5","ENST00000617066"
"11955",145438,"ENSG00000258537","FRMD6-AS2","ENST00000617151"
"11956",80179,"ENSG00000278259","MYO19","ENST00000617167"
"11957",51575,"ENSG00000089048","ESF1","ENST00000617257"
"11958",54510,"ENSG00000189184","PCDH18","ENST00000617302"
"11959",9020,"ENSG00000006062","MAP3K14","ENST00000617331"
"11960",134549,"ENSG00000164403","SHROOM1","ENST00000617339"
"11961",56138,"ENSG00000249158","PCDHA11","ENST00000617408"
"11962",25901,"ENSG00000024862","CCDC28A","ENST00000617445"
"11963",5792,"ENSG00000142949","PTPRF","ENST00000617451"
"11964",8396,"ENSG00000276293","PIP4K2B","ENST00000617499"
"11965",6788,"ENSG00000104375","STK3","ENST00000617590"
"11966",387763,"ENSG00000187479","C11orf96","ENST00000617612"
"11967",85403,"ENSG00000144597","EAF1","ENST00000617675"
"11968",102724159,"ENSG00000275464","","ENST00000617716"
"11969",30837,"ENSG00000274211","SOCS7","ENST00000617765"
"11970",54796,"ENSG00000173068","BNC2","ENST00000617779"
"11971",149013,"ENSG00000268043","NBPF12","ENST00000617931"
"11972",79154,"ENSG00000278535","DHRS11","ENST00000617959"
"11973",5867,"ENSG00000168118","RAB4A","ENST00000618010"
"11974",5378,"ENSG00000064933","PMS1","ENST00000618056"
"11975",27445,"ENSG00000186472","PCLO","ENST00000618073"
"11976",23468,"ENSG00000094916","CBX5","ENST00000618078"
"11977",55084,"ENSG00000112320","SOBP","ENST00000618129"
"11978",11311,"ENSG00000136631","VPS45","ENST00000618148"
"11979",57187,"ENSG00000125676","THOC2","ENST00000618150"
"11980",5691,"ENSG00000277791","PSMB3","ENST00000618159"
"11981",3373,"ENSG00000114378","HYAL1","ENST00000618175"
"11982",22903,"ENSG00000132640","BTBD3","ENST00000618296"
"11983",57636,"ENSG00000275832","ARHGAP23","ENST00000618325"
"11984",83608,"ENSG00000141428","C18orf21","ENST00000618334"
"11985",31,"ENSG00000278540","ACACA","ENST00000618351"
"11986",100506581,"ENSG00000260456","C16orf95","ENST00000618367"
"11987",56098,"ENSG00000242419","PCDHGC4","ENST00000618371"
"11988",8490,"ENSG00000143248","RGS5","ENST00000618415"
"11989",220965,"ENSG00000148541","FAM13C","ENST00000618427"
"11990",4660,"ENSG00000077157","PPP1R12B","ENST00000618451"
"11991",9640,"ENSG00000166716","ZNF592","ENST00000618477"
"11992",7703,"ENSG00000277258","PCGF2","ENST00000618506"
"11993",11127,"ENSG00000131437","KIF3A","ENST00000618515"
"11994",10799,"ENSG00000124787","RPP40","ENST00000618533"
"11995",9554,"ENSG00000265808","SEC22B","ENST00000618538"
"11996",84978,"ENSG00000171877","FRMD5","ENST00000618556"
"11997",401720,"ENSG00000261308","FIGNL2","ENST00000618634"
"11998",29882,"ENSG00000176248","ANAPC2","ENST00000618649"
"11999",102723475,"ENSG00000276289","","ENST00000618699"
"12000",440295,"ENSG00000197978","GOLGA6L9","ENST00000618706"
"12001",6029,"ENSG00000276168","RN7SL1","ENST00000618786"
"12002",441951,"ENSG00000177410","ZFAS1","ENST00000618800"
"12003",100131434,"ENSG00000241769","EOLA1-DT","ENST00000618820"
"12004",9053,"ENSG00000135525","MAP7","ENST00000618822"
"12005",1290,"ENSG00000204262","COL5A2","ENST00000618828"
"12006",6091,"ENSG00000169855","ROBO1","ENST00000618846"
"12007",728229,"ENSG00000278558","TMEM191B","ENST00000618859"
"12008",9580,"ENSG00000143842","SOX13","ENST00000618875"
"12009",26073,"ENSG00000004142","POLDIP2","ENST00000618887"
"12010",9367,"ENSG00000123595","RAB9A","ENST00000618931"
"12011",8330,"ENSG00000275221","H2AC15","ENST00000618958"
"12012",102157402,"ENSG00000085231","AK6","ENST00000618980"
"12013",23191,"ENSG00000273749","CYFIP1","ENST00000619037"
"12014",60682,"ENSG00000112305","SMAP1","ENST00000619054"
"12015",63940,"ENSG00000213654","GPSM3","ENST00000619085"
"12016",728113,"ENSG00000264230","ANXA8L1","ENST00000619162"
"12017",93210,"ENSG00000161395","PGAP3","ENST00000619169"
"12018",90957,"ENSG00000163214","DHX57","ENST00000619207"
"12019",80852,"ENSG00000144596","GRIP2","ENST00000619221"
"12020",6258,"ENSG00000143171","RXRG","ENST00000619224"
"12021",5241,"ENSG00000082175","PGR","ENST00000619228"
"12022",9455,"ENSG00000103942","HOMER2","ENST00000619240"
"12023",84717,"ENSG00000167674","HDGFL2","ENST00000619255"
"12024",388753,"ENSG00000168275","COA6","ENST00000619305"
"12025",2970,"ENSG00000290871","","ENST00000619312"
"12026",55002,"ENSG00000150403","TMCO3","ENST00000619336"
"12027",10539,"ENSG00000108010","GLRX3","ENST00000619341"
"12028",57494,"ENSG00000166532","RIMKLB","ENST00000619374"
"12029",121642,"ENSG00000189046","ALKBH2","ENST00000619381"
"12030",256691,"ENSG00000278608","MAMDC2","ENST00000619405"
"12031",11056,"ENSG00000278053","DDX52","ENST00000619418"
"12032",26149,"ENSG00000274349","ZNF658","ENST00000619435"
"12033",400986,"ENSG00000174501","ANKRD36C","ENST00000619511"
"12034",284615,"ENSG00000272031","ANKRD34A","ENST00000619519"
"12035",10643,"ENSG00000136231","IGF2BP3","ENST00000619562"
"12036",2597,"ENSG00000111640","GAPDH","ENST00000619601"
"12037",84083,"ENSG00000121988","ZRANB3","ENST00000619650"
"12038",101928238,"ENSG00000278611","ZNF426-DT","ENST00000619671"
"12039",51302,"ENSG00000146233","CYP39A1","ENST00000619708"
"12040",29780,"ENSG00000188677","PARVB","ENST00000619710"
"12041",55353,"ENSG00000104341","LAPTM4B","ENST00000619747"
"12042",25943,"ENSG00000088854","DNAAF9","ENST00000619760"
"12043",23067,"ENSG00000139718","SETD1B","ENST00000619791"
"12044",25896,"ENSG00000143493","INTS7","ENST00000619805"
"12045",81610,"ENSG00000101447","FAM83D","ENST00000619850"
"12046",56957,"ENSG00000264522","OTUD7B","ENST00000619871"
"12047",101929780,"ENSG00000291005","","ENST00000619932"
"12048",7741,"ENSG00000197062","ZSCAN26","ENST00000619937"
"12049",26010,"ENSG00000196141","SPATS2L","ENST00000619961"
"12050",79733,"ENSG00000129173","E2F8","ENST00000620009"
"12051",580,"ENSG00000138376","BARD1","ENST00000620057"
"12052",1656,"ENSG00000110367","DDX6","ENST00000620157"
"12053",132299,"ENSG00000145247","OCIAD2","ENST00000620187"
"12054",11047,"ENSG00000130706","ADRM1","ENST00000620230"
"12055",284098,"ENSG00000277161","PIGW","ENST00000620233"
"12056",102723859,"ENSG00000273513","TBC1D3K","ENST00000620247"
"12057",23541,"ENSG00000100003","SEC14L2","ENST00000620251"
"12058",219333,"ENSG00000152484","USP12","ENST00000620323"
"12059",51513,"ENSG00000010030","ETV7","ENST00000620358"
"12060",374393,"ENSG00000189057","FAM111B","ENST00000620384"
"12061",90060,"ENSG00000147144","CCDC120","ENST00000620388"
"12062",11276,"ENSG00000275066","SYNRG","ENST00000620424"
"12063",23176,"ENSG00000164402","SEPTIN8","ENST00000620483"
"12064",7586,"ENSG00000106261","ZKSCAN1","ENST00000620510"
"12065",102724023,"ENSG00000280071","","ENST00000620528"
"12066",10336,"ENSG00000185619","PCGF3","ENST00000620529"
"12067",79890,"ENSG00000100599","RIN3","ENST00000620541"
"12068",57580,"ENSG00000124126","PREX1","ENST00000620554"
"12069",8879,"ENSG00000166224","SGPL1","ENST00000620724"
"12070",182,"ENSG00000101384","JAG1","ENST00000620743"
"12071",644019,"ENSG00000215126","ZNG1F","ENST00000620776"
"12072",23187,"ENSG00000019144","PHLDB1","ENST00000620788"
"12073",440804,"ENSG00000274600","RIMBP3B","ENST00000620804"
"12074",2668,"ENSG00000168621","GDNF","ENST00000620847"
"12075",79893,"ENSG00000278311","GGNBP2","ENST00000620927"
"12076",81618,"ENSG00000135916","ITM2C","ENST00000620962"
"12077",51534,"ENSG00000009844","VTA1","ENST00000620996"
"12078",257019,"ENSG00000172159","FRMD3","ENST00000621208"
"12079",79632,"ENSG00000111879","FAM184A","ENST00000621231"
"12080",2982,"ENSG00000164116","GUCY1A1","ENST00000621234"
"12081",83882,"ENSG00000182612","TSPAN10","ENST00000621293"
"12082",54892,"ENSG00000146918","NCAPG2","ENST00000621338"
"12083",222553,"ENSG00000196376","SLC35F1","ENST00000621341"
"12084",11190,"ENSG00000126001","CEP250","ENST00000621352"
"12085",9133,"ENSG00000157456","CCNB2","ENST00000621385"
"12086",1153,"ENSG00000099622","CIRBP","ENST00000621399"
"12087",7867,"ENSG00000114738","MAPKAPK3","ENST00000621469"
"12088",107,"ENSG00000164742","ADCY1","ENST00000621543"
"12089",12,"ENSG00000196136","SERPINA3","ENST00000621603"
"12090",7554,"ENSG00000278129","ZNF8","ENST00000621650"
"12091",100170841,"ENSG00000273604","EPOP","ENST00000621654"
"12092",146,"ENSG00000171873","ADRA1D","ENST00000621688"
"12093",3975,"ENSG00000273706","LHX1","ENST00000621767"
"12094",55274,"ENSG00000130024","PHF10","ENST00000621772"
"12095",389856,"ENSG00000273820","USP27X","ENST00000621775"
"12096",5690,"ENSG00000126067","PSMB2","ENST00000621781"
"12097",80025,"ENSG00000125779","PANK2","ENST00000621891"
"12098",64792,"ENSG00000128581","IFT22","ENST00000621899"
"12099",8735,"ENSG00000006788","MYH13","ENST00000621918"
"12100",84221,"ENSG00000274679","SPATC1L","ENST00000621926"
"12101",9326,"ENSG00000273611","ZNHIT3","ENST00000622013"
"12102",261734,"ENSG00000131697","NPHP4","ENST00000622020"
"12103",6871,"ENSG00000276234","TADA2A","ENST00000622085"
"12104",9353,"ENSG00000145147","SLIT2","ENST00000622093"
"12105",6533,"ENSG00000131389","SLC6A6","ENST00000622186"
"12106",51557,"ENSG00000146166","LGSN","ENST00000622415"
"12107",10972,"ENSG00000170348","TMED10","ENST00000622441"
"12108",729438,"ENSG00000274070","CASTOR2","ENST00000622472"
"12109",114791,"ENSG00000275835","TUBGCP5","ENST00000622507"
"12110",83641,"ENSG00000065809","FAM107B","ENST00000622567"
"12111",100129361,"ENSG00000256537","SMIM10L1","ENST00000622602"
"12112",64062,"ENSG00000139746","RBM26","ENST00000622611"
"12113",54883,"ENSG00000273559","CWC25","ENST00000622665"
"12114",26974,"ENSG00000267508","ZNF285","ENST00000622707"
"12115",23457,"ENSG00000150967","ABCB9","ENST00000622723"
"12116",8835,"ENSG00000120833","SOCS2","ENST00000622746"
"12117",474384,"ENSG00000277150","F8A3","ENST00000622749"
"12118",29894,"ENSG00000071894","CPSF1","ENST00000622776"
"12119",58189,"ENSG00000103175","WFDC1","ENST00000622779"
"12120",50805,"ENSG00000113430","IRX4","ENST00000622814"
"12121",5098,"ENSG00000240184","PCDHGC3","ENST00000622836"
"12122",102724488,"ENSG00000277758","SYT15B","ENST00000622861"
"12123",283209,"ENSG00000165434","PGM2L1","ENST00000622957"
"12124",338382,"ENSG00000276600","RAB7B","ENST00000622969"
"12125",54660,"ENSG00000290894","","ENST00000622990"
"12126",56130,"ENSG00000113211","PCDHB6","ENST00000622991"
"12127",57291,"ENSG00000226950","DANCR","ENST00000623036"
"12128",100859930,"ENSG00000278970","HEIH","ENST00000623091"
"12129",83695,"ENSG00000171792","RHNO1","ENST00000623153"
"12130",26953,"ENSG00000137040","RANBP6","ENST00000623170"
"12131",10329,"ENSG00000118600","RXYLT1","ENST00000623171"
"12132",353116,"ENSG00000188026","RILPL1","ENST00000623184"
"12133",54494,"ENSG00000180425","C11orf71","ENST00000623205"
"12134",9388,"ENSG00000101670","LIPG","ENST00000623277"
"12135",280636,"ENSG00000211450","SELENOH","ENST00000623303"
"12136",79868,"ENSG00000101901","ALG13","ENST00000623310"
"12137",100505783,"ENSG00000223891","OSER1-DT","ENST00000623343"
"12138",340527,"ENSG00000204131","NHSL2","ENST00000623354"
"12139",92211,"ENSG00000148600","CDHR1","ENST00000623399"
"12140",25875,"ENSG00000050426","LETMD1","ENST00000623495"
"12141",102723360,"ENSG00000275496","","ENST00000623506"
"12142",101928000,"ENSG00000234327","ZNF232-AS1","ENST00000623522"
"12143",567,"ENSG00000166710","B2M","ENST00000623550"
"12144",55279,"ENSG00000175105","ZNF654","ENST00000623596"
"12145",150786,"ENSG00000233087","RAB6D","ENST00000623617"
"12146",388759,"ENSG00000221953","LINC02897","ENST00000623686"
"12147",96459,"ENSG00000217128","FNIP1","ENST00000623690"
"12148",388407,"ENSG00000187013","LINC02875","ENST00000623772"
"12149",26167,"ENSG00000113209","PCDHB5","ENST00000623915"
"12150",100652758,"ENSG00000275765","","ENST00000623943"
"12151",23229,"ENSG00000131089","ARHGEF9","ENST00000623951"
"12152",4913,"ENSG00000065057","NTHL1","ENST00000623977"
"12153",56128,"ENSG00000120322","PCDHB8","ENST00000623995"
"12154",102724200,"ENSG00000280433","","ENST00000623998"
"12155",51535,"ENSG00000134283","PPHLN1","ENST00000624028"
"12156",23766,"ENSG00000279980","","ENST00000624044"
"12157",51222,"ENSG00000165804","ZNF219","ENST00000624093"
"12158",55090,"ENSG00000141026","MED9","ENST00000624097"
"12159",546,"ENSG00000085224","ATRX","ENST00000624193"
"12160",6347,"ENSG00000108691","CCL2","ENST00000624362"
"12161",101929796,"ENSG00000286106","NOTCH2NLR","ENST00000624419"
"12162",339453,"ENSG00000205090","TMEM240","ENST00000624426"
"12163",6168,"ENSG00000197756","RPL37A","ENST00000624436"
"12164",56132,"ENSG00000113205","PCDHB3","ENST00000624513"
"12165",65123,"ENSG00000143624","INTS3","ENST00000624515"
"12166",9852,"ENSG00000178567","EPM2AIP1","ENST00000624586"
"12167",55191,"ENSG00000172890","NADSYN1","ENST00000624637"
"12168",93164,"ENSG00000293237","HTR7P1","ENST00000624664"
"12169",55905,"ENSG00000124226","RNF114","ENST00000624666"
"12170",7474,"ENSG00000114251","WNT5A","ENST00000624674"
"12171",79096,"ENSG00000149179","CSTPP1","ENST00000624693"
"12172",3274,"ENSG00000113749","HRH2","ENST00000624694"
"12173",2946,"ENSG00000213366","GSTM2","ENST00000624726"
"12174",133383,"ENSG00000155542","SETD9","ENST00000624733"
"12175",6879,"ENSG00000178913","TAF7","ENST00000624761"
"12176",56122,"ENSG00000120327","PCDHB14","ENST00000624896"
"12177",56127,"ENSG00000177839","PCDHB9","ENST00000624909"
"12178",101059918,"ENSG00000186399","GOLGA8R","ENST00000624918"
"12179",55297,"ENSG00000123106","CCDC91","ENST00000624946"
"12180",57212,"ENSG00000293478","TP73-AS1","ENST00000624948"
"12181",54508,"ENSG00000278921","EPB41L4A-DT","ENST00000624967"
"12182",56133,"ENSG00000112852","PCDHB2","ENST00000624994"
"12183",57717,"ENSG00000272674","PCDHB16","ENST00000625044"
"12184",114883,"ENSG00000117859","OSBPL9","ENST00000625138"
"12185",220979,"ENSG00000165511","ZNF22-AS1","ENST00000625168"
"12186",87178,"ENSG00000138035","PNPT1","ENST00000625249"
"12187",285463,"ENSG00000280927","CTBP1-AS","ENST00000625256"
"12188",55110,"ENSG00000111196","MAGOHB","ENST00000625272"
"12189",51428,"ENSG00000183258","DDX41","ENST00000625286"
"12190",51678,"ENSG00000105926","PALS2","ENST00000625307"
"12191",4306,"ENSG00000151623","NR3C2","ENST00000625323"
"12192",51747,"ENSG00000108848","LUC7L3","ENST00000625349"
"12193",5711,"ENSG00000095261","PSMD5","ENST00000625444"
"12194",57650,"ENSG00000163507","CIP2A","ENST00000625495"
"12195",1002,"ENSG00000280641","CDH4","ENST00000625686"
"12196",26256,"ENSG00000154040","CABYR","ENST00000625720"
"12197",8900,"ENSG00000133101","CCNA1","ENST00000625767"
"12198",3613,"ENSG00000141401","IMPA2","ENST00000625802"
"12199",23192,"ENSG00000168397","ATG4B","ENST00000625810"
"12200",51031,"ENSG00000167699","GLOD4","ENST00000625892"
"12201",7936,"ENSG00000204356","NELFE","ENST00000625905"
"12202",4047,"ENSG00000281289","LSS","ENST00000625922"
"12203",7411,"ENSG00000155959","VBP1","ENST00000625964"
"12204",4591,"ENSG00000108395","TRIM37","ENST00000625984"
"12205",80209,"ENSG00000120685","PROSER1","ENST00000625998"
"12206",54995,"ENSG00000151093","OXSM","ENST00000626005"
"12207",170622,"ENSG00000188243","COMMD6","ENST00000626103"
"12208",4040,"ENSG00000281324","LRP6","ENST00000626182"
"12209",91319,"ENSG00000274437","DERL3","ENST00000626238"
"12210",221960,"ENSG00000146574","CCZ1B","ENST00000626257"
"12211",11333,"ENSG00000106244","PDAP1","ENST00000626285"
"12212",85021,"ENSG00000135597","REPS1","ENST00000626459"
"12213",64411,"ENSG00000120318","ARAP3","ENST00000626478"
"12214",128553,"ENSG00000182463","TSHZ2","ENST00000626626"
"12215",5001,"ENSG00000164815","ORC5","ENST00000626700"
"12216",91300,"ENSG00000198858","R3HDM4","ENST00000626716"
"12217",5358,"ENSG00000102024","PLS3","ENST00000626746"
"12218",90025,"ENSG00000118420","UBE3D","ENST00000626828"
"12219",25911,"ENSG00000166171","DPCD","ENST00000626968"
"12220",7803,"ENSG00000112245","PTP4A1","ENST00000627002"
"12221",6897,"ENSG00000113407","TARS1","ENST00000627006"
"12222",7337,"ENSG00000114062","UBE3A","ENST00000627018"
"12223",2734,"ENSG00000090863","GLG1","ENST00000627032"
"12224",55256,"ENSG00000280830","ADI1","ENST00000627048"
"12225",10160,"ENSG00000152767","FARP1","ENST00000627049"
"12226",10916,"ENSG00000102316","MAGED2","ENST00000627068"
"12227",28227,"ENSG00000276438","PPP2R3B","ENST00000627126"
"12228",7272,"ENSG00000112742","TTK","ENST00000627129"
"12229",9610,"ENSG00000174791","RIN1","ENST00000627248"
"12230",102659353,"ENSG00000280634","THRIL","ENST00000627370"
"12231",7574,"ENSG00000198393","ZNF26","ENST00000627376"
"12232",1106,"ENSG00000173575","CHD2","ENST00000627460"
"12233",118426,"ENSG00000280689","BORCS5","ENST00000627461"
"12234",51538,"ENSG00000121766","ZCCHC17","ENST00000627541"
"12235",80264,"ENSG00000278780","ZNF430","ENST00000627644"
"12236",4259,"ENSG00000143198","MGST3","ENST00000627653"
"12237",9537,"ENSG00000175274","TP53I11","ENST00000627720"
"12238",5337,"ENSG00000075651","PLD1","ENST00000627725"
"12239",55192,"ENSG00000104129","DNAJC17","ENST00000627802"
"12240",79607,"ENSG00000197798","FAM118B","ENST00000627851"
"12241",57037,"ENSG00000106524","ANKMY2","ENST00000627859"
"12242",26128,"ENSG00000198954","KIFBP","ENST00000627949"
"12243",197131,"ENSG00000159459","UBR1","ENST00000627960"
"12244",728537,"ENSG00000228486","C2orf92","ENST00000628093"
"12245",54682,"ENSG00000281818","MANSC1","ENST00000628134"
"12246",163,"ENSG00000006125","AP2B1","ENST00000628168"
"12247",2314,"ENSG00000177731","FLII","ENST00000628188"
"12248",349136,"ENSG00000187260","WDR86","ENST00000628331"
"12249",64682,"ENSG00000153107","ANAPC1","ENST00000628342"
"12250",10950,"ENSG00000281484","BTG3","ENST00000628349"
"12251",6558,"ENSG00000064651","SLC12A2","ENST00000628403"
"12252",29883,"ENSG00000198791","CNOT7","ENST00000628418"
"12253",221443,"ENSG00000124596","OARD1","ENST00000628419"
"12254",27343,"ENSG00000166169","POLL","ENST00000628479"
"12255",4357,"ENSG00000128309","MPST","ENST00000628507"
"12256",9774,"ENSG00000029363","BCLAF1","ENST00000628517"
"12257",129446,"ENSG00000163092","XIRP2","ENST00000628543"
"12258",54499,"ENSG00000143183","TMCO1","ENST00000628579"
"12259",79811,"ENSG00000137776","SLTM","ENST00000628684"
"12260",7319,"ENSG00000077721","UBE2A","ENST00000628734"
"12261",6812,"ENSG00000136854","STXBP1","ENST00000628768"
"12262",320,"ENSG00000107282","APBA1","ENST00000628769"
"12263",80150,"ENSG00000162174","ASRGL1","ENST00000628829"
"12264",55051,"ENSG00000119720","NRDE2","ENST00000628832"
"12265",2122,"ENSG00000085276","MECOM","ENST00000628990"
"12266",4686,"ENSG00000136937","NCBP1","ENST00000629069"
"12267",4204,"ENSG00000169057","MECP2","ENST00000629277"
"12268",10322,"ENSG00000135632","SMYD5","ENST00000629411"
"12269",55780,"ENSG00000276187","ERMARD","ENST00000629465"
"12270",23710,"ENSG00000139112","GABARAPL1","ENST00000629504"
"12271",30001,"ENSG00000197930","ERO1A","ENST00000629528"
"12272",55692,"ENSG00000007392","LUC7L","ENST00000629543"
"12273",55750,"ENSG00000006530","AGK","ENST00000629555"
"12274",101154753,"ENSG00000281450","PANDAR","ENST00000629595"
"12275",55229,"ENSG00000273494","PANK4","ENST00000629645"
"12276",4733,"ENSG00000185721","DRG1","ENST00000629688"
"12277",10808,"ENSG00000120694","HSPH1","ENST00000629751"
"12278",11224,"ENSG00000136942","RPL35","ENST00000629845"
"12279",55020,"ENSG00000075234","TTC38","ENST00000629918"
"12280",6730,"ENSG00000167881","SRP68","ENST00000629930"
"12281",140461,"ENSG00000177981","ASB8","ENST00000629941"
"12282",400566,"ENSG00000187624","LIAT1","ENST00000629953"
"12283",81792,"ENSG00000281690","ADAMTS12","ENST00000630002"
"12284",23061,"ENSG00000197226","TBC1D9B","ENST00000630103"
"12285",55529,"ENSG00000155099","PIP4P2","ENST00000630164"
"12286",6991,"ENSG00000275368","DYNLT2","ENST00000630251"
"12287",132001,"ENSG00000144559","TAMM41","ENST00000630288"
"12288",84193,"ENSG00000183576","SETD3","ENST00000630307"
"12289",28514,"ENSG00000275555","DLL1","ENST00000630365"
"12290",100775107,"ENSG00000281691","RBM5-AS1","ENST00000630404"
"12291",5335,"ENSG00000124181","PLCG1","ENST00000630423"
"12292",2620,"ENSG00000148935","GAS2","ENST00000630668"
"12293",57511,"ENSG00000133103","COG6","ENST00000630730"
"12294",55749,"ENSG00000060339","CCAR1","ENST00000630771"
"12295",23523,"ENSG00000281670","CABIN1","ENST00000630829"
"12296",23413,"ENSG00000107130","NCS1","ENST00000630865"
"12297",374286,"ENSG00000241322","FBXW10B","ENST00000630868"
"12298",375035,"ENSG00000213064","SFT2D2","ENST00000630869"
"12299",6386,"ENSG00000137575","SDCBP","ENST00000630925"
"12300",9364,"ENSG00000157869","RAB28","ENST00000630951"
"12301",28969,"ENSG00000136261","BZW2","ENST00000630952"
"12302",51058,"ENSG00000164011","ZNF691","ENST00000630961"
"12303",6709,"ENSG00000197694","SPTAN1","ENST00000630981"
"12304",3843,"ENSG00000065150","IPO5","ENST00000631030"
"12305",84128,"ENSG00000115368","WDR75","ENST00000631047"
"12306",25989,"ENSG00000140474","ULK3","ENST00000631115"
"12307",64342,"ENSG00000118960","HS1BP3","ENST00000631166"
"12308",283267,"ENSG00000280798","LINC00294","ENST00000631190"
"12309",653269,"ENSG00000196834","POTEI","ENST00000631234"
"12310",5899,"ENSG00000144118","RALB","ENST00000631312"
"12311",9805,"ENSG00000136193","SCRN1","ENST00000631335"
"12312",6515,"ENSG00000059804","SLC2A3","ENST00000631571"
"12313",5596,"ENSG00000282110","MAPK4","ENST00000631637"
"12314",104,"ENSG00000197381","ADARB1","ENST00000631642"
"12315",83787,"ENSG00000282813","ARMC10","ENST00000631681"
"12316",51112,"ENSG00000274891","TRAPPC12","ENST00000631737"
"12317",664,"ENSG00000176171","BNIP3","ENST00000631806"
"12318",375690,"ENSG00000292982","","ENST00000632292"
"12319",51397,"ENSG00000145781","COMMD10","ENST00000632434"
"12320",139818,"ENSG00000147251","DOCK11","ENST00000632573"
"12321",3781,"ENSG00000080709","KCNN2","ENST00000632892"
"12322",65979,"ENSG00000204138","PHACTR4","ENST00000632964"
"12323",23576,"ENSG00000153904","DDAH1","ENST00000633113"
"12324",10426,"ENSG00000282003","TUBGCP3","ENST00000633234"
"12325",339479,"ENSG00000162670","BRINP3","ENST00000633243"
"12326",157697,"ENSG00000282665","ERICH1","ENST00000633278"
"12327",57699,"ENSG00000124772","CPNE5","ENST00000633280"
"12328",79135,"ENSG00000184831","APOO","ENST00000633372"
"12329",29965,"ENSG00000274336","CDIP1","ENST00000633452"
"12330",5445,"ENSG00000105854","PON2","ENST00000633531"
"12331",349075,"ENSG00000178665","ZNF713","ENST00000633730"
"12332",3898,"ENSG00000159166","LAD1","ENST00000633953"
"12333",5660,"ENSG00000197746","PSAP","ENST00000633965"
"12334",56975,"ENSG00000282147","FAM20C","ENST00000634108"
"12335",50861,"ENSG00000197457","STMN3","ENST00000634126"
"12336",9939,"ENSG00000265241","RBM8A","ENST00000634161"
"12337",166614,"ENSG00000170390","DCLK2","ENST00000634233"
"12338",117283,"ENSG00000161896","IP6K3","ENST00000634274"
"12339",867,"ENSG00000110395","CBL","ENST00000634301"
"12340",653653,"ENSG00000293358","","ENST00000634326"
"12341",1604,"ENSG00000196352","CD55","ENST00000634386"
"12342",79684,"ENSG00000120458","MSANTD2","ENST00000634413"
"12343",7355,"ENSG00000102100","SLC35A2","ENST00000634461"
"12344",25792,"ENSG00000148337","CIZ1","ENST00000634501"
"12345",10544,"ENSG00000101000","PROCR","ENST00000634509"
"12346",64693,"ENSG00000282841","CTAGE1","ENST00000634570"
"12347",23358,"ENSG00000162402","USP24","ENST00000634589"
"12348",2953,"ENSG00000099984","GSTT2","ENST00000634759"
"12349",8672,"ENSG00000075151","EIF4G3","ENST00000634778"
"12350",11152,"ENSG00000196998","WDR45","ENST00000634939"
"12351",221035,"ENSG00000165476","REEP3","ENST00000634963"
"12352",388327,"ENSG00000256806","C17orf100","ENST00000634977"
"12353",2033,"ENSG00000100393","EP300","ENST00000635083"
"12354",84126,"ENSG00000164053","ATRIP","ENST00000635084"
"12355",219,"ENSG00000137124","ALDH1B1","ENST00000635162"
"12356",26523,"ENSG00000092847","AGO1","ENST00000635259"
"12357",53944,"ENSG00000169118","CSNK1G1","ENST00000635359"
"12358",6595,"ENSG00000080503","SMARCA2","ENST00000635392"
"12359",101867536,"ENSG00000282961","PRNCR1","ENST00000635449"
"12360",5277,"ENSG00000165195","PIGA","ENST00000635543"
"12361",286016,"ENSG00000293205","","ENST00000635637"
"12362",100422872,"ENSG00000283429","MIR1244-3","ENST00000635744"
"12363",1203,"ENSG00000102805","CLN5","ENST00000635761"
"12364",79088,"ENSG00000130818","ZNF426","ENST00000635810"
"12365",56623,"ENSG00000148384","INPP5E","ENST00000635815"
"12366",501,"ENSG00000164904","ALDH7A1","ENST00000635858"
"12367",6668,"ENSG00000167182","SP2","ENST00000635868"
"12368",57492,"ENSG00000049618","ARID1B","ENST00000635928"
"12369",3858,"ENSG00000186395","KRT10","ENST00000635956"
"12370",100129250,"ENSG00000235453","SMIM27","ENST00000635960"
"12371",23328,"ENSG00000111961","SASH1","ENST00000635969"
"12372",79925,"ENSG00000152582","SPEF2","ENST00000635995"
"12373",57459,"ENSG00000143614","GATAD2B","ENST00000636008"
"12374",23596,"ENSG00000203668","CHML","ENST00000636025"
"12375",51082,"ENSG00000186184","POLR1D","ENST00000636117"
"12376",8831,"ENSG00000197283","SYNGAP1","ENST00000636146"
"12377",57526,"ENSG00000165194","PCDH19","ENST00000636150"
"12378",101929130,"ENSG00000283175","","ENST00000636210"
"12379",10159,"ENSG00000182220","ATP6AP2","ENST00000636223"
"12380",9863,"ENSG00000187391","MAGI2","ENST00000636234"
"12381",100130890,"ENSG00000279170","TSTD3","ENST00000636394"
"12382",3749,"ENSG00000116396","KCNC4","ENST00000636402"
"12383",100422885,"ENSG00000283498","MIR1244-2","ENST00000636449"
"12384",125050,"ENSG00000283293","RN7SK","ENST00000636484"
"12385",776,"ENSG00000157388","CACNA1D","ENST00000636581"
"12386",2055,"ENSG00000182372","CLN8","ENST00000636605"
"12387",85440,"ENSG00000116641","DOCK7","ENST00000636635"
"12388",100289279,"ENSG00000283378","CNTNAP3C","ENST00000636699"
"12389",1759,"ENSG00000106976","DNM1","ENST00000636760"
"12390",54982,"ENSG00000128973","CLN6","ENST00000636876"
"12391",6263,"ENSG00000198838","RYR3","ENST00000636878"
"12392",1387,"ENSG00000005339","CREBBP","ENST00000636895"
"12393",57465,"ENSG00000162065","TBC1D24","ENST00000636980"
"12394",79068,"ENSG00000140718","FTO","ENST00000637049"
"12395",85379,"ENSG00000197077","KIAA1671","ENST00000637069"
"12396",79718,"ENSG00000177565","TBL1XR1","ENST00000637123"
"12397",4208,"ENSG00000081189","MEF2C","ENST00000637167"
"12398",2903,"ENSG00000183454","GRIN2A","ENST00000637188"
"12399",23236,"ENSG00000182621","PLCB1","ENST00000637273"
"12400",1139,"ENSG00000175344","CHRNA7","ENST00000637348"
"12401",9378,"ENSG00000179915","NRXN1","ENST00000637368"
"12402",478,"ENSG00000105409","ATP1A3","ENST00000637406"
"12403",112476,"ENSG00000167371","PRRT2","ENST00000637425"
"12404",57468,"ENSG00000124140","SLC12A5","ENST00000637437"
"12405",23408,"ENSG00000124523","SIRT5","ENST00000637463"
"12406",55777,"ENSG00000204406","MBD5","ENST00000637502"
"12407",6334,"ENSG00000196876","SCN8A","ENST00000637540"
"12408",8204,"ENSG00000180530","NRIP1","ENST00000637630"
"12409",1201,"ENSG00000188603","CLN3","ENST00000637686"
"12410",2194,"ENSG00000169710","FASN","ENST00000637693"
"12411",5428,"ENSG00000140521","POLG","ENST00000637711"
"12412",23396,"ENSG00000186111","PIP5K1C","ENST00000637724"
"12413",1376,"ENSG00000157184","CPT2","ENST00000637726"
"12414",8289,"ENSG00000117713","ARID1A","ENST00000637788"
"12415",84278,"ENSG00000290770","MFSD14CP","ENST00000637811"
"12416",427,"ENSG00000104763","ASAH1","ENST00000637840"
"12417",2562,"ENSG00000166206","GABRB3","ENST00000637893"
"12418",9568,"ENSG00000136928","GABBR2","ENST00000638001"
"12419",11284,"ENSG00000039650","PNKP","ENST00000638016"
"12420",3624,"ENSG00000122641","INHBA","ENST00000638023"
"12421",348980,"ENSG00000164588","HCN1","ENST00000638054"
"12422",95,"ENSG00000243989","ACY1","ENST00000638077"
"12423",9091,"ENSG00000007541","PIGQ","ENST00000638152"
"12424",4781,"ENSG00000147862","NFIB","ENST00000638165"
"12425",8869,"ENSG00000115525","ST3GAL5","ENST00000638258"
"12426",9440,"ENSG00000042429","MED17","ENST00000638270"
"12427",6853,"ENSG00000008056","SYN1","ENST00000638337"
"12428",693207,"ENSG00000283783","MIR622","ENST00000638396"
"12429",10929,"ENSG00000263465","SRSF8","ENST00000638426"
"12430",374786,"ENSG00000176927","EFCAB5","ENST00000638539"
"12431",950,"ENSG00000138760","SCARB2","ENST00000638567"
"12432",9997,"ENSG00000284194","SCO2","ENST00000638598"
"12433",169981,"ENSG00000204271","SPIN3","ENST00000638619"
"12434",84765,"ENSG00000161551","ZNF577","ENST00000638721"
"12435",105373244,"ENSG00000284391","","ENST00000638795"
"12436",2731,"ENSG00000178445","GLDC","ENST00000639020"
"12437",51604,"ENSG00000124155","PIGT","ENST00000639058"
"12438",10778,"ENSG00000293516","ZNF271P","ENST00000639141"
"12439",23443,"ENSG00000117620","SLC35A3","ENST00000639148"
"12440",84059,"ENSG00000164199","ADGRV1","ENST00000639212"
"12441",6324,"ENSG00000105711","SCN1B","ENST00000639260"
"12442",3786,"ENSG00000184156","KCNQ3","ENST00000639358"
"12443",284058,"ENSG00000120071","KANSL1","ENST00000639520"
"12444",100500804,"ENSG00000284135","MIR3654","ENST00000639535"
"12445",23096,"ENSG00000124313","IQSEC2","ENST00000639543"
"12446",7005,"ENSG00000007866","TEAD3","ENST00000639578"
"12447",144165,"ENSG00000139174","PRICKLE1","ENST00000639588"
"12448",11019,"ENSG00000121897","LIAS","ENST00000639614"
"12449",7957,"ENSG00000112425","EPM2A","ENST00000639649"
"12450",169834,"ENSG00000228623","ZNF883","ENST00000639662"
"12451",102724474,"ENSG00000283828","","ENST00000639766"
"12452",51124,"ENSG00000134049","IER3IP1","ENST00000639845"
"12453",26610,"ENSG00000109911","ELP4","ENST00000640059"
"12454",25977,"ENSG00000089818","NECAP1","ENST00000640091"
"12455",154215,"ENSG00000188580","NKAIN2","ENST00000640160"
"12456",6542,"ENSG00000003989","SLC7A2","ENST00000640220"
"12457",284023,"ENSG00000179859","RNF227","ENST00000640240"
"12458",355,"ENSG00000026103","FAS","ENST00000640250"
"12459",27286,"ENSG00000102359","SRPX2","ENST00000640282"
"12460",100616345,"ENSG00000283795","MIR4426","ENST00000640330"
"12461",9739,"ENSG00000099381","SETD1A","ENST00000640410"
"12462",3192,"ENSG00000153187","HNRNPU","ENST00000640440"
"12463",23334,"ENSG00000198198","SZT2","ENST00000640484"
"12464",154881,"ENSG00000243335","KCTD7","ENST00000640601"
"12465",25914,"ENSG00000176225","RTTN","ENST00000640654"
"12466",7227,"ENSG00000104447","TRPS1","ENST00000640765"
"12467",9570,"ENSG00000108433","GOSR2","ENST00000640866"
"12468",11279,"ENSG00000102349","KLF8","ENST00000640927"
"12469",463,"ENSG00000140836","ZFHX3","ENST00000641018"
"12470",346653,"ENSG00000205085","GARIN1A","ENST00000641143"
"12471",5602,"ENSG00000109339","MAPK10","ENST00000641255"
"12472",256471,"ENSG00000164073","MFSD8","ENST00000641356"
"12473",5538,"ENSG00000131238","PPT1","ENST00000641548"
"12474",728743,"ENSG00000284691","","ENST00000642008"
"12475",221656,"ENSG00000165097","KDM1B","ENST00000642162"
"12476",81603,"ENSG00000171206","TRIM8","ENST00000642304"
"12477",23394,"ENSG00000101126","ADNP","ENST00000642364"
"12478",1184,"ENSG00000171365","CLCN5","ENST00000642383"
"12479",10664,"ENSG00000102974","CTCF","ENST00000642420"
"12480",54977,"ENSG00000144659","SLC25A38","ENST00000642442"
"12481",128178,"ENSG00000186197","EDARADD","ENST00000642595"
"12482",100287171,"ENSG00000181404","WASHC1","ENST00000642633"
"12483",494513,"ENSG00000204311","PJVK","ENST00000642762"
"12484",55704,"ENSG00000115355","CCDC88A","ENST00000642784"
"12485",8209,"ENSG00000160221","GATD3","ENST00000642815"
"12486",219736,"ENSG00000165730","STOX1","ENST00000642869"
"12487",868,"ENSG00000114423","CBLB","ENST00000642907"
"12488",26301,"ENSG00000148288","GBGT1","ENST00000642916"
"12489",6241,"ENSG00000171848","RRM2","ENST00000642996"
"12490",84947,"ENSG00000122335","SERAC1","ENST00000643093"
"12491",1174,"ENSG00000106367","AP1S1","ENST00000643104"
"12492",8803,"ENSG00000136143","SUCLA2","ENST00000643246"
"12493",283120,"ENSG00000130600","H19","ENST00000643292"
"12494",64599,"ENSG00000146830","GIGYF1","ENST00000643385"
"12495",5771,"ENSG00000175354","PTPN2","ENST00000643397"
"12496",6314,"ENSG00000163635","ATXN7","ENST00000643453"
"12497",9645,"ENSG00000133816","MICAL2","ENST00000643523"
"12498",22,"ENSG00000131269","ABCB7","ENST00000643632"
"12499",360,"ENSG00000165272","AQP3","ENST00000643650"
"12500",10535,"ENSG00000104889","RNASEH2A","ENST00000643757"
"12501",6605,"ENSG00000073584","SMARCE1","ENST00000643806"
"12502",1910,"ENSG00000136160","EDNRB","ENST00000643890"
"12503",3295,"ENSG00000133835","HSD17B4","ENST00000643897"
"12504",25939,"ENSG00000101347","SAMHD1","ENST00000643907"
"12505",1457,"ENSG00000101266","CSNK2A1","ENST00000643910"
"12506",1917,"ENSG00000101210","EEF1A2","ENST00000643976"
"12507",1948,"ENSG00000125266","EFNB2","ENST00000643990"
"12508",84418,"ENSG00000120306","CYSTM1","ENST00000644078"
"12509",1287,"ENSG00000188153","COL4A5","ENST00000644079"
"12510",171023,"ENSG00000171456","ASXL1","ENST00000644168"
"12511",730101,"ENSG00000291006","","ENST00000644242"
"12512",57619,"ENSG00000138771","SHROOM3","ENST00000644244"
"12513",9866,"ENSG00000166436","TRIM66","ENST00000644261"
"12514",2218,"ENSG00000106692","FKTN","ENST00000644273"
"12515",150094,"ENSG00000142178","SIK1","ENST00000644276"
"12516",283489,"ENSG00000198824","CHAMP1","ENST00000644294"
"12517",10257,"ENSG00000125257","ABCC4","ENST00000644471"
"12518",1499,"ENSG00000168036","CTNNB1","ENST00000644501"
"12519",6125,"ENSG00000122406","RPL5","ENST00000644549"
"12520",2937,"ENSG00000100983","GSS","ENST00000644608"
"12521",6571,"ENSG00000165646","SLC18A2","ENST00000644641"
"12522",10020,"ENSG00000159921","GNE","ENST00000644762"
"12523",8651,"ENSG00000185338","SOCS1","ENST00000644787"
"12524",961,"ENSG00000196776","CD47","ENST00000644850"
"12525",83959,"ENSG00000088836","SLC4A11","ENST00000644862"
"12526",2247,"ENSG00000138685","FGF2","ENST00000644866"
"12527",5269,"ENSG00000124570","SERPINB6","ENST00000644875"
"12528",79804,"ENSG00000237125","HAND2-AS1","ENST00000644952"
"12529",212,"ENSG00000158578","ALAS2","ENST00000644983"
"12530",27077,"ENSG00000108641","B9D1","ENST00000645021"
"12531",349565,"ENSG00000163864","NMNAT3","ENST00000645083"
"12532",22866,"ENSG00000149970","CNKSR2","ENST00000645238"
"12533",116461,"ENSG00000198860","TSEN15","ENST00000645316"
"12534",7248,"ENSG00000165699","TSC1","ENST00000645346"
"12535",4201,"ENSG00000124733","MEA1","ENST00000645410"
"12536",6683,"ENSG00000021574","SPAST","ENST00000645550"
"12537",26040,"ENSG00000152217","SETBP1","ENST00000645568"
"12538",6598,"ENSG00000099956","SMARCB1","ENST00000645799"
"12539",2296,"ENSG00000054598","FOXC1","ENST00000645831"
"12540",7776,"ENSG00000130856","ZNF236","ENST00000645888"
"12541",6133,"ENSG00000163682","RPL9","ENST00000645894"
"12542",55005,"ENSG00000155906","RMND1","ENST00000645917"
"12543",1778,"ENSG00000197102","DYNC1H1","ENST00000645978"
"12544",6506,"ENSG00000110436","SLC1A2","ENST00000645984"
"12545",23676,"ENSG00000091482","SMPX","ENST00000646008"
"12546",257000,"ENSG00000223573","TINCR","ENST00000646160"
"12547",26053,"ENSG00000158321","AUTS2","ENST00000646193"
"12548",7007,"ENSG00000109927","TECTA","ENST00000646278"
"12549",55288,"ENSG00000126858","RHOT1","ENST00000646284"
"12550",7068,"ENSG00000151090","THRB","ENST00000646300"
"12551",1859,"ENSG00000157540","DYRK1A","ENST00000646351"
"12552",29123,"ENSG00000167522","ANKRD11","ENST00000646413"
"12553",51084,"ENSG00000165475","CRYL1","ENST00000646414"
"12554",7249,"ENSG00000103197","TSC2","ENST00000646557"
"12555",60,"ENSG00000075624","ACTB","ENST00000646584"
"12556",10560,"ENSG00000117479","SLC19A2","ENST00000646596"
"12557",9294,"ENSG00000267534","S1PR2","ENST00000646641"
"12558",27245,"ENSG00000126705","AHDC1","ENST00000646642"
"12559",8192,"ENSG00000125656","CLPP","ENST00000646643"
"12560",8910,"ENSG00000127990","SGCE","ENST00000646761"
"12561",1108,"ENSG00000111642","CHD4","ENST00000646787"
"12562",1806,"ENSG00000188641","DPYD","ENST00000646851"
"12563",2030,"ENSG00000112759","SLC29A1","ENST00000646878"
"12564",51186,"ENSG00000185222","TCEAL9","ENST00000646896"
"12565",53335,"ENSG00000119866","BCL11A","ENST00000647038"
"12566",56652,"ENSG00000107815","TWNK","ENST00000647109"
"12567",10087,"ENSG00000113163","CERT1","ENST00000647127"
"12568",84961,"ENSG00000108306","FBXL20","ENST00000647139"
"12569",6905,"ENSG00000284770","TBCE","ENST00000647151"
"12570",124751,"ENSG00000184619","KRBA2","ENST00000647210"
"12571",53947,"ENSG00000128274","A4GALT","ENST00000647439"
"12572",1678,"ENSG00000126953","TIMM8A","ENST00000647480"
"12573",2539,"ENSG00000160211","G6PD","ENST00000647501"
"12574",81609,"ENSG00000143376","SNX27","ENST00000647551"
"12575",2697,"ENSG00000152661","GJA1","ENST00000647564"
"12576",11160,"ENSG00000147475","ERLIN2","ENST00000647813"
"12577",646719,"ENSG00000285967","NIPBL-DT","ENST00000647824"
"12578",1349,"ENSG00000131174","COX7B","ENST00000647835"
"12579",84522,"ENSG00000171135","JAGN1","ENST00000647897"
"12580",6868,"ENSG00000151694","ADAM17","ENST00000648002"
"12581",1824,"ENSG00000134755","DSC2","ENST00000648081"
"12582",152756,"ENSG00000250486","FAM218A","ENST00000648094"
"12583",144571,"ENSG00000245105","A2M-AS1","ENST00000648157"
"12584",154807,"ENSG00000196715","VKORC1L1","ENST00000648179"
"12585",339416,"ENSG00000285777","","ENST00000648193"
"12586",1284,"ENSG00000134871","COL4A2","ENST00000648222"
"12587",9907,"ENSG00000242802","AP5Z1","ENST00000648237"
"12588",55901,"ENSG00000136114","THSD1","ENST00000648254"
"12589",57683,"ENSG00000204186","ZDBF2","ENST00000648361"
"12590",401474,"ENSG00000177570","SAMD12","ENST00000648422"
"12591",1901,"ENSG00000170989","S1PR1","ENST00000648480"
"12592",1718,"ENSG00000116133","DHCR24","ENST00000648494"
"12593",4173,"ENSG00000104738","MCM4","ENST00000648533"
"12594",70,"ENSG00000159251","ACTC1","ENST00000648556"
"12595",116028,"ENSG00000175643","RMI2","ENST00000648619"
"12596",990,"ENSG00000094804","CDC6","ENST00000648633"
"12597",1282,"ENSG00000187498","COL4A1","ENST00000648695"
"12598",9911,"ENSG00000133069","TMCC2","ENST00000648708"
"12599",5627,"ENSG00000184500","PROS1","ENST00000648721"
"12600",85027,"ENSG00000256235","SMIM3","ENST00000648745"
"12601",285074,"ENSG00000285793","","ENST00000648819"
"12602",51000,"ENSG00000124786","SLC35B3","ENST00000648867"
"12603",338596,"ENSG00000148488","ST8SIA6","ENST00000648997"
"12604",6256,"ENSG00000186350","RXRA","ENST00000649020"
"12605",4692,"ENSG00000182636","NDN","ENST00000649030"
"12606",8915,"ENSG00000142867","BCL10","ENST00000649060"
"12607",55157,"ENSG00000117593","DARS2","ENST00000649106"
"12608",23616,"ENSG00000100092","SH3BP1","ENST00000649107"
"12609",388121,"ENSG00000183578","TNFAIP8L3","ENST00000649177"
"12610",2770,"ENSG00000127955","GNAI1","ENST00000649208"
"12611",100421577,"ENSG00000290956","","ENST00000649244"
"12612",222484,"ENSG00000139517","LNX2","ENST00000649248"
"12613",23522,"ENSG00000156650","KAT6B","ENST00000649305"
"12614",55788,"ENSG00000168216","LMBRD1","ENST00000649404"
"12615",10943,"ENSG00000005302","MSL3","ENST00000649420"
"12616",401145,"ENSG00000184305","CCSER1","ENST00000649522"
"12617",9636,"ENSG00000187608","ISG15","ENST00000649529"
"12618",222389,"ENSG00000165626","BEND7","ENST00000649551"
"12619",7145,"ENSG00000079308","TNS1","ENST00000649572"
"12620",6671,"ENSG00000105866","SP4","ENST00000649633"
"12621",4826,"ENSG00000053438","NNAT","ENST00000649697"
"12622",55170,"ENSG00000198890","PRMT6","ENST00000649727"
"12623",84910,"ENSG00000153214","TMEM87B","ENST00000649734"
"12624",8048,"ENSG00000129170","CSRP3","ENST00000649842"
"12625",2303,"ENSG00000176692","FOXC2","ENST00000649859"
"12626",3708,"ENSG00000150995","ITPR1","ENST00000649908"
"12627",79738,"ENSG00000179941","BBS10","ENST00000650064"
"12628",27086,"ENSG00000114861","FOXP1","ENST00000650231"
"12629",168448,"ENSG00000218305","CDC14C","ENST00000650262"
"12630",57393,"ENSG00000147003","CLTRN","ENST00000650271"
"12631",1742,"ENSG00000132535","DLG4","ENST00000650301"
"12632",9414,"ENSG00000119139","TJP2","ENST00000650353"
"12633",23389,"ENSG00000123066","MED13L","ENST00000650375"
"12634",4023,"ENSG00000175445","LPL","ENST00000650478"
"12635",54551,"ENSG00000254585","MAGEL2","ENST00000650528"
"12636",158381,"ENSG00000290567","","ENST00000650605"
"12637",4043,"ENSG00000163956","LRPAP1","ENST00000650633"
"12638",4853,"ENSG00000134250","NOTCH2","ENST00000650638"
"12639",10758,"ENSG00000056972","TRAF3IP2","ENST00000650649"
"12640",400073,"ENSG00000174456","C12orf76","ENST00000650705"
"12641",375791,"ENSG00000197191","CYSRT1","ENST00000650725"
"12642",25870,"ENSG00000129103","SUMF2","ENST00000650735"
"12643",57110,"ENSG00000127252","PLAAT1","ENST00000650797"
"12644",124093,"ENSG00000162004","CCDC78","ENST00000650995"
"12645",27300,"ENSG00000198131","ZNF544","ENST00000651034"
"12646",404201,"ENSG00000180769","WDFY3-AS2","ENST00000651069"
"12647",653082,"ENSG00000206077","ZDHHC11B","ENST00000651083"
"12648",6573,"ENSG00000173638","SLC19A1","ENST00000651099"
"12649",6901,"ENSG00000102125","TAFAZZIN","ENST00000651139"
"12650",57591,"ENSG00000196588","MRTFA","ENST00000651158"
"12651",1890,"ENSG00000025708","TYMP","ENST00000651196"
"12652",253982,"ENSG00000174939","ASPHD1","ENST00000651383"
"12653",91316,"ENSG00000228315","GUSBP11","ENST00000651432"
"12654",783,"ENSG00000165995","CACNB2","ENST00000651468"
"12655",358,"ENSG00000240583","AQP1","ENST00000651610"
"12656",158257,"ENSG00000230262","LINC02603","ENST00000651632"
"12657",54829,"ENSG00000106819","ASPN","ENST00000651738"
"12658",3547,"ENSG00000147255","IGSF1","ENST00000651744"
"12659",56288,"ENSG00000148498","PARD3","ENST00000651752"
"12660",145483,"ENSG00000156050","FAM161B","ENST00000651776"
"12661",4291,"ENSG00000178053","MLF1","ENST00000651874"
"12662",7486,"ENSG00000165392","WRN","ENST00000651946"
"12663",57234,"ENSG00000291158","","ENST00000651957"
"12664",339829,"ENSG00000284862","CCDC39","ENST00000652024"
"12665",11096,"ENSG00000154736","ADAMTS5","ENST00000652031"
"12666",2286,"ENSG00000173486","FKBP2","ENST00000652094"
"12667",57488,"ENSG00000117868","ESYT2","ENST00000652148"
"12668",1123,"ENSG00000128656","CHN1","ENST00000652157"
"12669",157638,"ENSG00000168672","LRATD2","ENST00000652209"
"12670",23196,"ENSG00000048828","FAM120A","ENST00000652239"
"12671",23020,"ENSG00000144028","SNRNP200","ENST00000652267"
"12672",728841,"ENSG00000270231","NBPF8","ENST00000652355"
"12673",84163,"ENSG00000196275","GTF2IRD2","ENST00000652362"
"12674",26585,"ENSG00000166923","GREM1","ENST00000652365"
"12675",58533,"ENSG00000129515","SNX6","ENST00000652385"
"12676",91227,"ENSG00000100121","GGTLC2","ENST00000652467"
"12677",4548,"ENSG00000116984","MTR","ENST00000652483"
"12678",54065,"ENSG00000205670","SMIM11","ENST00000652570"
"12679",100652748,"ENSG00000204152","TIMM23B","ENST00000652716"
"12680",285958,"ENSG00000232956","SNHG15","ENST00000653305"
"12681",100302692,"ENSG00000230590","FTX","ENST00000653390"
"12682",101060691,"ENSG00000225484","NUTM2B-AS1","ENST00000653620"
"12683",100289098,"ENSG00000237310","LINC03011","ENST00000654121"
"12684",284900,"ENSG00000235954","TTC28-AS1","ENST00000654312"
"12685",153910,"ENSG00000236366","","ENST00000654741"
"12686",100506469,"ENSG00000236144","TMEM147-AS1","ENST00000654809"
"12687",100505696,"ENSG00000224660","SH3BP5-AS1","ENST00000655760"
"12688",80315,"ENSG00000113742","CPEB4","ENST00000656232"
"12689",728621,"ENSG00000186409","CCDC30","ENST00000656306"
"12690",101927989,"ENSG00000265778","ZNF516-AS1","ENST00000657360"
"12691",401264,"ENSG00000225791","TRAM2-AS1","ENST00000657776"
"12692",286467,"ENSG00000213468","FIRRE","ENST00000658060"
"12693",101928736,"ENSG00000260083","MIR762HG","ENST00000658747"
"12694",254128,"ENSG00000236859","NIFK-AS1","ENST00000658781"
"12695",339263,"ENSG00000212719","LINC02693","ENST00000658783"
"12696",100129434,"ENSG00000233251","","ENST00000659091"
"12697",64123,"ENSG00000162618","ADGRL4","ENST00000659100"
"12698",10055,"ENSG00000142230","SAE1","ENST00000659110"
"12699",54386,"ENSG00000166848","TERF2IP","ENST00000659145"
"12700",4437,"ENSG00000113318","MSH3","ENST00000659302"
"12701",85358,"ENSG00000251322","SHANK3","ENST00000659388"
"12702",729678,"ENSG00000245060","LINC00847","ENST00000659497"
"12703",339894,"ENSG00000243629","LINC00880","ENST00000659739"
"12704",8454,"ENSG00000055130","CUL1","ENST00000660013"
"12705",148756,"ENSG00000236719","OVAAL","ENST00000660699"
"12706",91749,"ENSG00000173214","MFSD4B","ENST00000660710"
"12707",2308,"ENSG00000150907","FOXO1","ENST00000660760"
"12708",100507437,"ENSG00000251602","MTA1-DT","ENST00000661026"
"12709",100507347,"ENSG00000229124","VIM-AS1","ENST00000661048"
"12710",7804,"ENSG00000157193","LRP8","ENST00000661359"
"12711",102724826,"ENSG00000213742","ZNF337-AS1","ENST00000661376"
"12712",132,"ENSG00000156110","ADK","ENST00000661461"
"12713",100506495,"ENSG00000244968","LIFR-AS1","ENST00000661968"
"12714",100049716,"ENSG00000177406","NINJ2-AS1","ENST00000662519"
"12715",100507459,"ENSG00000225377","NRSN2-AS1","ENST00000662580"
"12716",4634,"ENSG00000160808","MYL3","ENST00000662933"
"12717",85026,"ENSG00000203993","ARRDC1-AS1","ENST00000663398"
"12718",100129075,"ENSG00000186615","KTN1-AS1","ENST00000663686"
"12719",54583,"ENSG00000135766","EGLN1","ENST00000663780"
"12720",100507487,"ENSG00000251432","LINC02615","ENST00000663973"
"12721",440584,"ENSG00000227533","SLC2A1-DT","ENST00000664148"
"12722",101927631,"ENSG00000259456","ADNP-AS1","ENST00000664246"
"12723",84536,"ENSG00000183250","LINC01547","ENST00000664358"
"12724",730091,"ENSG00000240875","LINC00886","ENST00000664482"
"12725",102723167,"ENSG00000265142","MIR133A1HG","ENST00000664484"
"12726",100505738,"ENSG00000247516","MIR4458HG","ENST00000664641"
"12727",6468,"ENSG00000107829","FBXW4","ENST00000664783"
"12728",84033,"ENSG00000154358","OBSCN","ENST00000664862"
"12729",407975,"ENSG00000215417","MIR17HG","ENST00000664987"
"12730",6327,"ENSG00000149575","SCN2B","ENST00000665446"
"12731",100128398,"ENSG00000176593","ZNF606-AS1","ENST00000665448"
"12732",100506686,"ENSG00000259673","IQCH-AS1","ENST00000665615"
"12733",401093,"ENSG00000229619","MBNL1-AS1","ENST00000665663"
"12734",100505678,"ENSG00000246859","STARD4-AS1","ENST00000666013"
"12735",100506713,"ENSG00000215067","ALOX12-AS1","ENST00000666062"
"12736",554203,"ENSG00000225470","JPX","ENST00000666318"
"12737",344595,"ENSG00000243701","DUBR","ENST00000666345"
"12738",100630918,"ENSG00000286532","PARTICL","ENST00000667933"
"12739",6335,"ENSG00000169432","SCN9A","ENST00000667991"
"12740",90271,"ENSG00000235823","OLMALINC","ENST00000668189"
"12741",100506668,"ENSG00000248008","NRAV","ENST00000668253"
"12742",553103,"ENSG00000233006","MIR3936HG","ENST00000668364"
"12743",79640,"ENSG00000293428","C22orf46P","ENST00000668666"
"12744",9451,"ENSG00000172071","EIF2AK3","ENST00000668866"
"12745",439994,"ENSG00000224914","LINC00863","ENST00000669077"
"12746",101928578,"ENSG00000232160","RAP2C-AS1","ENST00000669125"
"12747",342979,"ENSG00000187867","PALM3","ENST00000669674"
"12748",440173,"ENSG00000269994","LINC02893","ENST00000669870"
"12749",399959,"ENSG00000255248","MIR100HG","ENST00000669993"
"12750",257396,"ENSG00000247796","MOCS2-DT","ENST00000670486"
"12751",3748,"ENSG00000131398","KCNC3","ENST00000670667"
"12752",100507495,"ENSG00000234684","SDCBP2-AS1","ENST00000670879"
"12753",147184,"ENSG00000167920","KRT10-AS1","ENST00000670968"
"12754",6431,"ENSG00000124193","SRSF6","ENST00000671022"
"12755",8514,"ENSG00000069424","KCNAB2","ENST00000671076"
"12756",400604,"ENSG00000229980","TOB1-AS1","ENST00000671267"
"12757",100129195,"ENSG00000269293","ZSCAN16-AS1","ENST00000671586"
"12758",83475,"ENSG00000129932","DOHH","ENST00000671696"
"12759",152485,"ENSG00000151612","ZNF827","ENST00000671699"
"12760",10188,"ENSG00000061938","TNK2","ENST00000671880"
"12761",4221,"ENSG00000133895","MEN1","ENST00000671965"
"12762",7048,"ENSG00000163513","TGFBR2","ENST00000672050"
"12763",5592,"ENSG00000185532","PRKG1","ENST00000672084"
"12764",3716,"ENSG00000162434","JAK1","ENST00000672099"
"12765",5137,"ENSG00000154678","PDE1C","ENST00000672256"
"12766",79729,"ENSG00000214193","SH3D21","ENST00000672313"
"12767",402682,"ENSG00000176125","UFSP1","ENST00000672365"
"12768",140707,"ENSG00000184992","BRI3BP","ENST00000672415"
"12769",9748,"ENSG00000065613","SLK","ENST00000672560"
"12770",56144,"ENSG00000204967","PCDHA4","ENST00000672575"
"12771",51315,"ENSG00000172086","KRCC1","ENST00000672766"
"12772",55500,"ENSG00000139163","ETNK1","ENST00000672951"
"12773",56137,"ENSG00000251664","PCDHA12","ENST00000673403"
"12774",56139,"ENSG00000250120","PCDHA10","ENST00000673459"
"12775",84641,"ENSG00000148110","MFSD14B","ENST00000673506"
"12776",53,"ENSG00000134575","ACP2","ENST00000673562"
"12777",8905,"ENSG00000182287","AP1S2","ENST00000673591"
"12778",6792,"ENSG00000008086","CDKL5","ENST00000673617"
"12779",256815,"ENSG00000179133","C10orf67","ENST00000673651"
"12780",25861,"ENSG00000095397","WHRN","ENST00000673697"
"12781",4292,"ENSG00000076242","MLH1","ENST00000673741"
"12782",5125,"ENSG00000099139","PCSK5","ENST00000673745"
"12783",540,"ENSG00000123191","ATP7B","ENST00000673844"
"12784",6326,"ENSG00000136531","SCN2A","ENST00000673883"
"12785",912,"ENSG00000158473","CD1D","ENST00000674047"
"12786",7088,"ENSG00000196781","TLE1","ENST00000674113"
"12787",29901,"ENSG00000168061","SAC3D1","ENST00000674184"
"12788",3604,"ENSG00000049249","TNFRSF9","ENST00000674210"
"12789",81614,"ENSG00000140157","NIPA2","ENST00000674227"
"12790",348926,"ENSG00000290374","","ENST00000674264"
"12791",832,"ENSG00000077549","CAPZB","ENST00000674278"
"12792",55650,"ENSG00000060642","PIGV","ENST00000674317"
"12793",9813,"ENSG00000159658","EFCAB14","ENST00000674331"
"12794",5071,"ENSG00000185345","PRKN","ENST00000674353"
"12795",259217,"ENSG00000165868","HSPA12A","ENST00000674400"
"12796",59277,"ENSG00000074527","NTN4","ENST00000674466"
"12797",6652,"ENSG00000140263","SORD","ENST00000674487"
"12798",124540,"ENSG00000153944","MSI2","ENST00000674522"
"12799",7879,"ENSG00000075785","RAB7A","ENST00000674593"
"12800",2717,"ENSG00000102393","GLA","ENST00000674634"
"12801",84197,"ENSG00000185900","POMK","ENST00000674676"
"12802",10397,"ENSG00000104419","NDRG1","ENST00000674804"
"12803",3035,"ENSG00000170445","HARS1","ENST00000674819"
"12804",468,"ENSG00000128272","ATF4","ENST00000674835"
"12805",1183,"ENSG00000073464","CLCN4","ENST00000674959"
"12806",3798,"ENSG00000155980","KIF5A","ENST00000674980"
"12807",9215,"ENSG00000133424","LARGE1","ENST00000675031"
"12808",9927,"ENSG00000116688","MFN2","ENST00000675043"
"12809",3491,"ENSG00000142871","CCN1","ENST00000675083"
"12810",547,"ENSG00000130294","KIF1A","ENST00000675152"
"12811",16,"ENSG00000090861","AARS1","ENST00000675155"
"12812",5978,"ENSG00000084093","REST","ENST00000675249"
"12813",5631,"ENSG00000147224","PRPS1","ENST00000675263"
"12814",55113,"ENSG00000158156","XKR8","ENST00000675359"
"12815",80184,"ENSG00000198707","CEP290","ENST00000675361"
"12816",3796,"ENSG00000068796","KIF2A","ENST00000675387"
"12817",166378,"ENSG00000145375","AFG2A","ENST00000675392"
"12818",153241,"ENSG00000168944","CEP120","ENST00000675409"
"12819",54332,"ENSG00000104381","GDAP1","ENST00000675460"
"12820",65250,"ENSG00000197603","CPLANE1","ENST00000675547"
"12821",101805492,"ENSG00000249395","CASC9","ENST00000675549"
"12822",26353,"ENSG00000152137","HSPB8","ENST00000675573"
"12823",1131,"ENSG00000133019","CHRM3","ENST00000675709"
"12824",29899,"ENSG00000121957","GPSM2","ENST00000675740"
"12825",26160,"ENSG00000138002","IFT172","ENST00000675757"
"12826",5290,"ENSG00000121879","PIK3CA","ENST00000675796"
"12827",57449,"ENSG00000171680","PLEKHG5","ENST00000675812"
"12828",164091,"ENSG00000182749","PAQR7","ENST00000675840"
"12829",55199,"ENSG00000158483","FAM86C1P","ENST00000675931"
"12830",8518,"ENSG00000070061","ELP1","ENST00000675938"
"12831",5119,"ENSG00000131165","CHMP1A","ENST00000675942"
"12832",79581,"ENSG00000185803","SLC52A2","ENST00000675998"
"12833",57716,"ENSG00000105227","PRX","ENST00000676042"
"12834",9731,"ENSG00000116198","CEP104","ENST00000676046"
"12835",6513,"ENSG00000117394","SLC2A1","ENST00000676097"
"12836",55215,"ENSG00000140525","FANCI","ENST00000676110"
"12837",5376,"ENSG00000109099","PMP22","ENST00000676194"
"12838",10479,"ENSG00000198689","SLC9A6","ENST00000676233"
"12839",23327,"ENSG00000049759","NEDD4L","ENST00000676301"
"12840",59341,"ENSG00000111199","TRPV4","ENST00000676376"
"12841",2931,"ENSG00000105723","GSK3A","ENST00000676537"
"12842",9908,"ENSG00000138757","G3BP2","ENST00000676580"
"12843",5664,"ENSG00000143801","PSEN2","ENST00000676616"
"12844",928,"ENSG00000010278","CD9","ENST00000676638"
"12845",10146,"ENSG00000145907","G3BP1","ENST00000676734"
"12846",4363,"ENSG00000103222","ABCC1","ENST00000676806"
"12847",23429,"ENSG00000163602","RYBP","ENST00000676841"
"12848",50,"ENSG00000100412","ACO2","ENST00000676883"
"12849",5701,"ENSG00000161057","PSMC2","ENST00000676908"
"12850",819,"ENSG00000164615","CAMLG","ENST00000676928"
"12851",23609,"ENSG00000075975","MKRN2","ENST00000677008"
"12852",11344,"ENSG00000247596","TWF2","ENST00000677058"
"12853",4715,"ENSG00000147684","NDUFB9","ENST00000677095"
"12854",3337,"ENSG00000132002","DNAJB1","ENST00000677113"
"12855",7084,"ENSG00000166548","TK2","ENST00000677117"
"12856",10531,"ENSG00000107959","PITRM1","ENST00000677181"
"12857",1509,"ENSG00000117984","CTSD","ENST00000677300"
"12858",2011,"ENSG00000072518","MARK2","ENST00000677303"
"12859",2932,"ENSG00000082701","GSK3B","ENST00000677338"
"12860",1312,"ENSG00000093010","COMT","ENST00000677470"
"12861",51103,"ENSG00000137806","NDUFAF1","ENST00000677477"
"12862",4758,"ENSG00000204386","NEU1","ENST00000677512"
"12863",9550,"ENSG00000136888","ATP6V1G1","ENST00000677543"
"12864",1653,"ENSG00000079785","DDX1","ENST00000677649"
"12865",9146,"ENSG00000185359","HGS","ENST00000677663"
"12866",3800,"ENSG00000168280","KIF5C","ENST00000677773"
"12867",91452,"ENSG00000107897","ACBD5","ENST00000677902"
"12868",79644,"ENSG00000128039","SRD5A3","ENST00000677930"
"12869",5422,"ENSG00000101868","POLA1","ENST00000677939"
"12870",64398,"ENSG00000072415","PALS1","ENST00000677972"
"12871",2737,"ENSG00000106571","GLI3","ENST00000677990"
"12872",5191,"ENSG00000112357","PEX7","ENST00000678002"
"12873",101927423,"ENSG00000288675","PANO1","ENST00000678030"
"12874",8668,"ENSG00000084623","EIF3I","ENST00000678106"
"12875",6502,"ENSG00000145604","SKP2","ENST00000678129"
"12876",1915,"ENSG00000156508","EEF1A1","ENST00000678143"
"12877",6143,"ENSG00000108298","RPL19","ENST00000678189"
"12878",3482,"ENSG00000197081","IGF2R","ENST00000678224"
"12879",80232,"ENSG00000162923","WDR26","ENST00000678307"
"12880",1519,"ENSG00000256043","CTSO","ENST00000678374"
"12881",55506,"ENSG00000099284","MACROH2A2","ENST00000678526"
"12882",10492,"ENSG00000135316","SYNCRIP","ENST00000678589"
"12883",81887,"ENSG00000001497","LAS1L","ENST00000678602"
"12884",10797,"ENSG00000065911","MTHFD2","ENST00000678633"
"12885",1075,"ENSG00000109861","CTSC","ENST00000678664"
"12886",79848,"ENSG00000104218","CSPP1","ENST00000678685"
"12887",4139,"ENSG00000116141","MARK1","ENST00000678857"
"12888",3646,"ENSG00000104408","EIF3E","ENST00000678887"
"12889",3178,"ENSG00000135486","HNRNPA1","ENST00000678900"
"12890",5046,"ENSG00000140479","PCSK6","ENST00000678918"
"12891",29110,"ENSG00000183735","TBK1","ENST00000678992"
"12892",8729,"ENSG00000107862","GBF1","ENST00000679080"
"12893",119710,"ENSG00000166352","IFTAP","ENST00000679127"
"12894",7458,"ENSG00000106682","EIF4H","ENST00000679161"
"12895",1513,"ENSG00000143387","CTSK","ENST00000679171"
"12896",29880,"ENSG00000120697","ALG5","ENST00000679397"
"12897",10157,"ENSG00000008311","AASS","ENST00000679402"
"12898",80746,"ENSG00000154743","TSEN2","ENST00000679420"
"12899",7283,"ENSG00000131462","TUBG1","ENST00000679484"
"12900",3659,"ENSG00000125347","IRF1","ENST00000679500"
"12901",1515,"ENSG00000136943","CTSV","ENST00000679551"
"12902",284403,"ENSG00000075702","WDR62","ENST00000679598"
"12903",414189,"ENSG00000204149","AGAP6","ENST00000679610"
"12904",93380,"ENSG00000169446","MMGT1","ENST00000679621"
"12905",23586,"ENSG00000107201","RIGI","ENST00000679662"
"12906",8737,"ENSG00000137275","RIPK1","ENST00000679677"
"12907",183,"ENSG00000135744","AGT","ENST00000679684"
"12908",25821,"ENSG00000135297","MTO1","ENST00000679763"
"12909",259266,"ENSG00000066279","ASPM","ENST00000679766"
"12910",51726,"ENSG00000090520","DNAJB11","ENST00000679794"
"12911",55275,"ENSG00000141252","VPS53","ENST00000679865"
"12912",339448,"ENSG00000198912","C1orf174","ENST00000679929"
"12913",442213,"ENSG00000244694","PTCHD4","ENST00000679966"
"12914",779,"ENSG00000081248","CACNA1S","ENST00000680051"
"12915",440138,"ENSG00000253710","ALG11","ENST00000680058"
"12916",5045,"ENSG00000140564","FURIN","ENST00000680086"
"12917",1303,"ENSG00000111799","COL12A1","ENST00000680102"
"12918",7415,"ENSG00000165280","VCP","ENST00000680108"
"12919",8642,"ENSG00000166341","DCHS1","ENST00000680123"
"12920",10564,"ENSG00000124198","ARFGEF2","ENST00000680130"
"12921",1737,"ENSG00000150768","DLAT","ENST00000680154"
"12922",3309,"ENSG00000044574","HSPA5","ENST00000680234"
"12923",55739,"ENSG00000213995","NAXD","ENST00000680312"
"12924",10410,"ENSG00000142089","IFITM3","ENST00000680372"
"12925",79867,"ENSG00000168778","TCTN2","ENST00000680394"
"12926",128637,"ENSG00000125875","TBC1D20","ENST00000680515"
"12927",682,"ENSG00000172270","BSG","ENST00000680551"
"12928",6507,"ENSG00000079215","SLC1A3","ENST00000680568"
"12929",8519,"ENSG00000185885","IFITM1","ENST00000680611"
"12930",28976,"ENSG00000177646","ACAD9","ENST00000680638"
"12931",10381,"ENSG00000258947","TUBB3","ENST00000680647"
"12932",51429,"ENSG00000130340","SNX9","ENST00000680680"
"12933",283373,"ENSG00000139645","ANKRD52","ENST00000680693"
"12934",10855,"ENSG00000173083","HPSE","ENST00000680713"
"12935",4803,"ENSG00000134259","NGF","ENST00000680752"
"12936",27292,"ENSG00000086189","DIMT1","ENST00000680836"
"12937",7150,"ENSG00000198900","TOP1","ENST00000680945"
"12938",4599,"ENSG00000157601","MX1","ENST00000680980"
"12939",23759,"ENSG00000100023","PPIL2","ENST00000681027"
"12940",79140,"ENSG00000160050","CCDC28B","ENST00000681089"
"12941",54431,"ENSG00000077232","DNAJC10","ENST00000681122"
"12942",5547,"ENSG00000137509","PRCP","ENST00000681126"
"12943",8450,"ENSG00000158290","CUL4B","ENST00000681148"
"12944",51091,"ENSG00000109618","SEPSECS","ENST00000681166"
"12945",5649,"ENSG00000189056","RELN","ENST00000681182"
"12946",3437,"ENSG00000119917","IFIT3","ENST00000681207"
"12947",10581,"ENSG00000185201","IFITM2","ENST00000681211"
"12948",116841,"ENSG00000143740","SNAP47","ENST00000681252"
"12949",24138,"ENSG00000152778","IFIT5","ENST00000681270"
"12950",8540,"ENSG00000018510","AGPS","ENST00000681300"
"12951",4983,"ENSG00000079482","OPHN1","ENST00000681349"
"12952",200894,"ENSG00000169379","ARL13B","ENST00000681377"
"12953",84668,"ENSG00000122591","HYCC1","ENST00000681468"
"12954",7436,"ENSG00000147852","VLDLR","ENST00000681518"
"12955",100506658,"ENSG00000197822","OCLN","ENST00000681889"
"12956",285172,"ENSG00000155744","HYCC2","ENST00000681958"
"12957",9910,"ENSG00000152061","RABGAP1L","ENST00000681986"
"12958",64429,"ENSG00000023041","ZDHHC6","ENST00000682006"
"12959",6696,"ENSG00000118785","SPP1","ENST00000682026"
"12960",51204,"ENSG00000136463","TACO1","ENST00000682060"
"12961",10746,"ENSG00000169967","MAP3K2","ENST00000682094"
"12962",200030,"ENSG00000263956","NBPF11","ENST00000682118"
"12963",84547,"ENSG00000137338","PGBD1","ENST00000682144"
"12964",375748,"ENSG00000182150","ERCC6L2","ENST00000682148"
"12965",23122,"ENSG00000163539","CLASP2","ENST00000682230"
"12966",1132,"ENSG00000180720","CHRM4","ENST00000682254"
"12967",91687,"ENSG00000120334","CENPL","ENST00000682279"
"12968",4650,"ENSG00000099331","MYO9B","ENST00000682292"
"12969",219854,"ENSG00000150433","TMEM218","ENST00000682305"
"12970",100505881,"ENSG00000234456","MAGI2-AS3","ENST00000682311"
"12971",2898,"ENSG00000164418","GRIK2","ENST00000682328"
"12972",1107,"ENSG00000170004","CHD3","ENST00000682344"
"12973",84838,"ENSG00000162714","ZNF496","ENST00000682384"
"12974",80254,"ENSG00000182923","CEP63","ENST00000682388"
"12975",2146,"ENSG00000106462","EZH2","ENST00000682401"
"12976",79694,"ENSG00000172469","MANEA","ENST00000682417"
"12977",3780,"ENSG00000105642","KCNN1","ENST00000682421"
"12978",4798,"ENSG00000170322","NFRKB","ENST00000682444"
"12979",6712,"ENSG00000173898","SPTBN2","ENST00000682471"
"12980",84640,"ENSG00000170185","USP38","ENST00000682486"
"12981",88,"ENSG00000077522","ACTN2","ENST00000682490"
"12982",10128,"ENSG00000138095","LRPPRC","ENST00000682496"
"12983",29119,"ENSG00000183230","CTNNA3","ENST00000682505"
"12984",79834,"ENSG00000173517","PEAK1","ENST00000682557"
"12985",472,"ENSG00000149311","ATM","ENST00000682569"
"12986",1767,"ENSG00000039139","DNAH5","ENST00000682586"
"12987",55252,"ENSG00000143970","ASXL2","ENST00000682588"
"12988",23269,"ENSG00000174197","MGA","ENST00000682598"
"12989",10585,"ENSG00000130714","POMT1","ENST00000682639"
"12990",7690,"ENSG00000172262","ZNF131","ENST00000682664"
"12991",729852,"ENSG00000219545","UMAD1","ENST00000682710"
"12992",90594,"ENSG00000171291","ZNF439","ENST00000682736"
"12993",161176,"ENSG00000176438","SYNE3","ENST00000682763"
"12994",50937,"ENSG00000064309","CDON","ENST00000682834"
"12995",151242,"ENSG00000150722","PPP1R1C","ENST00000682840"
"12996",53342,"ENSG00000172458","IL17D","ENST00000682841"
"12997",1161,"ENSG00000049167","ERCC8","ENST00000682874"
"12998",56624,"ENSG00000188611","ASAH2","ENST00000682911"
"12999",10014,"ENSG00000108840","HDAC5","ENST00000682912"
"13000",1285,"ENSG00000169031","COL4A3","ENST00000682970"
"13001",91653,"ENSG00000144857","BOC","ENST00000682979"
"13002",445582,"ENSG00000188219","POTEE","ENST00000683005"
"13003",23284,"ENSG00000150471","ADGRL3","ENST00000683033"
"13004",153768,"ENSG00000186314","PRELID2","ENST00000683046"
"13005",144717,"ENSG00000198324","PHETA1","ENST00000683047"
"13006",7840,"ENSG00000116127","ALMS1","ENST00000683108"
"13007",23243,"ENSG00000206560","ANKRD28","ENST00000683139"
"13008",1293,"ENSG00000163359","COL6A3","ENST00000683145"
"13009",9820,"ENSG00000044090","CUL7","ENST00000683160"
"13010",64087,"ENSG00000131844","MCCC2","ENST00000683163"
"13011",6621,"ENSG00000165684","SNAPC4","ENST00000683251"
"13012",7265,"ENSG00000113312","TTC1","ENST00000683281"
"13013",728734,"ENSG00000255524","NPIPB8","ENST00000683297"
"13014",51062,"ENSG00000198513","ATL1","ENST00000683315"
"13015",8635,"ENSG00000026297","RNASET2","ENST00000683333"
"13016",641339,"ENSG00000251192","ZNF674","ENST00000683375"
"13017",50863,"ENSG00000182667","NTM","ENST00000683400"
"13018",27122,"ENSG00000050165","DKK3","ENST00000683431"
"13019",1104,"ENSG00000180198","RCC1","ENST00000683442"
"13020",143098,"ENSG00000150054","MPP7","ENST00000683449"
"13021",25885,"ENSG00000068654","POLR1A","ENST00000683470"
"13022",11159,"ENSG00000144134","RABL2A","ENST00000683472"
"13023",10721,"ENSG00000051341","POLQ","ENST00000683498"
"13024",3899,"ENSG00000144218","AFF3","ENST00000683540"
"13025",10060,"ENSG00000069431","ABCC9","ENST00000683560"
"13026",1829,"ENSG00000046604","DSG2","ENST00000683614"
"13027",2110,"ENSG00000171503","ETFDH","ENST00000683622"
"13028",26278,"ENSG00000151835","SACS","ENST00000683638"
"13029",83990,"ENSG00000136492","BRIP1","ENST00000683672"
"13030",2070,"ENSG00000112319","EYA4","ENST00000683674"
"13031",10811,"ENSG00000188747","NOXA1","ENST00000683683"
"13032",22890,"ENSG00000126804","ZBTB1","ENST00000683701"
"13033",25930,"ENSG00000076201","PTPN23","ENST00000683708"
"13034",56052,"ENSG00000033011","ALG1","ENST00000683739"
"13035",55626,"ENSG00000110497","AMBRA1","ENST00000683756"
"13036",55553,"ENSG00000110693","SOX6","ENST00000683767"
"13037",4000,"ENSG00000160789","LMNA","ENST00000683773"
"13038",7718,"ENSG00000197279","ZNF165","ENST00000683778"
"13039",148203,"ENSG00000172687","ZNF738","ENST00000683779"
"13040",64840,"ENSG00000102312","PORCN","ENST00000683804"
"13041",23272,"ENSG00000163946","TASOR","ENST00000683822"
"13042",415,"ENSG00000157399","ARSL","ENST00000683854"
"13043",9049,"ENSG00000110711","AIP","ENST00000683856"
"13044",79047,"ENSG00000153885","KCTD15","ENST00000683859"
"13045",51761,"ENSG00000132932","ATP8A2","ENST00000683868"
"13046",5979,"ENSG00000165731","RET","ENST00000683872"
"13047",6904,"ENSG00000141556","TBCD","ENST00000683883"
"13048",84251,"ENSG00000118473","SGIP1","ENST00000683911"
"13049",286499,"ENSG00000179083","FAM133A","ENST00000683942"
"13050",51427,"ENSG00000196247","ZNF107","ENST00000683971"
"13051",87769,"ENSG00000134864","GGACT","ENST00000683975"
"13052",7862,"ENSG00000156983","BRPF1","ENST00000683986"
"13053",79149,"ENSG00000131848","ZSCAN5A","ENST00000683990"
"13054",27158,"ENSG00000188566","NDOR1","ENST00000684003"
"13055",9255,"ENSG00000164022","AIMP1","ENST00000684019"
"13056",9730,"ENSG00000145041","DCAF1","ENST00000684031"
"13057",121512,"ENSG00000139132","FGD4","ENST00000684033"
"13058",84895,"ENSG00000148343","MIGA2","ENST00000684074"
"13059",23392,"ENSG00000136813","ECPAS","ENST00000684092"
"13060",85442,"ENSG00000171798","KNDC1","ENST00000684098"
"13061",84572,"ENSG00000090581","GNPTG","ENST00000684100"
"13062",6907,"ENSG00000101849","TBL1X","ENST00000684110"
"13063",388963,"ENSG00000284308","C2orf81","ENST00000684111"
"13064",84726,"ENSG00000288701","PRRC2B","ENST00000684112"
"13065",3757,"ENSG00000055118","KCNH2","ENST00000684116"
"13066",163087,"ENSG00000188283","ZNF383","ENST00000684119"
"13067",607,"ENSG00000116128","BCL9","ENST00000684121"
"13068",57583,"ENSG00000146433","TMEM181","ENST00000684151"
"13069",57231,"ENSG00000135317","SNX14","ENST00000684183"
"13070",6100,"ENSG00000164610","RP9","ENST00000684207"
"13071",347240,"ENSG00000186638","KIF24","ENST00000684219"
"13072",775,"ENSG00000151067","CACNA1C","ENST00000684233"
"13073",5468,"ENSG00000132170","PPARG","ENST00000684277"
"13074",58508,"ENSG00000055609","KMT2C","ENST00000684278"
"13075",5373,"ENSG00000140650","PMM2","ENST00000684347"
"13076",51319,"ENSG00000174891","RSRC1","ENST00000684353"
"13077",2746,"ENSG00000148672","GLUD1","ENST00000684392"
"13078",1832,"ENSG00000096696","DSP","ENST00000684395"
"13079",4709,"ENSG00000119013","NDUFB3","ENST00000684420"
"13080",55063,"ENSG00000078487","ZCWPW1","ENST00000684423"
"13081",2132,"ENSG00000151348","EXT2","ENST00000684437"
"13082",22931,"ENSG00000099246","RAB18","ENST00000684457"
"13083",2733,"ENSG00000119392","GLE1","ENST00000684463"
"13084",8997,"ENSG00000160145","KALRN","ENST00000684480"
"13085",3028,"ENSG00000072506","HSD17B10","ENST00000684503"
"13086",64506,"ENSG00000214575","CPEB1","ENST00000684509"
"13087",1286,"ENSG00000081052","COL4A4","ENST00000684524"
"13088",388561,"ENSG00000160336","ZNF761","ENST00000684525"
"13089",29954,"ENSG00000009830","POMT2","ENST00000684534"
"13090",114088,"ENSG00000100505","TRIM9","ENST00000684578"
"13091",57491,"ENSG00000063438","AHRR","ENST00000684583"
"13092",9753,"ENSG00000158691","ZSCAN12","ENST00000684592"
"13093",8813,"ENSG00000000419","DPM1","ENST00000684628"
"13094",340359,"ENSG00000175946","KLHL38","ENST00000684634"
"13095",1188,"ENSG00000184908","CLCNKB","ENST00000684650"
"13096",5167,"ENSG00000197594","ENPP1","ENST00000684674"
"13097",7592,"ENSG00000147124","ZNF41","ENST00000684689"
"13098",285966,"ENSG00000170379","TCAF2","ENST00000684770"
"13099",8233,"ENSG00000169249","ZRSR2","ENST00000684799"
"13100",3815,"ENSG00000157404","KIT","ENST00000684818"
"13101",27248,"ENSG00000068912","ERLEC1","ENST00000684835"
"13102",80311,"ENSG00000174010","KLHL15","ENST00000684871"
"13103",23189,"ENSG00000107104","KANK1","ENST00000685049"
"13104",51439,"ENSG00000137414","FAM8A1","ENST00000685064"
"13105",51196,"ENSG00000138193","PLCE1","ENST00000685132"
"13106",10283,"ENSG00000153015","CWC27","ENST00000685147"
"13107",388677,"ENSG00000264343","NOTCH2NLA","ENST00000685177"
"13108",100289495,"ENSG00000286760","","ENST00000685213"
"13109",100294145,"ENSG00000289047","","ENST00000685247"
"13110",3590,"ENSG00000137070","IL11RA","ENST00000685278"
"13111",283596,"ENSG00000247092","SNHG10","ENST00000685307"
"13112",100506688,"ENSG00000215246","LINC02982","ENST00000685325"
"13113",503542,"ENSG00000203772","SPRN","ENST00000685335"
"13114",9759,"ENSG00000068024","HDAC4","ENST00000685474"
"13115",129685,"ENSG00000137413","TAF8","ENST00000685500"
"13116",84162,"ENSG00000138688","BLTP1","ENST00000685587"
"13117",4628,"ENSG00000133026","MYH10","ENST00000685736"
"13118",54413,"ENSG00000196338","NLGN3","ENST00000685950"
"13119",9126,"ENSG00000108055","SMC3","ENST00000686057"
"13120",2787,"ENSG00000174021","GNG5","ENST00000686161"
"13121",4534,"ENSG00000171100","MTM1","ENST00000686212"
"13122",728411,"ENSG00000291102","","ENST00000686303"
"13123",54496,"ENSG00000132600","PRMT7","ENST00000686346"
"13124",100507291,"ENSG00000248932","COPB2-DT","ENST00000686351"
"13125",9188,"ENSG00000165732","DDX21","ENST00000686366"
"13126",2923,"ENSG00000167004","PDIA3","ENST00000686374"
"13127",64324,"ENSG00000165671","NSD1","ENST00000686385"
"13128",101928153,"ENSG00000235257","ITGA9-AS1","ENST00000686387"
"13129",55711,"ENSG00000064763","FAR2","ENST00000686444"
"13130",2749,"ENSG00000291043","GLUD1P3","ENST00000686626"
"13131",84892,"ENSG00000144647","POMGNT2","ENST00000686643"
"13132",23499,"ENSG00000127603","MACF1","ENST00000686687"
"13133",100507246,"ENSG00000163597","SNHG16","ENST00000686755"
"13134",100132074,"ENSG00000204060","FOXO6","ENST00000686812"
"13135",6584,"ENSG00000197375","SLC22A5","ENST00000686868"
"13136",4915,"ENSG00000148053","NTRK2","ENST00000686874"
"13137",79648,"ENSG00000147316","MCPH1","ENST00000686882"
"13138",9757,"ENSG00000272333","KMT2B","ENST00000686920"
"13139",481,"ENSG00000143153","ATP1B1","ENST00000687013"
"13140",100289373,"ENSG00000228889","UBAC2-AS1","ENST00000687067"
"13141",5781,"ENSG00000179295","PTPN11","ENST00000687120"
"13142",2661,"ENSG00000164404","GDF9","ENST00000687138"
"13143",101929705,"ENSG00000237686","SCIRT","ENST00000687158"
"13144",11101,"ENSG00000107669","ATE1","ENST00000687168"
"13145",150776,"ENSG00000293311","SMPD4BP","ENST00000687223"
"13146",255480,"ENSG00000255399","TBX5-AS1","ENST00000687334"
"13147",6305,"ENSG00000100241","SBF1","ENST00000687340"
"13148",2630,"ENSG00000291137","","ENST00000687347"
"13149",9644,"ENSG00000107957","SH3PXD2A","ENST00000687380"
"13150",83860,"ENSG00000165632","TAF3","ENST00000687522"
"13151",56605,"ENSG00000086619","ERO1B","ENST00000687604"
"13152",1727,"ENSG00000100243","CYB5R3","ENST00000688004"
"13153",5165,"ENSG00000067992","PDK3","ENST00000688031"
"13154",54539,"ENSG00000147123","NDUFB11","ENST00000688286"
"13155",285908,"ENSG00000179406","LINC00174","ENST00000688360"
"13156",101929147,"ENSG00000231365","WARS2-AS1","ENST00000688395"
"13157",5332,"ENSG00000101333","PLCB4","ENST00000688465"
"13158",55922,"ENSG00000186416","NKRF","ENST00000688521"
"13159",6883,"ENSG00000120656","TAF12","ENST00000688548"
"13160",79877,"ENSG00000172992","DCAKD","ENST00000688568"
"13161",60493,"ENSG00000215251","FASTKD5","ENST00000688674"
"13162",5604,"ENSG00000169032","MAP2K1","ENST00000688689"
"13163",445328,"ENSG00000213214","ARHGEF35","ENST00000688754"
"13164",55764,"ENSG00000163913","IFT122","ENST00000688765"
"13165",5894,"ENSG00000132155","RAF1","ENST00000688779"
"13166",100996539,"ENSG00000231249","ITPR1-DT","ENST00000688861"
"13167",26355,"ENSG00000114023","FAM162A","ENST00000688900"
"13168",84852,"ENSG00000203865","ATP1A1-AS1","ENST00000688925"
"13169",63895,"ENSG00000154864","PIEZO2","ENST00000688929"
"13170",10735,"ENSG00000101972","STAG2","ENST00000688971"
"13171",84665,"ENSG00000138347","MYPN","ENST00000689002"
"13172",404672,"ENSG00000272047","GTF2H5","ENST00000689018"
"13173",538,"ENSG00000165240","ATP7A","ENST00000689083"
"13174",100996579,"ENSG00000227403","LINC01806","ENST00000689088"
"13175",3835,"ENSG00000079616","KIF22","ENST00000689221"
"13176",339201,"ENSG00000267080","ASB16-AS1","ENST00000689255"
"13177",54480,"ENSG00000033100","CHPF2","ENST00000689322"
"13178",349152,"ENSG00000291139","DPY19L2P2","ENST00000689398"
"13179",3281,"ENSG00000230989","HSBP1","ENST00000689426"
"13180",90024,"ENSG00000254531","","ENST00000689482"
"13181",154442,"ENSG00000203808","BVES-AS1","ENST00000689513"
"13182",92815,"ENSG00000181218","H2AC25","ENST00000689584"
"13183",11147,"ENSG00000197568","ANKRD13C-DT","ENST00000689607"
"13184",79745,"ENSG00000115295","CLIP4","ENST00000689687"
"13185",5915,"ENSG00000077092","RARB","ENST00000689700"
"13186",100505549,"ENSG00000267040","ATP8B1-AS1","ENST00000689794"
"13187",1959,"ENSG00000122877","EGR2","ENST00000690143"
"13188",23221,"ENSG00000008853","RHOBTB2","ENST00000690180"
"13189",148189,"ENSG00000261824","LINC00662","ENST00000690193"
"13190",26960,"ENSG00000172915","NBEA","ENST00000690273"
"13191",27069,"ENSG00000165678","GHITM","ENST00000690283"
"13192",23071,"ENSG00000023318","ERP44","ENST00000690306"
"13193",79970,"ENSG00000291118","","ENST00000690388"
"13194",115286,"ENSG00000144741","SLC25A26","ENST00000690522"
"13195",9968,"ENSG00000184634","MED12","ENST00000690523"
"13196",4810,"ENSG00000188158","NHS","ENST00000690608"
"13197",6628,"ENSG00000125835","SNRPB","ENST00000690623"
"13198",4750,"ENSG00000137601","NEK1","ENST00000690685"
"13199",4644,"ENSG00000197535","MYO5A","ENST00000690693"
"13200",79956,"ENSG00000099219","ERMP1","ENST00000690753"
"13201",100131067,"ENSG00000247572","CKMT2-AS1","ENST00000690798"
"13202",11064,"ENSG00000119397","CNTRL","ENST00000690817"
"13203",84919,"ENSG00000158615","PPP1R15B","ENST00000690849"
"13204",81846,"ENSG00000133812","SBF2","ENST00000690959"
"13205",9648,"ENSG00000135968","GCC2","ENST00000691012"
"13206",284080,"ENSG00000246640","PICART1","ENST00000691013"
"13207",100506215,"ENSG00000238197","PAXBP1-AS1","ENST00000691027"
"13208",118491,"ENSG00000156042","CFAP70","ENST00000691223"
"13209",57038,"ENSG00000146282","RARS2","ENST00000691259"
"13210",100131138,"ENSG00000185847","LINC01405","ENST00000691265"
"13211",9077,"ENSG00000162595","DIRAS3","ENST00000691269"
"13212",595101,"ENSG00000291266","","ENST00000691460"
"13213",8148,"ENSG00000270647","TAF15","ENST00000691608"
"13214",401491,"ENSG00000236404","VLDLR-AS1","ENST00000691704"
"13215",8036,"ENSG00000108061","SHOC2","ENST00000691843"
"13216",23155,"ENSG00000121940","CLCC1","ENST00000691876"
"13217",100507171,"ENSG00000225439","BOLA3-DT","ENST00000691938"
"13218",6884,"ENSG00000197780","TAF13","ENST00000692048"
"13219",80267,"ENSG00000116406","EDEM3","ENST00000692182"
"13220",2802,"ENSG00000090615","GOLGA3","ENST00000692289"
"13221",440416,"ENSG00000233098","CCDC144NL-AS1","ENST00000692309"
"13222",100129917,"ENSG00000249592","PCGF3-AS1","ENST00000692343"
"13223",10558,"ENSG00000090054","SPTLC1","ENST00000692363"
"13224",100506710,"ENSG00000281649","EBLN3P","ENST00000692373"
"13225",8493,"ENSG00000170836","PPM1D","ENST00000692386"
"13226",8720,"ENSG00000140943","MBTPS1","ENST00000692460"
"13227",8085,"ENSG00000167548","KMT2D","ENST00000692465"
"13228",80777,"ENSG00000103018","CYB5B","ENST00000692523"
"13229",85028,"ENSG00000197989","SNHG12","ENST00000692541"
"13230",382,"ENSG00000165527","ARF6","ENST00000692608"
"13231",2719,"ENSG00000147257","GPC3","ENST00000692630"
"13232",152195,"ENSG00000293492","NUDT16L2P","ENST00000692704"
"13233",401074,"ENSG00000242516","LINC00960","ENST00000692722"
"13234",595135,"ENSG00000290923","PGM5P2","ENST00000692997"
"13235",3981,"ENSG00000174405","LIG4","ENST00000693040"
"13236",442523,"ENSG00000291119","","ENST00000693131"
"13237",6877,"ENSG00000148835","TAF5","ENST00000693184"
"13238",23185,"ENSG00000107929","LARP4B","ENST00000693234"
"13239",6923,"ENSG00000103363","ELOB","ENST00000693239"
"13240",3908,"ENSG00000196569","LAMA2","ENST00000693461"
"13241",151534,"ENSG00000257702","LBX2-AS1","ENST00000693462"
"13242",6882,"ENSG00000064995","TAF11","ENST00000693481"
"13243",10238,"ENSG00000136485","DCAF7","ENST00000693510"
"13244",25953,"ENSG00000127838","PNKD","ENST00000693556"
"13245",105376114,"ENSG00000254473","UBQLN1-AS1","ENST00000693676"
"13246",100996255,"ENSG00000289083","","ENST00000693695"
"13247",283487,"ENSG00000255874","PRECSIT","ENST00000693706"
"13248",100505641,"ENSG00000225733","FGD5-AS1","ENST00000693748"
"13249",64757,"ENSG00000186205","MTARC1","ENST00000694926"
"13250",23765,"ENSG00000177663","IL17RA","ENST00000694951"
"13251",2804,"ENSG00000173230","GOLGB1","ENST00000694960"
"13252",27430,"ENSG00000038274","MAT2B","ENST00000695034"
"13253",23787,"ENSG00000137409","MTCH1","ENST00000695077"
"13254",83607,"ENSG00000144233","AMMECR1L","ENST00000695238"
"13255",64432,"ENSG00000131368","MRPS25","ENST00000695383"
"13256",8546,"ENSG00000132842","AP3B1","ENST00000695448"
"13257",84614,"ENSG00000185278","ZBTB37","ENST00000695459"
"13258",347475,"ENSG00000203952","CCDC160","ENST00000695461"
"13259",57534,"ENSG00000101752","MIB1","ENST00000695487"
"13260",23225,"ENSG00000132182","NUP210","ENST00000695492"
"13261",9818,"ENSG00000139496","NUP58","ENST00000695578"
"13262",204,"ENSG00000004455","AK2","ENST00000695606"
"13263",695,"ENSG00000010671","BTK","ENST00000695634"
"13264",403341,"ENSG00000177125","ZBTB34","ENST00000695642"
"13265",65057,"ENSG00000102977","ACD","ENST00000695663"
"13266",56257,"ENSG00000289690","","ENST00000695708"
"13267",4179,"ENSG00000117335","CD46","ENST00000695790"
"13268",55636,"ENSG00000171316","CHD7","ENST00000695852"
"13269",998,"ENSG00000070831","CDC42","ENST00000695863"
"13270",10519,"ENSG00000185043","CIB1","ENST00000695877"
"13271",64170,"ENSG00000187796","CARD9","ENST00000695908"
"13272",83879,"ENSG00000144354","CDCA7","ENST00000695918"
"13273",1675,"ENSG00000197766","CFD","ENST00000695946"
"13274",60468,"ENSG00000112182","BACH2","ENST00000695955"
"13275",8446,"ENSG00000144048","DUSP11","ENST00000696057"
"13276",841,"ENSG00000064012","CASP8","ENST00000696086"
"13277",51816,"ENSG00000093072","ADA2","ENST00000696227"
"13278",1789,"ENSG00000088305","DNMT3B","ENST00000696245"
"13279",2178,"ENSG00000112039","FANCE","ENST00000696269"
"13280",727,"ENSG00000106804","C5","ENST00000696285"
"13281",340554,"ENSG00000102053","ZC3H12B","ENST00000696370"
"13282",375757,"ENSG00000175854","SWI5","ENST00000696406"
"13283",55120,"ENSG00000115392","FANCL","ENST00000696419"
"13284",57724,"ENSG00000152223","EPG5","ENST00000696480"
"13285",6421,"ENSG00000116560","SFPQ","ENST00000696553"
"13286",3123,"ENSG00000196126","HLA-DRB1","ENST00000696614"
"13287",10472,"ENSG00000179456","ZBTB18","ENST00000696618"
"13288",2624,"ENSG00000179348","GATA2","ENST00000696655"
"13289",440567,"ENSG00000233954","UQCRHL","ENST00000696689"
"13290",27429,"ENSG00000115317","HTRA2","ENST00000696731"
"13291",23405,"ENSG00000100697","DICER1","ENST00000696740"
"13292",51135,"ENSG00000198001","IRAK4","ENST00000696792"
"13293",3685,"ENSG00000138448","ITGAV","ENST00000696919"
"13294",10456,"ENSG00000143575","HAX1","ENST00000696930"
"13295",54617,"ENSG00000128908","INO80","ENST00000696954"
"13296",83737,"ENSG00000078747","ITCH","ENST00000696985"
"13297",64421,"ENSG00000152457","DCLRE1C","ENST00000697091"
"13298",64858,"ENSG00000118655","DCLRE1B","ENST00000697126"
"13299",4478,"ENSG00000147065","MSN","ENST00000697142"
"13300",4598,"ENSG00000110921","MVK","ENST00000697198"
"13301",10013,"ENSG00000094631","HDAC6","ENST00000697247"
"13302",1130,"ENSG00000143669","LYST","ENST00000697249"
"13303",5295,"ENSG00000145675","PIK3R1","ENST00000697470"
"13304",9949,"ENSG00000101935","AMMECR1","ENST00000697559"
"13305",27143,"ENSG00000107719","PALD1","ENST00000697575"
"13306",5580,"ENSG00000163932","PRKCD","ENST00000697590"
"13307",4860,"ENSG00000198805","PNP","ENST00000697615"
"13308",10621,"ENSG00000132664","POLR3F","ENST00000697660"
"13309",3841,"ENSG00000196911","KPNA5","ENST00000697699"
"13310",51371,"ENSG00000132963","POMP","ENST00000697722"
"13311",5903,"ENSG00000153201","RANBP2","ENST00000697751"
"13312",3921,"ENSG00000168028","RPSA","ENST00000697754"
"13313",4790,"ENSG00000109320","NFKB1","ENST00000697803"
"13314",10616,"ENSG00000125826","RBCK1","ENST00000697810"
"13315",84464,"ENSG00000188827","SLX4","ENST00000697859"
"13316",51119,"ENSG00000126524","SBDS","ENST00000697869"
"13317",4791,"ENSG00000077150","NFKB2","ENST00000697884"
"13318",50485,"ENSG00000138375","SMARCAL1","ENST00000697911"
"13319",5663,"ENSG00000080815","PSEN1","ENST00000697915"
"13320",400818,"ENSG00000269713","NBPF9","ENST00000698197"
"13321",6789,"ENSG00000101109","STK4","ENST00000698228"
"13322",79991,"ENSG00000107960","STN1","ENST00000698246"
"13323",7322,"ENSG00000131508","UBE2D2","ENST00000698323"
"13324",8676,"ENSG00000135604","STX11","ENST00000698357"
"13325",7174,"ENSG00000134900","TPP2","ENST00000698393"
"13326",51095,"ENSG00000072756","TRNT1","ENST00000698416"
"13327",7516,"ENSG00000196584","XRCC2","ENST00000698507"
"13328",9841,"ENSG00000112365","ZBTB24","ENST00000698521"
"13329",80319,"ENSG00000168772","CXXC4","ENST00000698535"
"13330",55796,"ENSG00000076770","MBNL3","ENST00000698665"
"13331",3070,"ENSG00000119969","HELLS","ENST00000698676"
"13332",7922,"ENSG00000112473","SLC39A7","ENST00000698690"
"13333",5293,"ENSG00000171608","PIK3CD","ENST00000698719"
"13334",164312,"ENSG00000125872","LRRN4","ENST00000698797"
"13335",6777,"ENSG00000173757","STAT5B","ENST00000698817"
"13336",100288142,"ENSG00000162825","NBPF20","ENST00000698833"
"13337",23294,"ENSG00000064999","ANKS1A","ENST00000698908"
"13338",7046,"ENSG00000106799","TGFBR1","ENST00000698943"
"13339",11274,"ENSG00000184979","USP18","ENST00000699062"
"13340",79037,"ENSG00000213413","PVRIG","ENST00000699088"
"13341",10379,"ENSG00000213928","IRF9","ENST00000699184"
"13342",5966,"ENSG00000162924","REL","ENST00000699195"
"13343",5764,"ENSG00000105894","PTN","ENST00000699293"
"13344",9166,"ENSG00000147654","EBAG9","ENST00000699340"
"13345",7297,"ENSG00000105397","TYK2","ENST00000699371"
"13346",130340,"ENSG00000152056","AP1S3","ENST00000699393"
"13347",4780,"ENSG00000116044","NFE2L2","ENST00000699414"
"13348",29089,"ENSG00000077152","UBE2T","ENST00000699429"
"13349",100130691,"ENSG00000213963","","ENST00000699482"
"13350",283635,"ENSG00000151327","FAM177A1","ENST00000699517"
"13351",23385,"ENSG00000162736","NCSTN","ENST00000699557"
"13352",7374,"ENSG00000076248","UNG","ENST00000699567"
"13353",27330,"ENSG00000072133","RPS6KA6","ENST00000699864"
"13354",3978,"ENSG00000105486","LIG1","ENST00000699881"
"13355",7187,"ENSG00000131323","TRAF3","ENST00000699897"
"13356",55505,"ENSG00000182117","NOP10","ENST00000699939"
"13357",23036,"ENSG00000188994","ZNF292","ENST00000699991"
"13358",2956,"ENSG00000116062","MSH6","ENST00000700011"
"13359",5728,"ENSG00000171862","PTEN","ENST00000700026"
"13360",51594,"ENSG00000151779","NBAS","ENST00000700073"
"13361",3454,"ENSG00000142166","IFNAR1","ENST00000700085"
"13362",55023,"ENSG00000146247","PHIP","ENST00000700121"
"13363",9842,"ENSG00000225190","PLEKHM1","ENST00000700133"
"13364",1956,"ENSG00000146648","EGFR","ENST00000700147"
"13365",672,"ENSG00000012048","BRCA1","ENST00000700186"
"13366",81894,"ENSG00000155287","SLC25A28","ENST00000700253"
"13367",102723996,"ENSG00000160223","ICOSLG","ENST00000700361"
"13368",818,"ENSG00000148660","CAMK2G","ENST00000700403"
"13369",23261,"ENSG00000171735","CAMTA1","ENST00000700449"
"13370",114609,"ENSG00000150455","TIRAP","ENST00000700496"
"13371",6885,"ENSG00000135341","MAP3K7","ENST00000700590"
"13372",23195,"ENSG00000112159","MDN1","ENST00000700655"
"13373",10956,"ENSG00000135506","OS9","ENST00000700670"
"13374",100506779,"ENSG00000265148","TSPOAP1-AS1","ENST00000700895"
"13375",91695,"ENSG00000291035","RRP7BP","ENST00000700919"
"13376",339290,"ENSG00000263753","LINC00667","ENST00000700949"
"13377",100129716,"ENSG00000281357","ARRDC3-AS1","ENST00000701059"
"13378",653190,"ENSG00000291057","ABCC6P1","ENST00000701162"
"13379",100303728,"ENSG00000224281","SLC25A5-AS1","ENST00000701191"
"13380",399761,"ENSG00000291069","","ENST00000701199"
"13381",399726,"ENSG00000204682","MIR1915HG","ENST00000701218"
"13382",647121,"ENSG00000291141","EMBP1","ENST00000701383"
"13383",100128893,"ENSG00000266010","GATA6-AS1","ENST00000701458"
"13384",386627,"ENSG00000245275","SAP30L-AS1","ENST00000701461"
"13385",388815,"ENSG00000215386","MIR99AHG","ENST00000701495"
"13386",55449,"ENSG00000215256","DHRS4-AS1","ENST00000701562"
"13387",352954,"ENSG00000291122","CASTOR3P","ENST00000701563"
"13388",100507420,"ENSG00000253414","","ENST00000701647"
"13389",100874058,"ENSG00000236088","COX10-DT","ENST00000701670"
"13390",171391,"ENSG00000255284","GATD1-DT","ENST00000701716"
"13391",128826,"ENSG00000174407","MIR1-1HG","ENST00000701734"
"13392",29994,"ENSG00000226266","","ENST00000701761"
"13393",100506119,"ENSG00000233901","LINC01503","ENST00000701775"
"13394",642852,"ENSG00000223768","LINC00205","ENST00000701789"
"13395",118433,"ENSG00000291064","","ENST00000701805"
"13396",389741,"ENSG00000278175","GLIDR","ENST00000701809"
"13397",441666,"ENSG00000291065","","ENST00000701816"
"13398",92249,"ENSG00000235437","LINC01278","ENST00000701823"
"13399",101927151,"ENSG00000267575","LINC02987","ENST00000701913"
"13400",100129482,"ENSG00000293313","ZNF37BP","ENST00000701936"
"13401",84809,"ENSG00000291072","","ENST00000701937"
"13402",283551,"ENSG00000214900","LINC01588","ENST00000701948"
"13403",101928062,"ENSG00000257815","PRANCR","ENST00000701960"
"13404",283335,"ENSG00000257337","TNS2-AS1","ENST00000701964"
"13405",728190,"ENSG00000223482","NUTM2A-AS1","ENST00000701988"
"13406",101929709,"ENSG00000251136","RIPK2-DT","ENST00000701998"
"13407",197187,"ENSG00000260630","SNAI3-AS1","ENST00000702003"
"13408",441601,"ENSG00000291108","","ENST00000702014"
"13409",388796,"ENSG00000196756","SNHG17","ENST00000702019"
"13410",220930,"ENSG00000237036","ZEB1-AS1","ENST00000702065"
"13411",286101,"ENSG00000291080","ZNF252P","ENST00000702070"
"13412",100131089,"ENSG00000248508","SRP14-DT","ENST00000702074"
"13413",100128782,"ENSG00000175611","ERCC6L2-AS1","ENST00000702117"
"13414",646576,"ENSG00000248890","HHIP-AS1","ENST00000702118"
"13415",1416,"ENSG00000291087","","ENST00000702203"
"13416",414777,"ENSG00000231074","HCG18","ENST00000702209"
"13417",440434,"ENSG00000291088","","ENST00000702213"
"13418",158960,"ENSG00000197180","ATP6AP1-DT","ENST00000702268"
"13419",102724316,"ENSG00000291093","","ENST00000702276"
"13420",440104,"ENSG00000293491","","ENST00000702279"
"13421",100506826,"ENSG00000239523","MYLK-AS1","ENST00000702298"
"13422",100506714,"ENSG00000226328","NUP50-DT","ENST00000702308"
"13423",439949,"ENSG00000237943","PRKCQ-AS1","ENST00000702326"
"13424",128439,"ENSG00000174365","SNHG11","ENST00000702328"
"13425",3139,"ENSG00000291097","HLA-L","ENST00000702345"
"13426",51054,"ENSG00000293316","PLEKHA8P1","ENST00000702384"
"13427",100996307,"ENSG00000213904","LIPE-AS1","ENST00000702399"
"13428",645212,"ENSG00000179523","EIF3J-DT","ENST00000702400"
"13429",100287616,"ENSG00000261801","LOXL1-AS1","ENST00000702413"
"13430",4888,"ENSG00000293504","","ENST00000702443"
"13431",644873,"ENSG00000245937","SLC12A2-DT","ENST00000702468"
"13432",643749,"ENSG00000231889","TRAF3IP2-AS1","ENST00000702563"
"13433",100505894,"ENSG00000247828","TMEM161B-DT","ENST00000702628"
"13434",125144,"ENSG00000175061","SNHG29","ENST00000702674"
"13435",440556,"ENSG00000177133","PRDM16-DT","ENST00000702683"
"13436",440944,"ENSG00000206573","THUMPD3-AS1","ENST00000702696"
"13437",645166,"ENSG00000291150","","ENST00000702763"
"13438",101927027,"ENSG00000223960","CHROMR","ENST00000702767"
"13439",79986,"ENSG00000293317","ZNF702P","ENST00000702806"
"13440",400761,"ENSG00000231999","LRRC8C-DT","ENST00000702838"
"13441",375260,"ENSG00000291134","WASH2P","ENST00000702861"
"13442",100506930,"ENSG00000232677","LINC00665","ENST00000702867"
"13443",400960,"ENSG00000179818","PCBP1-AS1","ENST00000702870"
"13444",201283,"ENSG00000291140","AMZ2P1","ENST00000702892"
"13445",84798,"ENSG00000293495","","ENST00000702900"
"13446",5382,"ENSG00000291154","PMS2P4","ENST00000702902"
"13447",155370,"ENSG00000291152","","ENST00000702913"
"13448",441212,"ENSG00000291146","RP9P","ENST00000702940"
"13449",283104,"ENSG00000246273","SBF2-AS1","ENST00000702946"
"13450",101928036,"ENSG00000234520","","ENST00000702960"
"13451",441307,"ENSG00000223855","PDGFA-DT","ENST00000702988"
"13452",112597,"ENSG00000222041","CYTOR","ENST00000703011"
"13453",642946,"ENSG00000198468","FLVCR1-DT","ENST00000703061"
"13454",60674,"ENSG00000234741","GAS5","ENST00000703096"
"13455",2475,"ENSG00000198793","MTOR","ENST00000703144"
"13456",54602,"ENSG00000102471","NDFIP2","ENST00000703161"
"13457",4613,"ENSG00000134323","MYCN","ENST00000703162"
"13458",441459,"ENSG00000230453","ANKRD18B","ENST00000703167"
"13459",5500,"ENSG00000213639","PPP1CB","ENST00000703183"
"13460",100289137,"ENSG00000180071","ANKRD18A","ENST00000703205"
"13461",79092,"ENSG00000141527","CARD14","ENST00000703573"
"13462",80331,"ENSG00000101152","DNAJC5","ENST00000703637"
"13463",3752,"ENSG00000171385","KCND3","ENST00000703643"
"13464",2782,"ENSG00000078369","GNB1","ENST00000703712"
"13465",201514,"ENSG00000171574","ZNF584","ENST00000703729"
"13466",2876,"ENSG00000233276","GPX1","ENST00000703797"
"13467",3159,"ENSG00000137309","HMGA1","ENST00000703809"
"13468",3098,"ENSG00000156515","HK1","ENST00000703957"
"13469",4137,"ENSG00000186868","MAPT","ENST00000703982"
"13470",23645,"ENSG00000087074","PPP1R15A","ENST00000704027"
"13471",10075,"ENSG00000086758","HUWE1","ENST00000704102"
"13472",79598,"ENSG00000182504","CEP97","ENST00000704372"
"13473",23177,"ENSG00000011523","CEP68","ENST00000704419"
"13474",91775,"ENSG00000144815","NXPE3","ENST00000704553"
"13475",116113,"ENSG00000137166","FOXP4","ENST00000704758"
"13476",157378,"ENSG00000164983","TMEM65","ENST00000704788"
"13477",11116,"ENSG00000213066","CEP43","ENST00000704960"
"13478",8971,"ENSG00000184897","H1-10","ENST00000704995"
"13479",6560,"ENSG00000124067","SLC12A4","ENST00000705485"
"13480",100506084,"ENSG00000228696","ARL17B","ENST00000705718"
"13481",287,"ENSG00000145362","ANK2","ENST00000705785"
"13482",9745,"ENSG00000198597","ZNF536","ENST00000706150"
"13483",9857,"ENSG00000135837","CEP350","ENST00000706236"
"13484",1602,"ENSG00000276644","DACH1","ENST00000706275"
"13485",4905,"ENSG00000073969","NSF","ENST00000706406"
"13486",9512,"ENSG00000105819","PMPCB","ENST00000706463"
"13487",79070,"ENSG00000134901","POGLUT2","ENST00000706522"
"13488",23649,"ENSG00000014138","POLA2","ENST00000706542"
"13489",5577,"ENSG00000005249","PRKAR2B","ENST00000706593"
"13490",58155,"ENSG00000117569","PTBP2","ENST00000706599"
"13491",126789,"ENSG00000169972","PUSL1","ENST00000706602"
"13492",5817,"ENSG00000073008","PVR","ENST00000706608"
"13493",169714,"ENSG00000165661","QSOX2","ENST00000706611"
"13494",54477,"ENSG00000052126","PLEKHA5","ENST00000706624"
"13495",5352,"ENSG00000152952","PLOD2","ENST00000706627"
"13496",11143,"ENSG00000136504","KAT7","ENST00000706643"
"13497",9324,"ENSG00000118418","HMGN3","ENST00000706660"
"13498",125950,"ENSG00000161847","RAVER1","ENST00000706674"
"13499",2201,"ENSG00000138829","FBN2","ENST00000706682"
"13500",80273,"ENSG00000109519","GRPEL1","ENST00000706690"
"13501",57664,"ENSG00000105559","PLEKHA4","ENST00000706740"
"13502",10712,"ENSG00000160767","ENTREP3","ENST00000706774"
"13503",9662,"ENSG00000174799","CEP135","ENST00000706801"
"13504",134957,"ENSG00000164506","STXBP5","ENST00000706866"
"13505",29952,"ENSG00000176978","DPP7","ENST00000706882"
"13506",3105,"ENSG00000206503","HLA-A","ENST00000706900"
"13507",7077,"ENSG00000035862","TIMP2","ENST00000706923"
"13508",729082,"ENSG00000247556","OIP5-AS1","ENST00000707061"
"13509",4609,"ENSG00000136997","MYC","ENST00000707117"
"13510",4281,"ENSG00000101871","MID1","ENST00000707198"
"13511",54455,"ENSG00000291375","FBXO42","ENST00000707358"
"13512",26099,"ENSG00000291379","SZRD1","ENST00000707371"
"13513",3725,"ENSG00000177606","JUN","ENST00000710273"
"13514",84890,"ENSG00000181915","ADO","ENST00000710287"
"13515",80781,"ENSG00000292234","","ENST00000710295"
"13516",80351,"ENSG00000107854","TNKS2","ENST00000710380"
"13517",8153,"ENSG00000108830","RND2","ENST00000710494"
"13518",10984,"ENSG00000269821","KCNQ1OT1","ENST00000710665"
"13519",643401,"ENSG00000250337","PURPL","ENST00000711074"
"13520",8938,"ENSG00000007516","BAIAP3","ENST00000711110"
"13521",7329,"ENSG00000103275","UBE2I","ENST00000711318"
"13522",80818,"ENSG00000125945","ZNF436","ENST00000711404"
"13523",8912,"ENSG00000196557","CACNA1H","ENST00000711490"
"13524",3996,"ENSG00000131899","LLGL1","ENST00000711517"
"13525",30812,"ENSG00000005513","SOX8","ENST00000711628"
"13526",101060684,"ENSG00000273136","NBPF26","ENST00000711669"
